"longitude","latitude","sst","chlc","wind_speed","wind_direction","phoebastria_immutabilis","nyear","nmonth"
-121.19608,28.178852,17.974535,0.09355088,3.700608,263.95047,1,2014,1
-123.930664,28.181969,17.70915,0.07333207,4.17872,245.09079,1,2014,1
-123.07174,28.188366,17.945147,0.06871387,4.130109,252.09149,1,2014,1
-122.93415,28.191471,18.10463,0.06583218,4.1908712,254.07338,1,2014,1
-123.28787,28.196276,17.854534,0.068431556,4.0344143,249.54369,1,2014,1
-121.27027,28.19843,17.966923,0.08905324,3.68072,263.91766,1,2014,1
-124.03548,28.20168,17.90571,0.06661083,4.2531166,243.01321,1,2014,1
-122.64865,28.20539,18.246414,0.067938484,4.2444906,255.53813,1,2014,1
-121.56238,28.205667,17.915775,0.083665885,3.771273,263.91147,1,2014,1
-123.73164,28.21669,17.71945,0.076687045,4.1392994,247.71022,1,2014,1
-124.25948,28.227657,17.988054,0.06299794,4.452864,240.09552,1,2014,1
-122.456024,28.240852,18.230003,0.06844835,4.1439714,258.446,1,2014,1
-123.74295,28.250362,17.633783,0.08209095,4.213692,250.01689,1,2014,1
-122.37678,28.256231,18.149834,0.069925696,4.156008,260.583,1,2014,1
-124.56627,28.25863,17.918304,0.06345024,4.4815397,240.7467,1,2014,1
-121.02982,28.25877,17.426514,0.09717879,3.6444478,267.169,1,2014,1
-121.74081,28.26098,17.709131,0.08399818,3.7938108,267.43173,1,2014,1
-121.96585,28.269814,17.805368,0.08049708,3.937423,264.60794,1,2014,1
-120.992065,28.28402,17.32296,0.10927311,3.6926548,267.8272,1,2014,1
-124.78164,28.284637,18.004005,0.06444739,4.538039,238.51657,1,2014,1
-122.20939,28.307356,18.08374,0.07142271,4.0178227,262.13208,1,2014,1
-125.01844,28.360506,18.00071,0.06430468,4.5803275,237.66313,1,2014,1
-120.135574,28.363977,17.606287,0.1037964,3.4683137,273.96793,1,2014,1
-120.63489,28.4051,17.45898,0.114151314,3.6500547,269.68607,1,2014,1
-119.961174,28.436592,17.690477,0.10580766,3.511595,277.69168,1,2014,1
-125.26883,28.438227,17.993385,0.06509286,4.698351,236.54669,1,2014,1
-120.49701,28.443058,17.604382,0.11309288,3.5723662,272.08548,1,2014,1
-121.43111,28.45156,17.654211,0.08727496,3.6454904,266.85504,1,2014,1
-121.25267,28.503862,17.319662,0.09896147,3.6900542,270.31055,1,2014,1
-120.16093,28.508945,16.947483,0.13481042,3.439535,278.6955,1,2014,1
-119.75322,28.511845,17.142439,0.12746453,3.6026795,281.52826,1,2014,1
-122.1085,28.514862,17.625322,0.08631291,4.06389,263.78436,1,2014,1
-125.49229,28.525082,17.727472,0.06772894,4.724923,239.47298,1,2014,1
-121.1871,28.526136,17.035149,0.11397269,3.6108863,271.2695,1,2014,1
-119.68251,28.536264,17.372421,0.11601444,3.6769552,284.48978,1,2014,1
-125.55374,28.550028,17.924011,0.06955451,4.8357525,237.756,1,2014,1
-118.83577,28.577137,17.769987,0.10477053,3.8879943,293.33405,1,2014,1
-120.96999,28.604443,16.830696,0.14185007,3.6244724,272.84662,1,2014,1
-119.466095,28.608583,17.57926,0.1048203,3.6977832,285.69,1,2014,1
-125.763725,28.656492,18.009115,0.06817562,4.881516,235.85419,1,2014,1
-118.63902,28.660997,17.811735,0.12359056,4.0139008,294.58572,1,2014,1
-119.24232,28.6742,17.778353,0.10509635,3.7636418,289.39783,1,2014,1
-120.267365,28.684809,16.899757,0.1352649,3.473111,276.61346,1,2014,1
-120.58525,28.685577,16.831049,0.14568795,3.5453913,275.34073,1,2014,1
-119.30134,28.751818,17.225166,0.116824254,3.7922685,287.336,1,2014,1
-118.54052,28.753328,17.738903,0.11588273,4.272751,293.4451,1,2014,1
-120.46252,28.757969,16.70658,0.16613002,3.4910457,280.73056,1,2014,1
-125.785774,28.762426,17.661428,0.06217496,4.9564705,236.85498,1,2014,1
-120.614426,28.76264,16.643732,0.16332962,3.5412004,279.7549,1,2014,1
-119.217606,28.765762,17.33916,0.11690142,3.86598,290.12238,1,2014,1
-121.4674,28.769117,17.107834,0.10814948,3.7277339,273.69138,1,2014,1
-118.919014,28.770098,17.621807,0.11312766,3.975085,294.0503,1,2014,1
-121.525154,28.786089,17.334007,0.101795964,3.8537514,272.5283,1,2014,1
-118.49709,28.787724,17.6467,0.13599856,4.593038,289.85522,1,2014,1
-122.14067,28.789274,17.464943,0.0904734,4.1140733,265.2595,1,2014,1
-118.14637,28.798185,17.673853,0.12842947,3.9311702,289.31067,1,2014,1
-122.26994,28.900743,17.544315,0.08364128,4.229953,262.11893,1,2014,1
-122.5719,28.91727,17.60993,0.08503767,4.419559,261.41153,1,2014,1
-116.348434,28.973024,17.576698,0.20098686,3.9667618,299.27908,1,2014,1
-125.74254,28.990244,17.557753,0.066022635,4.912026,239.67639,1,2014,1
-118.629845,29.003242,17.521252,0.11690175,4.1039495,291.43845,1,2014,1
-122.76692,29.00412,17.159407,0.10338791,4.5951824,261.11163,1,2014,1
-120.37823,29.004217,16.659506,0.1714685,3.5944958,284.50015,1,2014,1
-118.951256,29.005857,17.326181,0.12215107,3.9497848,293.57953,1,2014,1
-119.73569,29.009457,16.971233,0.14437157,3.7198925,289.7989,1,2014,1
-118.39742,29.0136,17.477295,0.12914038,3.9887466,291.93478,1,2014,1
-125.75215,29.016043,17.438755,0.07211171,4.8918915,238.03186,1,2014,1
-119.75285,29.020386,16.784111,0.15705606,3.680978,288.04117,1,2014,1
-119.02876,29.022196,17.14379,0.13087082,3.9054065,292.428,1,2014,1
-121.70959,29.02526,17.23115,0.10652153,3.8225908,274.6516,1,2014,1
-125.74897,29.03953,17.39763,0.07549345,4.8332186,241.31386,1,2014,1
-120.227486,29.089422,16.692768,0.16875094,3.6304407,285.98874,1,2014,1
-119.25165,29.095018,17.13968,0.12647133,3.8202748,290.85446,1,2014,1
-123.036095,29.114246,17.27873,0.09910234,4.6656723,259.00314,1,2014,1
-121.77963,29.144003,17.20537,0.10237972,4.0002,270.57294,1,2014,1
-123.25217,29.191717,17.315666,0.094284505,4.7584243,257.74545,1,2014,1
-119.1578,29.250208,16.991657,0.15005183,3.8725314,293.91742,1,2014,1
-125.77492,29.25021,17.324896,0.07616699,4.73354,239.53445,1,2014,1
-119.72389,29.251577,16.968395,0.14548191,3.7528124,293.55945,1,2014,1
-119.87913,29.253128,16.82829,0.16022238,3.7438617,292.45505,1,2014,1
-118.757614,29.253693,17.058254,0.14171007,3.8239377,295.89496,1,2014,1
-123.34539,29.253794,17.35143,0.08841876,4.883298,258.7821,1,2014,1
-118.43971,29.25751,17.452282,0.115280814,3.7749305,297.4475,1,2014,1
-125.74663,29.26524,17.34767,0.07515391,4.6306047,241.77467,1,2014,1
-121.846596,29.282103,17.032091,0.10445138,4.0404205,274.11594,1,2014,1
-120.21628,29.286013,16.7682,0.17117657,3.6763296,290.20947,1,2014,1
-120.27321,29.287533,16.776659,0.164506,3.6165867,290.38916,1,2014,1
-120.53521,29.296959,16.687803,0.16429637,3.5645056,289.50244,1,2014,1
-123.501305,29.339031,17.363102,0.086458474,4.761775,257.0144,1,2014,1
-121.04409,29.350368,16.743988,0.11666112,3.5198011,282.9702,1,2014,1
-120.99094,29.352623,16.600317,0.14823191,3.4917188,285.78763,1,2014,1
-118.505936,29.354065,17.243675,0.12204376,3.922308,293.75485,1,2014,1
-119.264725,29.395054,17.03722,0.13141237,3.81708,293.13947,1,2014,1
-119.437675,29.500523,16.965858,0.14461222,3.9093862,295.45074,1,2014,1
-121.94306,29.502174,16.591848,0.12060245,4.0219893,275.99408,1,2014,1
-121.090126,29.507664,16.707241,0.11791581,3.6332355,284.34222,1,2014,1
-123.712585,29.515472,17.084362,0.09683122,4.7605567,257.62784,1,2014,1
-119.24556,29.515625,16.963411,0.15203914,3.9042156,296.30252,1,2014,1
-125.52254,29.517036,17.176023,0.083733626,4.4900446,243.26375,1,2014,1
-125.480194,29.547222,17.327332,0.081242785,4.505208,246.45073,1,2014,1
-118.5245,29.559862,17.086287,0.13474846,3.8070593,298.04593,1,2014,1
-123.77707,29.562798,17.21518,0.09081607,4.904335,256.5588,1,2014,1
-122.02252,29.641657,16.634064,0.12891783,4.077671,273.51498,1,2014,1
-125.24131,29.672413,17.476538,0.07608124,4.646859,250.12224,1,2014,1
-125.13654,29.760086,17.340519,0.08192061,4.5768657,250.33775,1,2014,1
-123.87948,29.76277,17.028276,0.10224446,4.8031344,258.1052,1,2014,1
-122.0961,29.774117,16.402554,0.16824904,4.0742116,274.787,1,2014,1
-121.23457,29.808077,16.641245,0.12535061,3.7696154,285.06848,1,2014,1
-118.73698,29.808945,17.157673,0.1406676,3.8535829,301.09125,1,2014,1
-124.993,29.836262,17.60556,0.07815048,4.6761093,253.3477,1,2014,1
-118.78569,29.866102,17.049393,0.14216082,3.9728327,299.727,1,2014,1
-121.253204,29.871153,16.525703,0.12524597,3.8593392,283.02798,1,2014,1
-119.00307,30.004908,16.805935,0.15776198,4.126718,300.10654,1,2014,1
-122.189835,30.006247,16.023884,0.19359975,4.0984387,277.8533,1,2014,1
-124.78129,30.02375,17.235304,0.08534494,4.6208224,253.91835,1,2014,1
-123.97684,30.035473,16.764416,0.11763179,4.757899,261.05243,1,2014,1
-121.34913,30.042782,16.381918,0.14318082,3.9687908,282.81067,1,2014,1
-124.74588,30.06897,17.360807,0.08288815,4.7176476,256.64127,1,2014,1
-122.26763,30.109028,16.033266,0.19840084,4.2041526,276.14453,1,2014,1
-119.29733,30.141558,16.628828,0.17595138,3.9547946,300.7153,1,2014,1
-124.07992,30.193783,17.14858,0.09667842,4.840186,258.9222,1,2014,1
-121.53548,30.20877,16.300003,0.1597384,3.961641,280.91284,1,2014,1
-123.683,30.210442,16.339766,0.15237772,4.6017933,263.26108,1,2014,1
-124.25415,30.226133,17.293634,0.08602206,4.810509,257.14822,1,2014,1
-123.43935,30.242958,16.13193,0.15902422,4.500011,266.17746,1,2014,1
-124.29778,30.255512,16.868788,0.098929256,4.720519,258.76147,1,2014,1
-123.24785,30.25907,15.783623,0.19298384,4.381381,271.43863,1,2014,1
-121.5753,30.263231,16.178913,0.163428,4.120995,283.3281,1,2014,1
-122.464066,30.276033,15.889759,0.20506197,4.2515407,278.9306,1,2014,1
-124.55178,30.287283,16.904861,0.10066784,4.648828,257.57812,1,2014,1
-124.00101,30.289204,16.8972,0.10275826,4.7464724,261.1529,1,2014,1
-119.516685,30.302692,16.327864,0.16916035,3.8954973,305.28122,1,2014,1
-122.51064,30.327492,15.791866,0.20487402,4.2583213,277.69244,1,2014,1
-122.98303,30.342073,15.784741,0.19638593,4.3493676,275.40912,1,2014,1
-124.88324,30.384811,16.875362,0.09925812,4.584016,255.59998,1,2014,1
-125.03764,30.423489,16.805733,0.09882652,4.5381165,252.16394,1,2014,1
-125.262474,30.471792,16.659029,0.109665744,4.4405966,249.15703,1,2014,1
-124.31417,30.501402,16.607603,0.114138745,4.666905,261.8699,1,2014,1
-119.69243,30.505213,16.397074,0.16372609,3.978266,306.20737,1,2014,1
-125.358734,30.52051,16.463026,0.122064024,4.4809484,251.52461,1,2014,1
-121.770676,30.52604,15.840478,0.22739567,4.2759094,283.93875,1,2014,1
-119.75515,30.53553,16.45991,0.16040497,4.1161146,304.3078,1,2014,1
-120.014725,30.567263,16.564585,0.14804712,4.2262278,301.84732,1,2014,1
-124.52916,30.573809,16.596504,0.11246484,4.6215367,259.90585,1,2014,1
-124.21966,30.599443,16.60403,0.11337773,4.7343955,264.18103,1,2014,1
-125.52504,30.602915,16.374287,0.13366392,4.3694506,247.9551,1,2014,1
-120.29498,30.645489,16.657433,0.13492349,4.3320203,298.69492,1,2014,1
-124.78312,30.715868,16.59518,0.11649129,4.538414,258.04633,1,2014,1
-124.879616,30.763153,16.411808,0.1365441,4.5839396,259.69516,1,2014,1
-125.66503,30.768915,16.259447,0.14858015,4.3435583,249.938,1,2014,1
-120.52699,30.78294,16.439959,0.15284601,4.405111,296.2742,1,2014,1
-121.949905,30.79588,15.672053,0.2531318,4.312644,284.77737,1,2014,1
-124.08481,30.795982,16.384075,0.1288798,4.7471256,266.86035,1,2014,1
-125.01333,30.851515,16.348448,0.13466467,4.51,257.3196,1,2014,1
-123.96018,30.881481,16.295956,0.13866733,4.781506,268.56192,1,2014,1
-125.773125,30.890017,16.226759,0.14826787,4.2635665,248.2485,1,2014,1
-122.009056,30.916466,15.671407,0.2605316,4.331801,283.6192,1,2014,1
-123.72983,30.967405,15.944297,0.17915237,4.7100105,269.87836,1,2014,1
-123.5289,31.012135,15.870885,0.18333735,4.7438064,272.29544,1,2014,1
-125.865204,31.013447,16.178453,0.14328444,4.1445146,249.8161,1,2014,1
-125.25191,31.03051,16.19189,0.14978893,4.4094105,255.55406,1,2014,1
-123.47067,31.032795,15.760999,0.19306383,4.6603217,273.8141,1,2014,1
-122.06028,31.037954,15.416931,0.32719538,4.430045,285.44797,1,2014,1
-120.591835,31.049318,16.138874,0.1971171,4.4772534,297.53802,1,2014,1
-123.22571,31.112612,15.664878,0.21402724,4.6748796,277.0034,1,2014,1
-125.52967,31.243002,16.204659,0.14709416,4.26597,251.26775,1,2014,1
-120.63349,31.259792,15.886887,0.24564113,4.6191015,300.00644,1,2014,1
-122.23483,31.273811,14.967507,0.4108797,4.498044,287.06528,1,2014,1
-125.57258,31.280561,16.059988,0.14884025,4.1694365,253.12964,1,2014,1
-126.01948,31.29619,16.189936,0.13147771,3.9057138,249.15207,1,2014,1
-122.25338,31.297464,15.3172865,0.305682,4.5028434,285.456,1,2014,1
-125.75098,31.402657,16.06506,0.14306171,4.019465,250.97903,1,2014,1
-126.16171,31.50142,16.28521,0.12874939,3.8613598,250.95505,1,2014,1
-122.38169,31.507507,14.982717,0.40137056,4.579618,286.10007,1,2014,1
-120.66266,31.523203,15.614454,0.2753566,4.6311336,301.93982,1,2014,1
-125.92509,31.52964,16.074638,0.15099645,3.9368007,253.77472,1,2014,1
-122.50773,31.669807,15.334684,0.32469946,4.640388,281.93954,1,2014,1
-126.27874,31.726458,16.604588,0.105322435,3.7793386,249.07133,1,2014,1
-126.310295,31.769129,16.642586,0.10186277,3.6429932,251.26663,1,2014,1
-120.73188,31.770933,15.437583,0.31491423,4.621093,302.8991,1,2014,1
-126.19722,31.777813,16.482439,0.11295902,3.7540646,254.07556,1,2014,1
-122.60113,31.779758,14.806115,0.47227576,4.6943903,282.67444,1,2014,1
-120.75806,31.91144,15.232916,0.34875512,4.6373267,300.879,1,2014,1
-122.75688,31.952843,15.262179,0.36559215,4.7397256,279.8399,1,2014,1
-126.423935,32.003872,16.698393,0.106007345,3.5238898,253.00485,1,2014,1
-122.79521,32.0104,14.670288,0.48079965,4.736296,280.95407,1,2014,1
-126.50772,32.022156,16.763865,0.09926966,3.3969986,250.39156,1,2014,1
-120.82366,32.054142,15.110873,0.36380586,4.7636647,302.2221,1,2014,1
-123.03587,32.163532,14.981495,0.36780277,4.753283,277.73804,1,2014,1
-123.14474,32.257317,14.552872,0.4664552,4.801333,280.561,1,2014,1
-120.95186,32.26169,15.064739,0.36782056,5.034461,302.8378,1,2014,1
-126.65046,32.264626,16.45991,0.1125607,3.3109062,251.51033,1,2014,1
-123.26894,32.33507,14.915587,0.36284396,4.893363,277.63333,1,2014,1
-126.78501,32.36439,16.50668,0.10681434,3.2315476,249.15343,1,2014,1
-121.0086,32.492393,14.753627,0.4248453,4.954644,300.70593,1,2014,1
-126.74107,32.510117,16.232037,0.12982394,3.2681034,253.28397,1,2014,1
-123.507904,32.52221,15.212993,0.32596922,4.84605,276.99304,1,2014,1
-126.96725,32.525185,16.090776,0.14384083,3.2195032,250.77715,1,2014,1
-127.01056,32.55801,16.126087,0.147872,3.1264198,246.63297,1,2014,1
-121.02136,32.568626,14.749625,0.4436746,5.2752347,299.52933,1,2014,1
-123.76117,32.74993,15.665612,0.2524701,4.891022,276.45663,1,2014,1
-127.05093,32.750107,15.72225,0.18314111,3.0911002,249.74768,1,2014,1
-121.115364,32.760834,14.700084,0.4805082,5.5022902,300.10654,1,2014,1
-126.99211,32.768234,15.780733,0.18116623,3.1637003,253.28342,1,2014,1
-123.816864,32.786648,15.437094,0.2438616,4.8015103,277.53946,1,2014,1
-124.024216,32.907257,15.794887,0.18263626,4.7152944,278.7831,1,2014,1
-127.264824,32.942783,15.687374,0.19272336,2.99,247.38014,1,2014,1
-124.25998,32.98664,16.153156,0.14458182,4.6870565,279.7035,1,2014,1
-127.18211,33.01176,15.405211,0.20854385,3.0728,253.74725,1,2014,1
-124.40991,33.019543,15.788673,0.18268745,4.7199683,279.143,1,2014,1
-127.362465,33.02,15.535566,0.21313533,2.997866,251.3233,1,2014,1
-121.269844,33.046703,14.413496,0.56629664,5.6238422,299.39105,1,2014,1
-124.54621,33.07738,15.847467,0.16266136,4.607928,277.35635,1,2014,1
-124.79444,33.206627,15.822531,0.15914626,4.4481907,276.45398,1,2014,1
-127.46501,33.25435,15.366336,0.22499041,2.9638658,255.54178,1,2014,1
-124.92403,33.274216,15.14018,0.24513815,4.2627926,274.43994,1,2014,1
-121.488,33.2783,14.2379055,0.5983988,5.5754194,300.98138,1,2014,1
-127.50167,33.282784,15.446936,0.20891745,2.862953,253.1474,1,2014,1
-125.03797,33.333103,14.950001,0.2974977,3.9755502,273.02792,1,2014,1
-121.52715,33.340714,14.021472,0.56521666,5.484934,299.36914,1,2014,1
-127.750145,33.45516,15.623317,0.18933456,2.675556,252.3777,1,2014,1
-125.2392,33.50471,14.2186575,0.45311677,3.6692233,274.06335,1,2014,1
-127.82323,33.52503,15.501588,0.1965324,2.525094,255.0832,1,2014,1
-121.5934,33.53839,13.869099,0.66360474,5.4950886,300.39154,1,2014,1
-125.27956,33.541077,14.08299,0.50646985,3.3618002,271.8751,1,2014,1
-127.349976,33.56386,15.168553,0.25030515,2.8385384,257.3836,1,2014,1
-128.01071,33.651787,15.580351,0.18390195,2.3850367,252.9326,1,2014,1
-125.51675,33.71929,13.941138,0.58843756,3.1205769,268.8983,1,2014,1
-125.560394,33.75944,13.96063,0.52395165,2.9805033,274.81152,1,2014,1
-127.25573,33.77822,15.035091,0.25891283,2.5910616,261.11935,1,2014,1
-128.14212,33.77939,15.57297,0.17933883,2.2596018,253.81079,1,2014,1
-121.69684,33.808052,13.926235,0.74951595,5.535675,299.66785,1,2014,1
-127.2341,33.841278,14.742249,0.31771356,2.6891077,263.16568,1,2014,1
-128.25764,33.88646,15.62397,0.17545976,2.0634437,249.28146,1,2014,1
-125.75916,33.944862,13.853903,0.590156,2.7858212,273.70462,1,2014,1
-121.752396,33.95138,13.716894,0.77543986,5.4353013,297.97946,1,2014,1
-125.85417,34.000008,13.956365,0.5633008,2.75632,277.92432,1,2014,1
-128.34038,34.001297,15.648509,0.18634401,1.9701015,251.65701,1,2014,1
-127.13787,34.036102,14.894975,0.28173772,2.5478618,265.4978,1,2014,1
-121.79241,34.05239,13.927618,0.7722385,5.471179,298.01706,1,2014,1
-128.23808,34.07676,15.642989,0.1903433,2.1830482,255.13622,1,2014,1
-128.05177,34.25209,15.757643,0.18979003,2.1221921,256.09473,1,2014,1
-125.895226,34.26185,14.41476,0.35838178,2.8086474,283.59094,1,2014,1
-127.113914,34.296696,14.90649,0.2719853,2.3705273,268.7914,1,2014,1
-121.90828,34.306507,13.968359,0.7856725,5.4693418,298.86127,1,2014,1
-127.25032,34.31443,15.412516,0.20568007,2.3255107,266.0548,1,2014,1
-122.040726,34.415295,13.689344,0.8821484,5.4205904,297.22687,1,2014,1
-127.16199,34.510105,14.987321,0.2907328,2.3654175,273.8785,1,2014,1
-128.04482,34.52434,15.822305,0.19271211,2.1416116,256.2233,1,2014,1
-125.92963,34.529366,14.675919,0.3351694,2.9470325,284.74356,1,2014,1
-122.14619,34.536316,13.833613,0.85272235,5.39268,298.70374,1,2014,1
-122.264404,34.62913,13.589832,0.8335497,5.358442,297.5693,1,2014,1
-126.0083,34.691574,14.644209,0.33714637,2.9328825,285.22086,1,2014,1
-122.24341,34.750744,13.857757,0.9020407,5.4141483,299.548,1,2014,1
-128.16927,34.770382,15.564692,0.21273541,2.1392522,256.48343,1,2014,1
-122.25073,34.77368,13.516631,0.78815556,5.3275228,299.2113,1,2014,1
-126.09959,34.781387,14.620254,0.3512391,2.9007757,284.37158,1,2014,1
-127.00741,34.81074,15.0945215,0.28882444,2.491947,277.60983,1,2014,1
-126.28878,34.868065,14.477446,0.37087837,2.8693204,283.5035,1,2014,1
-126.977005,34.87105,14.678548,0.33851278,2.6771066,278.16037,1,2014,1
-126.564995,34.96656,14.516407,0.36967757,2.7730849,281.22888,1,2014,1
-123.4443,34.975777,12.961364,0.74118894,4.8974485,295.7802,1,2014,1
-123.53546,34.984253,13.051706,0.75585794,4.7532935,293.16693,1,2014,1
-123.75888,34.99835,12.993158,0.7442916,4.4686465,290.70612,1,2014,1
-128.28798,34.999084,15.269675,0.25840056,1.9204427,253.35791,1,2014,1
-126.75606,35.007057,14.803459,0.31529948,2.6716475,278.8277,1,2014,1
-123.192986,35.007523,12.904685,0.70533985,4.9923644,297.95096,1,2014,1
-123.82793,35.023853,12.808038,0.7022671,4.414091,291.39163,1,2014,1
-128.30988,35.03987,14.957445,0.35280046,1.8848077,254.93152,1,2014,1
-122.95692,35.041122,12.934115,0.7228426,5.103136,299.07642,1,2014,1
-124.00009,35.04968,12.906384,0.6767046,3.96869,288.20667,1,2014,1
-122.16556,35.05446,13.832649,0.92631453,5.4216695,300.1119,1,2014,1
-122.558685,35.077454,13.194072,0.75685865,5.2677603,299.82584,1,2014,1
-122.46257,35.07983,13.571127,0.80868983,5.3533635,299.91745,1,2014,1
-124.28648,35.083572,13.283327,0.5974312,3.8562288,286.88425,1,2014,1
-124.67622,35.112217,13.977466,0.45284954,3.7994738,285.57254,1,2014,1
-127.04343,35.128048,15.271346,0.25541654,2.5975373,279.7524,1,2014,1
-124.762985,35.13155,14.561076,0.3494674,3.7117112,285.30927,1,2014,1
-125.04579,35.18817,14.659242,0.31746227,3.5846896,283.8812,1,2014,1
-127.25916,35.18877,15.589822,0.22671479,2.4891765,278.78116,1,2014,1
-125.31362,35.220673,14.679576,0.31006896,3.4027784,284.11792,1,2014,1
-127.4461,35.261322,15.441798,0.23647825,2.565307,280.7843,1,2014,1
-125.38743,35.269817,14.84464,0.31062186,3.6674924,283.2405,1,2014,1
-126.749016,35.27574,15.013715,0.2645766,2.8328254,278.73077,1,2014,1
-127.52172,35.2792,15.161034,0.29367432,2.4002707,279.10913,1,2014,1
-128.45442,35.282753,14.907042,0.36425573,1.8067927,260.1206,1,2014,1
-125.56123,35.306942,14.997271,0.26449606,3.5273218,282.77548,1,2014,1
-125.8206,35.329674,15.027423,0.2696056,3.2927952,281.20755,1,2014,1
-126.330864,35.335606,14.909583,0.28940225,2.9608276,279.52594,1,2014,1
-127.80143,35.346924,14.970319,0.39475307,2.2717834,272.27045,1,2014,1
-126.215904,35.35219,14.939354,0.32016277,3.0731905,281.639,1,2014,1
-128.51477,35.379894,14.96562,0.28037786,1.4925481,258.01248,1,2014,1
-128.00995,35.412727,14.971444,0.41642046,2.1711748,264.1844,1,2014,1
-128.19089,35.515507,14.88413,0.4284763,2.1605787,268.67395,1,2014,1
-128.5611,35.519028,14.986725,0.24205706,1.4567087,261.31366,1,2014,1
-128.2555,35.535515,14.809793,0.33433825,1.9612751,263.85336,1,2014,1
-128.77707,35.74381,15.06618,0.20445761,1.2345444,256.414,1,2014,1
-128.83224,35.756504,15.0976305,0.18921335,1.2322338,256.86597,1,2014,1
-128.70667,35.775852,14.997701,0.21378432,1.6164467,261.81976,1,2014,1
-129.02026,35.79289,15.051445,0.21185203,1.1225863,244.11972,1,2014,1
-129.27713,35.87431,15.0464,0.19170505,1.05,233.1301,1,2014,1
-129.5063,35.94002,14.981681,0.21217877,0.96260065,222.47388,1,2014,1
-128.79808,36.012257,15.133838,0.17825896,1.2022063,258.97046,1,2014,1
-129.71672,36.014107,14.991874,0.2158781,0.85702974,221.68906,1,2014,1
-129.79247,36.04143,14.9554615,0.2303479,0.8141253,207.8241,1,2014,1
-130.01627,36.107967,15.037674,0.23112658,0.7766595,191.88866,1,2014,1
-130.29399,36.188637,15.063338,0.22417998,0.6911585,176.68222,1,2014,1
-130.41238,36.265713,15.051813,0.22453721,0.6432729,168.34071,1,2014,1
-128.93848,36.27726,15.164791,0.18227132,1.1493477,259.47223,1,2014,1
-130.51956,36.310425,15.088715,0.21724106,0.6395311,153.03429,1,2014,1
-130.75427,36.40761,15.133106,0.20383044,0.70292246,140.19443,1,2014,1
-129.01323,36.426666,15.274797,0.159577,0.9176056,249.59012,1,2014,1
-129.08769,36.500854,15.190369,0.16076423,0.8829496,256.9081,1,2014,1
-131.00317,36.51624,14.581483,0.2259631,0.99126184,120.96375,1,2014,1
-131.25174,36.706085,14.563226,0.26158032,1.2986531,119.525986,1,2014,1
-129.26453,36.74125,15.2088785,0.15455619,0.6618912,243.04782,1,2014,1
-129.46526,36.759327,15.143121,0.17005639,0.68709534,248.66315,1,2014,1
-129.5,36.766327,15.090289,0.18905514,0.5440588,216.02737,1,2014,1
-129.1684,36.772797,15.102599,0.1666818,0.93621576,256.40906,1,2014,1
-131.37173,36.800335,14.199255,0.34308332,1.3776792,117.68106,1,2014,1
-131.54082,36.978985,14.330002,0.3063459,1.5923882,117.691505,1,2014,1
-129.5399,37.000637,15.127147,0.18903486,0.6466065,219.35175,1,2014,1
-129.4589,37.001038,15.133312,0.18304533,0.7789737,240.80252,1,2014,1
-131.58824,37.017986,14.05164,0.3308394,1.7413213,114.06271,1,2014,1
-129.2245,37.02118,15.074546,0.17530051,0.99327743,253.0245,1,2014,1
-131.78508,37.1985,14.45384,0.28206193,1.8804255,113.83874,1,2014,1
-131.87553,37.277073,14.478127,0.2774224,2.0169284,112.75098,1,2014,1
-132.02605,37.36854,14.656327,0.25771424,2.1060865,108.26289,1,2014,1
-132.29141,37.509327,14.828479,0.20140196,2.3601906,104.97833,1,2014,1
-134.4042,37.59821,16.363882,0.109572224,3.7306569,100.346054,1,2014,1
-132.54051,37.598526,14.849864,0.19485836,2.534423,106.504364,1,2014,1
-134.18202,37.61262,16.15952,0.12132102,3.5893455,100.43334,1,2014,1
-134.53336,37.616634,16.431002,0.10783689,3.862292,98.486755,1,2014,1
-133.57172,37.654053,15.704307,0.12753059,3.261978,100.242004,1,2014,1
-133.99979,37.656853,15.788978,0.1344272,3.4327395,99.05072,1,2014,1
-134.78198,37.67504,16.517494,0.10996539,3.899654,97.07034,1,2014,1
-132.7589,37.680008,14.870291,0.19838333,2.561445,108.43495,1,2014,1
-133.44157,37.68968,15.49385,0.16936985,3.0245166,103.57678,1,2014,1
-135.0254,37.720676,16.543081,0.10043337,3.9184692,95.5651,1,2014,1
-133.01633,37.74778,15.100944,0.19968398,2.6828716,106.67879,1,2014,1
-135.18196,37.76663,16.469934,0.11369792,3.8758354,95.181046,1,2014,1
-133.38695,37.77611,15.11553,0.1924252,2.9449108,102.95087,1,2014,1
-133.0706,37.789375,14.923165,0.1929346,2.7043114,104.34456,1,2014,1
-135.2861,37.815247,16.407984,0.11140739,4.0144987,92.71273,1,2014,1
-135.51074,37.968826,16.396284,0.10444208,4.0517774,91.69716,1,2014,1
-135.58669,38.03474,16.133923,0.114696585,4.2201896,89.45693,1,2014,1
-135.75063,38.250835,15.815706,0.11847982,4.351942,88.28822,1,2014,1
-135.9293,38.500443,15.422464,0.13230535,4.3237486,87.61406,1,2014,1
-136.01709,38.617302,15.408721,0.13469367,4.4969544,86.8131,1,2014,1
-136.09297,38.7604,15.216174,0.1694252,4.5328245,87.97715,1,2014,1
-136.19066,39.026226,15.155341,0.17390825,4.591318,88.62716,1,2014,1
-136.25911,39.22333,15.227237,0.16556168,4.760672,89.03714,1,2014,1
-136.27263,39.297867,15.167671,0.16938114,4.8610287,88.82124,1,2014,1
-136.37901,39.529484,15.14947,0.15861668,4.983252,87.92997,1,2014,1
-136.45822,39.79407,15.067922,0.15604237,5.0601583,89.54708,1,2014,1
-136.47064,40.0073,14.940361,0.15744467,5.15,90,1,2014,1
-136.4195,40.302593,14.889144,0.16151121,5.290463,89.241875,1,2014,1
-136.40285,40.548656,14.83031,0.17455965,5.3503366,89.35746,1,2014,1
-136.33826,40.79946,14.712432,0.17584337,5.3203382,89.353836,1,2014,1
-136.23451,40.981544,14.788579,0.18031612,5.2321506,88.35717,1,2014,1
-136.20769,41.056828,14.645148,0.18384957,5.21047,89.23024,1,2014,1
-136.049,41.260536,14.462118,0.19256563,5.22,90,1,2014,1
-133.6965,41.35591,14.416289,0.21393499,3.8433318,92.38594,1,2014,1
-135.98183,41.444317,14.530232,0.19478817,5.0300894,89.65828,1,2014,1
-133.71257,41.51501,14.315279,0.209155,3.7497332,94.129166,1,2014,1
-135.9171,41.52643,14.240537,0.20367566,5.0401587,90.45472,1,2014,1
-133.6504,41.75417,13.981053,0.21954687,3.6975667,95.58724,1,2014,1
-135.76079,41.790974,14.046883,0.20987652,5.160475,90.77722,1,2014,1
-135.71814,41.873547,13.870292,0.22912632,4.98001,90.11505,1,2014,1
-133.49672,41.93311,13.75277,0.25432193,3.497785,97.22661,1,2014,1
-133.47496,42.017494,13.630284,0.26226205,3.445693,97.00127,1,2014,1
-135.61172,42.06391,13.77851,0.22980647,5.120244,89.44049,1,2014,1
-133.50755,42.140896,13.726494,0.2363855,3.5881054,95.75826,1,2014,1
-133.54497,42.281746,13.520967,0.25114688,3.6388597,95.83593,1,2014,1
-135.51382,42.286118,13.81444,0.23581322,5.180473,89.22578,1,2014,1
-135.48692,42.307987,13.746051,0.24473648,4.930497,89.18652,1,2014,1
-133.66725,42.5264,13.288106,0.2761127,3.721317,94.46956,1,2014,1
-135.33536,42.5394,13.578598,0.25232595,4.86,90,1,2014,1
-133.7584,42.571823,13.256235,0.27801943,3.9200127,94.09603,1,2014,1
-135.21292,42.78076,13.084306,0.25501272,4.561096,91.25629,1,2014,1
-133.72568,42.783978,13.077566,0.28179136,3.7933757,92.41738,1,2014,1
-133.76341,42.825935,13.049635,0.28202134,3.9156353,93.07431,1,2014,1
-133.98228,43.025227,12.948225,0.29156804,3.9908018,91.148636,1,2014,1
-134.02374,43.035576,12.727039,0.31360805,4.0410023,91.27618,1,2014,1
-135.07082,43.047176,12.75265,0.26279372,4.472192,91.793915,1,2014,1
-134.19164,43.26568,12.682984,0.29956737,4.120303,90.695305,1,2014,1
-134.99446,43.27717,12.367114,0.3038782,4.3455725,92.90191,1,2014,1
-134.95168,43.50057,12.151108,0.34082377,4.3251014,92.78302,1,2014,1
-134.21164,43.526966,12.612358,0.2908322,4.1620307,91.78991,1,2014,1
-134.7905,43.76089,11.943922,0.3411957,4.2457037,92.97023,1,2014,1
-134.23326,43.782856,12.218015,0.33982173,4.083136,92.24574,1,2014,1
-134.72752,43.841045,11.96907,0.30963802,4.213846,92.44821,1,2014,1
-134.26254,43.842667,12.069753,0.3036106,4.1420407,91.79855,1,2014,1
-134.29143,44.01626,11.688243,0.29564834,4.0827565,92.105515,1,2014,1
-134.6161,44.02513,11.646971,0.30958462,4.256219,93.097694,1,2014,1
-134.5808,44.250053,11.513287,0.32074177,4.2891493,93.74299,1,2014,1
-134.49783,44.26529,11.499099,0.28171596,4.053159,92.26236,1,2014,1
-134.76537,44.288452,11.538354,0.32154614,4.397329,95.08826,1,2014,1
-134.34407,44.500416,11.421081,0.28068885,4.077671,93.514984,1,2014,1
-135.05865,44.534367,11.552695,0.2984481,4.336646,96.35478,1,2014,1
-134.51254,44.543312,11.445874,0.30032003,4.2508,95.67036,1,2014,1
-134.21683,44.610565,11.504252,0.27099603,3.9521387,91.885,1,2014,1
-135.2573,44.686176,11.56337,0.33355132,4.429458,96.611595,1,2014,1
-135.24129,44.751595,11.308377,0.29758018,4.2398586,97.86255,1,2014,1
-134.04442,44.757576,11.36901,0.28725964,3.913694,92.489555,1,2014,1
-134.66307,44.76121,11.339995,0.29150236,4.1117516,97.125015,1,2014,1
-135.30846,44.76455,11.309286,0.28382346,4.3587613,97.64676,1,2014,1
-133.96251,44.77183,11.410855,0.30147645,3.8404686,90.89517,1,2014,1
-134.7669,44.87778,11.349964,0.2936892,4.108345,97.83426,1,2014,1
-136.875,27.125,20.3203907012939,0.086162380874157,5.56780926397448,153.434948822922,0,2014,1
-150.625,47.375,9.13481330871582,0.295672446489334,6.15220285751372,77.2287574350985,0,2014,1
-126.625,49.125,8.13419437408447,0.646796941757202,2.73879535562626,144.510960379291,0,2014,1
-135.625,27.125,19.5006732940674,0.0745983719825745,5.35160723521448,163.834010555398,0,2014,1
-124.625,25.875,18.8971176147461,0.0587406679987907,4.42793405551618,223.535889893832,0,2014,1
-130.125,46.125,10.4490146636963,0.388620555400848,2.04352636391117,93.3664606634298,0,2014,1
-122.625,27.625,18.3709030151367,0.0651551783084869,4.12161376162299,252.927932344207,0,2014,1
-137.375,46.625,10.572901725769,0.268938004970551,5.06856981800586,97.9382645235455,0,2014,1
-121.875,25.625,19.40989112854,0.0646601021289825,4.22232163625653,235.030213319733,0,2014,1
-127.875,45.625,10.3744230270386,0.413408756256104,1.19616052434445,69.4439547804166,0,2014,1
-143.875,51.125,7.82724714279175,0.237417653203011,5.95348637354618,105.390170378728,0,2014,1
-119.375,33.375,15.3629179000854,0.436586141586304,2.74881792776459,311.46044083145,0,2014,1
-136.125,51.125,8.0707893371582,1.46215856075287,4.69706291207601,94.8852025681173,0,2014,1
-147.625,34.375,18.8721446990967,0.0908200442790985,4.49016703475494,62.978418408823,0,2014,1
-144.625,51.125,7.65388488769531,0.269493013620377,5.75280801000694,106.355817101017,0,2014,1
-149.375,34.125,18.2508144378662,0.0948002859950066,4.19605767357886,53.4305064530693,0,2014,1
-117.125,27.125,18.2664260864258,0.0913451462984085,3.73405945319568,281.430301581628,0,2014,1
-119.625,33.125,14.8838500976562,0.620039582252502,3.75666075125237,316.833701835751,0,2014,1
-157.375,41.625,12.1910543441772,0.24369353055954,6.67720001198107,32.5238417403191,0,2014,1
-132.375,29.125,18.7440986633301,0.0781660750508308,3.9556794612304,173.467863312148,0,2014,1
-128.875,50.625,7.97597026824951,0.888403534889221,3.91649077619238,111.258080306073,0,2014,1
-138.125,47.625,10.0719594955444,0.235357031226158,5.43703043949544,94.5361050424808,0,2014,1
-119.125,27.125,18.2728977203369,0.0908510982990265,3.52366286696103,264.952785001389,0,2014,1
-147.125,32.125,19.5910587310791,0.0763018876314163,3.01532751123323,74.8115430231321,0,2014,1
-133.125,51.625,8.19390773773193,0.295392602682114,3.79159597003689,88.3375285132437,0,2014,1
-142.875,28.625,20.9715423583984,0.0770390555262566,4.65725240887801,128.198685176018,0,2014,1
-117.125,31.125,16.7243423461914,0.221274986863136,2.87570860832595,309.780060951692,0,2014,1
-125.875,37.125,12.8489103317261,0.783174157142639,2.90580453575253,284.753598881124,0,2014,1
-120.875,33.375,14.7499666213989,0.48531699180603,5.5659680200303,305.346213911463,0,2014,1
-143.875,29.875,20.3334789276123,0.0622019246220589,4.00622016369545,126.269215026263,0,2014,1
-131.875,47.625,9.85439777374268,0.363814890384674,3.000599940012,88.8542371618249,0,2014,1
-126.375,27.375,19.019552230835,0.0648130103945732,5.06320056881021,224.359850330476,0,2014,1
-119.625,25.375,18.8817329406738,0.08009123057127,3.73954542692023,249.820541335489,0,2014,1
-141.625,31.875,19.1289882659912,0.0826040208339691,3.96727866427353,117.469306321745,0,2014,1
-138.375,47.375,10.3191404342651,0.240283519029617,5.35956154923143,96.9658986477689,0,2014,1
-116.125,26.625,18.5533008575439,0.137637764215469,4.29815076515471,287.465355643015,0,2014,1
-140.625,48.875,9.15351867675781,0.317128121852875,5.75354673223395,95.1854130495066,0,2014,1
-131.625,25.875,19.5656299591064,0.0649383068084717,5.32324149367657,189.515406608692,0,2014,1
-146.625,49.125,8.67965412139893,0.348906964063644,6.21097415869685,94.7100154921063,0,2014,1
-138.125,49.875,9.05152702331543,0.320030719041824,5.54350971858082,95.2786460634189,0,2014,1
-119.875,33.875,15.241527557373,0.4882752597332,3.55105618091294,316.597476197246,0,2014,1
-128.375,26.625,19.0083484649658,0.0631910637021065,5.05667875190821,208.592373877578,0,2014,1
-153.375,40.375,13.0176820755005,0.486686021089554,6.57270111902253,37.7067819526469,0,2014,1
-124.125,25.125,19.0942897796631,0.0636731907725334,4.66434346934271,222.480263606797,0,2014,1
-144.625,50.625,8.22738552093506,0.232009038329124,5.90355824905624,103.518382816912,0,2014,1
-140.875,50.125,8.70717144012451,0.308246105909348,5.66467121729055,97.2002899375363,0,2014,1
-127.875,47.375,9.66946315765381,0.312770068645477,1.25131930377502,79.4084722520286,0,2014,1
-139.125,45.625,10.9102020263672,0.276048898696899,5.68000880281008,99.6281561284867,0,2014,1
-149.625,49.125,8.2117223739624,0.366513967514038,5.8792686620021,93.2176705197396,0,2014,1
-133.125,28.125,19.0783729553223,0.0760501772165298,4.78724346571177,173.884496433715,0,2014,1
-134.625,28.625,19.2376194000244,0.0835753902792931,4.63923485070545,157.304133399287,0,2014,1
-153.125,36.375,16.8094882965088,0.125908583402634,4.96117929528857,28.0113460987785,0,2014,1
-127.625,49.625,8.21066188812256,0.502930700778961,2.87215946632495,139.377067977054,0,2014,1
-149.375,35.875,17.811767578125,0.0959777235984802,4.85126787551461,45.8351562922209,0,2014,1
-130.875,49.625,9.02224731445312,0.342456996440887,2.90167193183516,84.859202071466,0,2014,1
-141.375,31.375,19.1559963226318,0.0773412734270096,3.84240809909619,127.704967000218,0,2014,1
-129.625,51.625,7.88113260269165,1.1245356798172,3.51,112.61986494804,0,2014,1
-149.125,34.125,18.3743705749512,0.0938467979431152,4.11032845402895,56.3099324740202,0,2014,1
-143.375,28.625,20.9781475067139,0.072828084230423,4.35901364989833,128.105548923687,0,2014,1
-152.125,40.625,13.6477499008179,0.347419381141663,6.35720850688413,44.4264240381993,0,2014,1
-138.875,49.625,8.99870777130127,0.357525616884232,5.84208866759141,96.8817236306369,0,2014,1
-124.625,47.125,8.32522583007812,2.28334784507751,1.59477271107829,100.112040310913,0,2014,1
-156.625,42.125,11.1582069396973,0.300348371267319,6.54654870905273,34.7339005504061,0,2014,1
-152.625,48.625,7.99657392501831,0.237995758652687,6.31950947463488,84.4608155482271,0,2014,1
-143.875,46.625,10.5827922821045,0.35412985086441,5.9156487387268,94.1684240635404,0,2014,1
-145.875,50.125,8.90541934967041,0.256003141403198,6.37216603675705,99.2110265408166,0,2014,1
-137.875,30.125,19.128963470459,0.0820181146264076,4.85782873308642,135.083399911277,0,2014,1
-123.875,25.875,19.0323619842529,0.0637284740805626,4.30443956863144,227.824803407383,0,2014,1
-124.125,41.125,10.4159297943115,1.62642979621887,1.39003597075759,180.412192741402,0,2014,1
-150.625,49.625,7.75951337814331,0.748049855232239,5.47381037303997,95.3460548310168,0,2014,1
-135.875,28.375,19.6495780944824,0.0832593888044357,5.36003731330296,151.71372383427,0,2014,1
-139.125,32.625,18.5820369720459,0.0899907499551773,4.50921279160787,113.665755998475,0,2014,1
-129.375,40.875,13.6649522781372,0.337531000375748,0.633482438588474,101.842076115328,0,2014,1
-120.875,34.125,14.5686264038086,0.663318634033203,5.66480361530742,302.455677593282,0,2014,1
-127.125,47.375,9.78210163116455,0.383709073066711,1.21753850041795,75.7354877019201,0,2014,1
-137.125,26.625,20.5289287567139,0.0724312514066696,5.59957141217076,154.167123400486,0,2014,1
-141.125,50.125,8.56293773651123,0.316854149103165,5.70221009784803,98.4711446330148,0,2014,1
-153.125,43.125,12.1181545257568,0.413070827722549,7.07876401640852,52.2882921959587,0,2014,1
-123.375,26.125,19.0129280090332,0.0605483166873455,4.22612115301963,233.563947575014,0,2014,1
-119.875,34.125,15.2196035385132,0.705161809921265,2.76871811494056,338.160162766551,0,2014,1
-117.375,32.125,16.2855453491211,0.284855782985687,1.75071414000116,321.493525312539,0,2014,1
-127.625,47.125,9.44843673706055,0.354511260986328,1.10353975913875,75.8378319446873,0,2014,1
-154.375,43.875,11.4259729385376,0.378548681735992,7.00446286306095,51.0846938652688,0,2014,1
-148.375,45.875,10.7828893661499,0.170525044202805,5.83922083843384,73.8928662661191,0,2014,1
-138.375,47.875,10.0174407958984,0.240507796406746,5.47526255078238,92.5122803224386,0,2014,1
-118.125,25.625,18.7072010040283,0.0922749638557434,3.7337648560133,261.218837265615,0,2014,1
-139.125,32.125,18.7082614898682,0.0911176055669785,4.43497463352385,120.786507972952,0,2014,1
-118.375,26.875,18.3218460083008,0.0969291180372238,3.54012711636178,270.485545830008,0,2014,1
-141.375,49.375,9.09823989868164,0.314938634634018,5.82993138896162,95.8083840982052,0,2014,1
-132.125,26.875,19.3161373138428,0.0734842866659164,4.91248409666637,184.085616779975,0,2014,1
-159.375,42.125,11.3895044326782,0.772738516330719,6.15077230923077,14.3073571204103,0,2014,1
-149.625,49.375,8.00559711456299,0.552578985691071,5.9075629493049,95.5368823624837,0,2014,1
-134.375,47.875,9.53961753845215,0.319536656141281,4.09011002297004,90.4202549047168,0,2014,1
-119.625,34.375,15.4284324645996,1.07572984695435,0.646374504447693,304.919402012458,0,2014,1
-136.625,50.625,8.33043003082275,0.274959117174149,4.98230870179679,94.0282636664851,0,2014,1
-146.875,32.875,19.0443077087402,0.0759998261928558,3.47403223934379,74.6436265534269,0,2014,1
-152.875,42.125,12.5375823974609,0.39967343211174,7.0507091841885,48.7376295434101,0,2014,1
-138.375,45.625,10.7907810211182,0.26455894112587,5.46049448310316,100.445622056525,0,2014,1
-124.875,26.625,19.0443897247314,0.0618542805314064,4.49110231457712,228.430028440062,0,2014,1
-151.125,37.875,15.2514400482178,0.202174454927444,4.78356561573059,41.1859251657096,0,2014,1
-153.125,36.875,16.32421875,0.170384138822556,4.93766138976743,31.501075287162,0,2014,1
-141.125,48.625,9.50622081756592,0.299368292093277,5.99012520737255,95.7486634172878,0,2014,1
-153.375,45.875,10.2343397140503,0.287704885005951,6.7538507534591,64.3834677839081,0,2014,1
-141.875,50.625,7.8452615737915,0.295159339904785,5.56870721083449,103.711837033132,0,2014,1
-133.125,49.875,8.50735569000244,0.309701442718506,3.5835736353534,87.4409976823006,0,2014,1
-145.625,33.375,18.6979942321777,0.0774737820029259,3.8536865466719,78.7775419305552,0,2014,1
-128.375,44.625,10.5788812637329,0.425448805093765,1.27192767089957,93.154842864792,0,2014,1
-159.125,42.875,10.8763561248779,0.334113240242004,5.79666283304454,13.7725409053916,0,2014,1
-134.875,25.875,20.3649940490723,0.0757387802004814,6.0903612372338,167.675272565863,0,2014,1
-153.625,40.375,12.9682626724243,0.431404113769531,6.55513539143167,37.9363117299119,0,2014,1
-124.125,37.375,12.5758123397827,1.20572054386139,3.73462180146799,292.51365250212,0,2014,1
-154.625,36.875,15.360239982605,0.217034503817558,4.7042215083901,30.8175408609308,0,2014,1
-137.875,32.375,18.3508434295654,0.0849401354789734,4.46555707611044,123.120687218732,0,2014,1
-120.875,27.375,18.5638809204102,0.0923842489719391,3.83083541802568,259.775418404499,0,2014,1
-134.375,48.125,9.2271671295166,0.312062442302704,4.06099741442912,88.7301044938366,0,2014,1
-152.875,37.625,15.2150754928589,0.265475332736969,4.85001030926739,31.166357453963,0,2014,1
-140.875,50.875,7.92333936691284,0.274012595415115,5.54040612229826,100.924586138875,0,2014,1
-130.125,38.875,13.5913696289062,0.426322340965271,0.715541752799933,116.565051177078,0,2014,1
-135.375,46.375,10.4220304489136,0.257495939731598,4.45538999415315,94.7636416907262,0,2014,1
-118.375,32.625,15.7748708724976,0.326013654470444,2.10097596368926,328.428229448223,0,2014,1
-143.375,46.125,10.9595985412598,0.318178176879883,5.69425148724571,92.2141996288412,0,2014,1
-145.875,45.875,10.9868402481079,0.374447137117386,5.95733161742739,84.5095165077321,0,2014,1
-133.375,28.625,19.0307064056396,0.0752056390047073,4.69063961523373,165.93413100239,0,2014,1
-133.875,46.875,10.0237054824829,0.304633498191833,3.93011450214876,90.4373638675207,0,2014,1
-144.125,33.375,19.2307186126709,0.0805226489901543,3.88870158279084,93.8336765370881,0,2014,1
-138.625,45.875,10.6225662231445,0.26345282793045,5.56773742196954,101.28975079838,0,2014,1
-127.375,46.625,9.52279281616211,0.342650830745697,1.14490174250894,70.6154843206422,0,2014,1
-145.625,34.875,18.4571399688721,0.0875895246863365,4.75563875835833,73.5084736940861,0,2014,1
-137.375,27.375,20.1571617126465,0.0793695449829102,5.28493140920485,151.398192671558,0,2014,1
-118.625,26.125,18.954761505127,0.0807109922170639,3.77809475794348,259.939310204677,0,2014,1
-153.875,40.375,12.897271156311,0.323635578155518,6.62881588219193,37.7688524000056,0,2014,1
-133.625,28.625,19.0526809692383,0.0767518877983093,4.6828410180146,163.499983486631,0,2014,1
-149.125,49.625,8.13410091400146,0.259188562631607,6.12249132298283,97.5080658939372,0,2014,1
-134.875,29.875,18.5934581756592,0.062675267457962,4.27403790343511,146.644556843058,0,2014,1
-135.375,28.375,19.4803524017334,0.0805257856845856,5.03575217817557,153.842016783712,0,2014,1
-145.875,46.875,10.8268117904663,0.334095448255539,6.28774204305488,84.615823344083,0,2014,1
-149.125,49.375,8.24136161804199,0.518554627895355,6.25693215561748,94.216101135381,0,2014,1
-140.625,33.125,18.6925945281982,0.0819325298070908,4.45567054437377,104.691202074704,0,2014,1
-140.375,31.625,19.3721256256104,0.0898249298334122,4.20010714149056,117.663238327818,0,2014,1
-134.125,45.375,11.0250177383423,0.331733107566833,3.80821480486592,93.7640348649057,0,2014,1
-135.625,47.625,9.76682758331299,0.278813034296036,4.74950523739052,95.1944289077348,0,2014,1
-153.875,38.625,14.1842451095581,0.333253234624863,5.60108917979352,34.9668794456688,0,2014,1
-132.375,46.125,10.9460144042969,0.323939442634583,3.29097250064476,91.3929359521383,0,2014,1
-126.625,43.875,10.5624685287476,0.464341521263123,0.13,180,0,2014,1
-154.125,46.625,9.68357467651367,0.320670664310455,6.69794744679294,66.8800352861622,0,2014,1
-122.875,27.625,18.3777084350586,0.0633309260010719,4.09414215678938,249.706026272423,0,2014,1
-153.375,47.625,8.44215869903564,0.297752618789673,6.38225665419372,77.880162697182,0,2014,1
-129.625,46.625,10.0961713790894,0.317973285913467,1.8002499826413,89.0451587461278,0,2014,1
-151.875,38.375,14.6838512420654,0.294892698526382,5.18034747869291,36.2062696458308,0,2014,1
-125.125,45.375,9.57083034515381,0.505518317222595,0.830240928887513,80.9914962579749,0,2014,1
-139.375,45.625,11.0479335784912,0.260605007410049,5.73097722905963,99.6431172403936,0,2014,1
-145.125,29.375,20.5366649627686,0.0738579407334328,4.21279004936159,130.571791156617,0,2014,1
-132.875,47.875,9.38632678985596,0.329625934362411,3.46023120614794,89.3376505526278,0,2014,1
-148.125,33.125,19.040433883667,0.0821155309677124,3.38496676497717,73.1710541663602,0,2014,1
-130.625,48.125,9.62454986572266,0.319353550672531,2.65505178857212,80.6795865532235,0,2014,1
-117.625,30.875,16.974494934082,0.174611181020737,3.16936902237654,310.777769793857,0,2014,1
-133.125,47.125,10.1394376754761,0.301884651184082,3.63012396482544,89.5264919412651,0,2014,1
-134.875,49.125,8.8203649520874,0.305302351713181,4.25264623499298,87.978635059644,0,2014,1
-138.375,31.625,18.5628547668457,0.0796874463558197,4.6283150281717,127.538400605189,0,2014,1
-123.375,25.625,19.0839576721191,0.0637980177998543,4.33416658655387,230.617580590127,0,2014,1
-127.375,45.875,10.2194585800171,0.430466502904892,1.09931797037982,58.768090451483,0,2014,1
-139.375,48.375,9.79594612121582,0.289242386817932,5.93937707171383,95.7009942467345,0,2014,1
-131.375,27.125,19.2663097381592,0.0685583725571632,4.5832848482284,191.579615366756,0,2014,1
-129.625,26.875,19.2565841674805,0.0623612776398659,4.71492311708261,201.39522328952,0,2014,1
-141.875,29.375,20.5993118286133,0.0771300792694092,4.88623576999719,127.432752526573,0,2014,1
-142.875,50.125,8.57371234893799,0.265848308801651,6.0646929023653,99.5865741780884,0,2014,1
-134.375,25.875,20.2337703704834,0.0694838389754295,5.94011784394889,171.187837252671,0,2014,1
-134.375,46.125,10.6821298599243,0.28889399766922,4.02776613025136,93.5585875025548,0,2014,1
-117.375,33.125,15.755654335022,0.592831313610077,0.533666562565053,347.005383208084,0,2014,1
-140.875,30.125,19.664421081543,0.0710707008838654,4.36231589869418,129.418784209251,0,2014,1
-124.875,25.875,18.9236850738525,0.0595555081963539,4.45121331773709,222.723941266131,0,2014,1
-145.375,29.625,20.3904991149902,0.0631777867674828,4.19204007614431,129.385572900954,0,2014,1
-127.875,43.375,11.0806732177734,0.474420726299286,0.29732137494637,132.273689006094,0,2014,1
-131.375,26.375,19.4228019714355,0.0646116062998772,5.01123737214672,192.094757077012,0,2014,1
-155.625,40.625,12.6780939102173,0.339742004871368,6.96601033590964,36.7711970035745,0,2014,1
-136.125,26.375,20.6448173522949,0.0756393373012543,5.61484639148748,163.017309152061,0,2014,1
-124.875,28.875,17.6501789093018,0.0683117434382439,4.56843518067182,245.286175790055,0,2014,1
-134.375,28.375,19.23219871521,0.0824751481413841,4.73769986385799,160.647173292474,0,2014,1
-126.375,26.875,19.3080673217773,0.0589215345680714,4.95795320671747,220.501017732272,0,2014,1
-131.125,47.875,9.79734706878662,0.306238740682602,2.78741816023359,81.9571057664947,0,2014,1
-151.125,34.125,17.9279899597168,0.0889807194471359,4.35586960319062,44.6279547127967,0,2014,1
-139.875,51.125,7.65633487701416,0.281200289726257,5.46202343458905,104.41787045871,0,2014,1
-116.625,30.125,17.2863292694092,0.175857424736023,3.13001597440013,306.686844660001,0,2014,1
-154.375,40.625,12.606822013855,0.345465540885925,6.84353709714501,38.7121092706115,0,2014,1
-121.375,35.625,13.9784145355225,1.10149729251862,2.31890060157826,286.793908798022,0,2014,1
-155.125,38.875,13.9240283966064,0.328874856233597,6.21479685910972,32.1812864642662,0,2014,1
-115.625,29.875,16.121021270752,3.64530301094055,1.61533278305122,298.468918996594,0,2014,1
-138.875,30.125,19.2595844268799,0.077479213476181,4.59034857064254,136.32401187749,0,2014,1
-152.875,40.375,13.3793792724609,0.368293553590775,6.45061237403086,39.4643934286431,0,2014,1
-147.375,50.875,8.14729118347168,0.174864217638969,6.37038460377394,102.05078488341,0,2014,1
-142.875,48.625,9.67820739746094,0.324884951114655,6.34996062979921,98.5129192378378,0,2014,1
-144.375,46.375,10.7969083786011,0.31486788392067,5.81123911055121,91.1832213632473,0,2014,1
-127.875,49.875,8.0444278717041,0.585101306438446,2.62148812699962,122.538244079446,0,2014,1
-133.375,27.625,19.3962097167969,0.0738916546106339,5.05916989238353,175.010637430358,0,2014,1
-134.375,29.125,18.9348449707031,0.0741914436221123,4.30861926839678,155.159845606487,0,2014,1
-155.375,42.625,11.3201570510864,0.34145051240921,6.90706884285947,40.6552793459072,0,2014,1
-132.375,47.125,10.2200841903687,0.313486486673355,3.32543230272396,93.2754026409201,0,2014,1
-116.875,26.625,18.5394229888916,0.0962946340441704,3.88912586579555,280.818755272305,0,2014,1
-152.625,47.875,8.5335750579834,0.38312754034996,6.2034909526814,78.0923147200543,0,2014,1
-146.625,34.625,18.8756828308105,0.0860056653618813,4.3861714512773,71.9368282344035,0,2014,1
-125.625,42.625,10.1568613052368,0.618583142757416,1.12378823627942,258.190117042972,0,2014,1
-158.375,41.125,12.404260635376,0.291041046380997,6.27653566866309,21.9878743826761,0,2014,1
-126.875,46.125,10.0271778106689,0.421511143445969,1.02474387043788,61.4341632062534,0,2014,1
-131.875,48.625,9.08363056182861,0.305373400449753,3.04532428486688,86.6114430092765,0,2014,1
-129.125,27.375,19.0556392669678,0.0684778094291687,4.73254688302187,203.802685670078,0,2014,1
-130.875,51.625,8.06096458435059,0.524891674518585,3.04685083323749,96.0286918455751,0,2014,1
-130.125,39.375,13.7571496963501,0.346728056669235,0.689637585982667,106.858398767738,0,2014,1
-158.125,44.125,10.7487144470215,0.772155702114105,6.61708394989817,28.230382274869,0,2014,1
-130.625,37.375,13.9849843978882,0.365407764911652,0.820731381147328,133.025065989118,0,2014,1
-141.625,31.375,19.2032432556152,0.0824853479862213,4.03966582776348,125.224409025681,0,2014,1
-117.875,31.125,16.3484878540039,0.272988706827164,3.15753068076939,312.176039710758,0,2014,1
-125.875,43.375,9.97367477416992,0.511871695518494,0.65,233.130102354156,0,2014,1
-131.875,26.625,19.3194351196289,0.0714366883039474,4.86507964991325,188.62976218302,0,2014,1
-127.125,43.875,11.2918605804443,0.399978250265121,0.192353840616713,98.9726266148964,0,2014,1
-130.875,29.375,18.2199668884277,0.0688187181949615,3.66525578916397,195.02204311585,0,2014,1
-143.625,46.625,10.6798934936523,0.327968597412109,5.72071673831173,93.5076119595129,0,2014,1
-132.125,46.125,10.9496250152588,0.311845630407333,3.22038817536023,90.8896145214144,0,2014,1
-142.875,48.875,9.31960487365723,0.221246019005775,6.31590056919835,98.284053921444,0,2014,1
-141.375,28.875,20.7333889007568,0.076287142932415,5.10656440280547,133.730495223249,0,2014,1
-156.375,39.625,13.4982748031616,0.333896428346634,7.06236504295834,30.7411417046825,0,2014,1
-156.375,43.375,11.2383918762207,0.348160028457642,6.56246904754605,41.1694986238681,0,2014,1
-125.625,42.125,10.5144205093384,0.581884980201721,1.4334922392535,265.999814239487,0,2014,1
-138.625,48.875,9.36868286132812,0.321027666330338,5.66210208314898,93.7467630942133,0,2014,1
-144.375,28.875,21.0091743469238,0.0736846327781677,3.94087553723789,136.953676611593,0,2014,1
-156.875,41.375,11.8196773529053,0.281880736351013,6.82748123395444,35.0401447920642,0,2014,1
-127.125,27.875,18.761869430542,0.0717246755957603,5.01597448159378,221.443818905745,0,2014,1
-152.125,45.375,10.5358152389526,0.277848273515701,6.43709561836703,62.1212383463807,0,2014,1
-153.875,37.625,14.8191223144531,0.302864551544189,5.05759824422621,31.3329002242008,0,2014,1
-136.625,28.125,19.8917369842529,0.0842273235321045,5.24626533831449,148.64291477599,0,2014,1
-137.375,49.875,9.1632604598999,0.300252586603165,5.3734532658245,94.0552292041908,0,2014,1
-124.125,42.125,9.74971294403076,3.7866997718811,1.2986916493148,173.367485384862,0,2014,1
-145.625,32.625,19.3993148803711,0.0763344392180443,3.60013888620981,85.6989439403405,0,2014,1
-136.375,47.875,9.70452499389648,0.266797542572021,5.03924597534195,95.0091395732073,0,2014,1
-144.625,30.625,20.1111755371094,0.0763921514153481,3.76268521138827,120.859297614969,0,2014,1
-129.375,47.875,9.79463386535645,0.340750992298126,1.81661773634411,75.6577739696064,0,2014,1
-134.875,47.875,9.28674697875977,0.281392067670822,4.2323161507619,91.8956222586148,0,2014,1
-126.875,25.375,19.6194381713867,0.0592961311340332,5.33427595836586,212.677143163415,0,2014,1
-124.625,42.375,10.2437438964844,0.965703547000885,1.27003936946852,180.451138546787,0,2014,1
-134.875,30.625,18.4817733764648,0.073723204433918,3.97001259443846,142.985780796633,0,2014,1
-143.625,48.125,9.78049182891846,0.256538063287735,6.32735331714612,97.7203049289633,0,2014,1
-149.375,33.625,18.3543529510498,0.0872577503323555,3.88973006775535,54.8390373860011,0,2014,1
-151.375,47.375,9.18798160552979,0.331503987312317,6.27279841856886,75.0332804359952,0,2014,1
-125.625,43.625,10.0185508728027,0.516918659210205,0.615223536610881,224.341456822436,0,2014,1
-135.125,45.125,11.0427122116089,0.266559451818466,4.14366987102013,98.3256503304268,0,2014,1
-149.625,33.625,18.6063270568848,0.0922888591885567,4.0600492607849,53.4123452904269,0,2014,1
-147.625,31.875,19.6254253387451,0.0776300430297852,2.90394559177682,74.6237487511738,0,2014,1
-146.875,32.375,19.4025459289551,0.0758724957704544,2.92542304633022,76.961343416977,0,2014,1
-139.125,50.125,8.63125133514404,0.390524506568909,5.64741533801083,98.8618644063976,0,2014,1
-143.125,49.125,8.84604263305664,0.350623816251755,6.16007305151489,99.2482477002708,0,2014,1
-143.625,50.625,8.37482929229736,0.215568587183952,6.23490978282766,101.940719282086,0,2014,1
-139.375,32.125,18.8022727966309,0.0907718390226364,4.4342417615642,119.744881296942,0,2014,1
-117.125,26.125,18.5167007446289,0.119016148149967,3.88239616731729,274.579805595868,0,2014,1
-135.625,32.125,18.3740119934082,0.0718757137656212,4.55619358675638,126.341724999921,0,2014,1
-150.375,47.625,8.81101608276367,0.264169901609421,5.97585977077776,78.219978144011,0,2014,1
-133.625,51.125,8.47051334381104,0.657099425792694,4.03774689647581,86.4502201323767,0,2014,1
-129.875,51.375,8.10506725311279,0.552803754806519,3.51523825650552,106.527513529,0,2014,1
-120.125,26.875,18.5202808380127,0.100279904901981,3.65366938843678,258.474786490455,0,2014,1
-153.125,36.625,16.6484603881836,0.139305531978607,4.93060848171907,31.1431166472724,0,2014,1
-136.875,30.375,18.8555908203125,0.0732670798897743,4.47759980346614,133.461620572028,0,2014,1
-114.625,26.625,19.6874923706055,0.210834264755249,4.1883648360667,298.523118606312,0,2014,1
-144.125,50.125,8.78376388549805,0.220667570829391,6.2860878135769,100.541267666196,0,2014,1
-123.375,25.875,19.191276550293,0.0605257079005241,4.23858466943861,231.129080764968,0,2014,1
-141.875,33.375,18.7851486206055,0.0726580917835236,4.30109288437253,105.231751746966,0,2014,1
-114.625,26.375,19.6319522857666,0.210786491632462,4.26709503057994,295.54416525141,0,2014,1
-154.125,47.625,8.59765338897705,0.346685349941254,6.475376436934,74.5043071770813,0,2014,1
-155.375,41.125,12.5843486785889,0.311747610569,7.21804682722411,36.6635130761021,0,2014,1
-118.125,33.125,15.9995050430298,0.24838350713253,1.01079176886241,334.195467600053,0,2014,1
-157.875,41.625,12.3422746658325,0.446375131607056,6.46720959920119,25.8518625420604,0,2014,1
-141.625,48.625,9.67618656158447,0.317542225122452,6.05786265938738,97.2071355507782,0,2014,1
-130.375,37.125,14.7285127639771,0.231487631797791,0.624259561400544,144.782407031807,0,2014,1
-146.375,31.125,20.1823558807373,0.0751394033432007,3.31058907144937,101.853004167744,0,2014,1
-117.375,25.375,18.594295501709,0.115243643522263,3.89236432005022,265.431948006572,0,2014,1
-147.125,48.625,9.29088973999023,0.661531686782837,6.08185004747733,88.5867394936489,0,2014,1
-156.625,40.625,12.4124279022217,0.285856932401657,6.9587139616455,33.6900675259798,0,2014,1
-146.875,33.875,18.7442283630371,0.0852620750665665,4.28973192635624,69.9598373532505,0,2014,1
-127.375,42.625,10.5822668075562,0.469578117132187,0.463896540189728,262.568592028827,0,2014,1
-133.625,30.625,18.3168125152588,0.0698529183864594,4.1517707065781,151.83009896785,0,2014,1
-140.875,50.375,8.38148880004883,0.301789522171021,5.61442784262119,99.9488632525542,0,2014,1
-135.875,27.875,19.5338687896729,0.0759129375219345,5.24223234891396,156.026413644287,0,2014,1
-147.125,34.125,18.9352989196777,0.0900001376867294,4.22487869648349,71.2219667775545,0,2014,1
-137.125,29.875,19.0394134521484,0.0700777322053909,4.7733950182234,135.76389846093,0,2014,1
-127.125,47.625,9.74042129516602,0.394894450902939,1.2929423807734,77.038598149008,0,2014,1
-154.875,42.625,11.5846500396729,0.328954458236694,6.89644111118191,41.0608766025344,0,2014,1
-141.125,31.625,19.130485534668,0.0836032852530479,3.79906567461001,121.765586423862,0,2014,1
-143.625,29.625,20.3689422607422,0.0697997212409973,3.83105729531679,128.216025929957,0,2014,1
-145.625,32.375,19.5302982330322,0.0765953063964844,3.4624413352431,87.8482805279471,0,2014,1
-159.875,40.875,12.4216575622559,0.287910610437393,6.323448426294,6.72042361094634,0,2014,1
-141.125,29.625,20.0208683013916,0.0710536241531372,4.58911756223351,131.820169880136,0,2014,1
-155.125,38.125,14.4658231735229,0.302612066268921,5.84811935582714,32.358479427367,0,2014,1
-128.375,49.375,8.66523933410645,0.348707556724548,2.06516343178936,109.224580320446,0,2014,1
-145.375,47.375,10.6600875854492,0.360647916793823,6.36491162546661,87.7489663136823,0,2014,1
-123.375,37.875,12.4914245605469,1.11874175071716,3.76438574006437,304.82992158128,0,2014,1
-131.875,26.875,19.306661605835,0.0770474821329117,4.76542757787798,186.990799515899,0,2014,1
-130.375,35.875,15.1522617340088,0.226828247308731,0.760065786626395,179.246151666929,0,2014,1
-153.875,46.375,9.77941226959229,0.356500118970871,6.85674120847506,65.7151037040126,0,2014,1
-137.625,32.375,18.3121318817139,0.0886647999286652,4.37385413565656,123.435744239662,0,2014,1
-129.875,38.625,13.6929798126221,0.390028417110443,0.594053869611166,143.901716032892,0,2014,1
-132.375,28.625,18.8291149139404,0.0754692703485489,4.13019370005815,175.973685368433,0,2014,1
-138.375,29.375,19.4574489593506,0.0742064192891121,4.99417660881151,136.622675922719,0,2014,1
-128.125,27.125,18.9762287139893,0.0641517341136932,5.17706480546651,212.216546058576,0,2014,1
-143.125,49.375,8.43277645111084,0.290120929479599,6.05317272180466,99.5090053423285,0,2014,1
-127.875,46.875,9.46932315826416,0.365875095129013,1.15952576512987,77.0424199059069,0,2014,1
-139.125,49.125,9.15171051025391,0.360313653945923,5.78993091495918,94.7554237074904,0,2014,1
-147.875,46.375,10.4379711151123,0.310803890228271,5.69160785718763,80.9017708544525,0,2014,1
-146.625,34.875,18.7369518280029,0.0881545096635818,4.39273263470473,70.8638419462046,0,2014,1
-150.875,34.375,17.8449478149414,0.0988424345850945,4.27094837243439,45.1897204308253,0,2014,1
-115.375,28.875,17.3428192138672,0.27330881357193,3.52184610680251,314.079665033151,0,2014,1
-154.625,46.375,9.74988842010498,0.35256764292717,6.71886895243537,62.1381952471057,0,2014,1
-135.125,27.125,19.4137382507324,0.0847347974777222,5.5237125196737,164.781271117081,0,2014,1
-134.625,47.625,9.6303596496582,0.307683974504471,4.22118466783911,91.3574658445306,0,2014,1
-130.375,51.125,8.20849323272705,0.508936107158661,3.23488794241779,95.4991055239593,0,2014,1
-140.875,50.625,8.14792442321777,0.300340414047241,5.73917241420747,99.5279718836936,0,2014,1
-125.125,43.875,9.76234722137451,0.640803217887878,0.746726188103779,187.696051722017,0,2014,1
-137.375,51.625,7.83162069320679,1.48833656311035,4.88697247792537,97.0523060078412,0,2014,1
-134.125,51.375,8.47977924346924,0.263387262821198,4.04030939409348,89.2909300194757,0,2014,1
-138.875,27.125,20.1360187530518,0.0641568750143051,5.63490017657811,150.204671188458,0,2014,1
-145.875,32.125,19.5449523925781,0.0763497054576874,3.23558340952602,86.6335393365702,0,2014,1
-146.625,47.875,10.0196075439453,0.38678166270256,6.38204512675992,85.2363583092738,0,2014,1
-151.125,35.875,16.8640308380127,0.13272599875927,4.8931993623804,44.8344057225972,0,2014,1
-153.625,36.125,16.8329639434814,0.122964650392532,4.9082889075522,28.3402864479588,0,2014,1
-132.375,47.375,9.83465003967285,0.326447635889053,3.28342808661923,92.6184094651335,0,2014,1
-141.625,48.125,9.91593742370605,0.28676301240921,5.99584022468911,97.0894583603888,0,2014,1
-157.875,40.625,12.3962564468384,0.240471422672272,6.85728809370002,28.9572175987882,0,2014,1
-152.875,38.875,14.1798706054688,0.309251219034195,5.25894476107137,34.3850771744423,0,2014,1
-150.625,39.875,14.1359987258911,0.386613637208939,5.73561679333618,46.0596038361817,0,2014,1
-148.625,33.125,18.6354351043701,0.082026019692421,3.26695576952,67.1238099876452,0,2014,1
-129.375,48.875,8.87893676757812,0.417729884386063,2.06494551986245,81.0850730428522,0,2014,1
-148.875,32.375,19.3569469451904,0.0772266909480095,2.69846252521691,67.3311363927132,0,2014,1
-131.375,48.375,9.51480865478516,0.354024857282639,2.98135875063703,84.9969622949535,0,2014,1
-144.375,47.375,10.4029150009155,0.390040218830109,6.04517162700944,92.3701611564645,0,2014,1
-128.125,46.625,9.45923519134521,0.4214728474617,1.34851770474102,76.2729034214502,0,2014,1
-139.375,30.125,19.4074211120605,0.0716402530670166,5.15334842602361,132.326041224469,0,2014,1
-133.625,45.625,10.846643447876,0.312798887491226,3.85332324104791,92.3797539073021,0,2014,1
-139.875,49.625,8.84488677978516,0.343746870756149,5.54193107138658,99.2413665743089,0,2014,1
-129.125,27.875,18.8841152191162,0.0616870783269405,4.56294860808228,205.161023957974,0,2014,1
-158.875,39.875,12.5814371109009,0.238529726862907,6.57432886308557,20.1990350130642,0,2014,1
-120.625,26.125,18.5294456481934,0.0792751684784889,3.57610122899227,245.728422652208,0,2014,1
-145.625,33.625,18.4381580352783,0.0737873315811157,3.93204781252721,76.9180088503273,0,2014,1
-128.375,47.375,9.60843658447266,0.325357615947723,1.35823414770797,76.3730051401085,0,2014,1
-147.375,32.875,18.9472923278809,0.08029805123806,3.59005570987415,70.3032336381918,0,2014,1
-152.125,45.875,10.2398462295532,0.264755040407181,6.4402251513437,62.8381393716928,0,2014,1
-150.875,47.375,9.19506931304932,0.332424968481064,6.30406218243443,77.727503428171,0,2014,1
-135.125,30.875,18.3592681884766,0.0680107846856117,3.90128184062623,141.66130163977,0,2014,1
-158.625,40.125,12.1887903213501,0.283965528011322,6.2548541150054,20.9848978358822,0,2014,1
-144.875,31.875,19.6313018798828,0.0802239924669266,3.60111093969625,102.183656585987,0,2014,1
-133.375,29.125,18.9453659057617,0.0719345435500145,4.39738558691412,163.213395681974,0,2014,1
-153.375,36.875,16.265588760376,0.167302906513214,4.88328782686419,29.9777305286648,0,2014,1
-146.875,50.625,8.45674324035645,0.158300459384918,6.32503754929566,101.860665640823,0,2014,1
-129.875,52.125,7.68429183959961,0.432966679334641,3.44650547656608,111.801409486352,0,2014,1
-141.375,28.375,20.697473526001,0.0848560184240341,5.25403654345875,134.460217239766,0,2014,1
-135.875,50.625,8.13589763641357,0.361484825611115,4.5841575016572,94.5041517098697,0,2014,1
-143.875,32.625,19.6025123596191,0.0772267878055573,4.01627937275285,99.6030401719527,0,2014,1
-127.875,44.625,10.6364002227783,0.44670695066452,0.975141015443407,84.1140121669717,0,2014,1
-147.125,47.125,10.4770774841309,0.468254655599594,6.17223622360648,84.1416186246925,0,2014,1
-138.875,46.125,10.6972894668579,0.287989944219589,5.6403014103858,101.349776542363,0,2014,1
-118.875,25.625,18.71169090271,0.105715945363045,3.73290771383382,255.256437163529,0,2014,1
-154.875,39.125,13.6414823532104,0.361745834350586,6.04355028108479,34.0055986886919,0,2014,1
-130.625,49.875,8.94573402404785,0.346785545349121,2.86141573351374,91.8024192380033,0,2014,1
-135.875,45.125,10.8962240219116,0.312462240457535,4.49501946603127,97.1566365330609,0,2014,1
-140.125,48.125,9.81244468688965,0.295822978019714,5.98228217321784,96.8161472141499,0,2014,1
-140.125,30.375,19.5352878570557,0.0846236199140549,4.20220180381666,131.237230976499,0,2014,1
-147.625,50.875,8.09908199310303,0.245563536882401,6.35830952376495,102.812254323097,0,2014,1
-150.875,39.375,14.4021673202515,0.3526990711689,5.61014260068316,46.8057001616667,0,2014,1
-126.375,44.375,10.3306016921997,0.501376271247864,0.312569992161756,82.6476206401076,0,2014,1
-151.375,39.875,14.2994203567505,0.335765898227692,5.44117634340222,41.4236656250026,0,2014,1
-154.875,45.875,9.70498275756836,0.321459770202637,6.53411049799435,59.1565493898363,0,2014,1
-134.375,46.625,10.2138004302979,0.273337602615356,4.01717562473935,93.4250881033677,0,2014,1
-142.375,33.625,18.8710308074951,0.0732264444231987,4.1298910397249,98.9149269571479,0,2014,1
-146.625,47.125,10.6931867599487,0.28423610329628,6.11117828245912,81.2467096235835,0,2014,1
-134.875,45.375,10.8916902542114,0.282216101884842,4.00522159187229,97.604096557668,0,2014,1
-120.125,27.875,18.3150844573975,0.100930467247963,3.62498275857969,266.99551984381,0,2014,1
-153.625,47.875,8.28128337860107,0.273163884878159,6.18411675180862,79.4714077714569,0,2014,1
-131.125,48.875,9.23136615753174,0.307409763336182,2.85686891543872,83.770545996979,0,2014,1
-121.875,25.375,19.4642181396484,0.0626458078622818,4.34814903148455,233.604481593093,0,2014,1
-150.125,46.375,9.85249519348145,0.298062413930893,6.22656406053933,74.1557216283564,0,2014,1
-141.875,33.875,18.487340927124,0.0729977190494537,4.34200414555306,98.8765849288452,0,2014,1
-129.625,51.375,8.04725742340088,0.922820389270782,3.46793886912673,110.420685884304,0,2014,1
-142.375,30.375,19.629451751709,0.0631103366613388,4.22991725687395,124.403879649411,0,2014,1
-128.625,45.875,10.5468597412109,0.405013889074326,1.44640934731493,73.9457803372243,0,2014,1
-144.625,32.875,19.2631187438965,0.076881431043148,3.65234171457163,94.7115309461016,0,2014,1
-135.375,27.125,19.5114574432373,0.0794740915298462,5.4246198023456,164.605926566511,0,2014,1
-133.375,25.875,19.9795112609863,0.0682308971881866,5.56072836955736,180.92736867747,0,2014,1
-153.875,43.125,11.8775768280029,0.425985664129257,7.00746031026933,48.6448570219248,0,2014,1
-146.125,34.875,18.5596828460693,0.0928363800048828,4.39385935141306,67.5205656028969,0,2014,1
-152.625,35.875,16.7943153381348,0.130742788314819,4.92587048144792,31.7218040885906,0,2014,1
-131.375,27.375,19.2191562652588,0.0699339285492897,4.54598724151311,191.161626214608,0,2014,1
-125.875,43.125,9.97629928588867,0.570547640323639,0.676239602507869,246.467651439099,0,2014,1
-153.625,45.875,10.0727844238281,0.325176566839218,6.67343989258913,64.4332996948449,0,2014,1
-128.125,26.625,18.9987392425537,0.0667703375220299,5.17421491629407,211.324580336982,0,2014,1
-125.625,47.625,8.91615676879883,0.430206418037415,1.24679589348056,84.0150476848846,0,2014,1
-138.125,48.125,9.81408023834229,0.238765954971313,5.56704589526618,92.8829634525396,0,2014,1
-130.625,36.875,14.7613668441772,0.241119831800461,0.707672240518165,137.290610042639,0,2014,1
-138.125,49.625,9.18685436248779,0.351400285959244,5.52178413196315,95.0910918211197,0,2014,1
-133.375,28.375,19.133544921875,0.0768004655838013,4.77946649742416,168.290390688511,0,2014,1
-136.625,26.875,20.3287868499756,0.0783568844199181,5.6331341187655,157.121941971882,0,2014,1
-140.125,27.125,20.5450572967529,0.0666324496269226,5.38978663770654,145.277953356677,0,2014,1
-142.125,30.625,19.4321346282959,0.075527012348175,4.09307952524746,125.553950378732,0,2014,1
-142.875,49.875,8.54726886749268,0.268724203109741,5.91696712852116,100.911128384283,0,2014,1
-127.875,46.375,9.41334915161133,0.369844347238541,1.18680242669115,73.8556612197165,0,2014,1
-131.375,51.625,8.00992298126221,0.506786644458771,2.82056731882081,96.9234489148105,0,2014,1
-151.625,46.625,9.5260591506958,0.262455523014069,6.47113591265088,70.5010290230442,0,2014,1
-152.375,46.375,9.78432178497314,0.295053035020828,6.63491522176433,66.8354263710427,0,2014,1
-135.125,47.875,9.30634880065918,0.256002515554428,4.36835209203654,93.5436079587288,0,2014,1
-130.625,35.625,15.2078552246094,0.218594416975975,0.80049984384758,167.005383208083,0,2014,1
-131.375,51.875,7.79972314834595,0.636041402816772,2.67421016376799,93.2154839917482,0,2014,1
-141.625,30.375,19.5308895111084,0.0695411264896393,4.45538999415315,131.63353933657,0,2014,1
-139.125,28.125,20.4311866760254,0.0779239535331726,5.88218496818997,139.757921836546,0,2014,1
-143.125,30.875,20.1283588409424,0.0814630538225174,3.98724215467283,118.621927996379,0,2014,1
-152.125,39.625,14.4736261367798,0.295669376850128,5.56692015390916,34.4608162713718,0,2014,1
-124.03244,27.850506,20.31674,0.07070954,1.8170581,264.9483,1,2014,12
-123.76255,27.851313,20.28618,0.07191252,2.032978,266.89835,1,2014,12
-123.70607,27.859558,20.336273,0.0706956,2.0678492,265.00626,1,2014,12
-124.256905,27.862614,20.337894,0.06872305,1.5570806,255.87451,1,2014,12
-125.01992,27.870855,20.415459,0.059323747,1.4849916,244.4703,1,2014,12
-124.83818,27.871319,20.407818,0.062632434,1.4632156,245.3616,1,2014,12
-125.35489,27.871357,20.38164,0.055943508,1.6417674,242.03015,1,2014,12
-124.65555,27.881113,20.415726,0.06420457,1.5115886,247.84665,1,2014,12
-125.59777,27.88357,20.284113,0.057307616,1.7109355,246.58154,1,2014,12
-125.80499,27.888683,20.188793,0.061304357,1.6512419,241.41724,1,2014,12
-123.47068,27.892996,20.291666,0.07200087,2.3052115,261.5184,1,2014,12
-126.165146,27.898657,20.143919,0.05850549,1.6337074,241.08165,1,2014,12
-126.26882,27.909702,20.130241,0.05874614,1.592608,234.71326,1,2014,12
-123.137726,27.937326,20.194258,0.07162051,2.5316002,262.51004,1,2014,12
-121.07975,27.951088,20.753706,0.08683662,3.5000572,269.6726,1,2014,12
-121.311714,27.95829,20.93756,0.08524389,3.4900143,270.16418,1,2014,12
-120.95225,27.961699,20.495848,0.089239284,3.3721359,267.96066,1,2014,12
-122.97489,27.967422,20.22279,0.0704985,2.5951493,263.8061,1,2014,12
-126.50829,27.973207,20.200438,0.059378404,1.5275143,230.57864,1,2014,12
-121.52295,27.97483,20.710913,0.08334093,3.1812732,271.62115,1,2014,12
-121.88427,27.985386,20.442448,0.07946369,2.9701514,270.57874,1,2014,12
-120.91172,28.00208,20.4049,0.096054755,3.4117737,271.8476,1,2014,12
-126.62359,28.003225,19.995274,0.06276742,1.4886235,239.30028,1,2014,12
-122.75498,28.003847,20.217398,0.07735745,2.6601691,270.64618,1,2014,12
-121.94912,28.005018,20.11735,0.08395189,2.9871893,276.14957,1,2014,12
-122.00321,28.005337,20.120495,0.08056234,2.8746653,275.78992,1,2014,12
-123.276054,28.005339,20.187384,0.07247063,2.280022,270.25128,1,2014,12
-120.68935,28.011452,20.146185,0.09858898,3.100145,269.44556,1,2014,12
-122.70699,28.012169,20.234095,0.07649566,2.730293,270.83945,1,2014,12
-124.65972,28.0136,20.291674,0.06048348,1.4141074,259.40524,1,2014,12
-123.18567,28.01807,20.153666,0.07581443,2.6404734,268.91498,1,2014,12
-122.393295,28.020683,20.177206,0.07662041,2.7504544,271.04163,1,2014,12
-126.783134,28.041374,20.062538,0.060534853,1.3567977,237.94986,1,2014,12
-120.47775,28.052202,20.222708,0.11966429,3.1807704,271.26102,1,2014,12
-124.798454,28.05263,20.3111,0.05940419,1.3752818,255.25644,1,2014,12
-127.03077,28.111483,20.182009,0.06194978,1.3479244,236.19205,1,2014,12
-120.249985,28.123632,20.335567,0.123918675,3.3329415,272.4074,1,2014,12
-125.077354,28.167074,20.264305,0.060769703,1.4267796,249.91397,1,2014,12
-127.32552,28.192368,20.372185,0.06104299,1.3962808,231.98106,1,2014,12
-125.26164,28.231373,20.204737,0.058844082,1.4818907,248.62938,1,2014,12
-125.320435,28.253895,20.062637,0.062395707,1.3160547,253.21736,1,2014,12
-122.12183,28.256365,20.037346,0.09144409,2.9104638,278.29715,1,2014,12
-119.94561,28.256805,20.171314,0.11935754,3.4706194,277.61646,1,2014,12
-127.5566,28.28226,20.374449,0.060603853,1.1779643,229.82077,1,2014,12
-121.985985,28.292788,20.035784,0.08913097,3.0397532,279.2764,1,2014,12
-127.795105,28.344109,20.46152,0.059076432,1.1527792,226.0544,1,2014,12
-119.69248,28.351149,19.762928,0.10489832,3.727868,278.17358,1,2014,12
-125.55275,28.370419,19.840975,0.06571604,1.3250283,245.9497,1,2014,12
-121.7014,28.3797,20.053707,0.087229595,3.1301918,279.1915,1,2014,12
-128.0476,28.432526,20.49854,0.06088216,1.1034491,223.5312,1,2014,12
-119.46199,28.475422,19.64399,0.105166234,3.8305092,279.3148,1,2014,12
-121.434044,28.478743,20.072613,0.08372274,3.3626924,276.66006,1,2014,12
-128.28877,28.500553,20.59479,0.06533595,1.0294173,219.87683,1,2014,12
-121.364334,28.501457,19.898508,0.09070413,3.353103,278.05762,1,2014,12
-125.812584,28.509481,19.810993,0.069008075,1.3810141,259.99203,1,2014,12
-119.3686,28.540615,19.582193,0.103152394,3.9339547,283.8243,1,2014,12
-121.2416,28.542948,19.848839,0.08926088,3.4856563,275.43253,1,2014,12
-119.241905,28.617584,19.714699,0.11478767,4.1004634,286.5788,1,2014,12
-120.99863,28.63596,19.891903,0.09102593,3.419152,274.19305,1,2014,12
-128.56458,28.641554,20.576775,0.0643449,0.9651943,214.01935,1,2014,12
-126.042595,28.648188,19.80196,0.06822083,1.3200378,254.17384,1,2014,12
-120.6997,28.71555,19.933578,0.08933576,3.52881,277.32642,1,2014,12
-128.79796,28.7403,20.660093,0.06334364,1.0084642,210.37912,1,2014,12
-126.285995,28.74429,19.794756,0.069035456,1.2293087,248.0255,1,2014,12
-120.52886,28.756683,19.77959,0.09869085,3.4641304,280.14212,1,2014,12
-126.35474,28.761547,19.70141,0.06991529,1.1326518,256.20914,1,2014,12
-120.49642,28.766487,19.640541,0.08776917,3.4936657,280.05548,1,2014,12
-128.87315,28.772362,20.614643,0.06185731,0.89810914,217.76308,1,2014,12
-118.95668,28.77393,19.800117,0.12030785,4.2083015,296.3824,1,2014,12
-126.542465,28.818937,19.849253,0.065083385,1.0911003,250.73474,1,2014,12
-129.01529,28.823643,20.585695,0.064066306,0.87321246,219.88959,1,2014,12
-120.245155,28.825367,19.38739,0.08536775,3.564169,282.4765,1,2014,12
-118.430046,28.831285,19.814486,0.17897035,4.6180515,294.56717,1,2014,12
-118.72414,28.889862,19.84909,0.13998108,4.266427,296.44495,1,2014,12
-119.950874,28.899853,19.454182,0.09056999,3.6453395,283.80753,1,2014,12
-126.792534,28.918867,20.000126,0.06284602,1.07912,249.3818,1,2014,12
-129.25972,28.928066,20.614784,0.063231125,0.7170077,219.90788,1,2014,12
-119.73426,28.98381,19.396658,0.09603174,3.752932,285.2953,1,2014,12
-119.705666,29.002106,19.457153,0.104185194,3.8679323,289.325,1,2014,12
-118.46302,29.002378,19.694136,0.16934787,4.166017,298.53363,1,2014,12
-126.96161,29.009968,20.012602,0.063159674,1.0590562,259.11447,1,2014,12
-129.4641,29.013906,20.470747,0.05982211,0.57982755,237.68039,1,2014,12
-129.53606,29.042095,20.531487,0.061052237,0.67357254,229.21417,1,2014,12
-127.02988,29.042982,20.23199,0.060540885,1.0572133,259.64667,1,2014,12
-118.54462,29.049213,19.821798,0.13221233,4.4095917,300.2284,1,2014,12
-118.769226,29.112406,19.830833,0.12212412,4.201738,300.77667,1,2014,12
-119.34298,29.147657,19.636278,0.11631767,3.9484806,292.79846,1,2014,12
-119.22002,29.170956,19.835463,0.12273737,4.060899,295.99716,1,2014,12
-129.81644,29.182703,20.568985,0.061148264,0.60207975,228.36646,1,2014,12
-127.25922,29.193848,20.239695,0.058946665,1.0568823,249.5074,1,2014,12
-127.42192,29.254519,20.232035,0.058122937,1.0404806,256.09732,1,2014,12
-129.98125,29.28725,20.482182,0.060813945,0.3453983,247.89055,1,2014,12
-127.535995,29.293064,20.265821,0.0591846,1.0744766,255.44643,1,2014,12
-130.00447,29.308493,20.452383,0.06183741,0.2720294,233.97263,1,2014,12
-127.79554,29.372488,20.26606,0.06135002,0.99538934,247.55725,1,2014,12
-128.03894,29.43856,20.181095,0.058650248,0.8363014,243.74133,1,2014,12
-128.26912,29.47242,20.181286,0.059552852,0.8561542,247.32866,1,2014,12
-130.32301,29.472794,20.438189,0.058765955,0.2884441,213.69006,1,2014,12
-128.46973,29.518923,20.124638,0.06417516,0.7006426,272.45404,1,2014,12
-130.48677,29.520548,20.354877,0.060886268,0.14035669,175.91438,1,2014,12
-128.53415,29.531588,20.135544,0.060020603,0.69260377,274.96973,1,2014,12
-130.55237,29.547543,20.340551,0.065402105,0.32202485,143.84181,1,2014,12
-128.79068,29.597498,20.177795,0.05777114,0.6152235,277.47156,1,2014,12
-130.75015,29.672506,20.325949,0.06718771,0.38948685,138.12213,1,2014,12
-129.01012,29.73103,20.270618,0.06202065,0.5688585,280.12466,1,2014,12
-130.88718,29.758314,20.186539,0.06583619,0.41785166,111.03751,1,2014,12
-129.03883,29.780312,20.219242,0.063100696,0.6648308,291.16125,1,2014,12
-131.018,29.839949,20.218412,0.0675358,0.4501111,91.27303,1,2014,12
-129.26622,29.901636,20.261858,0.064675085,0.39319205,277.30576,1,2014,12
-129.44722,30.013584,20.134823,0.06705184,0.42953464,294.77515,1,2014,12
-131.29659,30.018972,20.116978,0.0675675,0.51351726,83.29016,1,2014,12
-129.52663,30.081009,20.160864,0.06582357,0.34409302,305.5377,1,2014,12
-131.55464,30.111399,20.147278,0.06760324,0.54129475,78.27489,1,2014,12
-129.7812,30.209566,20.185368,0.06317722,0.20615529,309.09387,1,2014,12
-131.79373,30.22711,20.140953,0.0671536,0.692315,79.17699,1,2014,12
-131.84933,30.265484,20.00169,0.06485154,0.8367198,65.27268,1,2014,12
-129.91219,30.274734,20.12611,0.0654424,0.31780496,335.85446,1,2014,12
-130.00339,30.326847,20.181902,0.069097385,0.32015622,358.21008,1,2014,12
-132.00969,30.40795,19.97685,0.06576237,0.89899945,64.29005,1,2014,12
-130.1506,30.505682,20.035275,0.069219254,0.47,0,1,2014,12
-132.09335,30.5337,19.817886,0.06707149,1,53.130104,1,2014,12
-130.25931,30.664257,20.00101,0.068640575,0.3544009,16.38954,1,2014,12
-132.26778,30.698715,19.764252,0.068682715,1.098772,49.059345,1,2014,12
-130.42151,30.755323,19.68195,0.06757172,0.4365776,20.095232,1,2014,12
-130.54291,30.775305,19.718403,0.06584562,0.49648768,18.799885,1,2014,12
-132.3644,30.775322,19.668537,0.069881134,1.2050726,40.962288,1,2014,12
-130.75113,30.843302,19.759848,0.06584496,0.57428217,35.073753,1,2014,12
-132.52757,30.959892,19.741972,0.07113862,1.2242957,42.682938,1,2014,12
-132.55368,31.009394,19.64702,0.07322583,1.2920139,37.135975,1,2014,12
-131.0381,31.018242,19.715466,0.06603722,0.6606815,39.47246,1,2014,12
-132.77817,31.085377,19.757584,0.07363725,1.3560236,37.20792,1,2014,12
-131.30396,31.099098,19.721561,0.066553324,0.8287943,41.57613,1,2014,12
-131.59036,31.112581,19.63713,0.06508304,0.9620811,43.315315,1,2014,12
-131.78943,31.150991,19.6037,0.0691483,1.0700468,37.405357,1,2014,12
-132.04791,31.183132,19.624805,0.070002265,1.174138,35.991497,1,2014,12
-132.29047,31.197472,19.606575,0.07013251,1.2520783,36.229237,1,2014,12
-132.73468,31.253342,19.597528,0.07210971,1.3403357,35.58737,1,2014,12
-132.97998,31.26556,19.70483,0.070603006,1.368247,35.781075,1,2014,12
-133.00401,31.290049,19.739546,0.07337039,1.2731457,34.438988,1,2014,12
-133.19298,31.560146,19.689816,0.069316946,1.25032,30.256437,1,2014,12
-133.2682,31.77023,19.59497,0.07446716,1.5250245,26.901093,1,2014,12
-133.23955,31.787453,19.605007,0.073052876,1.395421,27.299572,1,2014,12
-133.3903,32.011375,19.556458,0.07348362,1.7039366,26.113913,1,2014,12
-133.16719,32.049965,19.54701,0.07340481,1.6147445,27.67591,1,2014,12
-133.52759,32.09064,19.583988,0.075755164,1.7003824,32.75547,1,2014,12
-133.75354,32.185925,19.615377,0.07965371,1.9109422,24.41914,1,2014,12
-134.0092,32.224834,19.622631,0.08490931,1.9338304,29.083382,1,2014,12
-133.33008,32.271767,19.44864,0.07725651,1.772597,29.023209,1,2014,12
-134.17899,32.303658,19.539568,0.08234959,2.063056,28.676954,1,2014,12
-134.26166,32.324646,19.62038,0.081962764,2.135158,31.009777,1,2014,12
-134.53986,32.387356,19.633776,0.08465606,2.142265,31.835283,1,2014,12
-134.7508,32.443287,19.559479,0.077870265,2.0995476,33.538692,1,2014,12
-133.54886,32.500217,19.360256,0.07727278,2.087774,23.12652,1,2014,12
-135.05382,32.554432,19.359327,0.077118225,2.3547611,34.09498,1,2014,12
-135.2502,32.64021,19.26391,0.0782425,2.449102,33.170982,1,2014,12
-135.5499,32.68964,19.174833,0.07761512,2.4342966,35.97546,1,2014,12
-133.76718,32.726074,19.404354,0.08225835,2.194197,29.485773,1,2014,12
-133.7825,32.765423,19.303844,0.086207286,2.3607202,32.54565,1,2014,12
-135.79665,32.78637,18.82412,0.08069778,2.5850725,39.66368,1,2014,12
-136.08176,32.83542,18.636189,0.08313487,2.4938724,41.423664,1,2014,12
-133.97125,33.024883,19.060673,0.08372173,2.5262027,36.1441,1,2014,12
-134.01411,33.0898,19.199419,0.08118009,2.5831182,38.555885,1,2014,12
-136.34851,33.15299,18.464502,0.08935369,2.6444092,40.859806,1,2014,12
-136.40335,33.27401,18.474983,0.08562875,2.7810788,40.33314,1,2014,12
-134.16006,33.304943,18.996328,0.08334637,2.804015,39.936382,1,2014,12
-136.53764,33.46192,18.445402,0.08671646,2.7596014,38.821934,1,2014,12
-134.27684,33.475643,19.004957,0.08030622,2.8061717,41.24355,1,2014,12
-136.57451,33.52423,18.266396,0.08623014,2.8938556,40.515392,1,2014,12
-134.3167,33.548717,18.947699,0.09115634,2.942533,37.960373,1,2014,12
-134.49326,33.75519,18.899338,0.091321334,3.1784587,37.843365,1,2014,12
-136.68626,33.7936,18.050447,0.08938026,2.9154758,42.77604,1,2014,12
-134.54492,33.842293,18.858017,0.08993789,3.1297283,38.77417,1,2014,12
-136.75336,33.956226,18.291748,0.09362765,2.8862433,43.315315,1,2014,12
-134.65051,34.006824,18.714314,0.115539834,3.3366451,39.893517,1,2014,12
-136.79071,34.04993,18.054436,0.09173283,2.787759,42.964966,1,2014,12
-136.87587,34.2921,17.919544,0.09037108,2.914464,40.68659,1,2014,12
-134.79437,34.29902,18.545607,0.09811271,3.2454891,41.252354,1,2014,12
-134.90683,34.528053,18.519812,0.09819263,3.304376,42.915207,1,2014,12
-136.97406,34.542683,17.944529,0.09393599,3.086033,38.949764,1,2014,12
-137.01363,34.618397,18.117344,0.0982949,3.0247645,35.58172,1,2014,12
-135.0098,34.6688,18.494247,0.09303263,3.3367798,41.47668,1,2014,12
-137.12169,34.75964,18.173801,0.09932226,3.0887053,35.645496,1,2014,12
-135.11548,34.82614,18.381119,0.089464165,3.4050698,42.26237,1,2014,12
-137.30275,34.99184,18.23562,0.09818381,3.0264502,32.587353,1,2014,12
-137.37277,35.049152,18.194717,0.10428372,3.09317,32.456985,1,2014,12
-135.25714,35.07533,18.048891,0.09480191,3.35936,46.085476,1,2014,12
-137.55725,35.28412,18.065746,0.098572776,3.415333,32.200993,1,2014,12
-135.39865,35.312386,17.68928,0.097893685,3.388702,46.793644,1,2014,12
-137.80896,35.42209,18.084429,0.09555664,3.5902228,32.140713,1,2014,12
-137.93124,35.548344,17.69567,0.09834003,3.5750525,33.823418,1,2014,12
-135.5178,35.54913,17.266079,0.09749648,3.3021963,45.12269,1,2014,12
-138.0099,35.70533,17.44916,0.10162702,3.5374708,35.217594,1,2014,12
-135.68198,35.75158,17.263988,0.10490702,3.1630523,42.822014,1,2014,12
-135.75755,35.79117,17.150442,0.10977295,3.1524117,41.52788,1,2014,12
-138.12318,35.81096,16.979437,0.11061645,3.4521878,37.4674,1,2014,12
-136.02312,35.92613,17.120008,0.10418462,2.9614186,41.440735,1,2014,12
-136.33371,35.968315,17.255735,0.10425382,2.9666479,40.077583,1,2014,12
-136.52467,35.999153,17.402304,0.10537283,3.0680938,37.318096,1,2014,12
-138.3049,36.00922,16.474632,0.11863266,3.3434114,41.605076,1,2014,12
-136.63112,36.019234,17.02352,0.10936946,3.2381785,37.4715,1,2014,12
-136.76761,36.120365,17.0774,0.113407284,3.2980297,37.113117,1,2014,12
-137.05026,36.18529,17.171812,0.10784579,3.2925675,34.60711,1,2014,12
-138.54756,36.251766,16.332848,0.1349903,3.2190838,43.111813,1,2014,12
-137.06116,36.27849,16.83405,0.10599859,3.3736033,35.10333,1,2014,12
-138.78279,36.4486,16.359241,0.14439777,3.2214904,40.21547,1,2014,12
-138.85815,36.50309,16.18693,0.14652604,3.2432237,40.122246,1,2014,12
-137.08725,36.52157,16.790907,0.10972726,3.3940094,36.734844,1,2014,12
-139.02675,36.608,16.318563,0.14222401,3.070391,33.172504,1,2014,12
-139.26562,36.75973,16.248058,0.15217376,3.3828094,35.616436,1,2014,12
-137.09175,36.8095,16.805979,0.10633497,3.498071,40.245975,1,2014,12
-139.5241,36.89523,16.368435,0.14434643,3.5041118,36.412064,1,2014,12
-139.65947,37.003304,16.111572,0.14814366,3.6261413,36.364265,1,2014,12
-137.12453,37.037296,16.69271,0.11173166,3.6226234,42.986523,1,2014,12
-139.75598,37.074043,16.223804,0.15234713,3.7676651,35.166435,1,2014,12
-137.1059,37.253662,16.592558,0.12000974,3.8331711,43.943,1,2014,12
-139.86757,37.253696,15.9696245,0.16892223,3.6783693,32.566765,1,2014,12
-140.01485,37.41455,16.09984,0.14388968,3.7719092,29.895609,1,2014,12
-137.07413,37.504833,16.449562,0.12334537,3.8548281,43.63357,1,2014,12
-140.09569,37.525017,15.932552,0.14814252,3.7236137,30.145678,1,2014,12
-140.25551,37.74119,16.071127,0.13142483,3.6783829,28.585598,1,2014,12
-137.06535,37.761757,16.398724,0.12383083,3.8751774,45.6273,1,2014,12
-140.29955,37.820656,15.904931,0.1421252,3.5618675,28.507755,1,2014,12
-140.4035,38.046394,15.819627,0.13895287,3.5413275,29.24318,1,2014,12
-137.12025,38.063736,16.449017,0.124088,3.841471,46.793205,1,2014,12
-140.51755,38.16487,15.822255,0.15275967,3.6113431,28.623121,1,2014,12
-140.60431,38.291832,15.819656,0.15474954,3.6813583,29.629055,1,2014,12
-137.19733,38.333183,16.530945,0.1279488,3.8538942,44.474365,1,2014,12
-140.76591,38.49466,15.845679,0.13339527,3.7901187,30.963757,1,2014,12
-140.85109,38.52437,15.841509,0.1369332,3.8532324,32.494,1,2014,12
-137.23576,38.52849,16.471663,0.1301442,3.8686562,43.847954,1,2014,12
-141.01671,38.57644,15.932051,0.1369284,3.9356067,33.8112,1,2014,12
-137.27931,38.612617,16.29615,0.12669264,3.8609066,44.580257,1,2014,12
-141.25745,38.64572,15.9767275,0.12931539,4.008516,34.839794,1,2014,12
-141.51443,38.72215,15.882017,0.15420957,4.021853,34.361782,1,2014,12
-141.6244,38.758293,15.616588,0.15676177,4.052271,34.239086,1,2014,12
-137.32973,38.80436,16.328089,0.13164555,3.8043396,44.574017,1,2014,12
-141.8353,38.86259,15.384006,0.20824108,3.9849718,35.604534,1,2014,12
-142.06323,38.924896,15.128577,0.18505168,3.9160185,36.694324,1,2014,12
-142.18668,39.006065,14.731798,0.1931517,3.9881449,37.358364,1,2014,12
-142.25731,39.050053,14.222761,0.23644605,3.966182,37.418858,1,2014,12
-137.43703,39.078262,16.302725,0.13592449,3.685987,46.868874,1,2014,12
-137.49686,39.27599,16.19293,0.14326783,3.5077057,45.924046,1,2014,12
-142.52547,39.288754,13.7524395,0.2451747,3.9457572,44.589283,1,2014,12
-137.52667,39.38322,15.98055,0.16098937,3.2973473,40.69553,1,2014,12
-142.73924,39.531296,13.918161,0.27596268,4.209727,41.147514,1,2014,12
-137.62756,39.58254,16.011406,0.15594818,3.4370046,44.056946,1,2014,12
-142.77942,39.601788,13.749635,0.27515844,4.2183647,42.5021,1,2014,12
-142.88042,39.753853,13.752521,0.26744214,4.3640575,41.469994,1,2014,12
-137.71304,39.7773,15.759354,0.1617583,3.4165626,43.45825,1,2014,12
-137.78755,39.860966,15.606785,0.26288417,3.434778,41.813625,1,2014,12
-143.04425,39.88339,13.578349,0.2649895,4.3989205,41.59027,1,2014,12
-143.15648,40.039722,13.446741,0.26152486,4.61816,41.664448,1,2014,12
-137.89015,40.062103,15.293946,0.24084267,3.489828,42.328907,1,2014,12
-143.27394,40.140884,13.399555,0.25776565,4.6916094,39.117554,1,2014,12
-138.00923,40.216877,15.333413,0.2345863,3.5483096,38.937206,1,2014,12
-143.4321,40.28722,13.290921,0.28433052,4.7229757,38.03458,1,2014,12
-138.06305,40.30324,15.100691,0.20956592,3.53,39.59775,1,2014,12
-143.52745,40.310993,13.219811,0.28790393,4.866015,36.7286,1,2014,12
-143.64967,40.547802,13.010194,0.27619898,4.6703854,37.60599,1,2014,12
-138.16414,40.561913,14.729994,0.2837531,3.5517883,39.51641,1,2014,12
-143.75342,40.74659,13.003173,0.28458408,4.846576,35.001705,1,2014,12
-138.14424,40.770763,14.482268,0.22472946,3.553041,38.256855,1,2014,12
-143.7737,40.81787,12.7754755,0.316238,4.706899,35.749935,1,2014,12
-138.2697,41.018047,14.417475,0.20715259,3.5578084,41.125328,1,2014,12
-143.84319,41.03355,12.576739,0.3126877,4.5279245,35.19935,1,2014,12
-144.01761,41.165016,12.710866,0.33631822,4.6428547,31.704517,1,2014,12
-152.52983,41.250034,11.199415,0.3269074,6.246351,11.543792,1,2014,12
-152.45944,41.263817,11.122355,0.31891993,6.129152,13.492097,1,2014,12
-138.31435,41.2806,14.281686,0.19108555,3.5373437,43.16716,1,2014,12
-143.99811,41.321342,12.516917,0.31687593,4.553427,35.435287,1,2014,12
-152.20268,41.40629,11.060548,0.3564261,5.9958153,15.774756,1,2014,12
-151.93996,41.51634,10.894477,0.36118978,5.9230146,18.71026,1,2014,12
-138.48445,41.527542,13.97889,0.2123111,3.6773903,44.118595,1,2014,12
-143.97006,41.540867,12.438578,0.33820727,4.524113,37.275166,1,2014,12
-138.52588,41.60296,14.121109,0.2089326,3.7476926,44.78379,1,2014,12
-151.68942,41.610764,10.834006,0.39850563,5.883961,19.974787,1,2014,12
-151.46321,41.703938,10.8804245,0.38095018,5.9820566,20.85872,1,2014,12
-143.95154,41.760532,12.277624,0.34534168,4.352149,37.34384,1,2014,12
-151.35217,41.771477,10.65041,0.34324747,5.914609,21.315712,1,2014,12
-138.65909,41.779076,13.928293,0.23614201,3.8113122,44.8937,1,2014,12
-151.22061,41.78164,10.743367,0.35095105,6.0153885,22.685806,1,2014,12
-150.71353,41.81957,10.997901,0.34039262,5.9548383,24.929703,1,2014,12
-150.83765,41.821136,10.895182,0.34992927,5.972981,24.848837,1,2014,12
-150.49162,41.842304,11.174147,0.33033302,6.010632,26.266638,1,2014,12
-144.0338,41.880447,12.368764,0.33611238,4.5465703,35.962517,1,2014,12
-138.8022,41.970486,14.083856,0.25212955,3.7200537,43.91086,1,2014,12
-144.27084,41.985317,12.4024515,0.2949183,4.6040525,33.931675,1,2014,12
-150.23055,41.992535,11.241138,0.35576162,6.149187,26.565052,1,2014,12
-150.15654,42.008053,11.159672,0.34162804,6.144819,26.898647,1,2014,12
-149.98505,42.056374,11.268254,0.35932764,6.19407,26.978731,1,2014,12
-138.77,42.060253,13.797711,0.25907457,3.808018,42.445747,1,2014,12
-144.28171,42.065296,12.178502,0.33657455,4.637122,35.609493,1,2014,12
-149.72766,42.126038,11.382637,0.31493825,6.090156,29.5115,1,2014,12
-138.73866,42.139637,13.70867,0.25499952,3.8289032,42.5656,1,2014,12
-149.40744,42.1991,11.468933,0.28364047,6.040571,29.450758,1,2014,12
-149.21632,42.24492,11.474873,0.31539813,5.950143,29.279072,1,2014,12
-149.09929,42.254948,11.286942,0.34054625,5.80031,30.455528,1,2014,12
-138.69333,42.258453,13.424729,0.25686792,3.8329363,44.154366,1,2014,12
-148.95335,42.293293,11.189024,0.33699554,5.6386256,33.351875,1,2014,12
-144.42078,42.298386,11.99092,0.3817312,4.6010866,35.624535,1,2014,12
-148.53036,42.309578,11.2147,0.29886642,5.5586777,34.51914,1,2014,12
-148.25604,42.31236,11.349131,0.3205257,5.5102086,35.247574,1,2014,12
-148.13927,42.316685,11.293828,0.3188702,5.443905,35.354156,1,2014,12
-147.87572,42.324425,11.165311,0.28305298,5.4280014,36.91212,1,2014,12
-147.69069,42.32904,11.329265,0.31767613,5.3661346,37.27564,1,2014,12
-147.45662,42.365112,11.574373,0.33133844,5.190087,36.53871,1,2014,12
-147.19167,42.380333,11.628283,0.33891577,5.138249,35.174725,1,2014,12
-146.9642,42.39044,11.533798,0.3422645,5.0900097,34.595486,1,2014,12
-146.6973,42.3934,11.641589,0.33160248,5.0561843,34.035786,1,2014,12
-146.42682,42.408733,11.808766,0.3410156,5.0838275,33.690067,1,2014,12
-144.54854,42.415363,12.012281,0.35922655,4.677018,34.81137,1,2014,12
-146.1945,42.435825,11.879465,0.41969824,5.1056046,35.433315,1,2014,12
-145.9879,42.446575,11.935331,0.34357342,5.0789075,35.786846,1,2014,12
-145.67528,42.467957,11.963399,0.34988576,5.086266,36.28412,1,2014,12
-145.42654,42.499577,12.003338,0.33540994,5.001,35.724136,1,2014,12
-145.28746,42.51258,11.802408,0.32847613,4.8381195,37.27255,1,2014,12
-145.16136,42.524334,11.797993,0.34806046,4.8720016,36.822857,1,2014,12
-144.92145,42.540947,11.809385,0.36402687,4.7615123,35.425774,1,2014,12
-144.61348,42.552357,11.791288,0.34177744,4.646687,34.92131,1,2014,12
-138.61392,42.556694,13.317784,0.25623563,3.8273358,43.20017,1,2014,12
-138.53828,42.792862,13.191938,0.31319982,4.0094514,44.49476,1,2014,12
-138.49745,42.89192,13.216235,0.25096828,3.8894987,45.833336,1,2014,12
-138.46048,43.0409,13.177024,0.26452273,3.9186223,46.4476,1,2014,12
-138.3858,43.25112,13.08397,0.33577144,3.8874285,48.023743,1,2014,12
-139.93457,43.401653,12.464133,0.28623322,4.3311086,49.025635,1,2014,12
-140.05545,43.41433,12.360596,0.3152205,4.2589316,51.00403,1,2014,12
-139.73885,43.43276,12.617156,0.30846462,4.168381,49.085617,1,2014,12
-140.45834,43.4335,12.235361,0.32282898,4.0083914,53.93059,1,2014,12
-140.59038,43.43523,12.075413,0.3013301,4.1245847,51.10155,1,2014,12
-139.37396,43.452953,12.793318,0.29552138,4.2802806,48.78889,1,2014,12
-140.78949,43.454964,12.145559,0.27969292,4.2701406,50.606747,1,2014,12
-141.04146,43.50886,11.976657,0.338,4.120291,50.51491,1,2014,12
-139.23616,43.512386,12.874235,0.3868134,4.430677,51.138233,1,2014,12
-138.30945,43.529224,12.948683,0.34580037,3.985022,49.273945,1,2014,12
-141.29742,43.537502,11.976119,0.3414743,4.158954,48.606716,1,2014,12
-141.52982,43.56944,12.055372,0.3694882,4.214558,48.36646,1,2014,12
-138.99603,43.621918,12.888431,0.38124925,4.411916,51.4416,1,2014,12
-138.24796,43.631374,12.953804,0.30228418,4.031042,48.51991,1,2014,12
-141.83603,43.631863,12.104215,0.28787228,4.2953463,48.964653,1,2014,12
-142.02728,43.64284,12.0341835,0.30542943,4.3632097,48.34465,1,2014,12
-138.50922,43.649612,12.918628,0.36175242,4.0435753,50.720562,1,2014,12
-142.29457,43.673416,11.843928,0.32714444,4.5208516,46.882282,1,2014,12
-142.55876,43.723038,11.800588,0.34205604,4.597956,46.586246,1,2014,12
-142.75113,43.75329,11.673791,0.2892593,4.555173,46.423206,1,2014,12
-138.76947,43.756145,12.72283,0.33416665,4.35,53.130104,1,2014,12
-138.47324,43.7586,12.633446,0.28828695,3.9080045,53.21807,1,2014,12
-138.68019,43.764114,12.687836,0.2576575,4.2933087,51.71535,1,2014,12
-138.17616,43.770515,12.642514,0.32803753,3.8900514,52.835526,1,2014,12
-144.37119,43.786964,11.485763,0.2900392,4.7542086,39.280926,1,2014,12
-144.59602,43.795704,11.404777,0.31759992,4.796426,39.331432,1,2014,12
-144.24982,43.81042,11.595775,0.2604343,4.6848907,39.977818,1,2014,12
-143.07222,43.815907,11.59641,0.24997085,4.561502,45.977043,1,2014,12
-143.92505,43.82626,11.554566,0.26052272,4.6087093,40.776592,1,2014,12
-143.67975,43.831352,11.551296,0.43597627,4.6367335,42.290314,1,2014,12
-143.3029,43.86084,11.548215,0.25132227,4.5696826,43.403934,1,2014,12
-144.80164,44.053013,11.344026,0.3318164,4.970362,37.561565,1,2014,12
-145.14552,44.060455,11.268747,0.3458274,5.0757165,38.36011,1,2014,12
-145.26385,44.15362,11.159213,0.30235416,5.2571096,38.047043,1,2014,12
-145.24525,44.30236,11.180662,0.3153194,5.194343,38.5909,1,2014,12
-145.28383,44.396614,11.108841,0.31907684,5.3851647,38.061615,1,2014,12
-146.12143,44.467773,10.857353,0.35050818,5.286908,37.932014,1,2014,12
-145.98643,44.51125,10.842972,0.39675862,5.384877,38.742893,1,2014,12
-145.33704,44.51254,11.0522,0.36277336,5.4070787,38.01439,1,2014,12
-146.08182,44.536743,10.78297,0.3834499,5.361576,38.259262,1,2014,12
-145.65129,44.581528,10.923046,0.355112,5.405377,38.16318,1,2014,12
-145.89378,44.75855,10.737923,0.35001963,5.4598994,38.3812,1,2014,12
-145.71835,44.80634,10.842709,0.34858006,5.4380145,38.429443,1,2014,12
-145.47502,44.83076,10.926904,0.34149376,5.350514,38.62636,1,2014,12
-144.99068,44.85758,11.002458,0.3233388,5.206342,40.48193,1,2014,12
-145.01505,44.865604,10.98064,0.31250396,5.2904916,39.708508,1,2014,12
-144.68062,44.983772,10.891566,0.35995948,5.1272607,41.837704,1,2014,12
-144.62862,45.01828,10.657742,0.44206634,5.16218,41.937714,1,2014,12
-124.625,42.125,14.2463626861572,1.43425488471985,3.17345237871943,100.530927852675,0,2014,12
-128.375,36.625,17.0108661651611,0.1785868704319,2.12275764042907,8.39730258668976,0,2014,12
-158.375,41.375,11.0357542037964,0.293136924505234,7.36438048989866,3.58118748183932,0,2014,12
-159.375,41.875,10.4284086227417,0.346561878919601,7.36057742300154,4.28527215832452,0,2014,12
-125.875,38.125,16.0636405944824,0.285415530204773,1.96022957839127,359.123092258569,0,2014,12
-119.375,32.125,18.0536994934082,0.15486453473568,3.76300411905169,320.174933917159,0,2014,12
-118.625,32.875,18.1920013427734,0.143513813614845,3.38864279616486,324.246112745563,0,2014,12
-126.875,43.125,12.5542478561401,0.583793103694916,1.58344561005423,64.5677685812895,0,2014,12
-149.625,33.625,17.8027896881104,0.107827380299568,4.24265247221594,2.02612834171788,0,2014,12
-155.625,37.375,13.8901386260986,0.20068995654583,6.40702739185654,357.316224840531,0,2014,12
-135.625,30.375,20.2504386901855,0.0750006213784218,1.22286548728795,50.9743232864806,0,2014,12
-146.375,45.625,10.1335887908936,0.289376020431519,5.5248981891072,43.3131598413585,0,2014,12
-122.875,25.875,21.0813369750977,0.0717731118202209,3.16796464626738,224.488444133413,0,2014,12
-129.875,26.875,21.4240303039551,0.0619841367006302,2.16011573764,197.512256157533,0,2014,12
-155.625,45.375,8.82998275756836,0.579514980316162,6.5431567305086,17.7980475905308,0,2014,12
-128.125,26.375,21.3287982940674,0.0544705018401146,2.71503222816968,205.526855796998,0,2014,12
-147.125,33.125,18.6540012359619,0.119901247322559,3.44818792991333,7.33111538628594,0,2014,12
-146.875,45.625,10.1361541748047,0.332817703485489,5.3484390246127,40.4502414290254,0,2014,12
-121.875,26.375,21.2503547668457,0.0796199887990952,2.97316329857611,240.589758583001,0,2014,12
-157.875,41.375,11.110577583313,0.325837165117264,7.32148891961191,3.21021654451681,0,2014,12
-130.125,25.625,21.7416191101074,0.0541012436151505,3.18698917475413,190.85157601602,0,2014,12
-116.625,28.125,20.7605953216553,0.26064133644104,4.45026965475127,287.254179545148,0,2014,12
-116.625,28.625,20.8414783477783,0.25258532166481,4.56408807978111,289.586268269741,0,2014,12
-150.875,45.125,9.43684959411621,0.473325103521347,5.11188810519166,27.1164371072863,0,2014,12
-154.375,44.625,8.94023990631104,0.591706454753876,5.97971571230606,16.6166458584702,0,2014,12
-127.625,37.125,16.4213428497314,0.23637667298317,1.9,0,0,2014,12
-158.125,41.375,10.9779214859009,0.298352658748627,7.33261890459337,3.36187222910684,0,2014,12
-117.875,27.875,20.728816986084,0.281749039888382,3.76196757030148,280.413825470989,0,2014,12
-150.375,33.875,17.2680416107178,0.124657087028027,4.28924235734005,6.69422913189317,0,2014,12
-150.625,45.875,9.57517433166504,0.240174099802971,5.41294744108974,27.985316723477,0,2014,12
-155.875,44.625,9.01220226287842,0.478441268205643,6.74249212087044,14.0774634460763,0,2014,12
-128.625,27.875,20.9523429870605,0.0671306699514389,1.46823022717829,215.855228346216,0,2014,12
-135.375,26.375,21.6010055541992,0.0662344843149185,2.4481217289996,171.307218883037,0,2014,12
-134.125,26.875,21.4888648986816,0.0719723626971245,2.11589224678385,171.027373385104,0,2014,12
-123.625,25.875,21.3701324462891,0.0705263838171959,3.30933528068704,218.497574295458,0,2014,12
-153.375,45.875,8.58603763580322,0.177769973874092,5.62938717801503,24.5618818284161,0,2014,12
-130.625,27.875,20.891939163208,0.0596035309135914,1.68243870616436,199.081114428954,0,2014,12
-154.375,36.875,14.4849681854248,0.214258119463921,5.48329280633453,1.98573706138177,0,2014,12
-124.625,42.625,14.05837059021,1.72354590892792,3.57179226719584,94.6570697987245,0,2014,12
-124.875,25.125,21.5979442596436,0.0720480978488922,3.86194251640285,208.622300083138,0,2014,12
-126.625,36.375,16.5686645507812,0.265400379896164,1.78986032974643,341.767508919296,0,2014,12
-153.625,40.125,12.2387609481812,0.268595427274704,6.48077155900438,9.05535750808519,0,2014,12
-155.875,41.125,11.230278968811,0.324619084596634,6.57684574853326,2.61442959659547,0,2014,12
-154.625,38.375,13.3057098388672,0.255016654729843,6.48235296786591,3.53774022604313,0,2014,12
-126.375,42.125,13.7723064422607,0.546551287174225,2.63865496039175,62.9494029929139,0,2014,12
-155.875,43.625,9.67085552215576,0.380270838737488,6.68767523134908,11.6459742484832,0,2014,12
-141.125,29.625,20.4676876068115,0.0778100863099098,1.02176318195558,356.63353933657,0,2014,12
-137.875,26.375,21.9615135192871,0.0669560357928276,1.94023194489731,180.885946593854,0,2014,12
-141.875,28.875,21.0883750915527,0.0886214524507523,0.815843122174846,11.3099324740202,0,2014,12
-125.125,26.125,21.6673774719238,0.0703025832772255,3.13193231089051,214.857136321237,0,2014,12
-155.625,40.375,11.944619178772,0.31062188744545,6.82006598208551,359.747967404843,0,2014,12
-133.375,28.375,21.0462913513184,0.0683108270168304,1.02083299319722,119.327179490457,0,2014,12
-141.375,27.875,21.85618019104,0.0863840505480766,0.177200451466694,106.389540334035,0,2014,12
-126.375,34.375,18.252254486084,0.120596155524254,2.31294184967975,331.883798083174,0,2014,12
-124.375,25.125,21.4967517852783,0.0691292658448219,3.89997435889007,211.366886411008,0,2014,12
-155.875,44.875,8.88759136199951,0.373578816652298,6.61889718910938,13.7213193060236,0,2014,12
-139.125,28.875,21.0558986663818,0.0775352120399475,0.600166643524946,79.4389893088036,0,2014,12
-150.875,44.125,9.5293436050415,0.364270776510239,5.27477961624938,23.6977942824471,0,2014,12
-124.375,36.125,15.9949855804443,0.428515613079071,1.55862118553547,321.512423029288,0,2014,12
-146.625,30.375,19.9115619659424,0.100066930055618,1.97327139542436,341.381411486958,0,2014,12
-130.375,27.625,21.0419273376465,0.0641481503844261,1.73925271309261,198.434948822922,0,2014,12
-156.375,42.125,10.4282579421997,0.350190997123718,6.45697297500927,6.13440994392391,0,2014,12
-153.625,43.875,9.4820499420166,0.275588482618332,5.52602931588315,16.0735741647464,0,2014,12
-148.375,44.625,10.0577230453491,0.38678902387619,5.247523225294,33.4175209476318,0,2014,12
-146.375,32.625,18.556999206543,0.11385927349329,3.30678091200491,7.29694615397517,0,2014,12
-128.625,31.125,19.7779388427734,0.0729352012276649,0.934933152690608,327.66981426495,0,2014,12
-119.125,26.875,20.8918876647949,0.177611380815506,3.87682860080247,266.598825145415,0,2014,12
-126.125,43.125,13.2285289764404,0.536163032054901,2.55765517613301,77.8113667980681,0,2014,12
-152.875,36.375,15.1050939559937,0.201839566230774,5.34026216584916,8.61564818416412,0,2014,12
-139.625,28.625,21.4951572418213,0.0872847065329552,0.51478150704935,65.9245017449211,0,2014,12
-137.125,27.375,21.4958667755127,0.0651183053851128,1.40811931312655,168.530469667133,0,2014,12
-121.625,27.375,21.2032623291016,0.0902482569217682,2.83196045170126,259.007492419732,0,2014,12
-142.375,28.375,21.3388652801514,0.0935749560594559,0.346698716467194,56.7682889320207,0,2014,12
-113.875,26.125,22.2247848510742,0.123475909233093,5.0444821339757,290.662394572183,0,2014,12
-133.375,26.625,21.4952926635742,0.0655768439173698,2.31216348902927,177.521210891422,0,2014,12
-122.375,36.625,15.8431606292725,0.60711658000946,0.208086520466848,324.782407031807,0,2014,12
-124.875,25.875,21.7547245025635,0.0685930624604225,3.41457171545715,211.222751260051,0,2014,12
-153.875,43.125,9.60476875305176,0.343180328607559,5.8864335552183,12.3598875292842,0,2014,12
-128.625,25.625,21.5369873046875,0.0547645390033722,3.48191039517102,199.111434310811,0,2014,12
-148.375,45.875,9.16783428192139,0.378726720809937,5.16637203460997,36.1822925764871,0,2014,12
-121.625,26.375,21.346830368042,0.0808039456605911,3.05458671508929,242.931631349714,0,2014,12
-129.375,32.375,19.2061080932617,0.0794617459177971,1.17106788872379,2.44704864232364,0,2014,12
-156.375,44.625,8.93901634216309,0.273357838392258,6.67943111350061,14.0362434679265,0,2014,12
-134.875,27.125,21.4912185668945,0.0716005116701126,1.7006469357277,173.58539819266,0,2014,12
-128.375,31.375,19.6607933044434,0.0802502334117889,1.1610770861575,329.459395150319,0,2014,12
-129.125,28.125,20.9245738983154,0.0660618022084236,1.36077183980269,209.013707760902,0,2014,12
-125.625,43.375,13.0457124710083,0.589402914047241,3.1792137392758,82.2267172824488,0,2014,12
-146.625,34.625,18.1044616699219,0.12464901804924,4.02497204959239,8.57299836361142,0,2014,12
-137.375,28.625,20.905481338501,0.0731254369020462,0.809938269252664,147.094757077012,0,2014,12
-159.625,40.625,11.3390254974365,0.301397442817688,7.73437133838297,1.92642803794286,0,2014,12
-135.625,27.125,21.5581874847412,0.0703022554516792,1.55955121749816,165.518230678875,0,2014,12
-147.125,33.875,18.106351852417,0.118617281317711,3.78450789403325,6.52409936487373,0,2014,12
-148.125,32.375,19.0692863464355,0.112710855901241,3.49177605238366,352.264394551382,0,2014,12
-154.875,44.125,9.30648994445801,0.611072957515717,6.34477737986133,15.6352897088805,0,2014,12
-130.375,27.875,20.9398021697998,0.0623493567109108,1.69168554997671,201.864302742664,0,2014,12
-148.875,46.125,8.88627433776855,0.204089552164078,5.0367151994132,33.9109202078204,0,2014,12
-125.125,38.125,16.206521987915,0.293500453233719,1.55003225772885,346.949971446333,0,2014,12
-116.625,28.375,20.9510326385498,0.271365612745285,4.54459019054524,287.677428725828,0,2014,12
-122.375,26.375,20.9673976898193,0.0752603560686111,2.89110705439975,234.715739765253,0,2014,12
-158.625,43.375,9.46495819091797,0.440132677555084,7.20118045878591,8.0625896836973,0,2014,12
-157.875,44.125,8.73804187774658,0.346118360757828,6.93689411768696,11.8120878846599,0,2014,12
-117.625,28.375,20.8413200378418,0.258350133895874,3.74813286850933,287.226356390895,0,2014,12
-135.875,27.625,21.5402030944824,0.0665957406163216,1.29387016350173,175.56733153131,0,2014,12
-138.875,28.125,21.6052703857422,0.0793898329138756,1,126.869897645844,0,2014,12
-137.375,26.125,21.9884262084961,0.0699873641133308,2.08470621431414,176.149361176089,0,2014,12
-114.375,26.125,22.0847816467285,0.134082823991776,5.46008241696039,290.924501744921,0,2014,12
-153.625,35.875,15.689453125,0.17660191655159,5.32353266168247,5.3893117599734,0,2014,12
-154.375,40.625,11.3680791854858,0.323055326938629,6.33392453380998,4.98149531582334,0,2014,12
-151.125,44.125,9.40197372436523,0.320781946182251,5.30727802173581,21.4405591031027,0,2014,12
-124.125,29.125,20.0398406982422,0.0643749088048935,1.74289988237994,289.786504128521,0,2014,12
-155.375,38.875,12.6596212387085,0.294040113687515,6.7571147688936,2.62951404894892,0,2014,12
-136.625,26.125,21.7747268676758,0.0701103433966637,2.44368574084312,169.149895370203,0,2014,12
-116.375,28.625,20.4068050384521,0.239099889993668,4.54138745319093,289.153103434252,0,2014,12
-132.625,29.125,20.5697250366211,0.0679576694965363,0.689637585982667,119.538782259558,0,2014,12
-148.625,34.625,16.9799041748047,0.130104601383209,4.48145065799011,6.79199730086771,0,2014,12
-120.625,34.125,16.6405181884766,0.533438146114349,2.99981666106447,301.78267988629,0,2014,12
-138.625,29.375,20.6803741455078,0.078015498816967,0.892692556258872,77.0534904843631,0,2014,12
-147.375,31.375,19.5085906982422,0.112118557095528,2.83196045170126,5.26769712804423,0,2014,12
-125.375,37.875,16.3434562683105,0.311049818992615,1.75601822314007,345.488940499831,0,2014,12
-159.875,40.625,11.3825206756592,0.276040345430374,7.6858571415295,2.23697906343773,0,2014,12
-148.125,34.125,17.283748626709,0.130244120955467,4.13164616103557,4.3029820329524,0,2014,12
-124.625,42.875,14.0051021575928,1.95362913608551,2.94244796045741,87.6626941408762,0,2014,12
-119.125,25.375,21.9073352813721,0.0903198719024658,4.15390178025432,249.863696571752,0,2014,12
-119.625,25.875,20.9601383209229,0.134352058172226,3.66466915287042,245.323136829663,0,2014,12
-138.375,28.625,21.1857852935791,0.0707857832312584,1.06850362657316,121.607502246249,0,2014,12
-127.375,27.625,20.7719306945801,0.0625158473849297,1.71478861671053,218.607626319963,0,2014,12
-147.375,34.375,17.5471134185791,0.124581925570965,4.02796474661832,5.41335979361315,0,2014,12
-159.125,42.875,9.87865924835205,0.386609762907028,7.20395030521449,7.01650174472292,0,2014,12
-154.375,37.625,14.1193027496338,0.242008283734322,6.14468876347696,2.23843489684305,0,2014,12
-125.875,26.875,21.2301139831543,0.0583696104586124,2.5726639889422,238.348727113287,0,2014,12
-128.125,25.875,21.4674243927002,0.0549402870237827,3.04001644732393,202.431392668911,0,2014,12
-124.125,26.375,21.051685333252,0.067231647670269,3.03026401490035,217.62623363867,0,2014,12
-114.375,28.125,20.2582607269287,0.636045455932617,4.42322280695875,305.522619768796,0,2014,12
-149.125,44.875,9.79107666015625,0.397334694862366,5.23600038197096,30.5321227295405,0,2014,12
-125.125,37.375,16.5026435852051,0.307575345039368,1.82200439077407,349.24512229905,0,2014,12
-147.375,31.625,19.3707103729248,0.104856818914413,2.90910639200425,4.53465606627179,0,2014,12
-114.875,28.875,20.2429389953613,0.49182254076004,3.91843080837215,308.888168063284,0,2014,12
-136.125,28.625,20.8575019836426,0.0672979354858398,0.710211236182588,147.652556500558,0,2014,12
-142.625,28.125,21.8772468566895,0.0932053625583649,0.152315462117278,113.198590513648,0,2014,12
-146.125,30.375,19.6271152496338,0.0883463770151138,1.86034942954274,345.366169028434,0,2014,12
-125.875,35.125,17.5858516693115,0.179754629731178,2.11653017932653,331.497563923071,0,2014,12
-152.625,40.375,11.748517036438,0.354048430919647,6.24292399441159,14.2810957359708,0,2014,12
-135.625,26.625,21.5529708862305,0.0697857141494751,1.95734514074549,172.366669412769,0,2014,12
-129.875,27.125,21.3673706054688,0.0642587319016457,1.90002631560723,202.921418897909,0,2014,12
-130.625,26.875,21.39768409729,0.06839669495821,2.00631503009871,190.917885360431,0,2014,12
-144.875,40.625,12.7892808914185,0.903240978717804,5.08150568237407,30.9057453002802,0,2014,12
-122.375,27.375,20.9799346923828,0.0841351225972176,2.56632032295269,255.097345760969,0,2014,12
-130.125,31.625,19.2812213897705,0.0737231448292732,0.808949936646267,8.53076560994811,0,2014,12
-120.125,26.375,20.9294376373291,0.154574498534203,3.58397823654106,247.872037793248,0,2014,12
-153.875,44.875,8.5945291519165,0.373413026332855,5.63540593036562,18.9493752195424,0,2014,12
-153.875,37.375,14.1516370773315,0.157509028911591,5.77832155560765,3.07532607805206,0,2014,12
-151.875,43.625,10.0327348709106,0.295069694519043,5.8612114788668,16.1468098105797,0,2014,12
-127.875,37.375,16.5346488952637,0.221955835819244,2.10261741645978,6.2800071256998,0,2014,12
-129.375,25.875,21.6023693084717,0.0592636838555336,3.15800569980486,196.369062929791,0,2014,12
-141.375,29.625,20.4968547821045,0.0813267603516579,1.02004901843,359.438294667433,0,2014,12
-141.375,28.875,21.3115043640137,0.0908868536353111,0.790063288604147,359.274775700941,0,2014,12
-123.125,38.625,15.0788297653198,10.9378023147583,0.826075057122535,173.047042531826,0,2014,12
-149.375,32.625,18.0017986297607,0.128431588411331,3.69716107303969,356.433332535576,0,2014,12
-143.375,28.625,21.0370903015137,0.0911630615592003,0.667083203206317,40.1354855622395,0,2014,12
-141.625,27.875,21.8756999969482,0.0870521143078804,0.280178514522438,87.9545915111128,0,2014,12
-128.125,26.875,21.3423614501953,0.0589119531214237,2.27844245044724,204.090153156161,0,2014,12
-140.375,26.875,22.2353363037109,0.0780281126499176,0.931718841711382,167.604593166242,0,2014,12
-132.375,26.875,21.4567546844482,0.0727093443274498,2.08626460450251,189.101124285235,0,2014,12
-125.125,42.375,13.8314275741577,0.968824863433838,3.98208488106419,85.5350822944565,0,2014,12
-155.375,38.625,12.893518447876,0.264433264732361,6.67396433913158,1.97493401088195,0,2014,12
-137.625,29.625,20.5735931396484,0.0748688727617264,0.700927956355002,75.9637565320735,0,2014,12
-124.625,27.125,20.6064052581787,0.0625502914190292,2.31326608932047,236.996899307924,0,2014,12
-123.875,45.375,13.0508584976196,3.18133139610291,1.75114248420852,121.693242218931,0,2014,12
-135.125,27.625,21.5268440246582,0.0737924501299858,1.23101584067793,182.327815089041,0,2014,12
-135.375,27.375,21.5280475616455,0.0705444663763046,1.37440896388229,175.409456814394,0,2014,12
-149.625,32.875,17.857177734375,0.120785400271416,3.78893124772673,356.065217943631,0,2014,12
-128.625,32.625,19.3100719451904,0.0842884555459023,1.46328397790723,349.765197236577,0,2014,12
-128.875,32.375,19.4694709777832,0.0778921693563461,1.31745967680229,353.899940039678,0,2014,12
-129.875,31.375,19.50319480896,0.0715775191783905,0.871435597161374,3.2892426784918,0,2014,12
-147.125,44.625,10.521580696106,0.366532117128372,5.31518579167276,34.8860478542083,0,2014,12
-151.125,34.125,16.3857650756836,0.13548743724823,4.48368152303439,4.47711212030197,0,2014,12
-127.125,25.625,21.2194519042969,0.053108423948288,3.44541724614015,211.10635399652,0,2014,12
-144.125,30.125,19.868688583374,0.0900121256709099,1.09178752511649,8.42696902148066,0,2014,12
-116.375,31.375,17.9327297210693,1.48913955688477,1.08811764069884,287.102728969052,0,2014,12
-137.875,27.125,21.6929054260254,0.0688304901123047,1.61623018162637,169.663445853501,0,2014,12
-149.375,33.375,17.7867660522461,0.120330363512039,4.04004950464719,359.716359844242,0,2014,12
-137.375,30.375,20.3790817260742,0.0862847715616226,1.31529464379659,44.3839400916008,0,2014,12
-127.375,34.625,18.3842029571533,0.11229307949543,1.88488726453335,340.7960264945,0,2014,12
-113.625,26.625,22.0628623962402,0.711288809776306,4.0207959411042,293.759928981827,0,2014,12
-114.625,28.375,20.3515033721924,0.424171507358551,4.45425639136321,303.832771538527,0,2014,12
-147.125,34.125,18.050329208374,0.124394349753857,3.78121673539087,6.07245640720771,0,2014,12
-141.375,28.625,21.4068984985352,0.0923503488302231,0.647765389628066,8.88065915052027,0,2014,12
-125.875,42.875,13.3501834869385,0.586955070495605,3.37231374578345,74.5213618345816,0,2014,12
-154.625,37.625,14.1300373077393,0.239622414112091,6.25288733306462,1.74125542978618,0,2014,12
-155.875,38.625,13.1434965133667,0.222124427556992,6.80265389388583,1.60049506592156,0,2014,12
-141.875,27.875,21.9167747497559,0.0881043374538422,0.390128184062623,91.4688007143858,0,2014,12
-147.375,44.625,10.3462896347046,0.446592390537262,5.43943011720897,32.8428179109938,0,2014,12
-157.625,43.375,9.95634937286377,0.362746953964233,6.98045843766726,9.73220141564144,0,2014,12
-142.125,30.375,20.6168346405029,0.0904983580112457,1.48677503341965,14.4101094798557,0,2014,12
-118.125,26.875,20.9555034637451,0.229085192084312,3.83020887158912,269.401632412703,0,2014,12
-129.625,27.375,21.3668899536133,0.0643288791179657,1.87128298234126,203.962488974578,0,2014,12
-127.375,26.375,21.2282657623291,0.0531531348824501,2.42507731835502,210.477523965807,0,2014,12
-144.625,45.875,10.1648035049438,0.327002942562103,5.11250427872682,44.6037699437667,0,2014,12
-157.375,44.125,8.95392799377441,0.348936945199966,6.72078864419943,13.6847400280531,0,2014,12
-122.125,27.125,21.275333404541,0.0888724327087402,2.5667294364619,249.234942376014,0,2014,12
-148.875,34.375,16.9329528808594,0.134900361299515,4.31950228614362,5.44661997868803,0,2014,12
-117.375,28.375,20.9834136962891,0.287045359611511,4.17737956139971,288.565067704859,0,2014,12
-158.875,42.875,9.74439239501953,0.374799787998199,7.21339032633061,6.28756244701327,0,2014,12
-140.125,30.125,20.5499286651611,0.0844915509223938,1.35351394525509,18.9704078084865,0,2014,12
-150.875,33.875,16.5251369476318,0.139941021800041,4.33776440116335,6.48605644991017,0,2014,12
-125.375,37.125,16.5734100341797,0.288546174764633,1.95920902407068,348.518008645252,0,2014,12
-130.375,27.375,21.2898578643799,0.0698914155364037,1.80277563773199,197.429862817668,0,2014,12
-128.625,32.125,19.5861301422119,0.0788661763072014,1.31700417615131,346.385817255171,0,2014,12
-136.625,29.375,20.5539054870605,0.0697419196367264,0.621691241694782,78.8708107103888,0,2014,12
-143.125,29.875,20.2881107330322,0.0904239863157272,1.48124947257375,28.6413302338364,0,2014,12
-135.125,28.625,21.1364974975586,0.0718755498528481,0.537121960079831,118.950995207467,0,2014,12
-132.625,29.375,20.4172344207764,0.0671341419219971,0.677200118133481,106.294047456599,0,2014,12
-126.375,34.125,18.28835105896,0.115840382874012,2.26241021921313,330.035234663799,0,2014,12
-151.375,43.125,10.2910842895508,0.364007622003555,5.76490242762182,18.7178110424738,0,2014,12
-153.375,37.375,14.0568075180054,0.245509594678879,5.547044257981,6.62535652003811,0,2014,12
-118.875,33.625,17.9621810913086,0.177788913249969,2.14597297280278,320.673022139925,0,2014,12
-126.375,25.375,21.5155658721924,0.0557269677519798,3.55641673598581,212.483548507934,0,2014,12
-131.125,30.125,20.1473255157471,0.071116603910923,0.524690384893796,82.3331957381859,0,2014,12
-125.875,30.625,19.6418151855469,0.0642875656485558,1.39430986513042,300.611388406868,0,2014,12
-144.125,45.625,10.3565664291382,0.381805300712585,4.99924994374156,45.0810406524815,0,2014,12
-151.375,37.625,13.4368019104004,0.307182282209396,4.93301125074736,7.57161760445405,0,2014,12
-123.125,37.875,15.2786808013916,0.944027960300446,0.272029410174709,107.102728969052,0,2014,12
-132.125,29.875,20.2072467803955,0.0718218088150024,0.690289794216893,91.6602823689828,0,2014,12
-129.125,30.625,19.829870223999,0.0664701536297798,0.707248188403477,316.145762838175,0,2014,12
-156.875,38.375,13.4951553344727,0.228769451379776,6.74623598757114,357.53627094185,0,2014,12
-136.375,26.375,21.7037315368652,0.0711774453520775,2.281074308303,167.852613624091,0,2014,12
-134.625,29.125,20.6375026702881,0.067308135330677,0.854751425854324,83.9559078377589,0,2014,12
-149.125,34.625,16.6074810028076,0.144107341766357,4.37992009059526,7.74159963229391,0,2014,12
-124.875,34.875,17.624813079834,0.199950575828552,2.41878068455989,319.527171013067,0,2014,12
-157.125,41.625,10.9511079788208,0.324689656496048,6.84352248480269,3.60244675105525,0,2014,12
-123.625,25.125,21.5734958648682,0.0737644135951996,3.89744788291005,219.899683654657,0,2014,12
-124.625,37.625,16.1262454986572,0.381758332252502,1.28844867961436,344.237852236027,0,2014,12
-116.125,30.875,18.1102428436279,2.61092805862427,1.38405202214368,322.633330587231,0,2014,12
-155.875,39.625,12.2107782363892,0.378538131713867,6.70026865133033,359.48691718249,0,2014,12
-124.875,41.875,14.1576976776123,0.93525755405426,3.69716107303969,93.5666674644238,0,2014,12
-121.375,27.625,21.2060413360596,0.0916426554322243,3.17718428801352,264.038189896339,0,2014,12
-152.875,41.125,11.2847137451172,0.304232388734818,6.26790236043926,11.1306596563189,0,2014,12
-124.125,45.625,12.9075212478638,0.820393621921539,2.95255821280462,111.873479611251,0,2014,12
-128.875,35.125,17.5974979400635,0.143833160400391,1.43784561062723,5.98814837577549,0,2014,12
-139.875,29.125,20.982982635498,0.0792704895138741,0.485077313425396,14.3227199782036,0,2014,12
-133.875,26.875,21.4844341278076,0.0706819221377373,2.22031529292576,167.77908066807,0,2014,12
-152.625,44.125,10.0510234832764,0.323578894138336,5.75563202437404,16.4513359346098,0,2014,12
-156.625,38.375,13.3622169494629,0.250609427690506,6.74327071976204,358.215397259589,0,2014,12
-147.625,32.125,19.1784172058105,0.107617795467377,3.25498079871449,3.17006601302063,0,2014,12
-147.875,31.875,19.239803314209,0.106090888381004,3.05722096028403,356.061260916149,0,2014,12
-139.625,27.625,21.8379459381104,0.0793062299489975,1.1591807451817,169.562524648882,0,2014,12
-155.625,46.125,8.24525260925293,0.205183655023575,6.16159070370631,21.3179122754615,0,2014,12
-114.625,26.125,22.0469799041748,0.137243196368217,5.65517462153027,289.524334590073,0,2014,12
-156.125,45.625,8.39346313476562,0.310630470514297,6.45136419681915,20.3169677013408,0,2014,12
-135.875,29.125,20.7102279663086,0.071419321000576,0.314006369362152,80.8376529542783,0,2014,12
-153.125,39.875,12.6052827835083,0.268742293119431,6.34149036110598,10.2644404250321,0,2014,12
-141.125,27.625,21.9052810668945,0.084454171359539,0.503289181286465,159.044223269368,0,2014,12
-121.875,26.625,21.2766551971436,0.0875247195363045,2.83091857883621,243.797002642203,0,2014,12
-132.625,28.125,21.2109317779541,0.0721314400434494,0.888369292580512,148.815025341262,0,2014,12
-156.875,39.875,12.3010015487671,0.309902399778366,6.70269348844179,1.62437034796847,0,2014,12
-129.875,31.125,19.6869297027588,0.0685513690114021,0.722495674727538,4.76364169072616,0,2014,12
-147.125,44.875,10.497106552124,0.407701790332794,5.44477731408733,37.8380662725002,0,2014,12
-156.375,44.125,9.38214874267578,0.393271535634995,6.69148712918138,11.377102173041,0,2014,12
-158.125,40.875,11.4941234588623,0.299184679985046,7.39493069609175,2.09241983273307,0,2014,12
-126.625,37.625,16.4240856170654,0.266960561275482,1.85002702682961,359.690296100041,0,2014,12
-123.625,26.375,21.2427883148193,0.0680433511734009,2.93972787856291,219.755661889285,0,2014,12
-124.375,27.625,20.4106922149658,0.062148492783308,1.92595430890766,250.906507999514,0,2014,12
-136.375,27.125,21.6366024017334,0.07208102196455,1.60099968769516,167.005383208083,0,2014,12
-136.125,45.625,12.4372282028198,0.862124025821686,3.88881730092839,50.9490218188839,0,2014,12
-135.375,28.625,21.1214866638184,0.0710148587822914,0.552177507691141,125.417055276467,0,2014,12
-155.875,45.875,8.41412353515625,0.24018058180809,6.27271073779112,19.8504415108613,0,2014,12
-131.375,28.125,20.8058605194092,0.0614357031881809,1.48569848892701,185.01985364202,0,2014,12
-126.625,26.625,21.2158184051514,0.0579353123903275,2.55988280981767,224.366923228569,0,2014,12
-139.625,27.375,21.8073139190674,0.078118696808815,1.23044707322176,172.528440823408,0,2014,12
-123.875,45.875,12.7082633972168,2.21980428695679,2.00124960961895,113.875280853928,0,2014,12
-149.875,46.125,9.23989486694336,0.258421778678894,5.2704933355427,30.3112132266816,0,2014,12
-140.875,27.875,21.7896881103516,0.0872701182961464,0.324499614791759,146.30993247402,0,2014,12
-118.125,25.875,21.3765468597412,0.099534809589386,4.12975786215124,260.241165656533,0,2014,12
-149.125,45.375,9.49203491210938,0.290291130542755,5.04722696141158,31.1389724369789,0,2014,12
-140.375,29.875,20.696683883667,0.0841286480426788,1.12361025271221,4.59425333126637,0,2014,12
-153.125,40.625,11.6881303787231,0.332346796989441,6.41517731633351,11.7828615213963,0,2014,12
-146.375,33.125,18.0622482299805,0.124954335391521,3.03028051506787,6.63251461513846,0,2014,12
-125.125,34.125,18.0535736083984,0.140654966235161,2.29584407136025,320.833507584735,0,2014,12
-125.125,43.625,13.2645149230957,0.947296977043152,3.14229215700896,87.8114174395968,0,2014,12
-126.625,43.375,12.5288972854614,0.55449253320694,1.82164760587771,70.7693276243387,0,2014,12
-152.125,45.125,8.81317710876465,0.292305797338486,5.30170727219072,22.1626390368439,0,2014,12
-134.125,29.375,20.5524635314941,0.068637304008007,0.940053189984482,90.6095065766752,0,2014,12
-131.625,28.875,20.5467967987061,0.0608412250876427,0.630079360080935,180.909380449199,0,2014,12
-128.875,27.625,21.1817607879639,0.066759318113327,1.69189243156886,214.159694545669,0,2014,12
-120.625,34.875,16.7034683227539,1.63424384593964,0.774725757929863,246.412969474872,0,2014,12
-154.625,40.125,11.7202234268188,0.296001970767975,6.52841481525186,4.30446896050796,0,2014,12
-155.875,38.125,13.2927865982056,0.26032555103302,6.83006588548017,359.748336408285,0,2014,12
-133.375,26.375,21.5355625152588,0.0663864240050316,2.4905019574375,181.15036306133,0,2014,12
-124.125,28.875,20.0317764282227,0.0646134540438652,1.64173688513111,287.000094453639,0,2014,12
-132.125,28.375,20.9333782196045,0.0675762593746185,0.774144689318476,174.06847307508,0,2014,12
-147.375,31.875,19.1077823638916,0.109439343214035,3.00601064535706,3.6238925956693,0,2014,12
-159.125,40.125,11.9108610153198,0.308258950710297,7.58379852053046,1.81350853916592,0,2014,12
-136.125,27.125,21.6410522460938,0.0665805339813232,1.54259521586189,166.504266719204,0,2014,12
-151.625,42.625,10.3400220870972,0.352382510900497,5.52818234142109,19.2215691378108,0,2014,12
-148.875,45.875,8.99480724334717,0.31706303358078,5.0868457810317,33.1277496860155,0,2014,12
-124.625,27.625,20.5006294250488,0.0637143552303314,1.7353962083628,242.549002229068,0,2014,12
-129.625,34.125,18.1149196624756,0.111434772610664,1.7890779748239,5.77432590266329,0,2014,12
-132.875,29.625,20.3961696624756,0.0660912543535233,0.721803297304744,100.375844920051,0,2014,12
-126.625,27.625,20.6103782653809,0.0570556037127972,1.51320851173921,225,0,2014,12
-138.375,27.875,21.6383419036865,0.0797718912363052,1.0989540481749,164.69915442755,0,2014,12
-115.625,27.125,21.4889049530029,0.252341628074646,5.88600033978932,286.279673202131,0,2014,12
-134.125,25.875,21.6999588012695,0.0640504509210587,3.0347652297995,183.211248018112,0,2014,12
-158.625,40.375,11.7554264068604,0.270556688308716,7.5823808925693,1.43587322226279,0,2014,12
-119.375,26.875,20.9098129272461,0.165451854467392,3.71940855513346,261.652044020747,0,2014,12
-136.875,29.375,20.5464115142822,0.0725713297724724,0.721110255092798,86.8201698801358,0,2014,12
-148.625,45.375,9.50531482696533,0.407617211341858,5.06361530924299,32.0893417949631,0,2014,12
-130.125,33.875,17.9881725311279,0.121691502630711,1.9746392075516,6.98105740682979,0,2014,12
-126.375,27.625,20.4877910614014,0.0574114099144936,1.60962728605103,229.282878465246,0,2014,12
-128.375,32.125,19.5051975250244,0.0821470841765404,1.37992753432925,339.200971591159,0,2014,12
-138.625,29.125,20.9043598175049,0.0762490630149841,0.837257427557379,97.5494217682633,0,2014,12
-157.625,41.125,11.3725662231445,0.278407722711563,7.35144203541047,3.19712304305847,0,2014,12
-130.875,31.125,19.6060638427734,0.0688185915350914,0.648999229583518,33.6900675259798,0,2014,12
-139.875,45.125,11.9085235595703,0.625737726688385,4.54024228428396,56.1349306373061,0,2014,12
-138.125,27.625,21.5983829498291,0.0814390480518341,1.37480907765406,169.09873234697,0,2014,12
-116.625,26.125,21.4143295288086,0.181104317307472,5.33352603818525,277.324884536491,0,2014,12
-136.125,29.625,20.4278011322021,0.0762255489826202,0.626817357768593,56.0564129802482,0,2014,12
-121.625,36.125,16.0642166137695,1.15367341041565,0.680661443009665,182.52611691162,0,2014,12
-134.375,28.625,20.8994064331055,0.0673885121941566,0.847230783199005,120.499833233447,0,2014,12
-153.625,41.125,11.4870882034302,0.248983651399612,6.43386353601007,6.69422913189317,0,2014,12
-146.125,45.125,10.6087894439697,0.262707322835922,5.55427763079953,39.5942459850218,0,2014,12
-137.375,28.375,20.9983901977539,0.0749455019831657,0.822800097228968,159.362453015312,0,2014,12
-130.625,29.875,20.2070007324219,0.064155213534832,0.287923600977759,110.323136829663,0,2014,12
-126.125,43.625,12.823166847229,0.556376278400421,2.49689807561302,77.7449754262611,0,2014,12
-143.625,30.125,19.9450778961182,0.0786131247878075,1.3013838787998,357.357454705935,0,2014,12
-117.375,26.375,21.1283264160156,0.197337314486504,4.61027114170089,270.621404913236,0,2014,12
-125.375,27.125,20.6914024353027,0.0581978261470795,2.20791757092515,235.518207021828,0,2014,12
-156.625,43.875,9.75707530975342,0.358936995267868,6.62483207334344,11.1403184653102,0,2014,12
-126.625,29.875,19.8504390716553,0.0643446072936058,1.10421918114114,282.022276686184,0,2014,12
-154.375,43.625,9.45767879486084,0.414742469787598,6.08547450902557,14.5614590985774,0,2014,12
-132.875,28.625,20.9384574890137,0.0677245110273361,0.790759128938769,122.082187156066,0,2014,12
-124.875,26.125,21.5601673126221,0.0657892748713493,3.19239721839247,213.242064479416,0,2014,12
-131.125,28.875,20.7908020019531,0.0624645315110683,0.728010988928052,195.945395900923,0,2014,12
-122.375,37.875,14.621395111084,7.25500726699829,0.425205832509386,131.18592516571,0,2014,12
-125.625,38.125,16.1575355529785,0.284757405519485,1.85973116336744,354.136127989231,0,2014,12
-138.375,26.375,22.0263919830322,0.0663072019815445,1.98363303057798,176.531770741083,0,2014,12
-129.375,26.125,21.5059947967529,0.0597609616816044,2.95101677392725,199.60158265059,0,2014,12
-125.375,37.625,16.4433879852295,0.298899859189987,1.87779125570442,344.55755339993,0,2014,12
-154.875,37.625,14.1071252822876,0.170440912246704,6.34133266750767,1.17466998648734,0,2014,12
-116.875,25.625,21.28049659729,0.151631295681,5.00024999375031,270.572938697683,0,2014,12
-139.375,28.625,21.4041271209717,0.0826687514781952,0.488364617882991,79.3803447238449,0,2014,12
-157.625,38.875,12.7400064468384,0.276284694671631,7.06499115356842,356.266843734704,0,2014,12
-153.375,36.625,15.1910820007324,0.185934007167816,5.43037751910491,4.96517059335787,0,2014,12
-143.625,29.125,20.8225154876709,0.0914677530527115,0.890898422941695,2.57335946317681,0,2014,12
-140.875,29.875,20.4379329681396,0.0746748000383377,1.14109596441316,357.488636732837,0,2014,12
-120.875,34.625,16.8369979858398,0.56797993183136,1.63272777890253,290.432828679399,0,2014,12
-149.375,44.125,10.1019563674927,0.377734631299973,5.57000897665345,28.175351779577,0,2014,12
-124.125,42.125,14.0906238555908,5.52575540542603,1.66769301731464,112.567009077875,0,2014,12
-154.875,44.875,9.02740859985352,0.851798593997955,6.29019077612118,17.77243288726,0,2014,12
-131.375,26.125,21.4862289428711,0.0579817108809948,2.72470181854822,183.36646066343,0,2014,12
-128.625,34.625,18.3182430267334,0.100932724773884,1.56080107637072,358.164225259454,0,2014,12
-128.375,33.625,18.6030616760254,0.088768258690834,1.92398024937888,349.215702132437,0,2014,12
-127.625,37.375,16.3471221923828,0.239253625273705,2.08470621431414,3.85063882391074,0,2014,12
-125.125,34.625,17.9405708312988,0.16848050057888,2.39301065605651,320.255740579905,0,2014,12
-153.625,45.375,8.43145847320557,0.358976542949677,5.68417100376123,22.0073065336064,0,2014,12
-150.625,45.625,9.60586738586426,0.38234469294548,5.4529716668987,27.8808836409341,0,2014,12
-153.875,40.875,11.6730976104736,0.296213060617447,6.37323308847244,5.85372047010509,0,2014,12
-153.625,39.125,13.2517356872559,0.27186244726181,6.31620930622157,9.47723521641166,0,2014,12
-124.875,26.875,20.7214260101318,0.0647727623581886,2.33034332234544,232.146580435017,0,2014,12
-125.375,40.125,14.567982673645,0.611028730869293,1.91261600955341,87.0029574197163,0,2014,12
-153.375,44.125,9.50651550292969,0.329798400402069,5.59200321888319,16.1987285736275,0,2014,12
-134.875,25.875,21.7299137115479,0.0663063079118729,3.14,180,0,2014,12
-148.875,39.375,13.664176940918,0.294409215450287,6.21752362279389,21.1169046644634,0,2014,12
-123.875,32.375,18.7982959747314,0.105836898088455,2.82072685668074,320.610550720687,0,2014,12
-114.375,25.875,22.069616317749,0.141299590468407,5.4265274347413,288.702060078979,0,2014,12
-130.125,26.625,21.4900169372559,0.0602578856050968,2.36027540765903,192.976421880012,0,2014,12
-130.125,28.375,20.8853893280029,0.0634684264659882,1.2149485585818,214.605675551639,0,2014,12
-117.125,28.625,20.9853591918945,0.275907665491104,4.34001152072204,292.487847256526,0,2014,12
-145.125,40.625,12.8271780014038,0.623863935470581,5.10651544597683,29.8283824953134,0,2014,12
-134.875,26.875,21.5835781097412,0.0699277073144913,1.96022957839127,174.143986414571,0,2014,12
-137.625,26.375,21.9075374603271,0.0708635449409485,1.95092285854669,178.23760897634,0,2014,12
-149.375,33.875,17.410249710083,0.12580181658268,4.15927878363545,5.51869411505623,0,2014,12
-150.375,34.375,17.0245208740234,0.137420192360878,4.58681806920658,7.26445956077589,0,2014,12
-124.2441,27.788622,19.450727,0.07585111,4.3463316,235.68837,1,2015,1
-124.298584,27.797808,19.43949,0.07359155,4.404089,233.49437,1,2015,1
-123.97345,27.827787,19.355112,0.07979939,4.4018292,236.95976,1,2015,1
-124.51056,27.848345,19.426107,0.07318262,4.363542,231.60678,1,2015,1
-124.79824,27.848892,19.496037,0.071936324,4.2832932,229.35518,1,2015,1
-123.68758,27.878443,19.382938,0.083550535,4.351333,238.24585,1,2015,1
-125.06004,27.880707,19.545757,0.07376398,4.3051596,228.01279,1,2015,1
-123.44845,27.909834,19.412193,0.08628114,4.286642,237.86711,1,2015,1
-123.09664,27.9165,19.529472,0.08347334,4.373214,239.03624,1,2015,1
-122.983635,27.925299,19.599747,0.08536698,4.3449397,240.1897,1,2015,1
-125.29286,27.925875,19.713964,0.073816486,4.3347087,225.46733,1,2015,1
-122.70256,27.960142,19.755825,0.08596958,4.2930875,240.86761,1,2015,1
-122.38585,27.9872,19.907795,0.089411385,4.2218122,243.8598,1,2015,1
-125.521576,27.989235,19.869541,0.07287986,4.315669,223.12212,1,2015,1
-122.13584,27.989384,19.827085,0.09477849,4.1992617,247.15973,1,2015,1
-121.953384,27.996944,19.640427,0.090424724,4.1971893,249.0605,1,2015,1
-125.185326,28.000832,19.616737,0.072609894,4.314904,229.8884,1,2015,1
-121.86721,28.001081,19.547861,0.085574314,4.1275296,250.46756,1,2015,1
-125.58976,28.001614,19.709156,0.07268517,4.3204284,224.90622,1,2015,1
-122.94986,28.003256,19.709005,0.09255735,4.2490587,242.53035,1,2015,1
-121.74914,28.013536,19.270138,0.08490958,4.0959125,252.671,1,2015,1
-125.263145,28.021603,19.741318,0.07329972,4.3381677,227.3354,1,2015,1
-125.77385,28.035948,19.494658,0.07247977,4.273266,223.10349,1,2015,1
-122.70598,28.056583,19.835035,0.08999671,4.2262278,243.7381,1,2015,1
-126.040886,28.066635,19.1762,0.0746117,4.159868,221.19888,1,2015,1
-126.27412,28.104572,18.936174,0.07558851,4.1293097,218.3131,1,2015,1
-122.462845,28.118877,19.812891,0.08953763,4.149313,247.01898,1,2015,1
-129.97029,28.123125,20.06805,0.074603334,4.5062733,189.83858,1,2015,1
-120.3993,28.131353,18.898829,0.09362909,3.4929214,259.10828,1,2015,1
-120.54301,28.141617,19.07953,0.095060594,3.5047538,258.14502,1,2015,1
-120.17864,28.142363,18.838009,0.08952026,3.5516896,258.4686,1,2015,1
-121.423035,28.147669,19.233583,0.08455311,4.002162,255.23457,1,2015,1
-126.55316,28.151213,18.911499,0.07302889,4.2621355,216.41283,1,2015,1
-119.97804,28.16176,18.808533,0.08792817,3.5643373,259.9827,1,2015,1
-120.75792,28.163782,19.188196,0.08675374,3.7009864,257.99173,1,2015,1
-121.21056,28.166817,19.226126,0.086105146,3.924245,256.1408,1,2015,1
-122.183784,28.188488,19.685026,0.08852345,4.1292253,249.59012,1,2015,1
-126.77365,28.19318,19.01071,0.07333413,4.3488503,215.73679,1,2015,1
-119.71876,28.201668,18.760004,0.08944245,3.433715,261.9643,1,2015,1
-127.00881,28.223782,19.10579,0.07131069,4.3821454,213.83511,1,2015,1
-120.31075,28.25055,18.918678,0.09453594,3.4648232,261.8699,1,2015,1
-127.26582,28.252937,19.172613,0.07202441,4.429955,211.42957,1,2015,1
-119.55848,28.253563,18.795013,0.08887168,3.3093805,262.3596,1,2015,1
-125.84437,28.267418,19.315039,0.07260361,4.249859,224.52335,1,2015,1
-120.23924,28.275398,18.867737,0.092329435,3.4852834,260.75388,1,2015,1
-119.48649,28.280436,18.6982,0.0950171,3.3572161,266.24268,1,2015,1
-127.526306,28.295956,19.214947,0.07225688,4.513679,209.46147,1,2015,1
-127.78705,28.329733,19.256,0.07151242,4.512394,206.45148,1,2015,1
-126.00322,28.349552,19.054466,0.07424784,4.173979,221.21175,1,2015,1
-128.05754,28.362984,19.32948,0.07275978,4.414748,203.778,1,2015,1
-119.98193,28.365345,18.849594,0.09066494,3.406347,260.5377,1,2015,1
-119.20809,28.397982,18.644299,0.113953486,3.3714833,268.30032,1,2015,1
-128.39493,28.440006,19.414162,0.07106816,4.313722,201.62875,1,2015,1
-128.52655,28.457718,19.574087,0.074878044,4.3401384,199.93799,1,2015,1
-118.99429,28.469633,18.84293,0.14743496,3.33006,270.34412,1,2015,1
-128.7867,28.48402,19.647247,0.0763652,4.398784,198.14662,1,2015,1
-126.276375,28.48789,18.916002,0.0757508,4.0857925,219.33875,1,2015,1
-118.94535,28.500265,18.94054,0.1663686,3.3403742,270.85767,1,2015,1
-128.92815,28.508102,19.522972,0.0741939,4.26597,198.73225,1,2015,1
-119.48658,28.516117,18.624475,0.0999671,3.302181,267.91745,1,2015,1
-119.500885,28.516228,18.738325,0.09024012,3.41151,265.29214,1,2015,1
-126.34239,28.529331,18.897245,0.075172864,4.077217,220.72324,1,2015,1
-119.20925,28.541212,18.681404,0.12515017,3.3102417,269.30765,1,2015,1
-129.06198,28.545527,19.56557,0.07313839,4.2609386,195.79764,1,2015,1
-129.26785,28.603073,19.561531,0.07140448,4.225222,193.41135,1,2015,1
-118.74886,28.613535,19.132473,0.22511666,3.2168617,273.74298,1,2015,1
-126.56076,28.643543,18.84842,0.07492455,4.1826906,217.91103,1,2015,1
-129.82716,28.699997,19.692472,0.07366149,4.2038674,190.00009,1,2015,1
-130.00874,28.734497,19.89125,0.075272426,4.196058,188.49701,1,2015,1
-118.52273,28.756586,18.914234,0.20121963,3.6141942,275.07962,1,2015,1
-130.14111,28.757027,19.634283,0.0735519,4.110049,189.80609,1,2015,1
-126.76962,28.771858,18.822618,0.075442374,4.272248,217.48682,1,2015,1
-118.498535,28.775475,18.774134,0.24130823,3.2415428,271.76782,1,2015,1
-130.26382,28.779827,19.793383,0.07388275,4.085841,187.59465,1,2015,1
-130.55371,28.877583,19.79284,0.075725034,4.04517,184.96361,1,2015,1
-118.94654,28.879354,18.846329,0.17027171,3.4924204,272.13324,1,2015,1
-119.02213,28.886473,18.683407,0.13983643,3.454186,272.82098,1,2015,1
-119.25199,28.902649,18.574915,0.11513097,3.3618002,271.8751,1,2015,1
-127.04094,28.918959,18.91428,0.0727436,4.3790526,215.61372,1,2015,1
-118.241844,28.927942,18.807383,0.20348202,3.2126312,272.31912,1,2015,1
-119.55211,28.934612,18.700653,0.098330766,3.4509275,268.67163,1,2015,1
-130.7552,28.938988,19.72501,0.07458588,4.053159,182.26236,1,2015,1
-119.77585,28.954788,18.894312,0.08979348,3.5694818,265.8229,1,2015,1
-120.00825,28.96995,18.998672,0.08969276,3.5835736,267.441,1,2015,1
-127.14463,29.003654,18.82224,0.074146055,4.2980227,217.05653,1,2015,1
-131.00117,29.004505,19.655373,0.07313344,3.9903133,180.71796,1,2015,1
-120.30452,29.004707,19.017292,0.089511566,3.6616526,268.2785,1,2015,1
-118.40072,29.034666,18.624348,0.20459631,3.2795427,274.37192,1,2015,1
-120.55946,29.036814,18.966103,0.0903424,3.6544356,267.17673,1,2015,1
-127.25601,29.051636,19.057146,0.07290993,4.3304157,216.076,1,2015,1
-120.788216,29.057001,18.89242,0.090646565,3.6828928,263.60828,1,2015,1
-131.26239,29.063723,19.682695,0.072083995,4.0400496,179.71635,1,2015,1
-121.00168,29.097958,18.809689,0.09048074,3.7016754,263.79654,1,2015,1
-127.52433,29.110638,19.234165,0.06938197,4.3962827,214.34071,1,2015,1
-131.53705,29.152077,19.715187,0.07311434,4.231997,178.23969,1,2015,1
-121.27766,29.166462,18.814013,0.09179555,3.8170145,264.58813,1,2015,1
-121.50033,29.210703,18.842009,0.092941,3.9008973,262.7839,1,2015,1
-131.75554,29.244442,19.733883,0.072195336,4.349678,176.17717,1,2015,1
-127.798775,29.257298,19.260702,0.07314925,4.2305794,212.45042,1,2015,1
-131.80641,29.262049,19.714872,0.07441025,4.2517996,174.19554,1,2015,1
-121.663086,29.266125,18.917957,0.09208054,3.7692041,264.21378,1,2015,1
-118.38713,29.26794,18.38399,0.14206381,3.0603595,278.07715,1,2015,1
-121.803635,29.311228,18.975718,0.08897431,3.7589893,261.74057,1,2015,1
-128.03386,29.35097,19.269716,0.07823279,4.2222385,209.35776,1,2015,1
-122.02214,29.367073,18.94939,0.09004945,3.8596632,259.09766,1,2015,1
-132.04874,29.369417,19.689268,0.07430829,4.3218513,172.01988,1,2015,1
-122.28798,29.42447,18.950428,0.091821045,3.962247,257.61237,1,2015,1
-128.27812,29.431665,19.309034,0.07509176,4.020572,206.11893,1,2015,1
-132.27797,29.49606,19.633419,0.076992914,4.2798367,169.63528,1,2015,1
-122.54373,29.497074,19.096138,0.090717375,3.9946213,255.65067,1,2015,1
-132.30336,29.503489,19.68197,0.07896418,4.235623,167.17775,1,2015,1
-118.280426,29.511028,18.323364,0.12776838,3.5864468,278.1753,1,2015,1
-128.40114,29.516499,19.108719,0.07829936,3.8907583,206.56505,1,2015,1
-122.60289,29.519907,19.091724,0.087455146,4.0028114,258.32513,1,2015,1
-122.767006,29.550852,19.007364,0.08814147,3.9171674,255.36067,1,2015,1
-118.24785,29.576286,18.112904,0.1309895,3.5305808,282.26477,1,2015,1
-123.00487,29.61741,19.008198,0.08079946,4.0068192,253.91711,1,2015,1
-128.53389,29.636827,19.283438,0.07669214,3.848597,203.10085,1,2015,1
-132.53755,29.654005,19.596153,0.07545861,4.271592,166.87468,1,2015,1
-123.27777,29.671972,18.962038,0.07754028,4.124003,252.3559,1,2015,1
-118.68236,29.691938,18.490494,0.12705475,3.6839244,274.98322,1,2015,1
-123.514175,29.73151,18.953156,0.07505332,4.152072,251.60869,1,2015,1
-118.79156,29.743921,18.617634,0.13766578,3.723775,274.92975,1,2015,1
-123.56971,29.750189,18.686281,0.080006294,4.1827383,254.46855,1,2015,1
-128.73033,29.764791,19.097391,0.08031731,3.7593217,203.01848,1,2015,1
-132.78596,29.77212,19.58651,0.07668552,4.2032604,165.53397,1,2015,1
-128.80031,29.77777,19.165413,0.08023245,3.747666,203.7607,1,2015,1
-118.86174,29.783342,18.55169,0.12362534,3.7204974,276.01706,1,2015,1
-118.38834,29.808064,18.128569,0.12063204,3.4866173,277.08426,1,2015,1
-118.21651,29.811476,18.04471,0.11977171,3.2950873,280.4915,1,2015,1
-123.78035,29.828367,18.524181,0.08495199,4.2026777,251.69438,1,2015,1
-133.0298,29.884977,19.51807,0.07521579,4.1752844,162.867,1,2015,1
-124.0049,29.922323,18.318617,0.090402715,4.2795444,250.33717,1,2015,1
-129.02055,29.984434,19.205223,0.07808429,3.8118367,203.33675,1,2015,1
-118.330986,30.00014,18.238031,0.11879339,3.5133603,279.99854,1,2015,1
-124.22462,30.012053,18.060684,0.09882456,4.294671,252.24008,1,2015,1
-133.28773,30.013758,19.306417,0.071565546,4.0687222,158.6693,1,2015,1
-118.75888,30.024002,18.679972,0.12264714,3.7478662,280.92017,1,2015,1
-124.27966,30.024647,18.028162,0.10168265,4.3260145,251.39752,1,2015,1
-129.0624,30.03364,19.033484,0.08094685,3.680489,201.68578,1,2015,1
-118.73259,30.106869,18.517368,0.12421334,3.6418815,281.4025,1,2015,1
-133.51723,30.142832,19.274353,0.070051305,4.0430803,157.30383,1,2015,1
-124.95583,30.170038,18.014511,0.10094487,4.425404,247.54944,1,2015,1
-124.703384,30.173508,18.043274,0.10041845,4.3738427,250.77795,1,2015,1
-125.02914,30.17862,18.047945,0.09309175,4.4832244,245.207,1,2015,1
-125.25524,30.19782,18.158573,0.090564996,4.445447,242.97383,1,2015,1
-126.78339,30.226786,18.695602,0.079784825,4.0093517,225.30315,1,2015,1
-126.713936,30.23048,18.609697,0.08156765,4.0822177,226.886,1,2015,1
-127.13122,30.236156,18.854824,0.07843532,3.9824238,223.47383,1,2015,1
-127.26116,30.238348,18.88136,0.07656937,3.9514174,220.3811,1,2015,1
-126.4352,30.238592,18.479603,0.084254816,4.120291,230.51491,1,2015,1
-125.503845,30.239426,18.231655,0.0893163,4.279486,240.91939,1,2015,1
-129.29349,30.242838,19.055649,0.08150161,3.6305647,199.13364,1,2015,1
-126.217896,30.246193,18.40823,0.08623612,4.158377,233.90172,1,2015,1
-125.932686,30.250568,18.454948,0.08709038,4.225731,238.94324,1,2015,1
-118.59794,30.251278,18.228971,0.12225805,3.686638,284.45087,1,2015,1
-133.71165,30.253654,19.107546,0.067315206,3.965955,155.89082,1,2015,1
-125.70869,30.253702,18.372198,0.08769558,4.3471026,242.90445,1,2015,1
-127.539505,30.253742,18.692244,0.07782639,3.8116794,219.99803,1,2015,1
-129.34143,30.270838,19.002424,0.08487072,3.4819105,199.11143,1,2015,1
-133.7765,30.276133,19.156473,0.069521606,4.0383782,153.68875,1,2015,1
-127.78376,30.311274,18.598873,0.07972553,3.7160194,216.68488,1,2015,1
-128.02095,30.378027,18.636766,0.07947967,3.6432128,211.98871,1,2015,1
-118.829865,30.391083,18.404543,0.11888758,3.7981706,283.70697,1,2015,1
-119.00751,30.41473,18.40069,0.11255306,3.6811004,281.27942,1,2015,1
-129.51633,30.421635,19.05776,0.08246642,3.5074348,194.86829,1,2015,1
-134.01991,30.426971,19.22564,0.069218144,3.9465554,151.55176,1,2015,1
-128.26413,30.456528,18.698803,0.08010458,3.600139,206.20918,1,2015,1
-128.37093,30.500978,18.550447,0.08055221,3.4793246,206.6387,1,2015,1
-119.20917,30.507563,18.182049,0.11255659,3.6942387,284.90146,1,2015,1
-134.19176,30.522938,19.139341,0.06904916,3.9158268,149.96474,1,2015,1
-129.67012,30.523243,19.150126,0.0810078,3.3858528,194.36458,1,2015,1
-118.61512,30.52865,17.975693,0.12263657,3.6115925,287.73257,1,2015,1
-119.29388,30.532803,18.158674,0.11184385,3.5289233,284.27252,1,2015,1
-118.838745,30.55494,18.148634,0.11573917,3.7518263,286.8894,1,2015,1
-128.52301,30.56941,18.735624,0.08301856,3.4809337,203.17697,1,2015,1
-134.30319,30.59031,19.337244,0.070966266,3.9914157,147.0664,1,2015,1
-129.80391,30.62605,19.230312,0.07837434,3.4641304,190.14212,1,2015,1
-119.54214,30.693163,18.022179,0.111920476,3.3766403,283.00732,1,2015,1
-134.50093,30.719133,19.636389,0.07453199,4.002162,142.61472,1,2015,1
-128.76813,30.730553,18.907717,0.08301705,3.4272,204.8452,1,2015,1
-119.048,30.752014,18.047182,0.11681938,3.4511013,287.01727,1,2015,1
-134.55705,30.753473,19.528133,0.07475666,4.0653906,140.78992,1,2015,1
-129.94208,30.753904,19.16673,0.078864574,3.4563565,188.31764,1,2015,1
-118.7243,30.756367,17.941647,0.120214686,3.3903391,289.29004,1,2015,1
-128.80411,30.75906,18.827238,0.081889816,3.4095895,201.14609,1,2015,1
-130.01764,30.806273,19.206144,0.07878754,3.4896705,186.08635,1,2015,1
-118.766716,30.806986,17.970802,0.11882101,3.5040834,289.15887,1,2015,1
-119.63954,30.810858,18.072317,0.11398679,3.3858528,284.3646,1,2015,1
-134.75772,30.894209,19.615017,0.07411316,4.143151,138.22865,1,2015,1
-119.75057,30.93142,18.012602,0.11263571,3.2792835,283.4006,1,2015,1
-129.02606,30.938541,18.849371,0.07928733,3.3277318,199.85072,1,2015,1
-119.28333,30.991968,18.10566,0.116302624,3.4275646,285.04987,1,2015,1
-134.91348,31.000088,19.423986,0.07628962,4.0948873,136.0884,1,2015,1
-130.17511,31.003443,19.085442,0.079552345,3.4937801,185.0905,1,2015,1
-118.92867,31.018448,17.936018,0.11907178,3.2942374,291.73682,1,2015,1
-129.15157,31.031193,18.72521,0.079723075,3.1355064,205.50262,1,2015,1
-119.793594,31.040592,18.036583,0.1187884,3.2621772,283.65286,1,2015,1
-119.33877,31.061111,18.090738,0.11696086,3.3392365,285.99252,1,2015,1
-119.037224,31.099737,17.999252,0.11716372,3.295148,288.76486,1,2015,1
-130.2524,31.13267,19.027842,0.07763309,3.4824274,182.13936,1,2015,1
-129.25192,31.151882,18.781551,0.076651044,3.1380568,199.93631,1,2015,1
-119.26059,31.265488,18.034561,0.1184856,3.3362403,288.16342,1,2015,1
-135.00874,31.279226,19.28402,0.07428591,4.2098575,129.8927,1,2015,1
-130.32274,31.285418,18.877956,0.07679666,3.401779,181.85304,1,2015,1
-129.36356,31.286777,18.602058,0.07600975,2.9451656,201.5124,1,2015,1
-119.9258,31.300282,17.898561,0.12282857,3.2815392,284.2903,1,2015,1
-119.552635,31.339823,18.0119,0.121602,3.3863401,285.0622,1,2015,1
-129.51381,31.4172,18.72145,0.07538935,3.0124574,193.43655,1,2015,1
-120.04321,31.474491,17.812323,0.12311431,3.2160225,284.03625,1,2015,1
-135.1109,31.500307,19.234324,0.07594945,4.1339207,128.61652,1,2015,1
-120.11883,31.507177,17.575867,0.1277631,3.2556567,286.5981,1,2015,1
-119.554756,31.518007,17.647232,0.13044778,3.3488655,288.27264,1,2015,1
-129.57712,31.520132,18.605835,0.07610239,2.9177046,194.08388,1,2015,1
-130.45734,31.541351,18.78376,0.07914076,3.2605522,181.0544,1,2015,1
-119.48685,31.547268,17.755674,0.12821637,3.2739272,291.31393,1,2015,1
-120.25857,31.636805,17.565638,0.13160786,3.2489536,286.81747,1,2015,1
-119.78257,31.660736,17.58568,0.12879235,3.2512152,287.54324,1,2015,1
-130.52869,31.703062,18.753582,0.07638707,3.2000155,180.17905,1,2015,1
-129.77762,31.719118,18.657139,0.07670629,2.964456,187.36475,1,2015,1
-130.55182,31.761108,18.526064,0.07234754,3.070798,178.6938,1,2015,1
-119.76093,31.764877,17.237665,0.14924785,3.080065,288.5526,1,2015,1
-129.82939,31.780388,18.34415,0.07724802,2.882256,188.57991,1,2015,1
-120.295815,31.784555,17.304096,0.13696468,3.296119,289.8643,1,2015,1
-119.654884,31.795942,17.343351,0.13787939,3.2186487,290.74356,1,2015,1
-135.19609,31.852406,18.984385,0.0763407,3.8810437,128.19868,1,2015,1
-120.0118,31.88381,17.224213,0.15011859,3.2195032,289.22287,1,2015,1
-120.50269,31.942438,17.439331,0.123943165,3.5202415,287.35403,1,2015,1
-135.25151,31.975435,19.09102,0.071416676,3.8900514,127.164474,1,2015,1
-119.8315,32.001564,16.745619,0.22272828,2.9990165,291.5176,1,2015,1
-135.2669,32.011627,18.782913,0.07387787,3.8315792,125.22478,1,2015,1
-120.33692,32.022625,17.055935,0.15507925,3.2441022,291.8998,1,2015,1
-129.98927,32.02386,18.232103,0.07684629,2.7948525,189.05789,1,2015,1
-120.57084,32.025528,17.418173,0.12131469,3.6560361,289.32703,1,2015,1
-130.72954,32.02853,18.36772,0.07560872,2.9660916,176.32727,1,2015,1
-130.01968,32.061893,18.257359,0.07602365,2.8634245,182.80244,1,2015,1
-130.75897,32.08497,18.297508,0.0742145,3.0675235,172.31895,1,2015,1
-120.00718,32.119816,16.762148,0.20590012,2.9912539,293.6513,1,2015,1
-120.09164,32.263195,16.572617,0.2243514,2.8979993,296.21136,1,2015,1
-130.18327,32.26962,18.185446,0.07628196,2.6998148,184.88701,1,2015,1
-130.84169,32.27614,17.918383,0.07615609,2.978926,170.7274,1,2015,1
-120.46744,32.279884,16.929224,0.16324311,3.2889664,291.025,1,2015,1
-135.37857,32.28759,18.54383,0.07375794,3.824683,123.48232,1,2015,1
-120.54901,32.303406,17.354185,0.1322162,3.8822803,290.34875,1,2015,1
-130.25238,32.37991,18.18123,0.07848235,2.7500727,180.41669,1,2015,1
-130.33737,32.52014,17.897543,0.079457566,2.630171,180.65353,1,2015,1
-135.48314,32.524326,18.46567,0.07227847,3.788575,121.50842,1,2015,1
-120.440575,32.528126,16.960608,0.16957022,3.3185086,292.3144,1,2015,1
-130.9222,32.54064,17.675255,0.08202256,2.8671415,170.76765,1,2015,1
-120.555534,32.542774,17.388172,0.1361757,4.0892663,289.27682,1,2015,1
-120.21907,32.552387,16.73633,0.19984318,2.9712791,298.5489,1,2015,1
-135.50475,32.57878,18.402012,0.071272805,3.7729828,121.12002,1,2015,1
-120.836044,32.723804,17.602297,0.12584966,4.563299,287.9982,1,2015,1
-130.99094,32.755302,17.384386,0.087221704,2.7182715,169.18613,1,2015,1
-120.34506,32.75759,17.04098,0.16941032,3.2998939,293.76855,1,2015,1
-121.01868,32.76886,17.12451,0.15142265,5.0659847,288.2919,1,2015,1
-120.53286,32.77289,17.308144,0.13857214,4.1026454,289.80414,1,2015,1
-135.59052,32.782757,18.172659,0.072837666,3.7952733,121.09321,1,2015,1
-130.51355,32.79445,17.416224,0.08888372,2.557655,173.26399,1,2015,1
-131.00255,32.837826,17.577034,0.08582465,2.7557213,164.8543,1,2015,1
-130.61096,33.003155,17.199669,0.094518855,2.445179,171.77048,1,2015,1
-121.12616,33.00687,16.429123,0.24241237,5.0659847,288.2919,1,2015,1
-135.60712,33.00746,18.18907,0.07890853,3.8521163,121.62699,1,2015,1
-120.39347,33.01872,17.188229,0.15245405,3.614872,293.30264,1,2015,1
-131.08769,33.03296,17.393036,0.09121147,2.6626678,161.83723,1,2015,1
-120.51576,33.10732,17.082869,0.16068901,4.1397824,290.79904,1,2015,1
-121.29541,33.254864,15.735028,0.3241383,5.276514,289.94598,1,2015,1
-130.74062,33.25587,17.091274,0.09766254,2.3362577,169.89258,1,2015,1
-131.17122,33.257298,17.15891,0.0989138,2.542479,161.42253,1,2015,1
-120.4991,33.285927,17.009811,0.16875961,3.8210208,293.27734,1,2015,1
-120.63376,33.295967,16.760489,0.21807368,4.29,292.61987,1,2015,1
-121.52101,33.423126,15.677915,0.34688303,5.2723145,287.4383,1,2015,1
-130.75537,33.45447,17.110691,0.09533727,2.4136693,164.8698,1,2015,1
-120.77032,33.504093,16.109064,0.31801054,4.7041473,294.2222,1,2015,1
-135.73746,33.50464,18.16381,0.08805109,4.114365,116.56505,1,2015,1
-131.2583,33.515686,17.096277,0.1016085,2.5162272,157.81804,1,2015,1
-120.560234,33.53041,16.330734,0.26804817,4.342557,296.9781,1,2015,1
-121.69197,33.53162,15.741548,0.35263443,5.217854,288.7822,1,2015,1
-130.76086,33.536587,16.896309,0.100004636,2.3860009,163.69177,1,2015,1
-121.77442,33.591606,15.810137,0.34175012,5.2255144,285.3128,1,2015,1
-135.76028,33.636837,17.976833,0.0886109,4.06769,114.548874,1,2015,1
-130.84917,33.75996,16.626066,0.10905613,2.3315446,159.9329,1,2015,1
-131.45917,33.76008,16.799171,0.109647475,2.415057,153.96545,1,2015,1
-120.932396,33.767353,16.018183,0.32262233,4.691407,297.00198,1,2015,1
-120.54603,33.773983,15.985578,0.3252559,4.343731,299.51584,1,2015,1
-135.7594,33.784065,17.856579,0.085689105,4.0853395,111.54098,1,2015,1
-121.91021,33.806927,15.678795,0.34645653,5.11489,287.0533,1,2015,1
-131.51547,33.850727,16.860834,0.10658123,2.6478105,152.56396,1,2015,1
-122.02037,33.870403,15.670842,0.34337434,5.083552,284.11826,1,2015,1
-121.67461,33.88468,15.675484,0.37242118,5.2019706,288.2608,1,2015,1
-120.49438,33.904903,15.84328,0.38385358,3.8013155,296.56506,1,2015,1
-121.425026,33.905777,15.681224,0.42812508,5.117695,289.63876,1,2015,1
-121.23484,33.911415,15.8373995,0.36024222,4.976525,293.31952,1,2015,1
-121.02919,34.000782,15.700201,0.37010655,4.843222,294.13065,1,2015,1
-130.87917,34.003468,16.495205,0.11525055,2.170023,155.20642,1,2015,1
-121.38639,34.01284,15.685471,0.37805405,5.066725,290.6884,1,2015,1
-121.960976,34.01918,15.609198,0.3703254,5.0539885,287.5028,1,2015,1
-131.63643,34.03708,16.890648,0.10704607,2.667002,148.3362,1,2015,1
-122.19387,34.03913,15.618743,0.37605378,5.0440164,285.5241,1,2015,1
-121.50824,34.04489,15.593126,0.39373717,5.2086945,289.16547,1,2015,1
-131.00275,34.164207,16.616636,0.1184543,2.3488295,151.79837,1,2015,1
-131.78355,34.21845,16.930527,0.1063645,2.8960662,147.40742,1,2015,1
-122.32492,34.245808,15.736697,0.30858433,5.052148,283.62366,1,2015,1
-121.98201,34.255596,15.5058775,0.3935835,5.024908,288.68735,1,2015,1
-121.50033,34.2581,15.583868,0.38632703,5.0468307,290.40988,1,2015,1
-122.42444,34.258766,15.733936,0.32703838,5.0772924,285.18585,1,2015,1
-131.81026,34.267414,16.856752,0.11355475,2.916659,144.34814,1,2015,1
-131.14075,34.28291,16.620888,0.11592287,2.4475498,148.19313,1,2015,1
-121.477196,34.28912,15.676629,0.38442004,4.865573,290.07364,1,2015,1
-122.01514,34.32541,15.491529,0.39730167,4.975952,286.9419,1,2015,1
-131.26744,34.40473,16.734222,0.11098315,2.560957,147.92348,1,2015,1
-121.36453,34.51427,15.495739,0.41524595,4.430948,289.3755,1,2015,1
-131.35883,34.528633,16.730896,0.11272514,2.655146,144.81352,1,2015,1
-122.075096,34.533627,15.356259,0.38580292,4.921636,290.82855,1,2015,1
-132.0066,34.537674,16.806868,0.112315506,3.1740196,138.57634,1,2015,1
-122.40248,34.546185,15.444671,0.37830356,4.959133,287.485,1,2015,1
-121.544815,34.572613,15.414522,0.39473256,4.795258,290.89166,1,2015,1
-131.50023,34.577225,16.76429,0.11870184,2.7340264,142.87862,1,2015,1
-121.933426,34.577953,15.360834,0.38239047,4.908055,291.38953,1,2015,1
-122.50447,34.627617,15.645778,0.32837746,4.909267,285.96143,1,2015,1
-122.186066,34.774612,15.292141,0.41053492,4.8931994,292.21454,1,2015,1
-122.559715,34.77687,15.325533,0.39096585,4.908004,286.33026,1,2015,1
-131.49422,34.781563,16.66213,0.11309837,2.7081544,140.84456,1,2015,1
-132.14061,34.78999,16.773762,0.10883821,3.2814631,134.01224,1,2015,1
-121.637825,34.799114,15.284139,0.40643275,4.3646765,292.9228,1,2015,1
-122.2962,34.878128,15.279127,0.44157457,4.8759513,290.40475,1,2015,1
-121.921425,34.957226,15.357784,0.3869335,4.7100425,292.86316,1,2015,1
-121.89232,35.009228,15.323806,0.41771245,4.315843,295.97134,1,2015,1
-132.26294,35.01031,16.940474,0.103937626,3.5080051,126.771904,1,2015,1
-122.38799,35.036514,15.271282,0.42827103,4.883943,292.25888,1,2015,1
-131.42914,35.03882,16.680338,0.111377425,2.701481,135.89986,1,2015,1
-122.55497,35.079,15.16548,0.42701384,4.8795185,288.0265,1,2015,1
-122.06282,35.11049,15.265967,0.43135428,4.7620583,294.30453,1,2015,1
-136.3261,35.14004,17.020071,0.09930313,4.3911047,99.56958,1,2015,1
-122.502525,35.256096,15.080987,0.43951494,4.9206505,287.9931,1,2015,1
-131.40059,35.271687,16.607239,0.116379246,2.7244265,132.76883,1,2015,1
-121.96199,35.271793,15.302445,0.4323598,4.1641564,300.4446,1,2015,1
-136.33638,35.285606,17.09141,0.10239461,4.4803796,98.60032,1,2015,1
-122.14498,35.29648,15.263416,0.44058254,4.754135,297.15793,1,2015,1
-132.37607,35.299877,16.915695,0.0992548,3.5595083,122.26132,1,2015,1
-122.48156,35.3036,15.103659,0.44606438,4.995208,291.73752,1,2015,1
-122.757706,35.50021,14.961407,0.42205304,5.02642,285.22513,1,2015,1
-122.45509,35.50137,15.086309,0.5008937,5.090324,291.06982,1,2015,1
-122.02961,35.505596,15.253801,0.4537113,4.579618,299.13968,1,2015,1
-132.42409,35.523685,16.880217,0.10003146,3.6209667,118.90092,1,2015,1
-131.40134,35.523987,16.475252,0.11778667,2.734904,129.51051,1,2015,1
-121.99337,35.60518,15.210852,0.47538862,3.9892354,300.42184,1,2015,1
-132.51808,35.686577,16.873762,0.09388233,3.8665748,114.443954,1,2015,1
-131.50226,35.738113,16.629644,0.10920039,2.9162476,127.61651,1,2015,1
-122.23328,35.75853,15.201864,0.5498251,4.3351817,294.969,1,2015,1
-132.5799,35.772892,16.822958,0.101004176,3.8849068,111.28105,1,2015,1
-122.48397,35.774445,15.002455,0.6170183,5.0737953,293.5841,1,2015,1
-121.92188,35.777004,15.147549,0.572283,3.010515,288.1942,1,2015,1
-122.98708,35.801,14.796813,0.50003266,4.991683,285.92963,1,2015,1
-122.55814,35.81791,14.822485,0.5937357,5.198125,286.657,1,2015,1
-136.4174,35.854916,16.849615,0.095420256,4.701585,95.492325,1,2015,1
-123.06363,35.86184,14.986337,0.41173404,4.824106,285.88013,1,2015,1
-123.14226,36.003246,14.677209,0.50674915,4.6772,286.2651,1,2015,1
-122.66517,36.012352,14.768018,0.7021564,4.9672933,286.61087,1,2015,1
-122.043236,36.05469,15.0767355,0.6801056,3.6203039,281.30994,1,2015,1
-132.73454,36.058228,16.838154,0.10280692,3.8991923,108.85316,1,2015,1
-122.288994,36.10765,14.953621,0.7199991,4.92651,291.931,1,2015,1
-122.78985,36.11384,14.622464,0.5987018,4.8178935,286.89288,1,2015,1
-132.75816,36.119335,16.861366,0.09431924,3.867622,107.91963,1,2015,1
-123.26989,36.19668,14.929515,0.43645206,4.513591,283.97467,1,2015,1
-122.63908,36.257202,14.733008,0.6638355,4.661545,284.1555,1,2015,1
-123.3385,36.263866,14.6703615,0.54340583,4.3121343,286.71198,1,2015,1
-122.95579,36.276424,14.622377,0.50061053,4.5933537,285.7912,1,2015,1
-132.83185,36.306168,16.78565,0.09403382,3.855723,105.80251,1,2015,1
-123.031395,36.306953,14.567661,0.5187899,4.370927,287.44003,1,2015,1
-123.56346,36.419388,14.781009,0.46514258,4.2555375,285.5385,1,2015,1
-122.62159,36.50303,14.754265,0.5898674,3.9852855,283.19937,1,2015,1
-136.0702,36.511642,16.108139,0.113596655,4.8711495,96.48307,1,2015,1
-132.85338,36.514526,16.644293,0.089924246,3.817604,103.63583,1,2015,1
-123.07981,36.51495,14.630275,0.49258873,4.120983,287.51163,1,2015,1
-123.72926,36.548965,14.561764,0.5530674,4.0356536,285.9649,1,2015,1
-123.79271,36.58422,14.589702,0.5113747,4.0002623,285.21744,1,2015,1
-123.250244,36.644814,14.580493,0.5459173,4.064296,287.32037,1,2015,1
-122.81906,36.664364,14.673047,0.52262765,4.1320696,286.593,1,2015,1
-135.98848,36.7104,16.072552,0.11917927,4.758834,98.21524,1,2015,1
-124.00551,36.74645,14.524081,0.53148186,3.858834,283.6401,1,2015,1
-124.01339,36.75555,14.437624,0.7130752,3.7204974,283.9989,1,2015,1
-122.96719,36.765038,14.708637,0.5635493,3.759601,286.21753,1,2015,1
-123.37125,36.77022,14.554335,0.5707711,3.7844155,286.4237,1,2015,1
-135.92532,36.780807,16.093624,0.11520301,4.9517674,96.49352,1,2015,1
-132.8802,36.803486,16.550966,0.0994741,3.8321273,101.134,1,2015,1
-123.02085,36.8166,14.615711,0.57567304,3.9026659,287.59924,1,2015,1
-123.51068,36.8553,14.472794,0.63656384,3.7336442,285.37625,1,2015,1
-124.26948,36.971138,14.459508,0.62458396,3.701297,283.43552,1,2015,1
-132.88777,37.011623,16.398237,0.105234265,3.835414,97.792076,1,2015,1
-123.5718,37.016907,14.501306,0.62539965,3.5146124,283.32452,1,2015,1
-124.26573,37.03584,14.474902,0.635694,3.5581596,283.48947,1,2015,1
-135.76086,37.037094,15.921208,0.12038445,5.07141,93.84414,1,2015,1
-123.14555,37.094414,14.61532,0.63883287,3.6967013,283.13403,1,2015,1
-135.71706,37.108852,15.961558,0.11365113,5.0846434,95.64332,1,2015,1
-123.251236,37.174976,14.496599,0.6665368,3.564169,282.4765,1,2015,1
-123.75556,37.19241,14.458591,0.7463121,3.4368155,283.6319,1,2015,1
-124.325356,37.252815,14.457743,0.9772546,3.5587919,282.82568,1,2015,1
-132.96095,37.260746,16.185886,0.10477001,3.7528255,94.73828,1,2015,1
-123.84491,37.272938,14.465114,0.8541618,3.2735455,282.1681,1,2015,1
-123.6296,37.27827,14.503578,0.79309857,3.120657,280.33768,1,2015,1
-135.60321,37.298286,15.707548,0.1290263,5.1560645,92.77917,1,2015,1
-123.385704,37.3072,14.484564,0.88145894,3.138471,276.21924,1,2015,1
-133.00351,37.36919,16.102634,0.10704694,3.8288379,93.89371,1,2015,1
-133.14122,37.533073,15.767875,0.122016676,3.6649284,92.9717,1,2015,1
-123.491005,37.53351,14.204421,1.1505985,2.5756164,266.2155,1,2015,1
-123.99014,37.535683,14.466945,1.17834,3.11636,280.9133,1,2015,1
-124.3956,37.539078,14.450986,1.0596966,3.4683282,283.67566,1,2015,1
-135.54684,37.53975,15.607585,0.13227592,5.240954,91.0933,1,2015,1
-124.00018,37.611538,14.428813,1.0609443,3.3325665,283.53586,1,2015,1
-135.47125,37.616558,15.606162,0.13544697,5.141401,91.3374,1,2015,1
-133.25018,37.63915,15.731229,0.10987228,3.7583241,93.81407,1,2015,1
-123.56863,37.733616,14.414079,1.0961876,2.73885,274.6073,1,2015,1
-123.67084,37.753246,14.116282,0.9792324,2.4639804,273.25723,1,2015,1
-124.35809,37.763763,14.408343,0.81291324,3.3882444,283.83118,1,2015,1
-123.76467,37.774963,14.1890135,0.983205,2.934655,280.00797,1,2015,1
-124.05814,37.79384,14.316991,0.9256263,3.1900158,282.86,1,2015,1
-133.40431,37.795223,15.473454,0.12613165,3.7762547,95.31806,1,2015,1
-135.41026,37.79792,15.5335245,0.13933417,5.280085,90.32554,1,2015,1
-133.50166,37.89095,15.421587,0.13722421,3.9431205,97.43141,1,2015,1
-124.58657,37.945473,14.583006,0.559911,3.5836992,282.4074,1,2015,1
-124.6064,38.000015,14.484617,0.65018576,3.5675902,281.97137,1,2015,1
-123.87225,38.01053,14.14399,0.625144,2.7575715,280.65796,1,2015,1
-124.01599,38.043297,14.335927,0.60426664,3.1005967,281.34616,1,2015,1
-133.56888,38.0471,15.307545,0.13261408,4.0720634,97.194824,1,2015,1
-135.42365,38.048183,15.448416,0.1415553,5.3505983,89.1433,1,2015,1
-124.78838,38.15246,14.615256,0.497622,3.685987,279.99896,1,2015,1
-123.74814,38.161892,13.920019,0.99103874,2.5224195,275.688,1,2015,1
-123.70647,38.25057,14.041708,0.88455886,1.4848906,285.62738,1,2015,1
-123.991745,38.260006,14.215152,0.59746414,2.542833,277.684,1,2015,1
-124.88343,38.265297,14.3733225,0.44129017,3.6418815,281.4025,1,2015,1
-124.01928,38.276726,14.365666,0.54876655,2.972356,279.68414,1,2015,1
-133.5503,38.297073,15.270207,0.12990326,4.270562,96.85876,1,2015,1
-135.42197,38.3316,15.435451,0.14421624,5.5005817,89.166664,1,2015,1
-124.25953,38.43525,14.42904,0.60418504,3.3577373,280.64062,1,2015,1
-124.57153,38.449966,14.348558,0.5662003,3.6124783,281.49655,1,2015,1
-125.07192,38.498573,14.576975,0.33622035,3.640467,277.41785,1,2015,1
-124.00668,38.5254,14.119125,0.6339734,2.902413,277.12503,1,2015,1
-124.97875,38.52585,14.118625,0.51982003,3.6047192,280.87354,1,2015,1
-124.33765,38.53049,14.229084,0.62790716,3.2666345,279.693,1,2015,1
-135.34781,38.53665,15.420683,0.13566156,5.642269,88.37502,1,2015,1
-133.53128,38.54173,15.257142,0.13271292,4.557587,95.03509,1,2015,1
-125.05894,38.54409,14.387347,0.39113176,3.6008055,277.5,1,2015,1
-123.98183,38.55459,14.063231,0.68889904,1.8042727,281.18536,1,2015,1
-124.51227,38.71297,14.144078,0.5963733,3.5458145,281.05643,1,2015,1
-124.89328,38.756023,14.003294,0.6050667,3.5205255,280.63965,1,2015,1
-124.54876,38.766537,13.88863,0.7026981,3.421257,279.93036,1,2015,1
-125.003265,38.781807,14.179282,0.5343519,3.5794554,278.51492,1,2015,1
-123.9038,38.782406,13.717869,0.8243018,1.3703284,268.74554,1,2015,1
-133.70125,38.78558,15.162446,0.15459149,4.661695,94.05935,1,2015,1
-125.29857,38.791504,14.46322,0.462051,3.563664,276.6065,1,2015,1
-135.20857,38.845993,15.358745,0.13709886,5.552918,88.14241,1,2015,1
-125.57492,38.88632,14.666856,0.399425,3.462037,276.46814,1,2015,1
-124.01472,38.965366,13.888833,0.6904287,2.8319604,275.2677,1,2015,1
-125.516495,39.006718,14.534067,0.42533466,3.2965589,275.74518,1,2015,1
-124.71302,39.01094,13.94008,0.7471402,3.3340216,279.32108,1,2015,1
-133.50302,39.023396,15.07932,0.1408023,4.726616,93.0319,1,2015,1
-135.09866,39.02566,15.316391,0.13528137,5.718409,86.892426,1,2015,1
-125.497345,39.053097,14.413724,0.49900904,3.421067,277.72745,1,2015,1
-133.42755,39.064873,15.161821,0.13893433,4.6191125,93.59955,1,2015,1
-124.75776,39.097294,14.110782,0.5967363,3.4959404,278.2228,1,2015,1
-133.17026,39.23384,15.214742,0.16064037,4.500011,93.82255,1,2015,1
-124.844246,39.26266,14.201995,0.5944582,3.4524918,278.9985,1,2015,1
-125.31772,39.271114,14.411406,0.44102618,3.328453,276.03604,1,2015,1
-133.0777,39.271286,15.031954,0.14145054,4.5543933,92.51688,1,2015,1
-135.0268,39.301132,15.2051735,0.15702252,5.727862,86.99773,1,2015,1
-125.80158,39.312977,14.484865,0.38562593,2.9931254,275.36774,1,2015,1
-125.233505,39.315163,14.387111,0.4231471,3.5263155,277.0041,1,2015,1
-124.051575,39.387154,13.636494,0.90024316,1.7867569,288.942,1,2015,1
-132.96246,39.402134,14.987493,0.14187114,4.404543,92.60256,1,2015,1
-134.96843,39.480793,15.009626,0.16396968,5.473911,85.91438,1,2015,1
-125.306465,39.5096,14.196697,0.48336798,3.1769483,273.79007,1,2015,1
-125.97412,39.51599,14.250251,0.4563632,2.7665322,273.93805,1,2015,1
-132.87341,39.52551,14.639146,0.16336001,4.461614,91.54122,1,2015,1
-124.9408,39.52703,14.318489,0.46504855,3.450797,277.66046,1,2015,1
-125.24308,39.53823,14.257949,0.43768588,3.4782898,273.9565,1,2015,1
-124.08152,39.544685,13.796145,0.7789785,1.5146286,277.9696,1,2015,1
-126.01687,39.55734,14.370875,0.44942945,2.5553865,276.29068,1,2015,1
-134.91185,39.57461,14.772362,0.17530228,5.383716,87.871025,1,2015,1
-132.74196,39.65779,14.5945215,0.1857172,4.3707323,91.048775,1,2015,1
-124.2645,39.69021,14.058818,0.64643854,3.0900648,277.999,1,2015,1
-134.79332,39.750465,14.549156,0.21326241,5.380149,89.57402,1,2015,1
-124.39763,39.762074,13.990965,0.6070009,2.143945,273.47632,1,2015,1
-132.60834,39.778416,14.370582,0.2044174,4.3613873,88.55477,1,2015,1
-124.946236,39.78141,14.167329,0.49384996,3.3593154,274.26788,1,2015,1
-126.20593,39.81345,14.108329,0.4292667,2.3992083,275.02145,1,2015,1
-134.72694,39.832554,14.338777,0.20476176,5.1500874,89.666245,1,2015,1
-124.515854,39.84413,14.142501,0.52186006,3.3533566,272.56378,1,2015,1
-126.2598,39.883915,14.289144,0.41204828,2.0916023,276.0377,1,2015,1
-132.4662,39.91384,14.268916,0.23351166,4.1520357,88.20578,1,2015,1
-125.01902,39.924118,14.040221,0.45171842,3.3212197,271.55283,1,2015,1
-124.70473,40.001804,13.674867,0.51532423,2.432879,264.10193,1,2015,1
-125.05664,40.01757,13.926166,0.4614108,3.0416443,268.11594,1,2015,1
-126.359146,40.022858,14.221242,0.38476613,2.0024984,272.8624,1,2015,1
-134.58441,40.03048,14.152759,0.23212382,5.2000384,90.22037,1,2015,1
-132.35002,40.06125,14.160643,0.24605578,4.2829895,87.8591,1,2015,1
-124.79443,40.15762,13.85162,0.47163442,3.1227071,267.61404,1,2015,1
-132.19232,40.225193,14.225141,0.29481927,4.036087,84.88268,1,2015,1
-132.11465,40.271,14.079944,0.25825304,4.216278,86.87293,1,2015,1
-124.530685,40.28087,13.398532,0.7776809,1.9233304,253.0725,1,2015,1
-126.519775,40.289318,13.599914,0.45834303,1.4676852,275.86597,1,2015,1
-125.18387,40.293743,13.861499,0.41189906,2.7181244,261.75064,1,2015,1
-124.80719,40.29461,13.680657,0.43796974,2.9740546,260.12595,1,2015,1
-131.95102,40.34166,14.16133,0.24602246,4.0369916,84.741325,1,2015,1
-134.28806,40.44808,13.801162,0.26351976,5.2269783,92.96094,1,2015,1
-131.74796,40.45194,14.155645,0.30274168,3.8616707,85.544395,1,2015,1
-125.26078,40.465256,13.897255,0.4302917,2.6309693,264.76614,1,2015,1
-124.79647,40.501907,13.563396,0.5476151,2.1259587,262.97528,1,2015,1
-131.59024,40.51983,14.093907,0.24888593,4.0379205,84.60003,1,2015,1
-125.29433,40.528713,13.659187,0.48954803,2.4063458,263.318,1,2015,1
-126.71142,40.535923,12.97653,0.47355825,1.3039172,278.37866,1,2015,1
-124.74599,40.565002,13.429052,0.9548397,1.421443,262.725,1,2015,1
-131.47446,40.582104,14.1218195,0.2773897,3.8353226,83.412346,1,2015,1
-126.759865,40.589493,12.870626,0.5195634,1.1183022,282.91782,1,2015,1
-125.93986,40.59255,13.766591,0.36934993,2.172211,263.92197,1,2015,1
-126.00146,40.60332,13.376549,0.38437295,1.8538878,266.28873,1,2015,1
-125.72729,40.609425,13.790579,0.40825313,2.3915057,262.31036,1,2015,1
-126.2916,40.620552,13.0644455,0.43512556,1.6307667,271.757,1,2015,1
-131.23657,40.637978,14.163829,0.29186216,3.7360005,83.236404,1,2015,1
-134.06279,40.70432,13.61087,0.29265702,5.1732483,94.1014,1,2015,1
-130.98534,40.745884,14.079117,0.33897865,3.589596,82.637405,1,2015,1
-130.92464,40.75049,13.981889,0.28047368,3.7016754,83.796555,1,2015,1
-125.65902,40.753536,13.350351,0.43918744,2.175592,263.13632,1,2015,1
-126.24414,40.761414,13.014757,0.41722885,1.7223531,267.0047,1,2015,1
-126.87348,40.77609,12.613219,0.50516915,1.0016986,284.45242,1,2015,1
-126.29203,40.78105,12.844995,0.46311444,1.5221038,273.0128,1,2015,1
-124.61631,40.795586,13.562291,0.7750872,1.5519342,279.6444,1,2015,1
-130.66464,40.79857,13.850201,0.32965043,3.414103,84.790375,1,2015,1
-134.05806,40.800846,13.582609,0.30854434,5.236459,92.846016,1,2015,1
-130.44722,40.814957,13.775015,0.34276173,3.2581284,85.95197,1,2015,1
-130.23073,40.824196,13.59851,0.3285399,3.0037477,87.137596,1,2015,1
-125.93637,40.841488,13.195763,0.41573963,2.0032473,263.40714,1,2015,1
-124.98081,40.85961,13.588245,0.5522934,1.856906,262.26263,1,2015,1
-125.02055,40.87438,13.494464,0.50943583,2.033052,263.5042,1,2015,1
-126.51047,40.883663,12.752356,0.49683914,1.1964113,282.0613,1,2015,1
-129.96056,40.896973,13.476887,0.36716273,2.68,90,1,2015,1
-133.94028,40.939606,13.558577,0.3208384,5.1881113,93.20433,1,2015,1
-125.25608,40.97048,13.38634,0.5769907,2.153416,263.60104,1,2015,1
-129.7494,40.977592,13.234894,0.4330642,2.332595,92.70294,1,2015,1
-126.47841,41.000042,12.8579,0.4401189,1.3711674,280.0806,1,2015,1
-126.01443,41.000317,13.0316725,0.4133409,1.590786,271.80115,1,2015,1
-125.873245,41.000923,13.093954,0.42187634,1.8621762,267.2298,1,2015,1
-126.561806,41.003426,12.68605,0.5814069,1.0963576,284.79675,1,2015,1
-125.58218,41.008495,13.223904,0.452646,2.0063899,265.4261,1,2015,1
-129.68954,41.009903,12.911583,0.4514663,2.5096614,95.029076,1,2015,1
-133.86125,41.009983,13.495594,0.29315227,5.24187,91.53044,1,2015,1
-126.932175,41.015213,12.56346,0.5829121,0.8561542,284.19855,1,2015,1
-125.369705,41.02483,13.397554,0.5403636,2.0324616,267.17984,1,2015,1
-129.48863,41.06116,12.914525,0.524283,2.067704,97.50309,1,2015,1
-154.60599,41.155037,10.098122,0.32401383,5.466004,35.31834,1,2015,1
-127.03541,41.237995,12.503065,0.48127645,0.67230946,292.75098,1,2015,1
-129.22809,41.248314,12.999513,0.45986313,1.8572291,101.49144,1,2015,1
-126.48563,41.251724,12.843927,0.42481712,1.2712198,282.72437,1,2015,1
-126.70011,41.25878,12.693048,0.5684092,1.002447,288.6157,1,2015,1
-154.62814,41.27809,10.032178,0.35298148,5.502018,36.724106,1,2015,1
-133.7342,41.28085,13.380403,0.28020966,5.120791,88.99295,1,2015,1
-126.76929,41.28126,12.571968,0.53660756,0.75894666,288.43494,1,2015,1
-152.24918,41.28669,10.384948,0.33043483,6.520997,57.01665,1,2015,1
-129.19756,41.288406,12.976567,0.46919364,2.0109947,95.994095,1,2015,1
-125.37811,41.29151,13.21846,0.49052936,1.84,270,1,2015,1
-127.07195,41.29658,12.506968,0.5358466,0.50537115,297.07208,1,2015,1
-158.98053,41.31892,9.858668,0.4766452,4.9840245,12.279427,1,2015,1
-152.3002,41.328625,10.48084,0.31796893,6.4162683,55.22013,1,2015,1
-128.9262,41.329514,13.127075,0.45553082,1.676723,95.13255,1,2015,1
-127.439064,41.358845,12.409519,0.5647771,0.25495097,311.82016,1,2015,1
-128.54788,41.37494,13.298211,0.43672466,1.3709121,92.09016,1,2015,1
-127.57263,41.38141,12.575426,0.44063815,0.28160256,353.8845,1,2015,1
-125.6149,41.401646,13.0470705,0.43991745,1.8600268,269.69196,1,2015,1
-128.48007,41.413815,13.436195,0.4162653,1.13,90,1,2015,1
-127.81951,41.415188,12.911091,0.3850661,0.46097723,40.601295,1,2015,1
-146.44908,41.428772,11.419209,0.556965,7.147314,73.41593,1,2015,1
-152.87164,41.43923,10.51927,0.33975303,6.1663604,50.52754,1,2015,1
-154.7505,41.445553,9.938082,0.37291044,5.3964806,36.105434,1,2015,1
-154.05934,41.446476,10.511808,0.28444904,5.7753267,38.814747,1,2015,1
-146.52528,41.449177,11.40417,0.5774026,7.014414,72.23666,1,2015,1
-128.13086,41.471928,13.242254,0.39485258,0.7138627,78.69007,1,2015,1
-152.51125,41.48762,10.479905,0.3329848,6.302016,53.257385,1,2015,1
-125.75781,41.495304,12.973474,0.40828928,1.7201163,270.6662,1,2015,1
-127.24284,41.500664,12.589014,0.585195,0.3330165,318.65222,1,2015,1
-128.32819,41.502262,12.931139,0.4192732,1.118794,82.81146,1,2015,1
-146.58144,41.502464,11.288917,0.53450435,7.071577,72.38497,1,2015,1
-127.25384,41.502758,12.375318,0.5852369,0.18027757,19.440035,1,2015,1
-133.77167,41.50348,13.292004,0.3067783,5.3015656,86.21468,1,2015,1
-152.90625,41.506386,10.534237,0.32562914,6.148577,51.47117,1,2015,1
-154.76633,41.51001,9.857526,0.35808647,5.394006,36.78492,1,2015,1
-158.84685,41.511543,9.768976,0.47569022,4.7910123,12.90498,1,2015,1
-152.51021,41.51496,10.497468,0.3198611,6.222869,54.087704,1,2015,1
-126.71655,41.51579,12.683254,0.49244025,0.88769364,292.52057,1,2015,1
-153.99605,41.52238,10.561001,0.3427304,6.0207973,41.63354,1,2015,1
-125.824875,41.528557,12.745715,0.4673681,1.487582,275.78723,1,2015,1
-154.06131,41.53297,10.555806,0.3461587,5.8937426,41.56088,1,2015,1
-146.35066,41.533813,11.288883,0.5692333,7.081257,73.51,1,2015,1
-150.94598,41.535534,10.500742,0.36895677,6.619101,62.854267,1,2015,1
-154.63234,41.54284,10.008116,0.37238452,5.5863495,38.531666,1,2015,1
-151.05914,41.55942,10.318724,0.3551869,6.641122,63.434948,1,2015,1
-126.764046,41.56086,12.643361,0.5037556,0.61911225,301.12247,1,2015,1
-152.28174,41.574345,10.411398,0.31609303,6.257028,56.208344,1,2015,1
-126.056366,41.646416,12.678232,0.49241605,1.3251792,278.68042,1,2015,1
-153.00696,41.671055,10.572737,0.3177351,6.1165757,48.911007,1,2015,1
-151.26215,41.71348,10.194497,0.34019673,6.685544,60.520866,1,2015,1
-150.69746,41.735725,10.626247,0.40318573,6.798566,62.49267,1,2015,1
-158.72412,41.751427,9.829785,0.4872291,4.6446204,14.335436,1,2015,1
-126.97559,41.75229,12.635597,0.6751844,0.49406478,324.0579,1,2015,1
-152.76257,41.752773,10.519557,0.31047824,6.161055,51.32567,1,2015,1
-152.64214,41.754414,10.453322,0.31454667,6.1390963,54.212788,1,2015,1
-126.27631,41.75668,12.6521225,0.7444079,0.9550916,287.67612,1,2015,1
-150.4965,41.75974,10.557183,0.39063695,6.7718906,64.45663,1,2015,1
-158.80602,41.764633,9.764454,0.46547407,4.5902505,12.582962,1,2015,1
-146.71474,41.774513,11.241654,0.49098015,7.0977745,72.79044,1,2015,1
-153.05028,41.77617,10.558948,0.315564,6.1363344,48.699886,1,2015,1
-151.33777,41.7772,10.154413,0.34006542,6.6025224,64.71574,1,2015,1
-157.56363,41.778023,10.044125,0.47186682,5.1421785,19.069193,1,2015,1
-127.447266,41.781742,12.369056,0.5367031,0.4036087,48.012787,1,2015,1
-150.24942,41.782715,10.633173,0.42280722,6.8544,65.1548,1,2015,1
-133.77185,41.785816,13.265407,0.28896466,5.3009152,86.32253,1,2015,1
-153.83745,41.787933,10.572252,0.3413183,6.01415,42.978634,1,2015,1
-153.26978,41.789284,10.580967,0.3047102,6.0552125,46.606003,1,2015,1
-154.002,41.790615,10.516875,0.36490554,5.936674,42.883957,1,2015,1
-154.45258,41.791435,10.25175,0.3500092,5.7996726,40.80489,1,2015,1
-127.01487,41.794014,12.557106,0.6497457,0.3764306,16.990824,1,2015,1
-154.89532,41.795105,9.810331,0.3606755,5.450229,37.39553,1,2015,1
-157.36168,41.802387,10.101386,0.4596102,5.3359346,20.744558,1,2015,1
-146.4484,41.8054,11.303132,0.50241685,7.135951,74.30827,1,2015,1
-158.17325,41.823936,9.898699,0.499345,4.861985,16.981432,1,2015,1
-133.71541,41.837234,13.28425,0.27546453,5.1739736,85.78815,1,2015,1
-149.85988,41.838028,10.697319,0.40136805,6.9318757,66.35642,1,2015,1
-127.50041,41.84216,12.3984585,0.43411872,0.5011986,61.38954,1,2015,1
-146.97789,41.847767,11.242413,0.4225712,7.1373177,71.793526,1,2015,1
-155.8296,41.85143,9.484825,0.41638172,5.09166,35.406864,1,2015,1
-147.06595,41.858128,11.259851,0.4138135,7.2803574,72.41123,1,2015,1
-151.56369,41.86109,10.081774,0.34191957,6.485561,62.44719,1,2015,1
-147.27112,41.883827,11.258843,0.41969326,7.350116,72.501816,1,2015,1
-149.68893,41.889423,10.788885,0.44917783,6.904636,67.52057,1,2015,1
-153.71791,41.896736,10.572999,0.3157805,6.103024,44.13698,1,2015,1
-156.24814,41.8985,9.498705,0.460284,5.0328918,32.174324,1,2015,1
-156.34204,41.89983,9.538814,0.53058314,5.012245,29.787416,1,2015,1
-147.58723,41.920113,11.150323,0.43547684,7.361956,71.95883,1,2015,1
-157.93602,41.925022,9.943752,0.49098298,4.993406,17.96324,1,2015,1
-126.509476,41.932484,12.611822,0.67514414,0.687968,302.53506,1,2015,1
-157.21712,41.939148,9.914474,0.4866474,5.286984,22.344767,1,2015,1
-147.76376,41.939617,11.075411,0.40035903,7.384071,71.19699,1,2015,1
-156.5763,41.9548,9.605045,0.47545597,5.223686,27.104635,1,2015,1
-156.75073,41.962486,9.749149,0.4569454,5.2619767,24.7143,1,2015,1
-149.34947,41.96467,10.773023,0.4142883,7.050858,68.27404,1,2015,1
-151.77582,41.98424,10.071114,0.329985,6.26582,61.1852,1,2015,1
-149.18109,41.986404,10.711256,0.39194012,7.0683026,69.026505,1,2015,1
-148.02623,41.993374,11.010585,0.40489295,7.3187156,70.52522,1,2015,1
-133.47633,41.999184,13.194584,0.26772085,5.1811676,86.23742,1,2015,1
-127.12746,42.000103,12.402902,0.5478127,0.46097723,40.601295,1,2015,1
-157.52498,42.000343,9.879148,0.5218335,4.798177,19.605629,1,2015,1
-157.30835,42.00092,9.928572,0.54241806,4.9732985,21.095411,1,2015,1
-153.65361,42.00171,10.506704,0.35104713,6.0269394,46.61354,1,2015,1
-158.5444,42.003544,9.653882,0.4804942,4.4434223,13.535856,1,2015,1
-157.01372,42.004833,9.811409,0.49372005,4.9739323,22.956583,1,2015,1
-146.91565,42.004982,11.0491705,0.40394714,7.223642,72.51822,1,2015,1
-151.80873,42.005238,9.857202,0.35124633,6.1404395,62.975925,1,2015,1
-155.93866,42.0111,9.482262,0.42937547,4.917418,33.72238,1,2015,1
-153.38608,42.012337,10.541005,0.31730017,6.0839214,48.26479,1,2015,1
-146.65752,42.014004,11.046036,0.41292596,7.1597557,73.362076,1,2015,1
-155.02309,42.01411,9.848177,0.32612407,5.278674,38.69371,1,2015,1
-153.92186,42.014225,10.453939,0.36145717,5.996282,45.13513,1,2015,1
-148.10922,42.014835,11.013374,0.30452526,7.314595,71.094406,1,2015,1
-149.15918,42.01522,10.724141,0.3794016,7.112651,69.679665,1,2015,1
-156.1909,42.0175,9.454671,0.42747664,4.9135017,31.263731,1,2015,1
-127.69049,42.024864,12.487277,0.40407985,0.7468601,63.778034,1,2015,1
-158.48636,42.0253,9.782412,0.5119919,4.487906,15.243921,1,2015,1
-147.41298,42.02756,11.115644,0.33858028,7.3572955,72.84574,1,2015,1
-154.2125,42.03239,10.360886,0.33412263,5.814499,43.466904,1,2015,1
-133.43321,42.036163,13.167789,0.24934869,5.2501903,84.97353,1,2015,1
-147.23318,42.039623,11.071431,0.36556792,7.29776,73.03004,1,2015,1
-153.05188,42.046642,10.497208,0.35409462,6.097155,49.989887,1,2015,1
-126.59459,42.04821,12.573862,0.62344384,0.46227697,308.85336,1,2015,1
-148.30779,42.053757,10.942636,0.3034816,7.232434,71.038956,1,2015,1
-158.19984,42.06759,9.807142,0.50159967,4.636421,17.575186,1,2015,1
-149.28395,42.074516,10.697332,0.40920475,6.9952626,68.5332,1,2015,1
-155.39484,42.094494,9.74121,0.3838064,5.1987114,35.922035,1,2015,1
-152.11511,42.10981,9.872064,0.3523056,6.0356607,60.631905,1,2015,1
-146.49521,42.11593,11.118297,0.39989987,7.2515516,74.564705,1,2015,1
-147.55458,42.12293,11.063411,0.35564238,7.4129076,72.249435,1,2015,1
-148.57298,42.125553,10.817242,0.2974689,7.229191,71.113914,1,2015,1
-127.81412,42.147377,12.6930895,0.3851699,0.82764727,78.146996,1,2015,1
-133.20276,42.167065,13.171644,0.273336,5.202471,86.03208,1,2015,1
-147.80817,42.17203,11.037252,0.33441973,7.3934293,71.71209,1,2015,1
-155.51265,42.18043,9.569748,0.39461106,5.0621934,34.53767,1,2015,1
-148.78607,42.194817,10.765166,0.33483315,7.1185675,69.78309,1,2015,1
-127.26563,42.19858,12.331826,0.512762,0.64202803,52.594643,1,2015,1
-152.31346,42.224926,10.0431595,0.33485454,5.9762864,57.852345,1,2015,1
-148.96188,42.250404,10.653455,0.29388785,7.0685573,70.66788,1,2015,1
-147.33362,42.250416,10.835765,0.31964853,7.2861857,73.33089,1,2015,1
-153.55478,42.254063,10.285827,0.401923,5.936093,48.414555,1,2015,1
-153.45541,42.257618,10.273989,0.40936038,5.9998083,50.206657,1,2015,1
-127.2962,42.25782,12.4003525,0.4546573,0.815414,66.89368,1,2015,1
-158.41537,42.257835,9.437069,0.4260999,4.1789594,13.703712,1,2015,1
-148.015,42.26047,10.816243,0.28774852,7.3429832,71.17026,1,2015,1
-157.3378,42.26106,9.814519,0.48411557,4.6769648,20.527369,1,2015,1
-149.21362,42.261986,10.594282,0.3505088,6.981812,69.981834,1,2015,1
-149.29865,42.262657,10.587562,0.4040634,6.926875,68.84372,1,2015,1
-152.09572,42.26465,9.583724,0.3523926,5.848504,59.708305,1,2015,1
-147.01572,42.2671,10.864906,0.30447027,7.2996507,73.5263,1,2015,1
-152.37634,42.269207,9.610529,0.392711,5.738728,56.946835,1,2015,1
-127.910576,42.270428,12.719153,0.3778063,1.0867382,79.93094,1,2015,1
-151.99022,42.270958,9.755586,0.35554698,6.1324873,62.306732,1,2015,1
-155.58272,42.27413,9.489662,0.4189317,5.0261416,34.54375,1,2015,1
-154.41823,42.27437,9.987182,0.33075377,5.497636,41.46044,1,2015,1
-126.76496,42.27716,12.415605,0.49716967,0.31241,39.805573,1,2015,1
-157.08034,42.27721,9.72091,0.5355548,4.716662,21.778852,1,2015,1
-156.99898,42.28107,9.64525,0.50547624,4.786021,25.494226,1,2015,1
-146.42729,42.281834,11.036889,0.4319923,7.393646,74.94878,1,2015,1
-154.04659,42.28324,10.074888,0.37301227,5.6574907,44.14063,1,2015,1
-147.51324,42.28445,10.834546,0.29723236,7.381287,72.25237,1,2015,1
-153.98547,42.291534,10.205504,0.37373227,5.8710475,46.51833,1,2015,1
-157.81282,42.294727,9.615161,0.40222877,4.4855547,16.980644,1,2015,1
-157.71509,42.297626,9.718992,0.4298103,4.6683617,19.52173,1,2015,1
-156.04626,42.30002,9.386605,0.46345437,4.8294306,30.760292,1,2015,1
-155.2648,42.303284,9.710082,0.4161355,5.208301,36.253838,1,2015,1
-155.12811,42.303814,9.917463,0.3452849,5.2187834,39.791515,1,2015,1
-147.91888,42.306606,10.827982,0.34103373,7.3807993,71.76144,1,2015,1
-151.67009,42.338818,9.929172,0.32389948,6.3966947,65.91928,1,2015,1
-158.19922,42.365017,9.501902,0.4318539,4.270562,15.7611065,1,2015,1
-148.33708,42.376938,10.732178,0.26570854,7.2200623,70.83729,1,2015,1
-156.72398,42.39196,9.494823,0.4435015,4.771939,27.048323,1,2015,1
-128.0014,42.397736,12.697059,0.39007443,1.2548307,84.970924,1,2015,1
-155.97545,42.39834,9.386984,0.4662824,4.915384,31.523502,1,2015,1
-148.52414,42.417107,10.684868,0.26821488,7.156291,71.33719,1,2015,1
-151.45464,42.42594,9.936332,0.3284908,6.510607,68.55811,1,2015,1
-132.79231,42.459034,13.19855,0.36124876,5.31241,88.27409,1,2015,1
-127.55747,42.473408,12.579238,0.3872514,0.9284934,67.85482,1,2015,1
-146.21071,42.494198,11.097444,0.45711282,7.3997636,76.00131,1,2015,1
-132.732,42.49904,13.120312,0.41881213,5.160087,89.666885,1,2015,1
-154.07906,42.500324,9.454553,0.34629893,5.5084753,44.63225,1,2015,1
-151.20847,42.502266,9.743413,0.32120794,6.4079013,70.490524,1,2015,1
-146.3017,42.504158,11.088764,0.46931568,7.5065436,76.204414,1,2015,1
-147.50339,42.50461,10.583426,0.26794186,7.249952,72.9147,1,2015,1
-147.11421,42.507053,10.819389,0.33712888,7.281552,74.3032,1,2015,1
-153.93713,42.5092,9.521194,0.368474,5.6713405,47.930187,1,2015,1
-126.75643,42.510384,12.299284,0.42867383,0.5314132,70.201126,1,2015,1
-127.60136,42.511486,12.534226,0.3859309,1.1229426,76.0875,1,2015,1
-154.32684,42.514473,9.503044,0.33115086,5.2996697,42.935493,1,2015,1
-158.00299,42.515175,9.294444,0.41390604,3.9275692,12.7978,1,2015,1
-148.8341,42.5157,10.628858,0.27105814,7.1351104,70.60005,1,2015,1
-128.11063,42.518112,12.617888,0.4234941,1.5515798,87.41421,1,2015,1
-155.93019,42.519703,9.259169,0.46244368,4.6651473,33.281307,1,2015,1
-153.45828,42.522423,9.524127,0.39438048,5.7362356,53.649506,1,2015,1
-146.93367,42.523884,10.95332,0.36786518,7.32607,74.80662,1,2015,1
-147.97737,42.526684,10.597207,0.26437226,7.2994246,72.45867,1,2015,1
-148.38326,42.527325,10.546198,0.2569059,7.241892,72.06544,1,2015,1
-147.26796,42.52934,10.613708,0.31007308,7.2320466,73.94578,1,2015,1
-148.15952,42.532444,10.559627,0.27809495,7.2480755,71.91502,1,2015,1
-132.67549,42.539845,13.049161,0.36833942,5.3402343,89.46354,1,2015,1
-153.673,42.55057,9.539315,0.3506137,5.734823,49.95138,1,2015,1
-146.17258,42.556896,11.07941,0.5202384,7.498333,77.131386,1,2015,1
-156.39098,42.560978,9.37356,0.50581205,4.610694,29.066673,1,2015,1
-149.04955,42.563534,10.55549,0.31570792,7.004891,70.918396,1,2015,1
-126.72682,42.57057,12.202142,0.463654,0.21095023,58.570435,1,2015,1
-149.77397,42.589813,10.43195,0.33448604,6.6534953,68.02269,1,2015,1
-149.71259,42.59308,10.509719,0.3777377,6.7912073,68.762596,1,2015,1
-149.39513,42.593185,10.516568,0.3725455,6.7931213,69.671005,1,2015,1
-150.99103,42.59418,9.83607,0.31465644,6.5377135,70.42871,1,2015,1
-153.1098,42.613747,9.471259,0.44132766,5.7400784,53.429554,1,2015,1
-127.76759,42.636024,12.610502,0.3912539,1.3408207,82.71597,1,2015,1
-156.21352,42.661766,9.309245,0.50005275,4.6270943,30.66645,1,2015,1
-132.46367,42.672333,13.042849,0.5139636,5.230038,90.2191,1,2015,1
-152.96652,42.698517,9.41261,0.43389428,5.73464,54.86883,1,2015,1
-148.6493,42.705494,10.623869,0.26540658,7.1246123,71.590485,1,2015,1
-128.26562,42.72481,12.553668,0.3790524,1.8617196,92.462814,1,2015,1
-146.6903,42.7307,11.071483,0.41615802,7.480107,75.44357,1,2015,1
-153.6218,42.750374,9.144683,0.37764844,5.3983793,52.45082,1,2015,1
-148.46631,42.7506,10.527293,0.27774903,7.1580515,72.85608,1,2015,1
-147.63841,42.751633,10.495203,0.26437086,7.140028,73.90028,1,2015,1
-154.39519,42.753773,9.260974,0.37760293,4.957227,45.73557,1,2015,1
-153.20299,42.75464,9.103028,0.3789321,5.503181,54.317085,1,2015,1
-147.11221,42.75483,10.706671,0.31552145,7.3395915,75.32001,1,2015,1
-150.92448,42.756763,9.742396,0.35079852,6.1697407,71.18328,1,2015,1
-132.32986,42.759914,13.001309,0.44984,5.330938,88.925156,1,2015,1
-126.946594,42.76538,12.056046,0.45858055,0.79906195,81.36287,1,2015,1
-127.918655,42.767757,12.460502,0.3503244,1.5740712,82.3332,1,2015,1
-146.61546,42.76787,11.063334,0.43763477,7.6482286,76.92677,1,2015,1
-146.91982,42.768517,10.87508,0.40181515,7.431292,75.98245,1,2015,1
-156.02988,42.770203,9.306352,0.5185575,4.3959184,30.181381,1,2015,1
-153.84673,42.770367,9.19662,0.3858461,5.417767,50.99335,1,2015,1
-146.1061,42.770603,11.006515,0.4859554,7.5878916,79.06029,1,2015,1
-147.90002,42.77289,10.541162,0.26932743,7.184657,73.25493,1,2015,1
-140.03271,42.77872,11.914839,0.35647577,7.2790794,84.87683,1,2015,1
-151.01219,42.77878,9.636282,0.3766123,6.1002703,71.06013,1,2015,1
-139.79738,42.780567,12.006201,0.35710752,7.3533936,84.537506,1,2015,1
-152.92047,42.785683,9.169429,0.38083878,5.5429235,54.991043,1,2015,1
-127.0001,42.7885,12.178007,0.41491625,1.0493808,82.3332,1,2015,1
-155.9871,42.797077,9.267268,0.48772374,4.4997888,32.3833,1,2015,1
-128.33424,42.812958,12.429943,0.4058966,2.0400245,89.71914,1,2015,1
-139.52736,42.814922,12.01405,0.3508705,7.264186,83.67723,1,2015,1
-151.34482,42.815075,9.548683,0.34442818,6.1827583,70.832405,1,2015,1
-153.43831,42.81715,9.118322,0.33960065,5.441553,54.499043,1,2015,1
-132.19023,42.83555,13.017338,0.4755593,5.110626,89.10307,1,2015,1
-148.20847,42.838608,10.550906,0.27804583,7.172203,73.30841,1,2015,1
-145.355,42.84229,10.788061,0.51787525,7.4971795,81.25384,1,2015,1
-140.32735,42.848198,11.840714,0.35368165,7.202173,84.5823,1,2015,1
-139.43016,42.853687,12.116751,0.33034316,7.2138753,82.9932,1,2015,1
-146.49126,42.863773,11.043448,0.4399473,7.57243,78.11134,1,2015,1
-145.61461,42.89215,10.765175,0.4843878,7.491662,80.55025,1,2015,1
-140.61395,42.892403,11.766432,0.36564127,7.0897813,83.92754,1,2015,1
-127.256905,42.893642,12.255699,0.44947794,1.0868303,77.24247,1,2015,1
-145.91441,42.894035,10.939293,0.51507217,7.5847545,79.5938,1,2015,1
-144.01665,42.9048,10.967509,0.40551975,7.2356477,81.175575,1,2015,1
-128.03595,42.907574,12.486625,0.36042982,1.8113531,87.78525,1,2015,1
-143.98691,42.90819,11.0828495,0.4185918,7.236581,81.65715,1,2015,1
-145.18117,42.91677,10.779665,0.46280143,7.4373717,81.728264,1,2015,1
-143.02985,42.922215,11.161847,0.29480058,7.5165153,84.35008,1,2015,1
-143.6813,42.92636,11.146065,0.3907346,7.277651,82.18165,1,2015,1
-143.4159,42.932735,11.150585,0.31042755,7.3465776,82.88466,1,2015,1
-151.60683,42.936836,9.562968,0.30137542,6.1072087,69.48788,1,2015,1
-131.95345,42.94876,13.035085,0.44865933,4.9622674,88.26779,1,2015,1
-142.942,42.950768,11.184323,0.25276688,7.551437,83.994965,1,2015,1
-128.5295,42.96662,12.415015,0.4141855,2.3003478,89.003654,1,2015,1
-142.70132,42.975803,11.297818,0.25110045,7.437587,83.51519,1,2015,1
-151.93732,42.98065,9.705245,0.32924315,5.921562,65.772255,1,2015,1
-144.30783,42.988094,10.912332,0.40369874,7.296054,80.692604,1,2015,1
-140.78952,42.98887,11.695257,0.39606398,6.9782877,83.99529,1,2015,1
-152.08012,42.990875,9.693662,0.35507873,5.742726,64.1935,1,2015,1
-152.68712,42.995487,9.312905,0.39795604,5.5115333,57.1461,1,2015,1
-152.18806,43.000935,9.654626,0.35175958,5.7968006,64.45167,1,2015,1
-155.762,43.00341,9.149721,0.48275393,4.359966,33.872307,1,2015,1
-153.57367,43.006123,8.943816,0.4467343,5.1195507,54.540382,1,2015,1
-152.59045,43.007107,9.242237,0.32232046,5.4966264,59.375904,1,2015,1
-145.06065,43.008835,10.658138,0.42112383,7.2486205,82.70831,1,2015,1
-152.27753,43.009365,9.500278,0.347069,5.6912303,61.678787,1,2015,1
-146.79353,43.00997,10.526584,0.33066505,7.463846,76.91332,1,2015,1
-128.59258,43.013603,12.341296,0.36139423,2.5044959,86.56637,1,2015,1
-144.50653,43.01411,10.833555,0.42900974,7.2723174,82.493866,1,2015,1
-140.89124,43.017002,11.666014,0.35956183,7.1096697,83.944595,1,2015,1
-128.15909,43.020367,12.316263,0.30146316,2.044138,86.35373,1,2015,1
-131.8513,43.023605,12.967141,0.40006053,5.092514,88.19955,1,2015,1
-142.64238,43.02439,11.235592,0.24622722,7.47083,84.00705,1,2015,1
-148.06287,43.027332,10.380566,0.2785063,7.170251,74.219246,1,2015,1
-127.400475,43.031967,11.776283,0.6238324,1.2998846,82.92966,1,2015,1
-154.47829,43.032215,9.052428,0.40218264,4.758571,48.066486,1,2015,1
-139.22478,43.037895,11.963507,0.31553793,7.087376,82.70452,1,2015,1
-155.7186,43.04578,9.182086,0.46498662,4.3002906,37.5361,1,2015,1
-144.80647,43.05108,10.708727,0.41083038,7.169275,82.62717,1,2015,1
-146.7207,43.07984,10.62715,0.3542857,7.68274,77.82711,1,2015,1
-128.27788,43.0816,12.303066,0.34767476,2.282192,87.48864,1,2015,1
-142.22308,43.10474,11.372321,0.2751495,7.3459105,83.590904,1,2015,1
-141.85222,43.105736,11.442797,0.31574276,7.3183675,83.40908,1,2015,1
-142.2501,43.107613,11.336061,0.29247236,7.421105,83.96674,1,2015,1
-147.9544,43.108597,10.453877,0.26283428,7.1166987,74.26472,1,2015,1
-141.59862,43.10904,11.508007,0.37670842,7.35285,83.12628,1,2015,1
-154.54605,43.110275,9.111491,0.47178966,4.6334977,46.66155,1,2015,1
-141.02443,43.119713,11.6410055,0.37388718,7.218033,84.11564,1,2015,1
-141.44127,43.120266,11.5898695,0.3770885,7.35166,83.20365,1,2015,1
-128.75061,43.13103,12.2826395,0.3189439,2.7695668,85.23636,1,2015,1
-127.5086,43.14842,12.037906,0.4973032,1.5174321,84.32698,1,2015,1
-147.73605,43.18545,10.474968,0.2670377,7.107686,74.82972,1,2015,1
-131.7299,43.196552,12.9830265,0.3730835,4.8969073,86.95647,1,2015,1
-140.67523,43.219646,11.66573,0.39324054,7.139503,83.96999,1,2015,1
-154.62292,43.25213,8.86803,0.4827924,4.540936,48.481724,1,2015,1
-128.51205,43.253586,12.225126,0.4008703,2.5338705,86.83271,1,2015,1
-131.657,43.25646,12.910026,0.37351322,4.996769,87.01735,1,2015,1
-155.49828,43.258057,8.951826,0.46877035,4.214558,41.63354,1,2015,1
-140.43936,43.258064,11.4725065,0.3715128,7.1412115,85.58283,1,2015,1
-147.705,43.26395,10.33674,0.26739937,7.165612,74.95527,1,2015,1
-128.96411,43.277264,12.22835,0.4223798,2.8485084,85.57044,1,2015,1
-141.30275,43.280315,11.45768,0.347364,7.3160987,83.564674,1,2015,1
-146.56032,43.281532,10.432136,0.31471512,7.615202,78.79336,1,2015,1
-127.501434,43.28792,11.746226,0.55568117,1.6743058,85.89,1,2015,1
-129.04726,43.291443,12.249043,0.39839616,3.2657158,84.37669,1,2015,1
-139.0239,43.29169,11.832633,0.31421238,6.9398127,83.131,1,2015,1
-140.19994,43.314243,11.475723,0.37488645,7.1681657,85.920074,1,2015,1
-138.97229,43.31549,12.001226,0.270636,7.1431994,81.7905,1,2015,1
-127.48283,43.320354,11.615268,0.7234625,1.4108863,87.969086,1,2015,1
-129.33067,43.349247,12.39886,0.37570482,3.62,83.97443,1,2015,1
-141.50352,43.350414,11.403063,0.33011273,7.3689213,82.74961,1,2015,1
-131.4552,43.390015,12.884026,0.30813015,4.8334255,85.72858,1,2015,1
-139.96791,43.394176,11.551837,0.35027525,7.0174427,84.93124,1,2015,1
-138.6875,43.415718,12.088362,0.31504735,7.3256397,81.759285,1,2015,1
-139.7315,43.426247,11.639763,0.3470412,7.013045,84.43574,1,2015,1
-147.77904,43.463524,10.257435,0.27430248,7.168215,74.878075,1,2015,1
-129.53406,43.491344,12.634261,0.34729794,4.1345615,83.751625,1,2015,1
-129.37677,43.500618,12.527165,0.30701274,3.8773832,83.18657,1,2015,1
-141.6739,43.50401,11.230745,0.35961518,7.3604145,83.29016,1,2015,1
-139.58922,43.506775,11.649429,0.38342053,7.0473256,84.95278,1,2015,1
-127.57395,43.511227,11.67289,0.59056133,1.8545619,85.980415,1,2015,1
-146.51004,43.511597,10.238011,0.29788062,7.510506,79.72245,1,2015,1
-131.27489,43.519062,12.949499,0.30330753,4.9860706,85.39859,1,2015,1
-147.84157,43.52054,10.083296,0.26099554,7.0387855,75.35173,1,2015,1
-155.20528,43.53509,8.768937,0.48416984,4.1409783,42.357456,1,2015,1
-155.25923,43.541653,8.769404,0.49212086,4.0725546,41.715324,1,2015,1
-138.51202,43.549652,12.071481,0.27270707,7.3171854,81.67057,1,2015,1
-146.47025,43.552967,10.339363,0.30440015,7.6364717,80.88305,1,2015,1
-129.62915,43.55737,12.723898,0.23251331,4.3063326,81.587654,1,2015,1
-154.66602,43.566227,8.591201,0.5164584,4.3765855,49.540703,1,2015,1
-138.45512,43.593563,12.103753,0.28902444,7.522832,83.20562,1,2015,1
-131.16982,43.637657,12.929504,0.30497888,4.8448424,83.12435,1,2015,1
-139.45804,43.657253,11.735628,0.33126742,6.9514027,84.55186,1,2015,1
-141.84604,43.676434,11.270043,0.33010846,7.4569697,82.9131,1,2015,1
-154.92804,43.690083,8.704258,0.50239235,4.224038,47.0146,1,2015,1
-129.80249,43.690887,12.808399,0.23388125,4.4972215,81.68972,1,2015,1
-147.83783,43.753616,9.90218,0.25568208,6.8013234,76.74019,1,2015,1
-154.78835,43.75406,8.556904,0.47176316,3.9210458,47.480576,1,2015,1
-129.95448,43.754807,12.787454,0.22596237,4.498144,80.01416,1,2015,1
-139.31622,43.75516,11.859902,0.30947703,7.1364136,84.20952,1,2015,1
-146.37285,43.75942,10.271746,0.3125629,7.5165486,81.815994,1,2015,1
-127.46732,43.761734,11.623395,0.69463575,1.6302761,88.945595,1,2015,1
-138.35667,43.762154,12.076289,0.27152663,7.5363455,81.83764,1,2015,1
-155.01497,43.764927,8.609783,0.4647276,3.9327598,43.557606,1,2015,1
-142.0277,43.772205,11.078831,0.3321631,7.454321,81.902504,1,2015,1
-130.03656,43.78473,12.8056755,0.22408879,4.571936,80.55828,1,2015,1
-138.23798,43.796005,12.11449,0.29814607,7.6401176,81.19112,1,2015,1
-131.06323,43.801407,12.917746,0.3408266,4.968833,82.83208,1,2015,1
-137.96661,43.805103,12.149507,0.2785964,7.600592,81.14494,1,2015,1
-139.16612,43.819183,11.985383,0.3224492,7.2144923,83.6335,1,2015,1
-143.58965,43.82913,10.676169,0.24497186,7.172538,83.75684,1,2015,1
-138.98334,43.87318,12.023818,0.3016963,7.3384533,82.16802,1,2015,1
-143.42111,43.891247,10.678998,0.29811233,7.176211,84.24174,1,2015,1
-130.98479,43.893856,12.919292,0.35479847,4.887586,80.46059,1,2015,1
-130.25867,43.910557,12.832564,0.25565302,4.6196537,80.78236,1,2015,1
-142.29396,43.91851,10.962427,0.31151238,7.46006,82.14144,1,2015,1
-137.7105,43.92294,12.251469,0.2875303,7.614145,81.9976,1,2015,1
-137.45364,43.938915,12.33877,0.29910553,7.618379,81.77418,1,2015,1
-138.7068,43.962013,12.013115,0.2817897,7.4501677,81.58712,1,2015,1
-143.75209,43.985237,10.709378,0.27236876,7.2425756,82.46286,1,2015,1
-142.54662,44.003544,10.770363,0.31369227,7.4482884,82.82728,1,2015,1
-138.3568,44.006184,11.967111,0.27312753,7.5689697,80.72435,1,2015,1
-137.53372,44.011112,12.279228,0.25043124,7.652777,80.59922,1,2015,1
-130.77448,44.014988,12.82709,0.29635468,4.896121,79.88356,1,2015,1
-137.37306,44.01697,12.338616,0.27607042,7.6348934,80.957146,1,2015,1
-130.11255,44.0175,12.675956,0.2122794,4.5636935,79.010155,1,2015,1
-146.25426,44.021496,10.312196,0.30890402,7.462071,83.22736,1,2015,1
-127.26152,44.02434,11.681035,0.6403177,1.790028,90.32008,1,2015,1
-130.49084,44.02502,12.7382345,0.2707665,4.634318,79.05377,1,2015,1
-143.79092,44.02959,10.570192,0.274588,7.1670637,83.430275,1,2015,1
-130.50867,44.033024,12.814757,0.25430602,4.801333,79.43899,1,2015,1
-143.21164,44.03528,10.587915,0.25326172,7.1559906,83.500656,1,2015,1
-147.9711,44.059437,9.82672,0.2601244,6.5836844,78.43406,1,2015,1
-127.2364,44.061783,11.902422,0.6002996,1.5002999,91.14576,1,2015,1
-146.24033,44.064224,10.345744,0.33426064,7.4907207,84.023026,1,2015,1
-142.94197,44.078274,10.651841,0.30329058,7.282232,82.50414,1,2015,1
-137.17224,44.123863,12.325513,0.28462797,7.575645,80.885826,1,2015,1
-126.98708,44.168568,11.9923115,0.66825765,1.4305593,88.397736,1,2015,1
-131.0479,44.222534,12.835649,0.32301086,5.170706,81.211716,1,2015,1
-136.94055,44.230885,12.278347,0.2792152,7.5055513,81.3409,1,2015,1
-127.83788,44.243088,11.934641,0.32127064,2.3454638,86.088425,1,2015,1
-127.90954,44.250023,11.666868,0.39930856,2.472448,87.45005,1,2015,1
-144.06064,44.2503,10.531591,0.26793328,7.1991735,83.29946,1,2015,1
-130.46225,44.250454,12.530524,0.2315964,4.6342745,78.423355,1,2015,1
-127.42963,44.25063,11.760326,0.63665694,2.1000237,89.727165,1,2015,1
-131.23123,44.250957,12.692442,0.26758277,5.283796,80.41289,1,2015,1
-136.78502,44.253586,12.240446,0.26798457,7.440699,80.562996,1,2015,1
-136.69656,44.25374,12.178139,0.19812408,7.424372,80.85486,1,2015,1
-145.4508,44.254597,10.387893,0.31673598,7.223801,83.00288,1,2015,1
-144.8992,44.26169,10.530046,0.2945712,7.232607,81.33214,1,2015,1
-147.70786,44.26268,10.008061,0.2234777,6.743656,80.4399,1,2015,1
-145.50748,44.262943,10.285252,0.34030375,7.2790794,84.87683,1,2015,1
-146.11452,44.263763,10.254869,0.29465115,7.384213,84.48242,1,2015,1
-145.0733,44.264168,10.462396,0.30119005,7.1955543,81.68972,1,2015,1
-131.3261,44.265118,12.6879425,0.2553377,5.471645,82.12165,1,2015,1
-127.66471,44.266945,11.549497,0.4766492,2.320194,89.25915,1,2015,1
-131.5187,44.278294,12.648318,0.24836516,5.5780015,83.30817,1,2015,1
-144.27791,44.280155,10.572525,0.31850454,7.3143487,83.01101,1,2015,1
-130.15813,44.28879,12.459381,0.24758428,4.568698,80.8057,1,2015,1
-128.18445,44.29575,11.928628,0.28989393,2.673668,84.20412,1,2015,1
-145.7651,44.30657,10.260194,0.35704523,7.3570237,85.08761,1,2015,1
-128.30269,44.30853,12.081305,0.31964946,2.9065788,83.877495,1,2015,1
-136.4761,44.31302,12.115894,0.24706899,7.371038,81.49614,1,2015,1
-146.26349,44.321587,10.2243185,0.2774169,7.3703322,84.003204,1,2015,1
-128.55818,44.322174,12.029814,0.3403727,3.1234915,84.672714,1,2015,1
-125.48294,44.325336,12.575006,0.5857574,1.2461541,80.76444,1,2015,1
-126.028656,44.32556,11.606407,0.6476021,1.3761177,81.22218,1,2015,1
-147.08156,44.33005,10.014939,0.2899329,7.0989084,80.92248,1,2015,1
-125.529015,44.330242,12.293516,0.6444087,1.3102671,77.66091,1,2015,1
-131.8099,44.3407,12.583019,0.23591802,5.618861,85.3041,1,2015,1
-136.15074,44.341637,12.056671,0.28229618,7.4064636,82.31845,1,2015,1
-147.434,44.34201,10.0425825,0.27156147,6.952827,81.14733,1,2015,1
-146.55602,44.343777,10.0950775,0.34772938,7.4346757,83.04704,1,2015,1
-146.98512,44.3439,10.069295,0.321146,7.294779,82.35864,1,2015,1
-125.18421,44.344494,12.700135,0.5411051,1.32,90,1,2015,1
-125.97335,44.349197,11.88907,0.64086765,1.3364506,76.58764,1,2015,1
-124.9721,44.36609,12.831109,0.5087379,1.4029255,97.78356,1,2015,1
-128.78589,44.3697,12.019923,0.34661895,3.3572607,84.187515,1,2015,1
-129.12135,44.376118,12.15216,0.2718283,3.6549282,84.81976,1,2015,1
-132.01213,44.382294,12.510109,0.22255875,5.672742,86.15905,1,2015,1
-129.9765,44.401115,12.490478,0.25732422,4.392562,82.01747,1,2015,1
-132.3082,44.404324,12.4715,0.2945095,5.8981524,86.98721,1,2015,1
-129.57373,44.407993,12.433123,0.25142404,4.2010713,83.02723,1,2015,1
-135.94423,44.42189,12.132153,0.27375382,7.5413527,82.68651,1,2015,1
-129.33623,44.42376,12.320942,0.23894474,3.9493036,84.33272,1,2015,1
-144.74593,44.437004,10.582275,0.33477858,7.2889643,81.55863,1,2015,1
-132.50404,44.43719,12.42678,0.31122997,6.0706835,86.60029,1,2015,1
-133.78194,44.441338,12.523044,0.29730523,6.315774,84.822,1,2015,1
-133.6886,44.447704,12.550467,0.34944904,6.2624674,85.14518,1,2015,1
-135.6952,44.46533,12.360961,0.31195354,7.491762,82.63783,1,2015,1
-134.0605,44.472607,12.501606,0.3002811,6.39732,83.80817,1,2015,1
-133.42007,44.474182,12.511622,0.31694224,6.218553,85.57303,1,2015,1
-134.26225,44.482742,12.566844,0.28794187,6.5166326,83.92197,1,2015,1
-132.77275,44.48353,12.339226,0.2755264,6.161729,86.46427,1,2015,1
-133.24142,44.491154,12.435233,0.2843273,6.2078176,85.65793,1,2015,1
-133.16595,44.500156,12.173096,0.2420362,6.0777383,84.52392,1,2015,1
-134.46028,44.50126,12.185142,0.28350323,6.612299,82.789,1,2015,1
-132.97906,44.501415,12.103887,0.25386629,5.9655175,83.74466,1,2015,1
-129.66788,44.504387,12.152641,0.2735402,4.214736,82.63892,1,2015,1
-129.35576,44.50477,12.000397,0.2727314,3.963395,83.77156,1,2015,1
-129.8702,44.50705,12.234654,0.28447622,4.398295,81.50144,1,2015,1
-135.53741,44.50873,12.203876,0.30877134,7.5066504,81.80513,1,2015,1
-135.49231,44.509254,12.298504,0.299559,7.3923,81.442406,1,2015,1
-125.15022,44.51205,12.516182,0.54439014,1.471224,87.6627,1,2015,1
-134.5612,44.51972,12.151079,0.29655305,6.832108,81.66828,1,2015,1
-145.8526,44.522686,10.13852,0.36948818,7.241996,84.612175,1,2015,1
-130.01662,44.526577,12.224651,0.2979763,4.5562377,79.503944,1,2015,1
-135.19601,44.530373,12.272272,0.27622432,7.252379,81.35595,1,2015,1
-134.98741,44.537243,12.218139,0.32339248,7.1322436,81.29048,1,2015,1
-128.96402,44.54743,11.670187,0.3571588,3.4279149,84.139725,1,2015,1
-129.01881,44.54863,11.832896,0.338297,3.645888,84.64906,1,2015,1
-145.18486,44.589954,10.383605,0.2787125,7.2668285,81.13395,1,2015,1
-146.00146,44.5939,10.1676,0.3270114,7.252896,84.54095,1,2015,1
-125.26116,44.608128,12.229073,0.56586635,1.4697279,80.60177,1,2015,1
-145.73088,44.654594,10.215087,0.3355953,7.224971,84.36043,1,2015,1
-125.53674,44.695187,11.917431,0.63437146,1.3891724,80.46987,1,2015,1
-134.22871,44.701313,12.198132,0.34519634,6.4900618,83.63056,1,2015,1
-125.78735,44.72643,11.617527,0.6658784,1.4342245,85.601295,1,2015,1
-145.4733,44.73678,10.312386,0.29248005,7.3318076,82.555115,1,2015,1
-133.9892,44.74753,12.309826,0.31571856,6.334477,84.0194,1,2015,1
-125.05615,44.750557,12.416459,0.59246624,1.570796,88.17591,1,2015,1
-125.95689,44.752773,11.659355,0.63750255,1.5615697,87.430756,1,2015,1
-145.4154,44.755444,10.094846,0.30282906,7.3242745,83.02053,1,2015,1
-145.14432,44.75699,10.121659,0.28093773,7.2662644,81.691475,1,2015,1
-129.91328,44.761597,12.054706,0.28633532,4.5229416,81.224945,1,2015,1
-125.73063,44.762238,11.860233,0.6288566,1.5047923,85.42608,1,2015,1
-126.029945,44.76279,11.500255,0.6030713,1.750457,88.69061,1,2015,1
-129.44926,44.76972,11.784577,0.34162623,4.1291766,83.184784,1,2015,1
-133.89,44.778526,12.063067,0.3208947,6.3941536,84.07542,1,2015,1
-144.9997,44.778908,10.219189,0.27596527,7.2988286,82.12524,1,2015,1
-126.305336,44.80654,11.580266,0.5505089,1.7713836,87.735245,1,2015,1
-133.50746,44.80761,12.085933,0.3147852,6.3156395,83.91027,1,2015,1
-129.50964,44.812683,11.987859,0.30600816,4.32903,82.3004,1,2015,1
-126.50753,44.8138,11.679223,0.5164971,1.9358202,85.55589,1,2015,1
-133.45767,44.81773,12.064131,0.2723478,6.2162127,83.812485,1,2015,1
-126.75776,44.856518,11.745206,0.54375786,1.933727,83.16899,1,2015,1
-127.090485,44.87549,11.745961,0.5661522,2.0096018,81.99086,1,2015,1
-125.25955,44.900066,12.0545025,0.5537778,1.6070158,84.64417,1,2015,1
-127.28247,44.905254,11.573334,0.6034955,2.1965883,85.56129,1,2015,1
-130.34616,44.930603,12.141777,0.3505723,4.8310766,77.68988,1,2015,1
-130.63245,44.940826,12.14859,0.22238618,4.935504,79.96512,1,2015,1
-130.20993,44.954105,12.116286,0.302525,4.669047,80.13419,1,2015,1
-127.53119,44.955765,11.410755,0.5830959,2.40075,88.5679,1,2015,1
-129.07002,44.982613,11.570821,0.45598432,3.7682092,84.36505,1,2015,1
-130.75443,44.98753,12.101161,0.24916641,5.1342964,80.92294,1,2015,1
-133.21931,44.989433,12.027682,0.3012598,6.051793,83.262505,1,2015,1
-127.77408,44.990364,11.319787,0.6567951,2.6601691,89.353836,1,2015,1
-130.96777,45.00048,11.992383,0.27722818,5.164959,82.43468,1,2015,1
-128.9605,45.001846,11.335264,0.48857883,3.7038493,85.04366,1,2015,1
-128.07857,45.00482,11.216229,0.60873574,2.8201597,89.390495,1,2015,1
-131.04732,45.00544,11.954556,0.28112957,5.3595614,83.0341,1,2015,1
-144.6097,45.005577,9.998086,0.3020556,7.123405,81.767525,1,2015,1
-144.90408,45.00642,9.923408,0.2992317,7.204249,82.34229,1,2015,1
-133.1394,45.01653,11.867156,0.28496838,6.09631,82.93327,1,2015,1
-128.29434,45.0222,11.094048,0.608587,3.1104019,89.078926,1,2015,1
-145.0073,45.024174,9.866019,0.3313824,7.1047096,82.88499,1,2015,1
-128.55302,45.0444,11.150779,0.55078536,3.3244848,84.649536,1,2015,1
-132.95395,45.049652,11.823015,0.2978434,6.1053176,82.28133,1,2015,1
-144.47957,45.05192,10.061823,0.31473973,7.0768356,81.5493,1,2015,1
-132.71756,45.094723,11.783521,0.2727132,6.0927496,82.45507,1,2015,1
-132.45018,45.145184,11.789928,0.26689857,6.0233626,82.36764,1,2015,1
-132.24942,45.15972,11.791169,0.26586536,5.9052944,80.840744,1,2015,1
-130.74962,45.161606,12.013418,0.25513607,4.9441886,81.509346,1,2015,1
-144.00792,45.19404,10.197797,0.3062429,7.3143487,83.01101,1,2015,1
-131.99083,45.22458,11.803724,0.28934813,5.71812,79.92817,1,2015,1
-143.99944,45.25117,9.963646,0.32013416,7.251179,83.18861,1,2015,1
-130.87221,45.254616,11.987806,0.25962543,5.2532372,83.55141,1,2015,1
-131.8381,45.261765,11.870701,0.29524243,5.854921,79.66889,1,2015,1
-144.08626,45.267094,9.869901,0.36851758,7.1559906,83.500656,1,2015,1
-131.6916,45.310738,11.880898,0.3430448,5.7348495,81.375374,1,2015,1
-131.46436,45.334213,11.933929,0.30122644,5.61172,81.49448,1,2015,1
-131.21504,45.35555,11.977937,0.2727795,5.459029,82.31519,1,2015,1
-143.71805,45.37715,9.870187,0.31200853,7.1924195,83.77417,1,2015,1
-123.875,25.625,20.5058174133301,0.0728497430682182,4.56799737302902,225.354768094644,0,2015,1
-151.625,45.875,7.86919832229614,0.369640231132507,4.69038377960695,90.7329550623651,0,2015,1
-141.375,48.375,9.28237915039062,0.574823915958405,6.38019592175664,90.4490172927183,0,2015,1
-122.375,25.625,20.2618503570557,0.0747360214591026,4.23869083562366,227.198924648947,0,2015,1
-151.125,43.375,9.35940837860107,0.277166485786438,5.99420553534828,72.9253813093316,0,2015,1
-118.375,26.125,20.8591041564941,0.0908960327506065,3.84896089873618,252.459489449145,0,2015,1
-150.125,44.375,9.11549854278564,0.359554171562195,5.61711669809343,79.3302171955033,0,2015,1
-143.125,42.375,11.3531618118286,0.333074927330017,7.45332811568094,83.1419615534911,0,2015,1
-139.375,50.625,8.48375415802002,0.341871917247772,5.48820553550976,93.1335024327596,0,2015,1
-117.125,30.375,17.6156425476074,0.20760615170002,3.14416920664267,295.83157486648,0,2015,1
-148.375,50.375,6.65331745147705,0.528295457363129,3.66390502060302,112.295076059351,0,2015,1
-139.875,31.375,18.7218780517578,0.0722947865724564,4.46884772620415,117.883940230929,0,2015,1
-140.125,50.625,8.29886913299561,0.599148154258728,5.46823554723093,93.144957464698,0,2015,1
-117.875,31.375,17.3323135375977,0.194623485207558,2.90291233074649,295.505773800793,0,2015,1
-122.875,25.375,20.6360282897949,0.0761077329516411,4.25687678938444,225.380697251427,0,2015,1
-135.125,30.125,19.7973480224609,0.0738963857293129,4.24420781772052,142.563103253142,0,2015,1
-128.375,39.875,14.0833311080933,0.338717848062515,0.6200806399171,89.0759546472273,0,2015,1
-116.375,27.125,20.1050987243652,0.197217002511024,4.43704856858701,266.770029818352,0,2015,1
-143.875,49.875,8.1315393447876,0.537859678268433,5.3556418849658,98.2662684605204,0,2015,1
-152.125,46.125,7.64582395553589,0.307037651538849,4.46794136040302,95.1363784924278,0,2015,1
-123.125,25.375,20.488697052002,0.0747712254524231,4.3166885456331,227.253098080267,0,2015,1
-137.375,29.375,20.0501537322998,0.0673104003071785,4.23426498934585,140.558261746306,0,2015,1
-147.875,50.875,6.99658012390137,0.415170341730118,3.82027485922152,119.651868749569,0,2015,1
-122.125,26.875,19.7531661987305,0.098436251282692,4.3840164233269,232.97327123257,0,2015,1
-136.875,28.375,20.3470039367676,0.0672474056482315,4.33626567451765,150.124007308311,0,2015,1
-120.875,35.375,14.9796152114868,1.53241789340973,1.67026943934205,250.046200779643,0,2015,1
-130.625,30.375,19.4112110137939,0.0764931365847588,3.71389283636456,182.623577892784,0,2015,1
-124.625,27.625,19.4168434143066,0.0727038010954857,4.43846820423443,231.219229688791,0,2015,1
-146.625,46.125,8.97415351867676,0.342481523752213,5.80311123450171,88.1237402549987,0,2015,1
-118.625,25.875,20.8659400939941,0.0926518142223358,3.93405643070864,251.01237591213,0,2015,1
-136.125,29.125,20.2796783447266,0.0686999559402466,4.37385413565656,146.564255760338,0,2015,1
-123.875,45.875,11.5552005767822,5.12539720535278,1.65314851117496,113.153081564114,0,2015,1
-147.625,48.125,7.46975135803223,0.424646407365799,4.30094175733641,98.8271885893262,0,2015,1
-143.125,48.625,8.63019180297852,0.529818534851074,5.98769571705176,94.4060443814077,0,2015,1
-136.625,49.375,9.30356216430664,0.223430886864662,6.01067383909658,89.142057446346,0,2015,1
-116.625,30.875,17.5850524902344,0.290297329425812,2.39008368054342,307.349349044641,0,2015,1
-143.875,38.875,14.1832571029663,0.334476351737976,7.76861635041917,76.375177162531,0,2015,1
-123.625,25.125,20.4843788146973,0.0720408484339714,4.55484357579928,223.754635733232,0,2015,1
-137.625,50.125,8.88081932067871,0.220430418848991,5.69337334099917,93.9278763263881,0,2015,1
-138.125,49.625,8.9934024810791,0.245084419846535,5.72105759453617,91.1017061152064,0,2015,1
-147.125,45.625,9.13574314117432,0.358870893716812,5.86884997252443,85.4066155369912,0,2015,1
-142.875,42.625,11.3218698501587,0.30334061384201,7.47621562021856,83.6259555079478,0,2015,1
-145.125,48.625,8.61881542205811,0.339502364397049,5.41335385874598,96.3635682356422,0,2015,1
-133.125,26.375,20.782377243042,0.0751643925905228,5.46479642804743,174.539787407852,0,2015,1
-114.375,26.875,20.3010520935059,0.171304419636726,3.26730776022094,287.270335406733,0,2015,1
-117.875,33.625,16.5281467437744,0.662052392959595,0.555427763079953,246.66595872329,0,2015,1
-151.125,48.875,6.33557510375977,0.469239294528961,3.00193271077151,122.207697972859,0,2015,1
-119.625,32.625,17.0654640197754,0.159827023744583,2.7994642344563,299.770267108092,0,2015,1
-133.375,49.125,9.79307842254639,0.608816564083099,5.89923723883012,86.7932325151656,0,2015,1
-115.375,28.875,18.3285961151123,0.382418543100357,2.96502951081435,296.65147008517,0,2015,1
-145.625,50.875,7.45376968383789,0.160713419318199,4.48268892518765,104.997283830557,0,2015,1
-117.625,31.375,17.4291248321533,0.203552797436714,2.94735474620888,297.260565170424,0,2015,1
-122.625,26.875,19.8005867004395,0.0850612670183182,4.3370266312302,230.989447747122,0,2015,1
-127.875,39.125,13.7024803161621,0.380697578191757,0.660681466366357,267.3974377975,0,2015,1
-139.875,49.125,8.92341041564941,0.565539836883545,5.89041594456622,89.319097494981,0,2015,1
-147.875,45.125,9.25905799865723,0.321388393640518,5.91433850908113,81.5410875998294,0,2015,1
-157.875,39.875,11.1851205825806,0.401418387889862,5.80056031776241,20.5907278905973,0,2015,1
-151.875,47.875,6.59007358551025,0.297685950994492,2.90449651402786,122.486321886355,0,2015,1
-156.125,44.375,8.29926300048828,0.593427240848541,2.76660441697038,31.851716734922,0,2015,1
-142.125,49.625,8.48208236694336,0.627804458141327,5.51928437390211,93.3237890619362,0,2015,1
-133.375,27.625,20.740234375,0.0776408165693283,4.96782648650293,169.210307049637,0,2015,1
-153.375,39.375,12.5504026412964,0.314983129501343,7.62686042877408,43.0873081687184,0,2015,1
-148.625,49.125,6.61984205245972,0.331026762723923,3.73995989283308,111.488476364334,0,2015,1
-126.125,26.625,20.6677398681641,0.0732912719249725,4.89813229711081,216.448784758715,0,2015,1
-137.875,29.625,19.9057998657227,0.0682923719286919,4.42831796509691,133.352971338741,0,2015,1
-127.875,39.375,13.7389030456543,0.42825835943222,0.602992537267253,275.7105931375,0,2015,1
-130.875,31.125,18.9871788024902,0.0724925622344017,3.51513868858684,176.901543032876,0,2015,1
-145.625,45.625,9.62925434112549,0.361729055643082,6.1694894440302,85.4445935004942,0,2015,1
-138.375,49.625,9.00475692749023,0.136523723602295,5.75251249455401,91.6934688703158,0,2015,1
-156.875,40.375,11.1360473632812,0.346164524555206,6.14056186354311,25.9808464320365,0,2015,1
-118.125,31.125,17.4303569793701,0.169872954487801,3.17001577283142,292.439121763631,0,2015,1
-142.625,29.125,20.2742729187012,0.0709873661398888,3.44576551726899,120.1367469689,0,2015,1
-149.875,45.125,9.08633804321289,0.373883813619614,5.3861396194306,84.3529159214854,0,2015,1
-155.625,40.875,10.3241491317749,0.383653551340103,5.85884800963466,32.5236952813358,0,2015,1
-150.875,43.125,9.66090869903564,0.33100238442421,6.02102981224973,71.8057883297998,0,2015,1
-147.125,46.625,8.42168998718262,0.287276595830917,5.09015716849686,89.5497477399624,0,2015,1
-127.875,25.375,20.658447265625,0.0761130750179291,5.92021114488326,208.556392486463,0,2015,1
-117.125,29.375,17.9417171478271,0.141885414719582,3.29013677527242,290.087253500573,0,2015,1
-140.875,48.875,8.81168937683105,0.551480650901794,5.84085610163442,89.0190037558701,0,2015,1
-158.875,39.875,10.7758407592773,0.406688034534454,5.83661717093044,12.8695331005966,0,2015,1
-148.625,48.875,6.63944578170776,0.232549712061882,3.6843588316015,109.172621960354,0,2015,1
-142.625,46.625,9.57922649383545,0.434956461191177,6.66469054045272,92.1497331475183,0,2015,1
-131.875,31.375,18.6469573974609,0.0707878470420837,3.52171833058807,165.529705899934,0,2015,1
-129.625,50.125,9.57689476013184,0.205643549561501,5.70130686772779,100.81720485907,0,2015,1
-143.625,29.875,19.7877254486084,0.0732883587479591,3.98528543519784,103.199359161124,0,2015,1
-156.625,39.875,11.4381237030029,0.302469283342361,6.40019530951986,29.6893621481238,0,2015,1
-138.125,42.625,12.5870428085327,0.35566371679306,7.49305011327163,82.5619987285674,0,2015,1
-145.875,36.375,16.0006580352783,0.187115490436554,7.88533448878359,68.9677057440724,0,2015,1
-151.625,34.875,15.6407480239868,0.143270537257195,6.81622329446447,47.5566802465189,0,2015,1
-143.375,47.875,9.37828063964844,0.312523424625397,6.44267025386214,94.8079539630305,0,2015,1
-157.375,43.125,9.1810131072998,0.460417002439499,3.77096804547586,16.801116226363,0,2015,1
-135.375,50.125,9.28145313262939,0.265839010477066,5.99,90,0,2015,1
-133.125,49.375,9.59252834320068,0.205764159560204,5.65286652946981,88.1752649085495,0,2015,1
-139.375,30.375,19.5609607696533,0.077020063996315,4.77529056707547,121.99266494425,0,2015,1
-142.625,41.375,12.2056121826172,0.410579711198807,7.63332823871737,81.031275569904,0,2015,1
-146.125,40.375,12.0932579040527,0.603361129760742,7.69910384395483,74.248826336547,0,2015,1
-144.125,38.875,13.9377975463867,0.394188493490219,7.68596773347377,76.0722368937959,0,2015,1
-151.625,35.625,15.1104192733765,0.216508209705353,7.60455784381972,46.6517926189925,0,2015,1
-121.375,35.125,15.2791051864624,0.470385998487473,3.30408837654201,290.738709147522,0,2015,1
-142.625,29.375,20.2561721801758,0.0705131068825722,3.58600055772444,119.209792721506,0,2015,1
-131.875,25.625,21.1278839111328,0.0771403983235359,5.71483158107043,186.329120097833,0,2015,1
-152.125,46.875,7.21577835083008,0.331438034772873,3.53055236471575,106.792509120985,0,2015,1
-151.625,36.125,14.6019229888916,0.243376955389977,7.7154714697159,45.8927125865383,0,2015,1
-132.625,50.375,9.09727382659912,0.246429234743118,5.4011202541695,91.166974854352,0,2015,1
-153.375,37.375,13.3647260665894,0.283324331045151,7.93828696886173,39.7870885833859,0,2015,1
-153.125,43.875,8.96045112609863,0.327453911304474,4.97292670366254,68.2841704044686,0,2015,1
-135.875,29.625,20.0508937835693,0.0700857639312744,4.18884232216969,141.98105740683,0,2015,1
-126.625,43.625,12.0909852981567,0.546522498130798,1.05380263806844,80.7164471947386,0,2015,1
-145.625,43.125,10.6519060134888,0.450177729129791,7.54067636223701,82.1492822033207,0,2015,1
-139.125,26.625,21.6310997009277,0.0635662749409676,4.91907511632014,158.285107291249,0,2015,1
-124.375,44.875,12.4239149093628,0.856371641159058,1.70628250884782,101.836775367863,0,2015,1
-138.375,30.375,19.7916374206543,0.0766511335968971,4.51738862618659,125.449212942798,0,2015,1
-125.625,43.125,12.8230543136597,0.784151613712311,0.192353840616713,351.027373385104,0,2015,1
-156.125,44.125,8.35708427429199,0.54576963186264,3.31421182183638,29.6591092359951,0,2015,1
-118.625,31.875,17.2709732055664,0.191822677850723,2.71459020848451,296.470659533457,0,2015,1
-129.625,25.875,20.6806468963623,0.0745585858821869,5.59607004959731,195.973523429107,0,2015,1
-144.375,38.875,13.7095499038696,0.401174068450928,7.57476072229348,75.3950370855256,0,2015,1
-139.375,26.625,21.6832809448242,0.0645400285720825,4.65004301055377,157.626566992637,0,2015,1
-147.875,49.125,6.92202472686768,0.448506653308868,4.15617612716304,107.214218935297,0,2015,1
-139.375,27.375,21.5270748138428,0.0721702054142952,4.75438744740056,149.821634251532,0,2015,1
-125.375,26.625,19.8658256530762,0.0703123658895493,4.64939781046965,218.274891105662,0,2015,1
-154.375,44.875,8.04487037658691,0.840089023113251,3.18554547919191,65.1243626615895,0,2015,1
-148.375,48.875,6.7642765045166,0.310044765472412,3.93706743655732,108.204846527825,0,2015,1
-137.375,30.125,19.5435848236084,0.067747637629509,4.29031467377394,132.165888983693,0,2015,1
-140.375,28.875,20.7854995727539,0.0733682364225388,4.86466853958212,130.665169512091,0,2015,1
-131.625,42.125,13.0873994827271,0.678625106811523,4.3,90,0,2015,1
-149.375,46.125,8.37329769134521,0.227660238742828,4.86050408908376,90.8251907929549,0,2015,1
-124.625,37.375,14.4857368469238,0.7744100689888,3.57761093468812,283.414754303006,0,2015,1
-153.125,43.375,8.97568702697754,0.289540141820908,5.19954805728344,61.5126623107808,0,2015,1
-153.625,40.875,10.6368198394775,0.322771966457367,5.83723393397935,42.9867954566026,0,2015,1
-149.375,44.625,9.2428092956543,0.275266081094742,5.84811935582714,81.2463889882001,0,2015,1
-118.625,26.125,20.8338851928711,0.0954785943031311,3.89005141354199,254.034372539355,0,2015,1
-148.125,46.375,8.34573459625244,0.2251355946064,4.96036288995069,90.6930603027113,0,2015,1
-124.125,44.375,12.399169921875,2.30086088180542,1.94280724725846,128.521635420227,0,2015,1
-122.875,37.125,14.5746078491211,0.621508717536926,3.84075513408496,282.480265687854,0,2015,1
-141.125,41.875,12.4058265686035,0.365248143672943,7.57449668294864,78.0373214799811,0,2015,1
-143.125,42.625,11.3119335174561,0.295779407024384,7.47200107066373,83.2364064172305,0,2015,1
-116.375,27.375,19.5817070007324,0.312256127595901,4.2005832928297,269.045158746128,0,2015,1
-139.125,46.625,9.85919952392578,0.363994210958481,6.49345824657401,83.3674853848615,0,2015,1
-142.375,30.125,20.2511901855469,0.0744361951947212,4.62087654022481,113.735875339448,0,2015,1
-148.375,46.875,8.14060115814209,0.213226050138474,4.7659836340466,94.6937566484371,0,2015,1
-139.875,28.125,21.2258148193359,0.0785067155957222,4.85279301021587,139.680443618253,0,2015,1
-154.375,45.125,7.9168496131897,0.531328201293945,2.92617497767991,73.113208876056,0,2015,1
-148.875,48.375,6.80912113189697,0.366743862628937,3.78272388630204,107.381131926234,0,2015,1
-138.875,28.875,20.3003883361816,0.0721502080559731,4.4784483920215,136.900110965577,0,2015,1
-125.875,42.875,12.689998626709,0.701900005340576,0.2343074902772,309.805571092265,0,2015,1
-147.625,47.375,7.84615659713745,0.261716097593307,4.52,90,0,2015,1
-139.875,27.125,21.5711612701416,0.0720386654138565,4.59723830141532,147.796453714706,0,2015,1
-139.875,49.625,8.73330402374268,0.362930178642273,5.64014184218801,90.406346233309,0,2015,1
-155.125,43.375,8.95094966888428,0.539672613143921,4.33816781602556,42.664598477616,0,2015,1
-130.625,30.125,19.4531879425049,0.0746719017624855,3.77641364259796,183.339732732148,0,2015,1
-136.875,27.625,20.848014831543,0.0711724013090134,4.84332530396214,153.382044147733,0,2015,1
-117.875,25.875,20.9000186920166,0.0908708795905113,3.81057738407187,251.327310717785,0,2015,1
-134.625,27.375,20.9640674591064,0.071973517537117,5.07027612660297,164.675503981499,0,2015,1
-144.125,40.625,12.2900266647339,0.442713260650635,7.9673897858709,75.6846925372168,0,2015,1
-144.375,39.125,13.4528150558472,0.431469947099686,7.73592269868307,77.077551092956,0,2015,1
-124.875,26.875,19.7143688201904,0.0726029053330421,4.50095545412305,222.659023217027,0,2015,1
-124.125,26.625,19.9152336120605,0.0721796900033951,4.63691707926722,229.197668357161,0,2015,1
-123.875,46.625,10.260199546814,12.2286853790283,1.67107749670684,128.927543592792,0,2015,1
-119.125,31.375,17.9489116668701,0.118989251554012,3.25161498335827,292.22678438565,0,2015,1
-135.125,50.625,9.14557552337646,0.720157444477081,5.67000881833529,90.1010506527452,0,2015,1
-126.875,27.625,19.0968647003174,0.0704492479562759,4.5664209179619,216.091947573926,0,2015,1
-142.875,39.125,14.1443042755127,0.264793425798416,7.86437537252642,79.0044053072056,0,2015,1
-118.375,32.375,17.0882205963135,0.172230064868927,2.30341051486703,300.238532233014,0,2015,1
-128.625,37.625,15.2404270172119,0.17743769288063,0.580517010948,222.207297634287,0,2015,1
-135.125,27.375,21.065221786499,0.0715930014848709,4.76714799434631,163.047490959988,0,2015,1
-134.625,27.625,20.8266983032227,0.0724705159664154,4.9361726063824,165.091013636133,0,2015,1
-143.125,38.875,14.2800493240356,0.278178870677948,7.72394976679678,77.8171673750622,0,2015,1
-141.125,50.375,8.23496913909912,0.266691446304321,5.59228933443183,91.6395031321873,0,2015,1
-144.875,47.875,9.01010036468506,0.357220381498337,5.93165238361116,91.3524315888372,0,2015,1
-125.625,44.125,12.609938621521,0.644292414188385,1.14284732138637,74.2611985625505,0,2015,1
-150.125,49.125,6.56895351409912,0.439053475856781,2.95705935009766,118.038294113467,0,2015,1
-128.125,26.125,20.3175582885742,0.0781236961483955,5.45600586509949,206.565051177078,0,2015,1
-117.625,27.125,19.7967281341553,0.229469388723373,3.77482449923172,261.161518333732,0,2015,1
-154.625,40.125,11.0908718109131,0.285971224308014,6.54200275145158,36.9224464964536,0,2015,1
-153.125,45.125,8.07907199859619,0.464137762784958,4.07590480752434,79.6825803957076,0,2015,1
-142.125,46.875,9.64535522460938,0.478346318006516,6.43012441559259,90.3564232686575,0,2015,1
-133.875,31.625,18.7227306365967,0.0696114897727966,3.50844694986257,144.044666534411,0,2015,1
-146.125,40.125,12.5771732330322,0.447237998247147,7.70580300812316,73.0230033860159,0,2015,1
-128.625,39.625,14.3766393661499,0.315848350524902,0.975141015443407,95.8859878330283,0,2015,1
-137.375,43.375,12.3993663787842,0.319034188985825,7.4896862417594,84.0991067136111,0,2015,1
-149.875,47.625,7.31301689147949,0.235788345336914,3.82644743855185,100.693241081916,0,2015,1
-146.125,50.875,7.36381721496582,0.178379192948341,4.35109181700409,104.100118335013,0,2015,1
-152.375,37.875,13.0448789596558,0.27442279458046,7.45553485673563,46.5217311126482,0,2015,1
-155.125,41.125,10.0332956314087,0.307473599910736,5.41967711215345,34.2471737200942,0,2015,1
-121.625,35.875,15.0226287841797,0.717599272727966,1.84141250131523,261.253837737445,0,2015,1
-115.625,28.875,18.423942565918,0.269632875919342,3.21810503246864,291.702224739185,0,2015,1
-137.875,28.375,20.3368473052979,0.0696957856416702,4.61410879802373,150.101098161385,0,2015,1
-142.125,40.625,13.1509923934937,0.358911246061325,7.64966012316887,82.2618205109953,0,2015,1
-153.875,40.875,10.5371503829956,0.301778227090836,5.72717207703767,40.1129901650785,0,2015,1
-130.375,27.125,20.5612964630127,0.0748419761657715,5.0445713395689,188.435291452901,0,2015,1
-155.875,44.375,8.34232139587402,0.542818367481232,3.08209344439782,36.423735765856,0,2015,1
-152.875,43.375,9.0704460144043,0.276841938495636,5.26826347101206,61.0510295930241,0,2015,1
-150.125,48.125,7.16907739639282,0.2610042989254,3.46953887425981,107.442687222921,0,2015,1
-137.375,26.875,20.8927097320557,0.0685704275965691,4.77545809320949,160.806211052809,0,2015,1
-155.875,38.125,12.6069955825806,0.309240907430649,6.92739489274287,28.6368632491252,0,2015,1
-154.875,40.625,10.4431066513062,0.345693469047546,5.87150747253208,33.6088737501273,0,2015,1
-154.875,39.875,11.3123846054077,0.308457642793655,6.65613251070019,36.5083605663344,0,2015,1
-145.875,48.125,8.21791744232178,0.245986104011536,5.27189719171381,95.2239475962684,0,2015,1
-138.625,26.875,21.5385456085205,0.0675721615552902,5.00820327063509,158.198590513648,0,2015,1
-148.375,39.625,12.7594833374023,0.289182037115097,7.45177831124893,65.6705857190683,0,2015,1
-114.625,26.375,20.610179901123,0.14506059885025,3.04844222513729,288.553819564222,0,2015,1
-154.375,42.125,10.1932430267334,0.343814939260483,5.65561667725103,41.1287437680144,0,2015,1
-152.375,36.125,14.4412670135498,0.268366694450378,7.69332177930964,45,0,2015,1
-135.875,26.375,21.3398036956787,0.0677663162350655,5.4345653000033,168.214509003042,0,2015,1
-136.125,49.375,9.52089881896973,0.189881533384323,6.11160371751965,88.6873967625365,0,2015,1
-153.375,39.875,12.1558904647827,0.305823773145676,7.40908226435636,42.7574715431638,0,2015,1
-144.875,29.625,19.9317855834961,0.0743056610226631,3.41989765928748,94.3601569556674,0,2015,1
-144.625,46.625,9.10770606994629,0.389008641242981,6.20012903091541,89.630354938153,0,2015,1
-136.375,28.125,20.8132553100586,0.0698268562555313,4.90407993409569,147.152456734761,0,2015,1
-154.125,46.375,7.13071250915527,0.298374861478806,2.37598400668018,110.189131450237,0,2015,1
-143.125,46.625,9.4301061630249,0.392662525177002,6.738582937087,92.8921273559928,0,2015,1
-124.125,25.375,20.5446949005127,0.0723297297954559,4.77385588387417,223.896662130757,0,2015,1
-127.125,40.125,13.9465446472168,0.416573345661163,1.17881296226331,284.743562836471,0,2015,1
-115.375,28.125,18.7852916717529,0.746299564838409,3.67766230097327,275.617580590127,0,2015,1
-143.375,47.125,9.42914390563965,0.518492519855499,6.73438935613319,93.7461620496036,0,2015,1
-142.375,30.625,19.7743492126465,0.0781455039978027,4.62649975683561,108.787413286949,0,2015,1
-152.375,45.875,7.87752962112427,0.331960499286652,4.4407206622349,88.9677553084343,0,2015,1
-158.625,40.625,10.5447969436646,0.442580789327621,5.5399007211321,13.3589606343609,0,2015,1
-156.375,41.625,9.76295375823975,0.483014434576035,5.1964026018006,28.8832527459678,0,2015,1
-142.625,30.625,19.8003063201904,0.0772881358861923,4.68965883620547,105.458712349761,0,2015,1
-141.125,29.125,20.390983581543,0.0722128376364708,4.82403358197266,126.656108415967,0,2015,1
-132.125,29.625,19.6974315643311,0.0763817429542542,4.26160767786055,168.769168874039,0,2015,1
-135.875,49.625,9.49927234649658,0.219914302229881,6.12013071755825,89.6255231132772,0,2015,1
-139.625,48.625,9.35180854797363,0.457336217164993,6.02029899589713,89.4289646268852,0,2015,1
-136.625,50.125,9.0293607711792,0.201026380062103,5.83493787456216,92.3573288460819,0,2015,1
-117.375,29.375,18.0167045593262,0.130837067961693,3.45081149876373,289.642655290259,0,2015,1
-129.125,25.875,20.5632801055908,0.0755884498357773,5.70898414781474,199.545808105873,0,2015,1
-144.875,29.125,20.6298866271973,0.0768788233399391,3.48565632270309,95.432539867377,0,2015,1
-145.125,46.375,9.02417373657227,0.339142352342606,5.7117160293558,88.595481199487,0,2015,1
-145.625,50.375,7.39075231552124,0.482237696647644,4.66769750519461,101.743253637139,0,2015,1
-145.125,50.625,7.58574485778809,0.281590044498444,4.77797028035964,102.203636515265,0,2015,1
-140.125,34.125,17.4289207458496,0.0721996799111366,5.34724227990466,96.7661748225531,0,2015,1
-130.375,27.875,20.2462825775146,0.0758848488330841,4.74071724531215,187.51477754422,0,2015,1
-140.625,49.625,8.74198436737061,0.535500764846802,5.6610688036801,91.1133820542181,0,2015,1
-116.875,25.875,20.2152004241943,0.152777448296547,3.96608118928496,254.947607667272,0,2015,1
-136.375,30.375,19.6340065002441,0.0668572187423706,4.09684024584801,137.077174765163,0,2015,1
-148.625,46.375,8.28312397003174,0.225572407245636,4.87124214138447,91.2939351653529,0,2015,1
-158.125,39.375,11.1464490890503,0.35897621512413,5.85352030832729,18.8373436837249,0,2015,1
-133.125,30.125,19.4212341308594,0.0751634836196899,4.10780963531661,161.697373758252,0,2015,1
-138.375,39.875,14.6034336090088,0.191981792449951,7.53016600082628,82.7522948032591,0,2015,1
-143.625,47.875,9.23369789123535,0.38787168264389,6.32756667290041,95.350190408511,0,2015,1
-145.875,35.375,16.941951751709,0.129344508051872,7.60327560989341,70.5641452097177,0,2015,1
-133.375,28.625,20.152364730835,0.0725318044424057,4.4148046389393,168.104657898397,0,2015,1
-118.125,25.375,21.2032089233398,0.0864696130156517,3.75105318544006,248.085133672808,0,2015,1
-147.875,47.875,7.52950859069824,0.361108392477036,4.348356011184,99.39733647463,0,2015,1
-152.625,39.125,12.4469022750854,0.271149873733521,7.574569294686,46.1233027140754,0,2015,1
-137.375,30.875,19.1187763214111,0.0704258009791374,4.28546380220391,128.367485384862,0,2015,1
-147.125,40.125,12.4636116027832,0.388783782720566,7.61491300015962,69.8754703221026,0,2015,1
-142.875,27.875,21.4057540893555,0.0815139785408974,3.51069793630839,116.929987512809,0,2015,1
-136.875,49.875,9.00799179077148,0.186336129903793,5.82772682956228,92.9507791090064,0,2015,1
-121.625,26.375,19.9316177368164,0.0977229699492455,4.1282562904936,233.768546339882,0,2015,1
-143.125,31.125,19.6446514129639,0.0840180963277817,4.43948195175969,93.7453954790952,0,2015,1
-141.625,27.375,21.4769306182861,0.0710746422410011,4.52627882481846,133.925830001627,0,2015,1
-125.125,46.125,12.1268548965454,0.609962403774261,2.14002336435844,90.2677353387022,0,2015,1
-154.125,40.125,11.3954849243164,0.311419457197189,6.70788342176577,39.9805528869009,0,2015,1
-140.875,28.875,20.7332649230957,0.0733285695314407,4.89939792219411,130.778876744775,0,2015,1
-132.875,27.375,20.6382331848145,0.0863518118858337,5.05572942313965,173.184231666051,0,2015,1
-131.125,29.625,19.4830989837646,0.0742729157209396,4.01001246880854,179.857118053013,0,2015,1
-153.125,39.375,12.5028495788574,0.279745757579803,7.77118395098199,44.739329462236,0,2015,1
-130.375,27.375,20.5478363037109,0.0733088850975037,4.9101527471149,188.196111287525,0,2015,1
-128.125,36.875,15.5199213027954,0.186735853552818,1.14232219623012,249.502659451998,0,2015,1
-149.125,48.625,6.66021299362183,0.433588892221451,3.52930588076466,107.818888914523,0,2015,1
-146.875,45.875,9.07796955108643,0.347659558057785,5.86767415591561,87.0693274944331,0,2015,1
-122.375,36.375,14.9511737823486,0.675925135612488,4.5124826869474,285.422161318739,0,2015,1
-118.875,32.625,17.033670425415,0.15746708214283,2.21776914939315,300.033280435995,0,2015,1
-151.375,44.125,9.06382465362549,0.329434365034103,5.56318254239424,77.4376794581448,0,2015,1
-142.375,29.375,20.3503093719482,0.0679967477917671,3.92593937803426,119.111304505618,0,2015,1
-153.375,37.125,13.7856225967407,0.320290416479111,8.1394655844226,40.1660872059377,0,2015,1
-138.375,26.625,21.3331909179688,0.0671063661575317,5.24752322529401,160.287418593476,0,2015,1
-136.375,27.125,21.2705135345459,0.0714239776134491,4.98262982771147,158.945977223014,0,2015,1
-143.375,48.875,8.33797264099121,0.490021765232086,5.61773085862967,96.6442946592821,0,2015,1
-153.375,44.625,8.34275913238525,0.704414069652557,4.17528442144963,70.2630985044991,0,2015,1
-153.375,48.375,6.06708240509033,0.340451687574387,2.67419146659322,142.444471304168,0,2015,1
-137.875,44.125,12.191596031189,0.276998370885849,7.68901814278,80.7949374208057,0,2015,1
-119.375,31.875,17.4789218902588,0.131217882037163,3.10543072696848,292.93210043759,0,2015,1
-116.625,31.625,16.6638298034668,1.02216672897339,0.892860571421988,285.592810939266,0,2015,1
-124.125,26.875,19.7165985107422,0.0716689750552177,4.63691707926722,229.197668357161,0,2015,1
-152.125,44.125,9.02486896514893,0.379701197147369,5.50563347853814,73.53998518796,0,2015,1
-148.875,46.125,8.41990947723389,0.223234891891479,4.82009336009169,90.3566081307251,0,2015,1
-143.375,50.375,8.02875328063965,0.239612087607384,5.48624643996239,98.9129039439606,0,2015,1
-134.625,50.125,9.37814426422119,0.321314930915833,5.81069703219846,89.1125287847702,0,2015,1
-145.625,40.875,11.7468605041504,0.598277807235718,7.43379445505457,76.2254646347365,0,2015,1
-132.875,51.125,9.25407028198242,3.53220438957214,5.44367522910763,92.105514188856,0,2015,1
-131.875,50.875,9.53971099853516,0.244516938924789,5.76031249152335,90.5968094512292,0,2015,1
-136.125,29.375,20.0981407165527,0.0686793178319931,4.17455386837923,144.063444082977,0,2015,1
-154.375,46.625,6.77543687820435,0.295625597238541,2.17882996124067,118.211704268684,0,2015,1
-136.625,32.625,17.839319229126,0.0678705796599388,3.86186483450677,125.089255199845,0,2015,1
-119.125,33.125,16.5893840789795,0.236152365803719,2.0349447166938,308.615836060488,0,2015,1
-150.875,45.625,8.45302963256836,0.304900676012039,4.97579139434121,87.2353494212806,0,2015,1
-140.125,47.125,9.49530124664307,0.36348494887352,6.25582928155812,87.5263603617225,0,2015,1
-154.125,39.125,12.2426118850708,0.366533279418945,7.01787004724368,40.2027987401394,0,2015,1
-122.375,37.625,13.3132362365723,5.76633882522583,0.871320836431679,238.134022306396,0,2015,1
-144.625,38.375,14.1752252578735,0.340555757284164,7.73450063029282,73.087893168209,0,2015,1
-142.875,30.125,20.0992107391357,0.0773821696639061,4.37030891356664,108.68369883535,0,2015,1
-137.625,48.125,9.71688842773438,0.28435093164444,6.04134091075814,86.4887408241392,0,2015,1
-134.875,29.625,19.6745853424072,0.0764423459768295,3.94452785514312,147.317138477529,0,2015,1
-140.125,47.375,9.44338798522949,0.415760904550552,6.08138964382319,88.7751124056429,0,2015,1
-145.875,45.875,9.30539703369141,0.407104313373566,6.15552597265254,84.7802898262872,0,2015,1
-156.875,44.125,8.15913581848145,0.505388259887695,2.73651237892322,16.7794622838027,0,2015,1
-135.125,27.625,20.9491233825684,0.0707151219248772,4.74713597867177,160.68716989514,0,2015,1
-125.875,42.625,12.785927772522,0.635809361934662,0.560802995712398,291.991129917177,0,2015,1
-140.625,49.125,8.71796226501465,0.635923206806183,5.72000874125206,89.8998326553487,0,2015,1
-128.125,38.625,14.4376487731934,0.319981098175049,0.502493781056044,238.840695491656,0,2015,1
-133.125,25.875,20.9369678497314,0.0725703835487366,5.59228933443183,178.360496867813,0,2015,1
-138.875,30.625,19.3374900817871,0.0729761719703674,4.57930125674212,121.607502246249,0,2015,1
-147.625,45.625,8.99485492706299,0.37228125333786,5.62427773140694,83.6710581615664,0,2015,1
-144.375,29.875,19.5223083496094,0.0722028836607933,3.41973683197991,97.561428427667,0,2015,1
-155.375,43.125,9.22223281860352,0.514578759670258,4.40478149287794,40.4884245038635,0,2015,1
-151.875,45.875,7.81364870071411,0.350466668605804,4.67052459580292,89.1412410636365,0,2015,1
-142.375,28.125,20.9640941619873,0.0797600895166397,3.71361010338996,119.878839121192,0,2015,1
-156.875,38.625,12.6680793762207,0.287595510482788,6.89385233378261,22.6965831965629,0,2015,1
-138.375,29.125,20.3978080749512,0.0716623663902283,4.40528092180283,134.908032535624,0,2015,1
-116.875,27.125,19.9744110107422,0.221539199352264,4.10156067857102,264.122607393357,0,2015,1
-151.875,34.875,15.5597457885742,0.200431674718857,6.90099268221609,47.5252544000733,0,2015,1
-139.625,50.125,8.5475435256958,0.356930434703827,5.62968027511332,93.3604842600392,0,2015,1
-145.375,51.375,7.61230325698853,0.149745091795921,4.6078302920138,107.687825893055,0,2015,1
-131.125,26.625,20.6389656066895,0.0715919360518456,5.10078425342613,185.174089618737,0,2015,1
-150.375,49.875,5.92660236358643,0.503626823425293,3.05439028285516,120.931585968631,0,2015,1
-143.375,29.625,20.0039348602295,0.0805977582931519,4.02662389602009,109.73996866665,0,2015,1
-142.125,41.375,12.6059770584106,0.404452502727509,7.60988830404231,79.3988451363479,0,2015,1
-151.125,45.375,8.37471961975098,0.29089829325676,5.05478980769725,87.5055234912197,0,2015,1
-124.125,43.625,12.707426071167,4.32491779327393,1.24257796536073,146.821488340607,0,2015,1
-128.375,25.375,20.6661987304688,0.0750330612063408,5.94013467860788,207.686662602683,0,2015,1
-128.125,37.875,15.166446685791,0.196912109851837,1.02786185842262,252.44645517366,0,2015,1
-151.125,49.125,6.23115205764771,0.463165700435638,2.98707214509459,123.530469667133,0,2015,1
-157.125,41.625,10.0298166275024,0.495139062404633,5.34307963631462,22.6776061402107,0,2015,1
-138.625,47.125,9.77498340606689,0.387531965970993,6.28499801113731,84.8881060099869,0,2015,1
-132.375,27.875,20.2373027801514,0.0774304866790771,4.81175643606366,178.451842301022,0,2015,1
-141.375,50.375,8.18918323516846,0.252152353525162,5.61556764717513,92.5515996886778,0,2015,1
-152.875,37.875,13.0815486907959,0.30522421002388,7.57081237384734,42.9660514308572,0,2015,1
-156.375,41.125,10.2687969207764,0.437425494194031,5.68317692844416,28.5943676064212,0,2015,1
-145.375,38.375,14.0618677139282,0.298816740512848,7.47007362748186,72.3897429517733,0,2015,1
-124.375,43.375,12.8391218185425,2.11608123779297,0.612209114600559,141.632514615138,0,2015,1
-139.375,44.375,11.8987808227539,0.327661037445068,7.56138214878735,83.3167238545666,0,2015,1
-135.875,30.625,19.7329444885254,0.0691707357764244,3.97456915904101,136.019390281455,0,2015,1
-150.625,45.375,8.68452644348145,0.301608383655548,5.18468899742309,85.6860516534656,0,2015,1
-138.375,42.125,13.0492515563965,0.302887737751007,7.61580593240138,81.3911139755488,0,2015,1
-143.125,46.875,9.40299606323242,0.490845024585724,6.71443221724667,93.7573126381654,0,2015,1
-139.625,48.125,9.5006742477417,0.422057390213013,5.92013513359281,89.6128722458491,0,2015,1
-119.625,25.375,20.3809661865234,0.117561489343643,4.06794788560522,239.084553557248,0,2015,1
-148.375,44.125,9.65524578094482,0.273337930440903,6.5848462396627,76.0270667599127,0,2015,1
-132.125,30.875,18.8664646148682,0.0696976184844971,3.60047219125492,163.376967186228,0,2015,1
-144.625,50.625,7.7843017578125,0.255970239639282,5.02059757399455,101.488981202159,0,2015,1
-134.875,27.875,20.8196029663086,0.072876825928688,4.71221816133337,160.7960264945,0,2015,1
-136.375,42.875,12.7707147598267,0.272634863853455,7.54072277702874,84.8262083033477,0,2015,1
-141.375,29.875,19.5356273651123,0.0675844475626945,4.63745619925407,123.210329387352,0,2015,1
-125.375,25.875,20.298511505127,0.0665150433778763,4.93016226913476,217.334761924105,0,2015,1
-157.375,40.375,11.0215587615967,0.376631259918213,6.10181120651893,23.1616016359507,0,2015,1
-119.125,31.875,17.4574756622314,0.137880474328995,2.85327881567855,296.205834695528,0,2015,1
-117.375,32.875,16.7657089233398,0.371760100126266,0.852877482408816,274.707852244372,0,2015,1
-154.625,40.375,10.724419593811,0.348378449678421,6.26846073609782,36.175215790891,0,2015,1
-158.125,43.125,8.79911804199219,0.441004812717438,3.36154726279432,6.49077163447566,0,2015,1
-123.625,46.125,10.6418743133545,10.5630712509155,1.11036030188403,133.905309408147,0,2015,1
-155.125,46.875,6.75910949707031,0.311847448348999,1.59881205899881,119.611532167241,0,2015,1
-151.375,34.625,15.8003225326538,0.169890508055687,6.42403300116056,46.8923439906438,0,2015,1
-139.125,49.125,9.08735942840576,0.519030392169952,5.99187783587082,88.5655140023013,0,2015,1
-122.875,26.625,19.7741527557373,0.0752323269844055,4.32899526449267,229.872450690845,0,2015,1
-133.875,28.125,20.4189109802246,0.0650205761194229,4.82187722780247,166.568971129318,0,2015,1
-139.625,49.375,8.87173938751221,0.437894940376282,5.78003460197255,89.8017454988008,0,2015,1
-136.125,43.875,12.1614074707031,0.2706318795681,7.54578690396171,83.6849637242342,0,2015,1
-146.625,50.875,7.2298583984375,0.19822584092617,4.31335136523794,108.518960169626,0,2015,1
-139.375,44.625,11.7345876693726,0.320456176996231,7.66814188705452,82.3559807564262,0,2015,1
-150.375,44.125,9.33393287658691,0.310014069080353,5.74112358341118,77.7309862233095,0,2015,1
-143.375,46.625,9.36269474029541,0.419362902641296,6.74667325427873,92.5485750793479,0,2015,1
-119.875,32.375,16.5963535308838,0.228407934308052,2.80431809893243,297.387422157076,0,2015,1
-146.375,51.125,7.3613543510437,0.143513411283493,4.11578668057517,106.805915331623,0,2015,1
-133.375,27.875,20.6602249145508,0.0752003416419029,4.92741311440395,169.83035842343,0,2015,1
-137.875,26.375,21.1788787841797,0.0647108256816864,5.03563302872638,160.269638745269,0,2015,1
-134.375,28.375,20.2868976593018,0.0701846703886986,4.60244500238732,162.943034423383,0,2015,1
-152.125,38.125,12.6401224136353,0.262805163860321,7.31402078203227,47.9370919045575,0,2015,1
-138.375,48.875,9.31212043762207,0.453758955001831,5.90712281910576,87.1860314683374,0,2015,1
-155.375,41.375,9.76344299316406,0.392841041088104,5.31046137355315,36.1146298003609,0,2015,1
-122.875,37.375,14.331934928894,0.849976062774658,3.1975772078247,266.054813770962,0,2015,1
-156.125,45.375,7.66946506500244,0.369067013263702,0.899388681271896,48.154842864792,0,2015,1
-151.125,35.875,14.7848482131958,0.232771515846252,7.44186132630809,47.9956193726018,0,2015,1
-150.375,49.375,6.30295991897583,0.563298583030701,2.98886265994274,118.365672778238,0,2015,1
-154.125,37.375,13.555272102356,0.314180701971054,8.12000615763313,36.9404589149906,0,2015,1
-124.125,41.875,12.7758760452271,5.46871995925903,1.12089250153616,164.475889003246,0,2015,1
-139.875,30.625,19.5279750823975,0.0741851478815079,5.02824024883458,117.992053044593,0,2015,1
-151.125,43.875,9.15339469909668,0.31408554315567,5.74098423617414,76.3994574833413,0,2015,1
-138.125,44.125,12.0494575500488,0.278496593236923,7.6757931186295,80.4763201590652,0,2015,1
-115.375,29.625,17.4932804107666,1.32224678993225,1.38708327075198,275.792796495032,0,2015,1
-121.625,26.875,19.6625022888184,0.107336677610874,4.07991421478442,236.699428714081,0,2015,1
-152.875,39.875,11.987829208374,0.310221999883652,7.47559362191391,46.1381770074882,0,2015,1
-153.125,43.625,9.01274490356445,0.352577418088913,5.10906057901059,64.989881475104,0,2015,1
-141.125,41.375,13.4102602005005,0.281820833683014,7.60474851655201,77.0053832080835,0,2015,1
-135.125,29.125,20.1377010345459,0.0700505822896957,4.2590726690208,147.951837472206,0,2015,1
-145.375,40.625,11.9574604034424,0.553537845611572,7.58443801477736,75.4140857127456,0,2015,1
-151.625,35.375,15.3465929031372,0.209791451692581,7.46408065336917,46.9001109655769,0,2015,1
-122.875,28.625,19.4333667755127,0.0915072932839394,4.17308039702089,247.306205054908,0,2015,1
-128.125,42.125,12.7055559158325,0.387715101242065,1.04560986988456,80.0872485532761,0,2015,1
-146.375,36.125,16.4087181091309,0.169566914439201,7.74365546754245,64.8579482074483,0,2015,1
-135.875,48.875,9.83495235443115,0.206718519330025,5.98655159503366,87.3192124189783,0,2015,1
-140.125,46.875,9.80948448181152,0.542743682861328,6.41127132478419,86.602052375362,0,2015,1
-135.625,28.875,20.3396377563477,0.0702723786234856,4.59178614484603,150.084872425421,0,2015,1
-136.625,48.625,9.37301540374756,0.21581643819809,5.83277806881078,88.231566870484,0,2015,1
-119.125,32.375,17.1906280517578,0.152094751596451,2.63058928759318,298.123735383289,0,2015,1
-135.625,28.375,20.87233543396,0.0677128359675407,4.9020505913342,152.546308175725,0,2015,1
-136.125,30.875,19.2897548675537,0.0667741969227791,4.09415436934173,134.901043657092,0,2015,1
-125.625,26.875,20.0790748596191,0.072918601334095,4.61069409091516,217.864084701351,0,2015,1
-129.625,48.375,10.3285627365112,1.17408609390259,5.12352417775109,92.1252353679403,0,2015,1
-144.625,47.375,9.28959178924561,0.45256370306015,6.26115005410348,91.09818715074,0,2015,1
-141.875,49.875,8.39488124847412,0.81054025888443,5.54230998772173,91.6542919064072,0,2015,1
-133.875,31.375,18.8140487670898,0.0697569027543068,3.58921997096862,145.557249151055,0,2015,1
-134.875,28.375,20.6045627593994,0.0719267278909683,4.58111340178346,158.082466271529,0,2015,1
-139.125,27.875,21.1643810272217,0.0815682411193848,4.76774579859287,145.943297818816,0,2015,1
-139.125,41.875,13.1988019943237,0.311503052711487,7.58124659933972,83.3343149747599,0,2015,1
-157.375,41.125,10.37571144104,0.451065242290497,5.71309023208981,19.957401822183,0,2015,1
-125.375,46.875,11.6832942962646,0.603770077228546,2.7224988521577,105.771948056855,0,2015,1
-138.875,44.125,11.982647895813,0.363500148057938,7.46282118236797,81.9893315404402,0,2015,1
-115.125,29.375,17.9863719940186,0.919285297393799,2.31365511690917,261.799853940501,0,2015,1
-124.375,45.625,12.528263092041,0.847437560558319,1.97570240674045,94.3542210630696,0,2015,1
-144.625,41.625,11.6919584274292,0.469332456588745,7.85524665430692,77.8746770259073,0,2015,1
-123.875,25.125,20.5123443603516,0.0718580111861229,4.71068997069431,223.623789537433,0,2015,1
-154.125,46.875,6.60339021682739,0.303622752428055,2.32381152419898,121.090610449182,0,2015,1
-155.375,43.875,8.67512989044189,0.477258861064911,3.86587635601554,42.0643265535788,0,2015,1
-156.375,40.625,11.1421709060669,0.366789698600769,6.13570696823113,28.7371540811836,0,2015,1
-132.625,32.125,18.2851715087891,0.0685593858361244,3.30103014224348,154.52173027592,0,2015,1
-142.375,48.375,9.45138740539551,0.441165387630463,6.46093646463111,90.975530451425,0,2015,1
-152.375,36.625,13.8870449066162,0.272986888885498,7.68698250290711,44.2094000494468,0,2015,1
-124.625,46.625,11.3791217803955,1.61452960968018,2.4575801105966,120.843807413145,0,2015,1
-136.375,49.125,9.51198768615723,0.20850658416748,6.01366776601435,87.9987985848778,0,2015,1
-146.875,46.125,8.91521739959717,0.339481890201569,5.63391515733065,87.8638475586153,0,2015,1
-138.375,28.625,20.5282001495361,0.0710053369402885,4.54805452913661,140.7105931375,0,2015,1
-152.375,44.875,8.49320411682129,0.446420758962631,4.74473392299294,82.1260618682744,0,2015,1
-149.875,48.625,6.96673250198364,0.283363699913025,3.31308013787774,112.540047336085,0,2015,1
-134.125,29.625,19.7679901123047,0.0735286474227905,4.12043687004182,156.545789476413,0,2015,1
-154.125,45.625,7.67014694213867,0.461668133735657,2.75524953497864,93.5374194299875,0,2015,1
-128.625,28.125,19.5709419250488,0.072800375521183,4.51313638171948,200.764068401274,0,2015,1
-116.375,26.625,20.2855758666992,0.172796845436096,4.35932334198784,264.603281537843,0,2015,1
-157.375,38.625,12.4328861236572,0.315797597169876,6.64407254626257,18.7894636388634,0,2015,1
-128.375,40.625,13.9866952896118,0.317214131355286,0.834865258589672,96.1886159632416,0,2015,1
-145.125,50.875,7.6130633354187,0.187485292553902,4.7783365306349,103.3091786954,0,2015,1
-124.875,27.625,19.5008296966553,0.0701209008693695,4.32463871323374,227.530245940379,0,2015,1
-156.625,44.875,7.85327768325806,0.477127969264984,1.29553077925613,8.88065915052027,0,2015,1
-143.625,28.625,21.0107364654541,0.0824272334575653,3.72200214938143,115.119190654687,0,2015,1
-140.875,47.875,9.44909191131592,0.379258304834366,6.34,90,0,2015,1
-133.625,50.875,8.75343322753906,0.681676268577576,5.37275534525815,93.9488548024423,0,2015,1
-158.625,42.625,9.24010562896729,0.479599386453629,3.85852303349352,9.09614198165895,0,2015,1
-144.625,38.625,13.8098707199097,0.395647644996643,7.59605160593318,73.9509952074668,0,2015,1
-142.875,28.625,20.5446968078613,0.0784837827086449,3.66661969666885,119.22155821586,0,2015,1
-137.625,49.875,8.88131904602051,0.227425917983055,5.66742445913486,92.9330846257328,0,2015,1
-157.625,42.875,9.24785804748535,0.456021338701248,3.86264158316559,15.6193921387108,0,2015,1
-143.625,38.625,14.4892988204956,0.276535183191299,7.78106033905406,76.6245576066766,0,2015,1
-128.875,26.625,20.1612415313721,0.0670314058661461,5.39156749007188,202.807880099803,0,2015,1
-133.625,29.375,19.8689861297607,0.0715517625212669,4.33240118179284,163.782115128522,0,2015,1
-148.625,47.375,7.66304492950439,0.211152300238609,4.46911624373321,97.5861714213646,0,2015,1
-127.875,40.875,13.6658172607422,0.309699416160583,0.208806130178211,343.300755766006,0,2015,1
-124.375,46.875,10.8181848526001,2.73026180267334,2.5,126.869897645844,0,2015,1
-143.125,28.625,20.8558292388916,0.081352211534977,3.60923814675618,117.20401107607,0,2015,1
-156.375,37.875,12.652717590332,0.319459915161133,6.84240454811026,26.3778107341105,0,2015,1
-156.375,44.625,8.10218906402588,0.546144783496857,2.04462710536665,22.4258619213518,0,2015,1
-127.375,45.375,11.3292322158813,0.58397251367569,2.49513526687432,86.3233981132111,0,2015,1
-126.875,43.875,11.9598178863525,0.627988338470459,1.24004032192506,89.5379472785692,0,2015,1
-140.625,51.125,8.19245338439941,0.338474243879318,5.37729485894162,92.9847864412611,0,2015,1
-157.625,43.875,8.39906215667725,0.34702280163765,2.62840255668724,4.58261297395933,0,2015,1
-144.375,41.375,11.8748426437378,0.46548730134964,7.78781098897502,77.3913932066338,0,2015,1
-142.625,41.625,11.9137296676636,0.426134318113327,7.46726188103779,82.3039482779834,0,2015,1
-155.875,39.875,11.4613313674927,0.308984041213989,6.43471833105382,31.2691682423745,0,2015,1
-157.625,42.625,9.46311569213867,0.411626517772675,4.25179961898488,16.8154103319986,0,2015,1
-129.625,37.625,15.7809915542603,0.108620129525661,1.00004999875006,130.539151741483,0,2015,1
-139.125,30.375,19.589111328125,0.0761363208293915,4.64331777934701,122.868678933368,0,2015,1
-143.375,51.625,7.65242004394531,1.49984562397003,4.61686040508049,105.451038158153,0,2015,1
-116.875,29.125,18.3885192871094,0.181548058986664,3.15626361383203,289.238644516908,0,2015,1
-142.625,50.125,8.3233814239502,0.29088482260704,5.6630115662958,95.1669489196678,0,2015,1
-149.625,50.125,6.268883228302,0.42756375670433,3.41115816109426,119.119861222925,0,2015,1
-144.125,37.625,14.8340368270874,0.253638476133347,7.46581542766763,75.2564371635293,0,2015,1
-128.125,25.875,20.3456382751465,0.0766656622290611,5.56785416475683,206.334948881981,0,2015,1
-142.875,51.625,7.94814014434814,0.753901362419128,4.65859420855691,102.395406833758,0,2015,1
-152.875,37.625,13.1423168182373,0.324411898851395,7.53740671584067,42.5804907833437,0,2015,1
-122.625,37.375,14.1068706512451,1.27811908721924,2.26737733957099,259.582144250733,0,2015,1
-116.875,26.375,20.0865898132324,0.203893557190895,4.16918457255133,260.334341888673,0,2015,1
-136.875,48.625,9.31553649902344,0.501993238925934,5.8830689270142,88.1492497230745,0,2015,1
-144.875,37.875,14.6839170455933,0.239357933402061,7.95870592496041,72.9766646699892,0,2015,1
-146.375,36.375,15.772331237793,0.188462182879448,7.55152964636967,64.9281025904646,0,2015,1
-132.875,25.875,20.872501373291,0.069944404065609,5.74,180,0,2015,1
-153.625,43.875,8.69424152374268,0.353107810020447,4.6019669707637,62.9895095601804,0,2015,1
-121.625,26.625,19.7945003509521,0.10217560082674,4.11516706829747,234.494692701482,0,2015,1
-153.625,47.375,6.73229217529297,0.33555793762207,2.69258240356725,128.061614194664,0,2015,1
-149.625,48.625,6.9642505645752,0.305517822504044,3.379023527589,110.25835593686,0,2015,1
-151.625,46.875,7.25275039672852,0.298099637031555,3.75958774335698,101.040940180324,0,2015,1
-150.375,48.875,6.6561017036438,0.361261010169983,3.08185009369372,117.645975363739,0,2015,1
-138.125,44.625,11.6920471191406,0.210265249013901,7.45692966307179,79.4133845469057,0,2015,1
-155.875,39.125,11.9007987976074,0.292971283197403,6.6057929122854,28.7765941174009,0,2015,1
-133.375,27.375,20.7577228546143,0.0801434516906738,5.09132595695856,169.131474659831,0,2015,1
-140.375,31.875,18.1032390594482,0.0713037550449371,4.46750489647186,110.300865284678,0,2015,1
-138.625,30.625,19.4294357299805,0.0690911263227463,4.60977222864644,123.138500646684,0,2015,1
-137.125,42.625,12.8870248794556,0.299808531999588,7.51934172650771,83.4326121990599,0,2015,1
-136.875,45.125,12.0291452407837,0.268289148807526,7.54470012657892,78.377304484988,0,2015,1
-113.875,27.625,18.5346221923828,14.363187789917,1.68107108713463,304.824489156957,0,2015,1
-129.125,27.875,19.8805732727051,0.072369359433651,4.79763483395725,199.228050023175,0,2015,1
-156.625,43.375,9.15875244140625,0.45420578122139,3.95337830216133,26.4354229378147,0,2015,1
-135.375,26.875,20.9750652313232,0.0730778053402901,4.98415489325924,165.712827715159,0,2015,1
-154.625,37.875,13.3549203872681,0.299773931503296,7.7781360234956,36.5310476677116,0,2015,1
-140.125,33.125,17.9713153839111,0.0691091790795326,5.40149979172452,100.561010691196,0,2015,1
-153.375,48.125,6.07285594940186,0.388688713312149,2.65409118155349,142.655167056833,0,2015,1
-143.625,45.875,9.59284973144531,0.361928880214691,6.80661443009665,87.4738830883805,0,2015,1
-134.125,49.625,9.47442436218262,0.306828111410141,5.75013912875158,89.6014270935793,0,2015,1
-133.375,31.625,18.6800975799561,0.0688821002840996,3.61697387328136,148.683073387193,0,2015,1
-133.375,28.375,20.4279689788818,0.0696953237056732,4.57351068655142,169.034034625761,0,2015,1
-139.375,50.125,8.49864196777344,0.20840884745121,5.62910294807263,93.2588743063338,0,2015,1
-156.375,42.125,9.46950626373291,0.526109337806702,4.92549489899238,29.4274564031898,0,2015,1
-133.125,51.125,9.10216426849365,0.341106653213501,5.40071291590286,93.6094227170761,0,2015,1
-135.625,26.125,21.2949199676514,0.0662468671798706,5.55816516487231,168.164432919522,0,2015,1
-145.125,40.375,12.2097043991089,0.555556654930115,7.68947982636017,74.2285993219297,0,2015,1
-124.125,40.125,13.4363327026367,1.73638927936554,1.23490890352285,248.629377730657,0,2015,1
-128.375,38.875,14.3972654342651,0.368736654520035,0.186010752377383,143.746162262555,0,2015,1
-129.875,50.125,9.54792594909668,0.208032771945,5.59188698025988,97.8113127380806,0,2015,1
-146.125,47.875,8.18977928161621,0.23712095618248,5.30754180388624,95.8394923115175,0,2015,1
-136.125,28.125,20.9270553588867,0.0703360587358475,5.02871753034509,148.332783570564,0,2015,1
-154.625,43.875,8.49515056610107,0.516068577766418,4.05493526458808,50.3029777759947,0,2015,1
-143.125,49.875,8.29749774932861,0.571027159690857,5.56493486035551,98.0572996239431,0,2015,1
-142.375,47.125,9.69295692443848,0.500334024429321,6.66817066368281,92.8366601011255,0,2015,1
-138.875,44.375,11.8686685562134,0.293625563383102,7.5002466626105,81.1028304573552,0,2015,1
-126.875,43.375,11.7770671844482,0.710761308670044,1.1610770861575,92.4681179138286,0,2015,1
-147.125,46.875,8.18613052368164,0.267617672681808,4.8002604096028,90.5968094512292,0,2015,1
-151.125,47.875,6.74225282669067,0.448401123285294,3.11680926589998,110.469983279782,0,2015,1
-140.375,32.625,17.8486499786377,0.072613388299942,5.1211424506647,105.284556504636,0,2015,1
-157.875,41.125,10.2252922058105,0.481074631214142,5.46161148380219,16.3776999168624,0,2015,1
-155.375,37.125,13.4220066070557,0.333028644323349,7.17783393510884,33.5793725719113,0,2015,1
-139.625,44.625,11.7551317214966,0.291005790233612,7.69015604523081,82.8287773873143,0,2015,1
-130.125,25.875,20.7081699371338,0.0760854333639145,5.658992843254,193.176748457696,0,2015,1
-118.125,32.625,17.1037578582764,0.179719805717468,2.14037379912949,293.690689402827,0,2015,1
-135.625,48.875,9.83146858215332,0.216631606221199,6.11641234711984,87.3761698773511,0,2015,1
-133.125,49.125,9.99739646911621,0.586089491844177,5.94279395570804,84.9801463579805,0,2015,1
-153.125,38.125,13.1045570373535,0.272502690553665,7.6061685492763,41.8024422261491,0,2015,1
-149.875,48.125,7.20678186416626,0.266270220279694,3.62360317915745,106.184307925884,0,2015,1
-136.125,32.625,18.1547431945801,0.0701840817928314,3.73664287830668,118.622697124026,0,2015,1
-153.375,39.625,12.4005184173584,0.327240824699402,7.57714985994074,41.897283937898,0,2015,1
-142.625,51.375,8.09202766418457,0.551403343677521,4.83037265643139,101.100570021505,0,2015,1
-148.625,50.375,6.48466491699219,0.480032712221146,3.59940272823145,113.930164137662,0,2015,1
-136.875,28.625,20.3959217071533,0.0683287084102631,4.23207986692123,150.406250244581,0,2015,1
-142.375,50.875,8.01949691772461,0.358471006155014,5.07424871286381,94.2947832570227,0,2015,1
-141.875,46.875,9.74185752868652,0.536414802074432,6.46019349555414,89.556543069492,0,2015,1
-131.875,50.375,9.59975910186768,0.203671351075172,5.801241246492,88.8147391813776,0,2015,1
-147.625,45.125,9.26590824127197,0.333003610372543,6.06568215454783,82.2305797656994,0,2015,1
-126.125,43.875,12.4720344543457,0.7032390832901,1.23328828746567,71.565051177078,0,2015,1
-116.625,31.375,16.7902088165283,0.772149980068207,1.63957311517358,280.898725805753,0,2015,1
-136.625,29.875,19.9970149993896,0.066308006644249,4.16635332155111,139.96552873227,0,2015,1
-128.875,27.625,20.0186061859131,0.0748255178332329,4.93963561409139,201.370622269343,0,2015,1
-120.375,25.625,19.5639915466309,0.121964663267136,4.10113398952046,238.053852521148,0,2015,1
-142.875,29.875,20.0357971191406,0.075693778693676,4.11048658920085,110.507102367439,0,2015,1
-122.125,37.625,13.3035860061646,17.3764190673828,0.616198020120156,221.710757321508,0,2015,1
-116.125,30.625,17.1554946899414,1.27089655399323,1.4,323.130102354156,0,2015,1
-153.375,37.625,13.2627334594727,0.312228262424469,7.70789205944141,40.0530264087002,0,2015,1
-154.625,38.375,12.5892200469971,0.323108613491058,7.56246652885155,36.2334724224878,0,2015,1
-139.875,33.375,18.064661026001,0.0700805559754372,5.29646108264754,97.5946433685914,0,2015,1
-138.875,50.125,8.6450834274292,0.607229650020599,5.66643626982604,92.7311205111881,0,2015,1
-118.125,26.875,19.9723300933838,0.171669080853462,3.66979563463689,256.607502246249,0,2015,1
-134.625,26.125,20.8574295043945,0.0726775601506233,5.47169078073679,168.936499466657,0,2015,1
-143.375,40.875,12.2228879928589,0.37771862745285,7.96187163925669,80.3838798682267,0,2015,1
-139.125,29.625,19.9444046020508,0.0745454579591751,4.5759042822157,128.522924399643,0,2015,1
-147.625,49.875,6.95884323120117,0.470705032348633,4.23557552169714,107.023165361784,0,2015,1
-121.875,38.125,12.6986589431763,10.7946510314941,0.433243580448689,251.146841235581,0,2015,1
-136.875,45.375,11.8976936340332,0.252896934747696,7.4900267022221,78.1349804570765,0,2015,1
-142.375,29.125,20.3484287261963,0.0687394812703133,4.00655712551313,119.124053494777,0,2015,1
-114.875,26.875,20.2044067382812,0.181359961628914,3.45700737633,287.334250424963,0,2015,1
-140.375,48.625,9.02673149108887,0.609748840332031,6.08118409522356,91.130690951238,0,2015,1
-140.875,29.875,19.5572738647461,0.065721869468689,4.42936790072805,124.048834155199,0,2015,1
-143.125,39.125,14.1296663284302,0.286052852869034,7.71767452021657,78.0348711622512,0,2015,1
-139.875,46.875,9.71382331848145,0.553832113742828,6.24414125400763,86.1431990144102,0,2015,1
-131.625,26.125,20.868688583374,0.0748957470059395,5.46323164436581,183.988480053312,0,2015,1
-157.375,43.875,8.43939781188965,0.323737502098083,2.77115499386086,11.0260915854126,0,2015,1
-139.375,28.375,20.965913772583,0.0822660475969315,4.8805839814514,138.405457274399,0,2015,1
-131.625,50.625,9.64719867706299,0.275314658880234,5.79,90,0,2015,1
-134.125,28.875,20.0581645965576,0.0717759504914284,4.27865633113949,161.183931879057,0,2015,1
-155.625,43.375,8.98043441772461,0.455162644386292,4.13717294779902,39.1140121669717,0,2015,1
-152.625,36.125,14.2690114974976,0.314364939928055,7.74592150747734,43.3783608502946,0,2015,1
-126.125,27.625,20.0063285827637,0.0766222774982452,4.31356001465147,218.410878120819,0,2015,1
-139.375,47.875,9.6080150604248,0.360262215137482,5.89306371932291,88.1523897340054,0,2015,1
-118.375,25.875,20.9602642059326,0.0902748107910156,3.86793226414321,250.675000283736,0,2015,1
-158.875,42.625,9.21460628509521,0.497273743152618,3.79110801745347,4.38711405846885,0,2015,1
-156.125,40.375,11.3072395324707,0.324323683977127,6.29769799212379,30.4332552153997,0,2015,1
-143.125,30.125,19.9226379394531,0.0766185596585274,4.32560978360277,106.382065346535,0,2015,1
-124.375,43.125,12.8175172805786,2.72672343254089,0.474341649025257,124.695153531234,0,2015,1
-142.125,40.125,13.3202285766602,0.343548327684402,7.60564264214405,81.9125125725438,0,2015,1
-128.125,36.125,16.5383949279785,0.136024296283722,1.32412235084225,233.909000011942,0,2015,1
-144.875,29.375,20.22145652771,0.071549117565155,3.50821892133316,93.9227128905105,0,2015,1
-134.375,49.875,9.38925457000732,0.296532392501831,5.73105574916175,88.9002161104282,0,2015,1
-123.125,38.125,13.5865249633789,1.95944905281067,0.94339811320566,248.875280853928,0,2015,1
-115.125,28.875,18.44846534729,0.531142473220825,2.65005660316907,294.050298529605,0,2015,1
-155.125,37.375,13.6542444229126,0.31469738483429,7.51564368500796,35.0857018997602,0,2015,1
-151.625,36.375,14.1366910934448,0.287021517753601,7.52446675851518,45.8615257345672,0,2015,1
-140.125,29.375,20.2239685058594,0.0736665204167366,4.80560089895114,129.08807552302,0,2015,1
-119.875,33.375,16.0933723449707,0.345132082700729,2.8969811873742,301.879596847023,0,2015,1
-129.125,39.125,15.00306224823,0.200437515974045,1.18342722632192,94.3615726450206,0,2015,1
-141.625,30.375,19.2766742706299,0.0714862793684006,5.16567517368253,121.382244159542,0,2015,1
-153.125,38.375,13.0592079162598,0.303462356328964,7.47243601511582,41.6908478321974,0,2015,1
-153.375,45.625,8.0890531539917,0.395195722579956,3.64012362427432,89.5277927285946,0,2015,1
-133.375,26.375,20.7661533355713,0.0768912732601166,5.40341558646011,173.624679025192,0,2015,1
-126.625,26.375,20.4369850158691,0.0778838470578194,5.22916819389088,214.875328344602,0,2015,1
-118.125,27.375,19.7988204956055,0.305074840784073,3.70807227545527,261.782489964586,0,2015,1
-138.125,27.625,21.0639381408691,0.0776771456003189,5.02031871498215,155.27268561331,0,2015,1
-132.875,32.125,18.2975177764893,0.0715537443757057,3.51647550823264,151.831668758242,0,2015,1
-142.875,38.625,14.5339794158936,0.234561398625374,7.68971390885253,78.6754549837021,0,2015,1
-153.875,38.125,13.1928911209106,0.24366357922554,7.59631489605322,38.8011626864943,0,2015,1
-144.125,42.375,11.0811929702759,0.416289389133453,7.45147636378188,79.6401341943938,0,2015,1
-117.375,31.375,17.4720230102539,0.237906605005264,2.75936586918082,296.936493490449,0,2015,1
-149.875,44.125,9.59795665740967,0.32471838593483,6.07216600563588,78.0238675557966,0,2015,1
-141.875,41.625,12.5008697509766,0.435389637947083,7.52519102747565,79.1231000953734,0,2015,1
-118.875,25.625,20.8080196380615,0.0976104810833931,3.97729807784129,246.593337249963,0,2015,1
-151.375,47.875,6.68437576293945,0.406760692596436,3.01877458582121,116.989456596439,0,2015,1
-155.625,40.625,10.7533140182495,0.377189874649048,6.14837376872942,31.3633022139501,0,2015,1
-137.625,27.625,20.7800159454346,0.077412337064743,4.74284724611704,156.515884709495,0,2015,1
-139.875,49.875,8.71084022521973,0.390912979841232,5.62200142298097,91.5288838058806,0,2015,1
-146.625,44.125,10.2476921081543,0.30788990855217,7.49699273042198,82.3346523117953,0,2015,1
-138.875,29.375,20.2470378875732,0.0735376253724098,4.53855703941242,132.05289711437,0,2015,1
-128.125,26.875,20.0808067321777,0.0748169124126434,5.11168269750774,206.364541831092,0,2015,1
-132.625,29.875,19.5680294036865,0.0766308307647705,4.16203075433135,165.529705899934,0,2015,1
-140.875,51.375,8.10548305511475,0.465652614831924,5.2322461715787,96.3643773837782,0,2015,1
-129.125,27.125,20.2909832000732,0.0729467645287514,5.246227215819,198.331339931312,0,2015,1
-125.375,26.125,20.2284164428711,0.067858874797821,4.84148737476408,218.290163192243,0,2015,1
-124.375,47.125,10.5856647491455,3.85737490653992,2.64714941021469,128.558399900665,0,2015,1
-132.625,25.875,20.83420753479,0.0709277018904686,5.80168940912903,181.382733071098,0,2015,1
-143.125,48.125,9.4295711517334,0.453580677509308,6.36887745211038,94.4125049162685,0,2015,1
-142.375,50.375,8.22992038726807,0.332173138856888,5.49874531143242,93.2318488703872,0,2015,1
-125.625,45.125,11.7701253890991,0.642524302005768,1.72409396495667,82.6688846137141,0,2015,1
-156.125,40.625,11.1004371643066,0.367696464061737,6.15018698902724,28.9822152816076,0,2015,1
-125.625,25.625,20.5741539001465,0.0707991942763329,5.07079875364819,215.852919615125,0,2015,1
-142.375,39.625,13.81667137146,0.31186443567276,7.66376539306887,81.5209887416244,0,2015,1
-155.125,44.375,8.37603855133057,0.488794326782227,3.27123829764816,47.9737310824801,0,2015,1
-142.375,47.375,9.78220844268799,0.485365897417068,6.79294486949511,91.6871640105942,0,2015,1
-118.375,25.625,21.0288906097412,0.0892582088708878,3.81093164462445,249.09201952899,0,2015,1
-120.875,33.125,16.7558307647705,0.208923190832138,4.67778793875909,289.480800228279,0,2015,1
-130.875,49.875,9.81085300445557,0.25869032740593,5.68003521115847,90.2017448687469,0,2015,1
-142.875,50.375,8.28294086456299,0.241932153701782,5.62249944419739,97.0491781674953,0,2015,1
-118.875,31.875,17.2768573760986,0.163899630308151,2.74147770372112,296.191185165149,0,2015,1
-127.125,25.875,20.2011623382568,0.0736520662903786,5.520552508581,210.839161992032,0,2015,1
-151.875,48.625,6.37125635147095,0.417894840240479,2.82639346163976,123.015369220126,0,2015,1
-139.375,40.125,13.8996620178223,0.221083179116249,7.55473361542285,81.9342507968209,0,2015,1
-123.625,26.625,19.8553409576416,0.071096733212471,4.41861969397684,230.509876259652,0,2015,1
-137.625,27.875,20.6314678192139,0.0726693496108055,4.60765667123756,154.825350086966,0,2015,1
-127.875,45.375,11.1456632614136,0.595744907855988,2.73309348541172,87.2736890060937,0,2015,1
-132.875,27.125,20.6536903381348,0.0868975892663002,5.14510446929895,173.303174610099,0,2015,1
-139.125,49.375,9.00618362426758,0.312171310186386,5.930303533547,90.5797014275039,0,2015,1
-129.875,35.875,16.1521263122559,0.178413823246956,1.32098448136229,156.34578664909,0,2015,1
-124.625,26.125,20.0413761138916,0.0688704624772072,4.84010330468266,222.823138289962,0,2015,1
-134.125,27.125,20.8752555847168,0.0740291401743889,5.19527670100448,166.418475393767,0,2015,1
-145.625,36.125,16.1440658569336,0.153300642967224,7.95314403239373,71.4511432167849,0,2015,1
-137.125,43.375,12.4287242889404,0.300971418619156,7.45745935288956,83.5325410722085,0,2015,1
-145.875,40.625,11.8279848098755,0.576579391956329,7.57476072229348,75.3950370855256,0,2015,1
-136.375,50.125,9.0207691192627,0.221017360687256,5.90274512409269,91.7474648062331,0,2015,1
-133.625,49.375,9.47198009490967,0.239480316638947,5.73021814593476,90.499950483008,0,2015,1
-131.375,27.375,20.5424900054932,0.0805690586566925,5.00024999375031,180.572938697683,0,2015,1
-151.625,37.125,13.2711610794067,0.294838219881058,7.19280890890339,46.1829305851963,0,2015,1
-143.625,50.375,7.94216394424438,0.247285202145576,5.46136429841482,99.2726017772003,0,2015,1
-140.375,47.625,9.48823833465576,0.484659761190414,5.96164406854351,88.6543734434237,0,2015,1
-151.375,44.375,8.93862628936768,0.323447972536087,5.47780978129033,80.3313313389164,0,2015,1
-132.125,31.375,18.6257247924805,0.0715504884719849,3.49463875100131,162.342774171342,0,2015,1
-156.875,44.625,7.86341094970703,0.460388422012329,1.68961534083945,6.11550356628538,0,2015,1
-134.125,29.125,20.015552520752,0.0723986774682999,4.19748734363786,160.226809907321,0,2015,1
-154.125,44.125,8.51093769073486,0.424261540174484,4.02124358874217,60.5025387916317,0,2015,1
-154.125,39.875,12.0344276428223,0.309800207614899,7.05898717947554,40.3459832423692,0,2015,1
-155.625,37.625,13.0135660171509,0.309576779603958,7.15819111228528,32.1581037158278,0,2015,1
-147.875,39.375,13.0731143951416,0.380761504173279,7.47181370217433,65.1498790184486,0,2015,1
-157.875,42.625,9.36805057525635,0.426746338605881,4.0275054314054,15.5545712700744,0,2015,1
-144.625,49.125,8.1684103012085,0.315599888563156,5.25282780985633,98.8705558567592,0,2015,1
-141.375,46.875,9.83010959625244,0.544439077377319,6.36254665994679,88.3788540863466,0,2015,1
-131.875,28.375,19.8513793945312,0.0696745961904526,4.60183658988452,178.38120232215,0,2015,1
-145.375,47.625,8.73707962036133,0.402238607406616,5.78000865051256,93.3722816305451,0,2015,1
-136.375,29.375,20.0367813110352,0.0682240724563599,4.23264692597906,144.131864084396,0,2015,1
-139.375,40.875,13.6493434906006,0.231505930423737,7.59225921580658,81.0587597306429,0,2015,1
-151.875,37.375,13.2318277359009,0.306933701038361,7.27640708042094,45.5011164888793,0,2015,1
-135.875,32.375,18.4026775360107,0.0687392801046371,3.76824893020618,120.103210993346,0,2015,1
-127.125,26.375,19.8709182739258,0.0683389082551003,5.36690786207477,213.216314771388,0,2015,1
-156.875,42.125,9.66844367980957,0.450426399707794,5.01431949520571,25.3896559408194,0,2015,1
-142.375,41.375,12.4302177429199,0.393391519784927,7.61830033537665,80.3274870534733,0,2015,1
-158.125,41.375,10.1145725250244,0.547634303569794,5.2299235176052,15.0725568840638,0,2015,1
-146.375,48.625,7.51913738250732,0.249250590801239,4.68670459918267,98.0955243381287,0,2015,1
-135.875,30.125,19.864917755127,0.0727459862828255,4.42634160453077,138.205215931014,0,2015,1
-128.875,38.875,14.8421173095703,0.233532354235649,0.769220384545288,105.843082117687,0,2015,1
-131.125,30.875,19.0467796325684,0.072831355035305,3.67865464538328,174.227415239935,0,2015,1
-153.875,46.125,7.52069330215454,0.315069079399109,2.80280216925847,102.151867229554,0,2015,1
-141.125,30.875,19.0146198272705,0.0694507732987404,4.83736498519597,114.551782467428,0,2015,1
-114.375,26.125,20.5908584594727,0.150692135095596,3.03463342102469,285.089524425655,0,2015,1
-156.125,37.875,12.678599357605,0.315289974212646,6.89951447567146,28.3851217296431,0,2015,1
-152.625,35.375,14.8936738967896,0.253787219524384,7.54604532188881,42.3145488882832,0,2015,1
-145.625,47.875,8.47985649108887,0.286353647708893,5.56342520395484,95.2596966511214,0,2015,1
-140.125,27.375,21.3794441223145,0.075531542301178,4.57358721355568,145.962479004232,0,2015,1
-117.875,31.625,17.278736114502,0.197277948260307,2.77194877297543,293.605706680769,0,2015,1
-119.375,33.875,16.2853851318359,0.27740141749382,1.02259473888731,279.001755122561,0,2015,1
-145.375,47.125,8.85816955566406,0.382657289505005,5.88275445688497,91.7534048600716,0,2015,1
-141.375,47.625,9.68787384033203,0.394085794687271,6.55076331430162,89.1253232288787,0,2015,1
-143.125,49.625,8.23652362823486,0.595955729484558,5.41040663906143,97.0067996400805,0,2015,1
-156.375,40.375,11.3024387359619,0.358154445886612,6.24887989963001,29.8472356969171,0,2015,1
-126.625,42.875,11.9995813369751,0.488244086503983,0.508035431835221,79.7960262782683,0,2015,1
-150.625,45.875,8.5601806640625,0.326072067022324,4.90587403018056,87.1959170048777,0,2015,1
-155.875,44.125,8.45046806335449,0.484839290380478,3.46433254754794,36.0760115563686,0,2015,1
-126.875,27.875,19.039457321167,0.0724795982241631,4.44437847173258,216.122155398749,0,2015,1
-151.875,35.875,14.9668664932251,0.215084493160248,7.74677352192511,46.8307486480255,0,2015,1
-137.375,44.375,12.2456007003784,0.254655748605728,7.62512294982842,80.031195305697,0,2015,1
-134.875,27.125,21.0037651062012,0.0741671472787857,4.96773590280321,165.068582821862,0,2015,1
-127.125,26.875,19.5780353546143,0.0690167248249054,5.23679291169701,214.418364479056,0,2015,1
-132.125,50.875,9.45146656036377,0.25081130862236,5.54057758721958,90.8273183748148,0,2015,1
-136.125,49.125,9.65511798858643,0.176652520895004,6.08434877369797,87.8335939751128,0,2015,1
-140.375,51.625,8.23635673522949,0.277668118476868,5.1563165147225,98.4758214577137,0,2015,1
-136.625,29.375,20.2184658050537,0.0691415369510651,4.1940076299406,143.23939316965,0,2015,1
-139.125,31.375,18.8545799255371,0.0719898417592049,4.7941318296434,116.511603637065,0,2015,1
-127.875,37.125,15.228910446167,0.206076398491859,1.16760438505514,253.582767169565,0,2015,1
-119.125,32.625,17.1152648925781,0.155540287494659,2.41074677226788,297.415389919427,0,2015,1
-128.375,27.875,19.530200958252,0.0708000808954239,4.65481471167221,203.150103264704,0,2015,1
-154.625,42.375,9.98251724243164,0.32178857922554,5.3311349635889,40.8927253947429,0,2015,1
-146.375,48.875,7.52887773513794,0.336222946643829,4.59331035311136,99.5238423484992,0,2015,1
-121.125,33.375,16.0026264190674,0.291641920804977,4.97667559722351,290.219173633875,0,2015,1
-134.375,28.125,20.3615798950195,0.0699863955378532,4.76782969494507,164.302207482139,0,2015,1
-153.375,43.125,8.92935371398926,0.391716152429581,5.15039804287009,56.4024942343891,0,2015,1
-138.625,28.125,20.602970123291,0.075369767844677,4.64182076345048,144.734952209228,0,2015,1
-134.375,25.875,20.9196166992188,0.0717749893665314,5.60437329234947,170.6553280979,0,2015,1
-149.875,45.625,8.92413234710693,0.312073290348053,5.24747558355444,86.9413024259042,0,2015,1
-141.125,47.625,9.61861515045166,0.385985523462296,6.49049304752728,89.293770381337,0,2015,1
-152.625,37.625,13.1761341094971,0.283667713403702,7.46790465927358,44.1319485502544,0,2015,1
-124.875,43.625,13.1715097427368,0.785887122154236,0.820792300158816,112.190288896123,0,2015,1
-131.125,26.125,20.815954208374,0.0711179971694946,5.35085974400376,187.085172280559,0,2015,1
-141.125,27.625,20.9645195007324,0.0701040402054787,4.67052459580292,137.25593996366,0,2015,1
-145.375,50.125,7.5890326499939,0.376054406166077,4.80313439328945,101.894801700286,0,2015,1
-127.375,39.625,13.7384605407715,0.40125572681427,1.24149103903331,280.676355682696,0,2015,1
-136.625,44.875,12.073657989502,0.252211332321167,7.60892239413703,79.8567963030808,0,2015,1
-152.375,43.875,9.32645416259766,0.357552856206894,5.52834514117923,68.6797328776566,0,2015,1
-153.375,46.875,7.1677508354187,0.334049582481384,3.00539514872837,116.053495310491,0,2015,1
-128.125,25.625,20.4658870697021,0.0730550587177277,5.75577970391501,206.96571443287,0,2015,1
-129.375,28.375,19.6122093200684,0.0720925256609917,4.37303098548364,193.623136298411,0,2015,1
-123.375,28.375,19.6284084320068,0.0919853001832962,4.13726963104896,242.5059095035,0,2015,1
-114.875,25.875,20.5525817871094,0.150521144270897,3.25,276.359660239728,0,2015,1
-140.875,49.375,8.68142986297607,0.437470406293869,5.61072187868905,90.9191047837143,0,2015,1
-121.625,25.875,20.1164398193359,0.0907269790768623,4.11205544709699,231.31843110149,0,2015,1
-131.375,27.125,20.5740013122559,0.0721733644604683,5.00063995904524,180.916654256385,0,2015,1
-139.125,30.625,19.3312759399414,0.0714179277420044,4.73925099567432,121.979753248034,0,2015,1
-134.375,28.625,20.2233810424805,0.071907103061676,4.42764045514086,160.746595715389,0,2015,1
-143.125,31.875,19.4778499603271,0.0876341313123703,4.63211614707576,91.7319580526417,0,2015,1
-133.625,49.875,9.18774509429932,0.254665940999985,5.52057967970756,90.830315486258,0,2015,1
-148.375,46.625,8.19828510284424,0.231446370482445,4.90799348002827,93.2704879231836,0,2015,1
-137.625,50.875,8.76567840576172,0.253850936889648,5.77387218424516,93.9724959407507,0,2015,1
-143.375,30.375,19.7388286590576,0.0744353830814362,4.33887082084729,100.222168633636,0,2015,1
-128.375,41.875,12.7699871063232,0.428144901990891,1.23166553901617,79.2374627768576,0,2015,1
-144.625,37.875,14.731538772583,0.253352344036102,7.80934056114855,74.6290544071928,0,2015,1
-139.875,31.625,18.4828357696533,0.0729006081819534,4.42296280789246,116.738849772978,0,2015,1
-150.375,46.125,8.56391906738281,0.331693559885025,4.90637340609131,87.0792784789996,0,2015,1
-123.875,45.625,11.8576040267944,5.48971319198608,1.57098695093244,121.464143630866,0,2015,1
-132.375,28.125,20.0310096740723,0.0735274329781532,4.71513520484832,177.325707756617,0,2015,1
-144.875,41.375,11.9351034164429,0.463282555341721,7.70444676793863,77.1001421694276,0,2015,1
-128.375,40.375,13.8818368911743,0.345435351133347,0.733348484691964,95.4773687288289,0,2015,1
-124.875,42.125,13.4078712463379,0.696206212043762,1.12538882169675,264.390725553554,0,2015,1
-152.625,48.875,6.1044340133667,0.389830499887466,2.85112258592997,133.152389734005,0,2015,1
-144.375,39.625,13.2955102920532,0.382132172584534,7.99762464735624,78.6057677640827,0,2015,1
-156.875,42.625,9.57743453979492,0.475373327732086,4.55935302427877,24.7663636418918,0,2015,1
-125.375,43.875,12.7102279663086,0.710700154304504,0.745452882481515,83.0656510987304,0,2015,1
-149.875,48.375,7.14562082290649,0.252231568098068,3.44818792991333,110.011498878106,0,2015,1
-159.125,42.375,9.4178466796875,0.501393437385559,3.90375460294317,6.32398360503726,0,2015,1
-147.125,49.375,6.98153638839722,0.258828163146973,4.28322308548131,103.776694713246,0,2015,1
-135.375,31.375,19.4071578979492,0.0703745409846306,4.13943232823053,129.805571092265,0,2015,1
-135.625,29.125,20.1048851013184,0.0685867890715599,4.40777721760073,147.319445256637,0,2015,1
-155.875,41.375,9.80816555023193,0.319386392831802,5.36690786207477,33.2163147713883,0,2015,1
-143.125,38.625,14.4222631454468,0.276012748479843,7.65005882330326,77.5443046878047,0,2015,1
-116.625,26.375,20.2237529754639,0.184027716517448,4.13977052504121,261.106521089958,0,2015,1
-127.625,40.375,13.435622215271,0.488716542720795,0.648459713474939,287.037767795626,0,2015,1
-150.125,45.625,8.86859607696533,0.314192712306976,5.18703190659167,87.0162406519677,0,2015,1
-152.625,48.125,6.25144243240356,0.389596223831177,2.82455306199052,132.273689006094,0,2015,1
-159.625,40.625,10.1364946365356,0.334066212177277,5.3681374796106,12.042575142885,0,2015,1
-118.375,33.625,16.7052383422852,0.317310005426407,0.658027355054484,306.347458208885,0,2015,1
-145.375,36.875,15.4315910339355,0.194436833262444,7.57165767847438,70.5599651718238,0,2015,1
-131.625,50.875,9.64584255218506,0.225506886839867,5.86085318021191,90.9776487850298,0,2015,1
-141.875,28.125,20.7134399414062,0.07157963514328,3.92337864601417,125.350936653314,0,2015,1
-142.625,40.125,13.1682634353638,0.334973335266113,7.80078201208058,80.3324040123636,0,2015,1
-137.375,30.375,19.3886127471924,0.0679246336221695,4.28028036464903,131.211110122115,0,2015,1
-132.625,28.625,19.8713665008545,0.0731107071042061,4.5322841923251,173.157226587369,0,2015,1
-145.875,50.375,7.3772497177124,0.428865402936935,4.63832944064994,101.818676553815,0,2015,1
-120.625,25.875,19.5194110870361,0.121984094381332,4.16624531202857,237.149091607441,0,2015,1
-123.375,25.125,20.4690685272217,0.0694310069084167,4.41942303926655,224.908326831007,0,2015,1
-145.375,36.375,15.8704748153687,0.175302818417549,7.66853962629131,71.4469157166235,0,2015,1
-136.625,31.875,18.1628170013428,0.0683261528611183,3.86762200841809,125.210473711332,0,2015,1
-136.375,47.875,9.75844287872314,0.24555230140686,6.05139653303269,88.7690404470966,0,2015,1
-153.875,39.625,12.4287061691284,0.2967289686203,7.31885920072247,41.3994945629404,0,2015,1
-136.375,48.625,9.53049659729004,0.196940049529076,5.83414946671749,87.8389205117736,0,2015,1
-139.875,29.875,19.9321193695068,0.0785402655601501,4.9649672707884,125.738903069224,0,2015,1
-140.875,49.125,8.70957851409912,0.688144862651825,5.66007950474196,90.3036850334158,0,2015,1
-141.875,37.875,15.6708650588989,0.139590546488762,7.4769311886629,80.2983168690098,0,2015,1
-154.625,46.625,6.74890089035034,0.298265308141708,2.07537948337166,117.552811576718,0,2015,1
-128.625,26.125,20.4295845031738,0.0802783668041229,5.48897075962334,203.856503561773,0,2015,1
-117.625,26.375,20.4032249450684,0.109988540410995,4.03447642204041,254.620325450735,0,2015,1
-116.875,25.625,20.3508987426758,0.12275093048811,3.83942704058822,252.414514493072,0,2015,1
-119.375,33.625,16.137056350708,0.293351739645004,1.47634684271685,305.627907291421,0,2015,1
-140.375,27.625,21.2871551513672,0.0767936334013939,4.66400042881645,143.105532981943,0,2015,1
-153.375,44.125,8.55602359771729,0.40282130241394,4.48457355832191,68.4121141693026,0,2015,1
-119.875,25.375,20.2218837738037,0.11145943403244,4.11672199692911,240.134278130019,0,2015,1
-120.125,33.875,15.8277540206909,0.489979177713394,2.82619886066073,303.746294965744,0,2015,1
-156.625,38.375,12.7342119216919,0.30551666021347,6.82092369111398,25.6258602313424,0,2015,1
-120.625,26.375,19.7597427368164,0.164357021450996,4.09420321918685,241.557071375637,0,2015,1
-136.875,32.125,17.9067401885986,0.0692323967814445,3.92195104507948,124.297850026871,0,2015,1
-128.875,40.125,14.6279315948486,0.26463457942009,1.44,90,0,2015,1
-150.625,49.125,6.43915557861328,0.424476325511932,3.03265560194362,122.06546264728,0,2015,1
-136.875,49.625,9.12670993804932,0.195431277155876,5.90305852927108,91.8444808881227,0,2015,1
-142.625,51.125,7.96661138534546,0.241124555468559,4.9985998039451,97.1250163489018,0,2015,1
-142.375,27.625,21.3874855041504,0.0754513293504715,3.87242817880461,122.664106644382,0,2015,1
-116.625,31.875,16.427453994751,1.86166346073151,0.743303437365925,250.346175941947,0,2015,1
-135.875,48.625,9.84199523925781,0.220494911074638,5.99480608527082,87.7055699840681,0,2015,1
-142.125,30.125,20.2512187957764,0.0747147649526596,4.78081582996041,116.189873698788,0,2015,1
-147.375,49.625,7.00861263275146,0.320927888154984,4.36004587131833,106.523027541548,0,2015,1
-126.625,25.625,20.707202911377,0.0753936395049095,5.53079560280436,212.971752861296,0,2015,1
-122.625,25.125,20.8339824676514,0.0752678140997887,4.4407206622349,224.635063664269,0,2015,1
-136.625,30.125,19.8046798706055,0.0653009191155434,4.18402915859821,137.809214797081,0,2015,1
-124.125,27.375,19.4131736755371,0.0756940692663193,4.60092382027784,231.087360687164,0,2015,1
-139.875,50.625,8.3451099395752,0.526348114013672,5.47057583806312,93.5632680629062,0,2015,1
-128.625,27.875,19.5736789703369,0.0718380287289619,4.67234416540563,202.393475163363,0,2015,1
-152.625,46.875,7.32677221298218,0.362157106399536,3.24168166234749,107.59653384852,0,2015,1
-123.875,39.625,13.4972591400146,1.52716398239136,0.776659513557904,235.491477012332,0,2015,1
-137.125,30.625,19.1282348632812,0.068325087428093,4.2062929046846,130.468323760572,0,2015,1
-143.625,51.625,7.59143829345703,1.64784288406372,4.48933179883154,106.699244233994,0,2015,1
-121.875,25.375,20.3203296661377,0.0738139674067497,4.22171765991048,225.671779025212,0,2015,1
-156.875,39.375,11.6202735900879,0.259063392877579,6.56208808231039,25.3544820856277,0,2015,1
-141.875,49.125,8.6293830871582,0.427249521017075,5.74258652525149,93.794164336014,0,2015,1
-129.125,28.375,19.6178455352783,0.0739773362874985,4.43125264456903,195.980917148395,0,2015,1
-150.125,49.375,6.41195726394653,0.498964786529541,2.98779182675099,117.508459285605,0,2015,1
-145.375,47.875,8.74193096160889,0.365012288093567,5.68339687159009,93.9347820563694,0,2015,1
-146.625,35.875,16.5303955078125,0.170145630836487,7.4687683054169,63.9495677340392,0,2015,1
-145.625,46.375,8.79603958129883,0.350771963596344,5.63227307576612,88.3721389128082,0,2015,1
-119.125,32.875,16.825611114502,0.199191406369209,2.18892667762079,302.310587863516,0,2015,1
-130.125,26.125,20.5609035491943,0.0771695300936699,5.492686046007,192.619322293431,0,2015,1
-118.625,34.125,16.3782119750977,1.4138240814209,1.1610770861575,249.848252965788,0,2015,1
-134.875,51.375,8.88933658599854,0.252489328384399,5.61749054293819,92.9591799416888,0,2015,1
-139.125,41.125,13.5733222961426,0.216531202197075,7.56637297521078,82.4053566314086,0,2015,1
-155.625,37.875,12.8836765289307,0.298327744007111,7.25959365254007,31.1938588271707,0,2015,1
-155.125,42.875,9.37405776977539,0.440153807401657,4.69255793784158,39.8993703746553,0,2015,1
-136.875,49.125,9.18713188171387,0.181228920817375,5.89143446029912,88.7356125290162,0,2015,1
-118.125,27.875,19.5834541320801,0.295687258243561,3.49280689417551,267.702833626058,0,2015,1
-141.125,49.625,8.6221399307251,0.516214072704315,5.6117466086772,91.4295444882764,0,2015,1
-138.125,49.125,9.23628807067871,0.310047715902328,5.8821764679411,88.4413157937892,0,2015,1
-151.625,37.375,13.1664247512817,0.312083899974823,7.18693258629855,46.5786179722981,0,2015,1
-155.875,38.375,12.4726657867432,0.285407871007919,6.93825626508563,27.9316158669438,0,2015,1
-135.375,49.625,9.54695510864258,0.341109454631805,6.13020391177977,89.5326712159062,0,2015,1
-139.375,41.125,13.5143222808838,0.237160384654999,7.60148011902945,81.6034075697856,0,2015,1
-153.625,36.625,14.5935840606689,0.278894335031509,8.0119223660742,39.0730455023246,0,2015,1
-151.375,49.125,6.17371654510498,0.432583600282669,2.94268584799669,123.636065864766,0,2015,1
-152.125,45.875,7.86437797546387,0.406866729259491,4.66052572141813,89.1393985101661,0,2015,1
-139.375,49.375,8.95858001708984,0.641622483730316,5.86030715918543,90.5866257075106,0,2015,1
-139.125,41.375,13.4548292160034,0.232874408364296,7.50690348945556,82.3448329431671,0,2015,1
-128.125,39.625,13.9875793457031,0.341594874858856,0.12369316876853,75.9637565320735,0,2015,1
-143.625,28.875,20.8728771209717,0.0858176127076149,3.67458841232593,114.263293011317,0,2015,1
-154.875,45.875,7.35540151596069,0.371089160442352,1.89451840846163,100.954062643398,0,2015,1
-127.375,41.125,12.5719385147095,0.534452021121979,0.44407206622349,305.837652954278,0,2015,1
-146.125,45.875,9.29456424713135,0.410502851009369,6.12441833972827,86.0676870571612,0,2015,1
-143.625,51.375,7.68034505844116,0.164973109960556,4.76831207032426,104.327674217665,0,2015,1
-153.125,43.125,9.0025749206543,0.277953833341599,5.26076990563168,57.9715276214907,0,2015,1
-148.625,44.125,9.61511516571045,0.278278917074203,6.55331976939932,76.0485762769408,0,2015,1
-146.875,48.375,7.37492942810059,0.200191482901573,4.59906512239172,98.376761627764,0,2015,1
-157.875,39.625,11.1197280883789,0.355148375034332,5.83922083843384,20.7627639119632,0,2015,1
-158.875,43.125,8.77320671081543,0.41734778881073,3.08079535185315,358.698047327421,0,2015,1
-156.875,43.375,9.14915180206299,0.402597010135651,3.87881425180428,23.3925497575464,0,2015,1
-127.375,50.125,9.67596817016602,7.49180030822754,2.54593794111326,135.954841253872,0,2015,1
-125.375,45.875,11.7265863418579,0.591198086738586,2.18277346511268,87.1113784501571,0,2015,1
-155.125,37.125,13.6969833374023,0.331820487976074,7.47251630978481,34.4769311350491,0,2015,1
-126.375,25.125,20.7509250640869,0.0790379494428635,5.48876124457969,213.632163776604,0,2015,1
-118.375,27.375,19.71044921875,0.313373208045959,3.82423848628717,261.276619358317,0,2015,1
-117.875,29.375,18.1454696655273,0.138556227087975,4.05405969368977,288.256179420158,0,2015,1
-115.375,27.375,19.6979217529297,0.321364462375641,4.38316095985534,275.892690348031,0,2015,1
-147.875,49.625,6.7565279006958,0.380042761564255,4.05764710146163,109.283382369543,0,2015,1
-143.625,46.625,9.29571723937988,0.425258874893188,6.79008836466802,93.1236623938689,0,2015,1
-141.125,31.125,18.8329830169678,0.0701804980635643,4.882007783689,113.41433476381,0,2015,1
-134.375,48.625,9.79446792602539,0.208932369947433,5.97857006315055,86.931805605427,0,2015,1
-145.875,41.125,11.6630115509033,0.600209772586823,7.32952931640225,76.2671066003942,0,2015,1
-127.875,36.625,15.8600368499756,0.150968685746193,1.37767920794356,242.318938431515,0,2015,1
-158.125,40.875,10.3491277694702,0.416100382804871,5.51710068786133,16.8583987677383,0,2015,1
-128.375,37.625,15.1451787948608,0.190335035324097,0.764852927038918,244.440034828176,0,2015,1
-156.625,43.125,9.26935958862305,0.455620795488358,4.12778390907276,26.6271267535623,0,2015,1
-139.875,51.375,8.35728359222412,0.473102986812592,5.41225461337509,96.2583573888672,0,2015,1
-141.125,41.125,13.6256523132324,0.279411464929581,7.57634476512256,77.2661259527559,0,2015,1
-128.875,25.375,20.5586814880371,0.0737699419260025,5.85369968481472,203.455635803552,0,2015,1
-137.375,27.125,20.8607978820801,0.0677491948008537,4.7694548954781,159.247111159004,0,2015,1
-118.625,26.625,20.2443141937256,0.127932786941528,3.80825419319667,255.087965696466,0,2015,1
-159.125,40.375,10.5516023635864,0.410964101552963,5.64892910205111,12.2647737278924,0,2015,1
-137.375,44.875,12.1119861602783,0.21296714246273,7.51330153793923,78.4059091116569,0,2015,1
-115.875,29.375,17.9659290313721,0.289434224367142,3.15786320159693,295.51014895576,0,2015,1
-156.375,44.125,8.27613830566406,0.515137791633606,3.13121382214629,25.3374723449434,0,2015,1
-146.875,50.125,7.4626030921936,0.399952381849289,4.50693909432999,103.080374588448,0,2015,1
-129.875,49.625,9.53619861602783,0.279410034418106,5.49855435546472,96.7889745744388,0,2015,1
-139.125,29.125,20.2186183929443,0.0728510841727257,4.60392224087245,134.031960670663,0,2015,1
-157.625,43.625,8.75079822540283,0.379698038101196,2.91111662425263,6.90530629859387,0,2015,1
-133.625,25.875,20.9431095123291,0.0694043189287186,5.35840461331542,176.790513682208,0,2015,1
-134.875,30.625,19.7170791625977,0.0744788199663162,4.16760122852463,140.159224132126,0,2015,1
-138.625,49.625,9.0257511138916,0.200129941105843,5.76086799015565,90.9946184736406,0,2015,1
-153.125,48.625,6.07570505142212,0.381393611431122,2.73117190963879,139.603494798884,0,2015,1
-144.375,37.625,14.9335718154907,0.257439464330673,7.62428357290047,74.8701105707553,0,2015,1
-139.375,46.875,9.62778949737549,0.488786488771439,6.25166377854728,85.2287472865352,0,2015,1
-155.625,45.875,7.72688388824463,0.373140215873718,1.01004950373732,90.567266409858,0,2015,1
-126.375,43.875,12.3641262054443,0.665790736675262,1.29282636111738,75.2113223858348,0,2015,1
-119.625,25.125,20.4329299926758,0.115586429834366,4.07358564412239,238.143707736999,0,2015,1
-124.875,41.375,13.6376924514771,0.633003354072571,1.76002840886163,270.325540698659,0,2015,1
-153.125,35.375,15.0433139801025,0.294229686260223,7.7388694264731,39.2841976817244,0,2015,1
-151.875,46.875,7.22146558761597,0.308747529983521,3.71323309260273,104.185938175035,0,2015,1
-129.875,49.875,9.46153163909912,0.290656685829163,5.50145435316881,98.5719633591042,0,2015,1
-129.375,37.625,15.6823873519897,0.106683880090714,0.626258732474047,141.483073692897,0,2015,1
-143.875,48.125,8.93540477752686,0.33837416768074,6.05674004725314,94.2608532959627,0,2015,1
-156.375,44.375,8.14719581604004,0.545922815799713,2.53308112779674,22.5154694738066,0,2015,1
-153.125,37.125,13.6154232025146,0.356419861316681,7.89987341670738,42.3322337195536,0,2015,1
-125.125,46.625,11.8961887359619,0.622888624668121,2.34682764599363,107.354024636261,0,2015,1
-121.375,26.125,19.7585029602051,0.107940182089806,4.21170986655064,234.76279414593,0,2015,1
-131.125,27.625,20.3681125640869,0.0796399861574173,4.89494637355712,182.575987167526,0,2015,1
-145.125,29.625,19.9116611480713,0.0741473957896233,3.61448474889575,92.8544892577298,0,2015,1
-126.375,42.375,12.3439273834229,0.515556931495667,0.361386219991853,284.420773127511,0,2015,1
-126.125,43.125,12.3172445297241,0.590686023235321,0.310644491340181,86.3086140135487,0,2015,1
-134.125,27.875,20.5420608520508,0.0699211359024048,4.99484734501466,164.795184865679,0,2015,1
-154.375,36.625,14.1835908889771,0.338149100542068,7.98010024999686,37.1570921303512,0,2015,1
-114.125,27.625,18.5134773254395,8.99882698059082,1.81107702762748,300.529705899934,0,2015,1
-120.875,25.625,19.738956451416,0.103518217802048,4.22681913499975,236.385123742552,0,2015,1
-153.375,38.625,12.9128589630127,0.323001146316528,7.35394451977984,40.6435481620592,0,2015,1
-153.875,38.875,12.4979867935181,0.317648380994797,7.21632870648227,40.9543830595984,0,2015,1
-130.625,27.125,20.6347484588623,0.0767244249582291,5.01806735706088,186.062793572404,0,2015,1
-133.375,26.125,20.9062824249268,0.0756148919463158,5.46540025981629,175.697779167071,0,2015,1
-134.625,26.875,20.9590721130371,0.0762907117605209,5.18538330309342,164.22155821586,0,2015,1
-133.375,50.625,8.74479103088379,0.259879589080811,5.37565809924701,94.3741815530205,0,2015,1
-128.625,40.625,14.0331125259399,0.297923445701599,1.20598507453451,95.7105931374996,0,2015,1
-142.125,38.375,15.2811832427979,0.162311017513275,7.86329447496404,80.2621618456008,0,2015,1
-139.125,40.625,13.7538547515869,0.21661439538002,7.49069422683906,83.3303801576877,0,2015,1
-136.625,42.875,12.7874917984009,0.273736149072647,7.64589432309916,84.445993064242,0,2015,1
-136.625,48.375,9.4928560256958,0.208320572972298,5.89084883526984,89.0273297912678,0,2015,1
-121.875,26.625,19.8306999206543,0.0932923331856728,4.19237402911525,232.364746244983,0,2015,1
-151.375,48.125,6.50812578201294,0.440690636634827,2.91152880803196,117.181111085477,0,2015,1
-137.875,29.375,19.9745960235596,0.0692905858159065,4.39856794877606,135.736882578212,0,2015,1
-153.625,47.625,6.49678707122803,0.330265462398529,2.7459060435492,132.638625341824,0,2015,1
-144.875,42.125,11.3791475296021,0.514665961265564,7.77638090630854,79.2536143967938,0,2015,1
-140.875,40.375,14.1194591522217,0.230344593524933,7.4631159712281,79.578419722029,0,2015,1
-142.875,40.375,13.0271787643433,0.37331548333168,7.8146145138452,79.7541739997273,0,2015,1
-144.625,37.375,15.1332902908325,0.203423097729683,7.64181261220137,74.6725464823205,0,2015,1
-114.625,27.875,18.7912902832031,0.702385306358337,2.55409475157051,284.743562836471,0,2015,1
-125.125,46.375,12.1236963272095,0.588808596134186,2.2360008944542,98.7461622625552,0,2015,1
-114.625,26.875,20.3083934783936,0.165161058306694,2.98377277955276,295.190903206855,0,2015,1
-135.875,49.875,9.35424518585205,0.282756894826889,6.04052977809066,90.7588401242685,0,2015,1
-154.625,37.375,13.6176862716675,0.31096225976944,7.96414464961555,36.5245731712149,0,2015,1
-119.875,27.125,19.7972011566162,0.141258582472801,3.91716734388512,256.566847726454,0,2015,1
-127.375,45.125,11.5325489044189,0.621447563171387,2.30360586906702,83.7696753859943,0,2015,1
-132.375,26.625,20.7236919403076,0.07625812292099,5.36023320388209,179.465539947077,0,2015,1
-126.625,43.875,12.1801538467407,0.62817120552063,1.2347064428438,81.1479959006106,0,2015,1
-149.125,44.875,9.21002674102783,0.313137978315353,5.67525329831189,81.9983953161828,0,2015,1
-137.625,26.625,20.9891986846924,0.0701867043972015,4.68180520739597,158.971275323154,0,2015,1
-141.625,49.625,8.56107139587402,0.563086867332458,5.51032666908233,90.6238858260581,0,2015,1
-128.375,36.875,15.4742393493652,0.187122538685799,0.957078889120432,243.970407808487,0,2015,1
-122.375,38.125,12.8594207763672,9.92986488342285,0.651920240520265,228.73139699916,0,2015,1
-142.125,47.875,9.68115425109863,0.401954144239426,6.76006656771958,90.2542695416125,0,2015,1
-144.875,45.625,9.41377735137939,0.427268028259277,6.44891463736341,84.5723030274885,0,2015,1
-114.375,25.875,20.5304737091064,0.151203915476799,3.18609478829491,279.757963441348,0,2015,1
-125.125,26.375,19.8896522521973,0.0679109245538712,4.77193880933107,219.728705322021,0,2015,1
-142.375,38.375,15.0348997116089,0.189401984214783,7.7913926868051,79.8727429116581,0,2015,1
-143.375,47.375,9.49717426300049,0.467008590698242,6.66262710948167,93.5280559466127,0,2015,1
-152.125,42.625,9.61244201660156,0.345373541116714,5.71539150015115,63.390116453736,0,2015,1
-119.875,26.875,20.2365283966064,0.126465141773224,4.06340989810282,254.732514411852,0,2015,1
-136.125,26.375,21.477201461792,0.0669017359614372,5.42976979254185,167.448301449273,0,2015,1
-131.875,51.125,9.56807899475098,0.239022836089134,5.81086052147184,90.9860606316471,0,2015,1
-146.375,48.125,7.8026328086853,0.219614163041115,5.02836951705023,97.0826169144758,0,2015,1
-155.625,39.625,11.445821762085,0.335677027702332,6.44169232422661,30.5061322417238,0,2015,1
-124.125,41.375,12.9580993652344,2.21429252624512,0.769415362466854,188.972626614896,0,2015,1
-141.375,27.625,21.0271434783936,0.0720431432127953,4.57695313500149,133.317918024815,0,2015,1
-124.125,40.625,12.8134632110596,4.76114177703857,0.65924198895398,170.394795844987,0,2015,1
-117.875,32.125,17.4202575683594,0.202596887946129,2.35091471559476,291.982438203119,0,2015,1
-118.375,32.625,17.0789756774902,0.170633569359779,2.26823720099993,298.146781214122,0,2015,1
-116.125,29.125,18.723388671875,0.242552295327187,3.48621571334879,292.96120822797,0,2015,1
-146.125,35.875,16.5538177490234,0.152073726058006,8.02957034965134,67.9070788872064,0,2015,1
-131.875,42.125,13.0893831253052,0.661754310131073,4.63087464740733,91.1136006094331,0,2015,1
-151.625,43.125,9.44660663604736,0.331877112388611,5.93526747501745,69.7942105563165,0,2015,1
-141.625,28.875,20.5083312988281,0.0677666291594505,4.60431319525508,123.034301094699,0,2015,1
-125.875,42.125,12.7979755401611,0.67146635055542,1.03585713300628,276.095861544596,0,2015,1
-132.375,29.125,19.6066493988037,0.0754059329628944,4.33175484070832,172.038249108992,0,2015,1
-143.125,29.875,19.9460754394531,0.0734690129756927,4.09542427594505,109.098576822935,0,2015,1
-136.625,47.875,9.67600727081299,0.173802897334099,6.13359600886788,88.0379428918146,0,2015,1
-124.125,41.625,12.8301668167114,2.6859405040741,1.09658560997307,167.35784767211,0,2015,1
-128.875,26.375,20.3690567016602,0.0734677463769913,5.50174517766863,203.116544107419,0,2015,1
-151.375,48.875,6.26853227615356,0.391178160905838,2.90945011986801,123.362354534322,0,2015,1
-141.125,28.875,20.6500549316406,0.0708228349685669,4.86338359581064,128.236629395314,0,2015,1
-130.625,50.875,9.78570461273193,0.233737349510193,6.01300257774766,91.8107443539692,0,2015,1
-125.875,43.375,12.392388343811,0.549374043941498,0.465725240887801,75.0685828218624,0,2015,1
-139.125,47.625,9.70618724822998,0.408251315355301,5.93809733837363,87.0074977771475,0,2015,1
-143.125,41.875,11.494421005249,0.452292323112488,7.49544528363726,83.02668484753,0,2015,1
-115.875,26.375,20.956262588501,0.147085100412369,4.1843159536536,267.3974377975,0,2015,1
-115.875,25.875,21.6459102630615,0.147449746727943,4.10410769839194,265.247951951267,0,2015,1
-122.125,36.375,14.901291847229,0.77977854013443,2.7100184501217,270.211422581039,0,2015,1
-143.875,28.625,21.0179100036621,0.0824864357709885,3.69616016968962,110.59233133222,0,2015,1
-124.875,28.875,19.5276203155518,0.0738984197378159,4.35791234423089,237.367468383352,0,2015,1
-114.625,27.625,19.7935543060303,0.78980964422226,2.06341949200835,278.640606413824,0,2015,1
-133.625,51.125,8.83870983123779,0.531347274780273,5.33427595836586,94.1927544824292,0,2015,1
-155.625,41.625,9.62366771697998,0.3597531914711,5.20239367983624,36.1650255017962,0,2015,1
-137.625,30.625,19.5412044525146,0.0812227427959442,4.41661635191466,128.842149228186,0,2015,1
-151.625,37.625,12.8873538970947,0.311660975217819,7.16536112139507,47.9414649939111,0,2015,1
-139.625,48.875,9.15245151519775,0.470676749944687,5.99040900106161,89.3304637720124,0,2015,1
-154.125,44.375,8.37633991241455,0.602237284183502,3.84766162753431,61.7698427648183,0,2015,1
-156.125,45.125,7.92397117614746,0.414897084236145,1.27349911660747,43.0908475670036,0,2015,1
-145.625,42.625,11.041708946228,0.538017094135284,7.56227479003507,78.8683733181448,0,2015,1
-124.625,25.125,20.8233680725098,0.075578361749649,5.01702102845902,222.819127120579,0,2015,1
-138.625,49.125,9.16049098968506,0.539859056472778,5.94084169120841,89.0355156977735,0,2015,1
-136.375,48.125,9.65165328979492,0.138626873493195,5.99040900106161,89.3304637720124,0,2015,1
-155.125,45.375,7.89806509017944,0.466830670833588,1.82428068015862,74.7448812969423,0,2015,1
-116.875,32.375,16.5440979003906,2.57658767700195,0.737834669827869,237.171458208587,0,2015,1
-124.125,25.875,20.1093235015869,0.0704221576452255,4.81689734165054,226.42999412673,0,2015,1
-139.625,31.875,18.708028793335,0.0719378441572189,4.64759077372352,115.35203980228,0,2015,1
-143.125,30.875,19.6934261322021,0.0812986046075821,4.46221917883916,94.2411374345511,0,2015,1
-153.625,45.875,7.8824291229248,0.34724172949791,3.26882241793585,94.2104984033022,0,2015,1
-117.625,30.625,17.4420280456543,0.173974558711052,3.23310995791977,292.360856526606,0,2015,1
-151.625,48.625,6.40064430236816,0.432225316762924,2.88979238008546,121.269784491684,0,2015,1
-139.375,49.625,8.81841087341309,0.306277424097061,5.82278283984557,91.7714697400341,0,2015,1
-156.875,43.875,8.6883716583252,0.437727808952332,3.19876538683286,20.3044737099605,0,2015,1
-114.875,27.125,19.9301776885986,0.228668197989464,3.6793477682872,281.920738539922,0,2015,1
-144.125,40.375,12.3627843856812,0.439480870962143,8.08223360216716,76.8406642735042,0,2015,1
-154.375,45.375,7.80574989318848,0.475206047296524,2.7081543530604,85.5526151499095,0,2015,1
-152.375,39.375,12.2566347122192,0.29388901591301,7.38874820250359,47.4133364328499,0,2015,1
-132.125,27.625,20.4105529785156,0.0779021009802818,4.82203276637561,178.336274995708,0,2015,1
-131.375,29.375,19.6049537658691,0.071670837700367,4.04100235090256,178.723819956333,0,2015,1
-141.625,38.375,15.4027233123779,0.1744764149189,7.45553485673563,80.3481665331958,0,2015,1
-147.125,45.125,9.47979164123535,0.379716962575912,6.2581546800954,83.6699186791683,0,2015,1
-153.875,47.125,6.69608974456787,0.308417797088623,2.54017715917611,126.193207305565,0,2015,1
-151.625,49.125,6.19084739685059,0.389739602804184,2.83778082310809,122.626045371946,0,2015,1
-125.625,48.375,10.8909015655518,0.79036819934845,3.2640618866682,128.906534966174,0,2015,1
-150.375,48.125,7.08464765548706,0.307580351829529,3.34571367573497,108.651566995033,0,2015,1
-153.375,44.875,8.1931676864624,0.672435164451599,3.89852536223634,74.6804316283849,0,2015,1
-135.125,31.125,19.4587154388428,0.0742997825145721,4.23769984779479,133.183213800062,0,2015,1
-145.375,48.625,8.3920841217041,0.231235668063164,5.36146435220827,96.2103766076617,0,2015,1
-146.875,50.875,7.13148546218872,0.144488930702209,4.22878233064791,110.920779547855,0,2015,1
-142.875,50.875,7.94675540924072,0.310027807950974,5.17757665322301,98.552653023462,0,2015,1
-127.125,26.625,19.7109394073486,0.0667665675282478,5.30589295029592,214.169268308449,0,2015,1
-124.375,41.875,13.0822401046753,2.27774882316589,0.462276973253049,231.146625659647,0,2015,1
-150.875,46.875,7.47784566879272,0.267563134431839,3.94645410463621,95.2338616472164,0,2015,1
-135.375,50.875,8.99597644805908,0.310806632041931,5.69106316956683,91.1075133160561,0,2015,1
-131.875,27.875,20.2405757904053,0.0739235132932663,4.77016771193634,179.519543509072,0,2015,1
-137.875,44.375,12.0531377792358,0.240539073944092,7.63153981841149,80.1920805558112,0,2015,1
-147.375,47.625,7.74357652664185,0.322954297065735,4.56798642730033,93.3885569907235,0,2015,1
-145.625,40.625,11.927393913269,0.564497530460358,7.5210770505294,75.7605153417528,0,2015,1
-116.125,26.375,20.8942089080811,0.150636866688728,4.20904977399888,264.546762060999,0,2015,1
-154.625,46.125,7.15448427200317,0.364491730928421,2.14720748880959,108.181802696149,0,2015,1
-127.125,27.625,19.1086406707764,0.0712162256240845,4.6327637539594,214.890701507505,0,2015,1
-148.875,41.125,11.0983180999756,0.58598518371582,7.05641552064503,66.8867027311441,0,2015,1
-142.875,30.375,20.0033531188965,0.0766666010022163,4.65381563880651,105.708637829016,0,2015,1
-139.625,47.875,9.44918537139893,0.351632803678513,5.91030456068044,89.4183369424946,0,2015,1
-136.625,27.375,21.0385589599609,0.0739459544420242,4.87714055569449,155.27408964633,0,2015,1
-155.125,37.875,13.1012716293335,0.29655510187149,7.50990013249178,35.0232713024265,0,2015,1
-150.875,49.125,6.26752281188965,0.456447184085846,3.01504560496189,122.952168202842,0,2015,1
-140.125,27.625,21.3497333526611,0.0754127949476242,4.69996808499802,144.78826549595,0,2015,1
-145.625,40.375,12.0125589370728,0.547342121601105,7.57546698230545,74.2208289223276,0,2015,1
-146.125,36.625,15.1986722946167,0.216494336724281,7.53195857662534,66.3619107323094,0,2015,1
-151.875,45.375,8.22090625762939,0.327180862426758,4.81747859362136,85.1178359211593,0,2015,1
-144.125,46.375,9.36390495300293,0.413606405258179,6.64169406100582,91.2941122594345,0,2015,1
-135.875,27.125,21.1923236846924,0.0725636407732964,5.01949200616955,160.445994272167,0,2015,1
-123.125,27.625,19.5672092437744,0.0798081532120705,4.37937210111221,236.455076633491,0,2015,1
-149.375,45.125,9.04381465911865,0.374422311782837,5.56691117227498,83.3983931014233,0,2015,1
-155.625,38.625,12.2582836151123,0.287283271551132,6.92527255781316,29.1188910617356,0,2015,1
-151.875,46.625,7.37397050857544,0.292623311281204,3.82623836162882,101.456769106712,0,2015,1
-134.625,29.875,19.5887680053711,0.0737110078334808,4.01209421624169,147.934066453018,0,2015,1
-122.875,26.375,19.8934993743896,0.0782706812024117,4.27936911238094,228.599956628663,0,2015,1
-137.375,31.875,18.3560943603516,0.0721056386828423,4.1326988760373,123.151733761586,0,2015,1
-154.625,37.125,13.829252243042,0.337426573038101,7.98234301442878,36.3387317451804,0,2015,1
-138.125,50.375,8.76267051696777,0.236447706818581,5.78000865051256,93.3722816305451,0,2015,1
-151.875,46.375,7.49998235702515,0.324190855026245,4.26385975379116,98.2251201435226,0,2015,1
-119.625,26.625,20.2468204498291,0.125655204057693,4.00564601531388,253.465162142655,0,2015,1
-143.375,46.375,9.46366882324219,0.377661883831024,6.72074400643262,90.8525528397328,0,2015,1
-139.125,40.125,13.9740753173828,0.219842672348022,7.61646243343982,83.6681156020837,0,2015,1
-117.875,32.875,16.7931804656982,0.206151142716408,2.09059800057304,293.99031596584,0,2015,1
-149.625,45.375,9.0716495513916,0.396276593208313,5.31661546474823,85.4690484181937,0,2015,1
-142.625,31.625,19.5100536346436,0.090040884912014,4.58938993767145,97.5121441030527,0,2015,1
-154.625,38.875,11.941180229187,0.359882146120071,7.02699082111255,37.8320761856946,0,2015,1
-127.625,27.125,19.8300189971924,0.073218509554863,5.06107696048973,210.517204093562,0,2015,1
-128.875,38.125,15.2623271942139,0.137756124138832,0.436577599058862,159.904768808095,0,2015,1
-134.625,48.875,9.55375862121582,0.147485047578812,5.82176949045563,86.3561360757892,0,2015,1
-143.625,30.375,19.6364917755127,0.0715018883347511,4.01382610485307,97.443716409117,0,2015,1
-152.625,38.875,12.538722038269,0.28094944357872,7.60155905061587,45.3730835238138,0,2015,1
-138.875,48.875,9.38387298583984,0.577842831611633,6.04559343654533,87.5351470820088,0,2015,1
-117.375,30.375,17.5391139984131,0.175955414772034,3.23408410527618,293.314903345168,0,2015,1
-140.375,48.375,9.16062641143799,0.496240943670273,6.1415958838074,91.3061920939188,0,2015,1
-142.125,29.875,20.3000183105469,0.069727435708046,4.72781133295312,117.594854945904,0,2015,1
-137.375,28.625,20.248987197876,0.0653373152017593,4.34691844874044,153.493895077344,0,2015,1
-153.375,37.875,13.1456680297852,0.281079202890396,7.61331727960946,40.9522973089281,0,2015,1
-141.875,28.375,20.43967628479,0.0672785490751266,4.07403976416529,126.616751519071,0,2015,1
-127.625,38.125,14.9759368896484,0.227998659014702,1.46696966567138,258.99645914825,0,2015,1
-138.875,47.375,9.78190135955811,0.433670192956924,6.05749122987396,85.6448214379831,0,2015,1
-140.125,47.625,9.44381999969482,0.455952316522598,5.95003361335043,89.807409869827,0,2015,1
-115.125,26.125,20.4283504486084,0.162861064076424,3.39025072819106,276.265539306704,0,2015,1
-151.125,46.875,7.34847831726074,0.277873128652573,3.84088531461172,95.9777735923607,0,2015,1
