"longitude","latitude","sst","chlc","wind_speed","wind_direction","phoebastria_immutabilis","nyear","nmonth"
-116.410126,27.383348,17.772686,0.14552064,6.3895226,298.41006,1,2014,3
-115.23259,27.387758,17.452091,0.34864262,6.6785626,299.02127,1,2014,3
-115.255974,27.423819,17.661804,0.25156897,6.5427213,298.68036,1,2014,3
-115.54624,27.471155,17.628832,0.24226327,6.3576803,298.25803,1,2014,3
-115.283356,27.500298,17.138548,0.511781,6.4114428,300.04416,1,2014,3
-115.54254,27.500534,17.341164,0.36085686,6.345652,299.5545,1,2014,3
-116.02495,27.563816,17.619076,0.16719338,6.397781,300.01147,1,2014,3
-116.353874,27.579033,17.838161,0.13479291,6.432449,299.83325,1,2014,3
-115.82279,27.595016,17.410862,0.22855835,6.3320217,299.52042,1,2014,3
-116.552155,27.612267,18.005823,0.1213672,6.3280406,298.71164,1,2014,3
-116.78952,27.640251,18.067335,0.12149568,6.2923207,296.72794,1,2014,3
-117.01852,27.734861,18.164381,0.109494515,6.2520475,296.60605,1,2014,3
-115.4124,27.750162,16.85612,0.59734315,6.6259866,299.97012,1,2014,3
-115.68474,27.750347,17.175755,0.35585302,6.3581524,300.11374,1,2014,3
-117.06809,27.75551,18.15305,0.10544552,6.2433324,297.05756,1,2014,3
-115.81941,27.775265,17.40198,0.21062341,6.2476954,300.91656,1,2014,3
-119.55068,27.848501,18.0914,0.086702615,5.7608767,297.49915,1,2014,3
-117.25651,27.880747,18.239342,0.11289935,6.147064,298.14926,1,2014,3
-119.48263,27.882088,18.158916,0.090729155,5.82371,297.62106,1,2014,3
-116.733505,27.912977,18.076786,0.121050425,6.431213,299.63437,1,2014,3
-116.78832,27.914787,18.1243,0.11249282,6.3294945,297.77963,1,2014,3
-116.484604,27.932543,17.928503,0.1231129,6.4363422,300.9485,1,2014,3
-116.13195,27.984392,17.708403,0.15008794,6.3697567,301.5191,1,2014,3
-117.343575,28.001158,18.068884,0.10029504,6.1337185,299.28143,1,2014,3
-115.73217,28.003893,17.219898,0.24411137,6.1695786,300.05588,1,2014,3
-115.99484,28.007849,17.486374,0.17455183,6.2508397,302.19,1,2014,3
-116.24134,28.008781,17.855272,0.12874192,6.423745,303.1211,1,2014,3
-119.31112,28.01193,17.933615,0.08396638,5.7637835,298.61047,1,2014,3
-117.120056,28.020084,17.994318,0.12489545,6.3298736,299.11615,1,2014,3
-119.23615,28.047417,17.953455,0.07814063,5.885448,299.74487,1,2014,3
-117.51975,28.055885,18.091984,0.09138778,5.982391,300.2082,1,2014,3
-117.763985,28.097273,18.122623,0.0842648,6.0813484,300.86682,1,2014,3
-118.200584,28.12084,18.020508,0.08650278,6.102016,300.6417,1,2014,3
-118.25917,28.1573,18.003187,0.08634252,6.1122336,300.803,1,2014,3
-120.31858,28.166101,17.243416,0.08168862,5.6188254,298.0245,1,2014,3
-120.243256,28.172009,17.408503,0.080359705,5.6363907,299.2027,1,2014,3
-118.974205,28.187185,18.038895,0.08279974,5.9792976,298.794,1,2014,3
-120.59569,28.191103,17.13084,0.07332382,5.5409837,296.47256,1,2014,3
-119.990105,28.213842,17.758814,0.07858534,5.6723366,299.2312,1,2014,3
-116.98727,28.22921,17.987246,0.13272697,6.4164553,300.12146,1,2014,3
-119.004944,28.25028,17.67603,0.09494348,5.842987,300.77878,1,2014,3
-116.93696,28.250513,17.916342,0.112713255,6.5158653,301.76303,1,2014,3
-117.4758,28.250643,17.799595,0.10583623,6.167398,300.39017,1,2014,3
-115.90118,28.251707,17.565952,0.15517636,6.3416796,304.918,1,2014,3
-118.76779,28.252728,17.738504,0.096163474,5.9190626,300.1171,1,2014,3
-117.82955,28.255716,17.858252,0.09868153,5.937112,302.27136,1,2014,3
-120.47168,28.256533,17.141556,0.08648061,5.698535,299.0839,1,2014,3
-118.16437,28.259153,17.76073,0.09927365,5.958565,302.59656,1,2014,3
-117.069305,28.259407,17.841837,0.1101154,6.3917527,300.97913,1,2014,3
-118.2981,28.260925,17.669647,0.10095621,5.9808025,302.57407,1,2014,3
-118.61673,28.261282,17.701498,0.09995769,5.9441566,301.096,1,2014,3
-119.28176,28.26174,17.709967,0.093115136,5.7628465,300.2135,1,2014,3
-117.5973,28.26527,17.844181,0.10001425,5.8961854,300.6971,1,2014,3
-119.87225,28.266682,17.698462,0.08122375,5.7232594,300.3285,1,2014,3
-116.0328,28.268702,17.867315,0.123005085,6.565554,304.51303,1,2014,3
-120.194145,28.300488,17.418133,0.07664784,5.745572,300.31387,1,2014,3
-116.72923,28.339104,17.977219,0.10255346,6.635096,302.75598,1,2014,3
-119.694855,28.349148,17.800695,0.08736817,5.742003,300.45038,1,2014,3
-115.74707,28.42379,17.131668,0.23885402,5.880578,304.6089,1,2014,3
-116.448074,28.45687,17.974293,0.10923234,6.664728,303.61853,1,2014,3
-115.98663,28.500313,17.493565,0.15973409,6.6665807,307.62622,1,2014,3
-116.86137,28.500439,17.742542,0.113425866,6.618285,302.84967,1,2014,3
-117.50964,28.500908,17.577604,0.10151002,5.92709,300.6322,1,2014,3
-117.39233,28.50142,17.569891,0.10387276,6.2202654,300.85318,1,2014,3
-117.94828,28.50256,17.516096,0.101416126,5.8851085,302.01572,1,2014,3
-116.70949,28.50278,17.890522,0.10971862,6.723243,304.21005,1,2014,3
-116.48677,28.50371,17.969204,0.110048965,6.7578473,304.93646,1,2014,3
-119.242386,28.503948,17.606907,0.0901055,5.822173,302.87122,1,2014,3
-118.22461,28.503954,17.509216,0.10710398,5.9743533,303.1847,1,2014,3
-119.29706,28.504198,17.595667,0.09134072,5.819459,301.7236,1,2014,3
-118.7578,28.504553,17.668182,0.09057982,5.8189,303.36237,1,2014,3
-116.183784,28.504824,17.813324,0.12305219,6.758831,305.97128,1,2014,3
-118.42335,28.507313,17.522076,0.10736504,5.9769726,303.3976,1,2014,3
-119.97521,28.510061,17.631037,0.08361235,5.9012966,300.7806,1,2014,3
-120.28266,28.510727,17.102823,0.08696678,5.85942,299.8904,1,2014,3
-117.166504,28.51325,17.606112,0.1099912,6.471329,301.79892,1,2014,3
-118.67678,28.520832,17.58605,0.09699377,5.875032,302.7704,1,2014,3
-119.502556,28.524979,17.643276,0.08858475,5.8208075,301.3689,1,2014,3
-115.63938,28.534351,17.025303,0.24491195,6.331169,310.83688,1,2014,3
-120.21585,28.544888,17.380379,0.07758252,5.956148,300.91428,1,2014,3
-120.87742,28.597946,17.030334,0.096946165,5.6073613,298.66754,1,2014,3
-121.01526,28.60294,16.922245,0.09552385,5.4790964,297.5004,1,2014,3
-120.697556,28.619066,17.076149,0.094872855,5.7180853,299.43417,1,2014,3
-117.94117,28.750128,17.377653,0.102208175,6.392785,299.93387,1,2014,3
-118.1642,28.750221,17.441225,0.11342035,6.3515115,301.93845,1,2014,3
-115.84134,28.750341,17.291948,0.17910609,6.9482155,308.86588,1,2014,3
-116.03736,28.750368,17.657604,0.12574187,6.954035,307.05115,1,2014,3
-118.43427,28.751143,17.384157,0.12272438,6.407761,301.73053,1,2014,3
-119.873634,28.751762,17.554255,0.08394439,5.9923034,302.39053,1,2014,3
-116.34616,28.752478,17.849306,0.113566555,6.844852,305.96582,1,2014,3
-117.56388,28.754484,17.377668,0.10352557,6.2292857,300.26968,1,2014,3
-115.74722,28.755716,16.83655,0.29186946,6.7967052,312.1376,1,2014,3
-117.04859,28.755926,17.450104,0.110375576,6.6044607,302.82385,1,2014,3
-117.486176,28.757196,17.433775,0.10619614,6.3186865,301.80353,1,2014,3
-119.12171,28.757326,17.595158,0.08848639,5.8105507,303.4166,1,2014,3
-118.68571,28.757746,17.516073,0.087445505,5.918716,303.42157,1,2014,3
-116.95842,28.758644,17.592537,0.11735457,6.6902018,304.40268,1,2014,3
-118.75802,28.761253,17.631018,0.09072125,5.73328,304.41074,1,2014,3
-116.62382,28.763807,17.793713,0.11870448,6.795837,305.5377,1,2014,3
-119.66045,28.766743,17.566793,0.087714404,5.927377,303.0198,1,2014,3
-120.9169,28.77128,17.03468,0.09819332,5.654883,300.14703,1,2014,3
-119.25,28.796303,17.567657,0.08844101,5.8552713,303.01157,1,2014,3
-120.059975,28.81619,17.351635,0.08117051,5.992412,301.4885,1,2014,3
-118.35337,29.000004,17.232494,0.11967084,6.4540377,303.37,1,2014,3
-118.570045,29.000109,17.40392,0.09000346,5.8445272,304.61456,1,2014,3
-116.27333,29.000195,17.538832,0.12436848,6.9220014,306.8368,1,2014,3
-118.10105,29.000282,17.355024,0.106418915,6.5095778,304.10507,1,2014,3
-116.19199,29.000612,17.401106,0.14260028,6.976998,307.83896,1,2014,3
-117.96791,29.000628,17.307886,0.09686109,6.504291,304.34973,1,2014,3
-116.60819,29.000813,17.573177,0.1265003,6.842003,306.92014,1,2014,3
-119.178665,29.00087,17.525349,0.09085112,5.7863374,304.6513,1,2014,3
-116.847786,29.000895,17.460539,0.12251162,6.704454,306.2033,1,2014,3
-117.13234,29.00138,17.3987,0.11615753,6.6718287,304.9287,1,2014,3
-117.43648,29.001434,17.342905,0.11455806,6.429588,304.481,1,2014,3
-119.3676,29.002474,17.510067,0.08783803,5.933102,304.4936,1,2014,3
-115.90834,29.003908,17.049974,0.23250754,6.9846187,309.36444,1,2014,3
-118.89213,29.004131,17.50272,0.08995454,5.6428714,305.04193,1,2014,3
-117.68068,29.004686,17.259645,0.10659314,6.56678,302.31058,1,2014,3
-120.84525,29.007006,17.068388,0.09514078,5.7706847,302.25797,1,2014,3
-119.82006,29.012884,17.502768,0.08463891,6.0464864,304.2157,1,2014,3
-119.51584,29.017954,17.53298,0.08706157,5.996966,304.53806,1,2014,3
-115.71434,29.022913,16.598276,0.36227906,7.026443,312.8661,1,2014,3
-120.748535,29.102383,17.08253,0.09122003,5.983185,302.78702,1,2014,3
-115.49962,29.118723,16.28684,0.6521285,6.5765796,318.82227,1,2014,3
-116.34402,29.250114,17.202394,0.17070077,6.8173966,308.0298,1,2014,3
-115.704056,29.250158,16.370888,0.658005,7.230173,313.2066,1,2014,3
-118.55794,29.250273,17.193336,0.092057005,5.5947566,307.8121,1,2014,3
-116.1059,29.25032,17.141893,0.1772107,6.898942,307.8167,1,2014,3
-118.85364,29.250362,17.195282,0.090516016,5.544763,307.82062,1,2014,3
-118.22531,29.250378,17.202969,0.09163049,6.366011,306.7619,1,2014,3
-118.47591,29.250885,17.225302,0.090602614,6.2260823,306.5754,1,2014,3
-119.85469,29.251184,17.187994,0.09012305,6.013493,305.59305,1,2014,3
-117.416794,29.251324,17.281172,0.118555844,6.4227176,307.72632,1,2014,3
-119.41161,29.251497,17.139797,0.08912379,5.946436,306.17615,1,2014,3
-120.57384,29.251577,16.831202,0.097463414,6.086904,305.09998,1,2014,3
-116.51249,29.251883,17.311274,0.14751033,6.7954836,308.06726,1,2014,3
-115.997826,29.25315,16.894133,0.25152165,7.005041,309.43903,1,2014,3
-120.47263,29.254416,16.903631,0.096143536,6.0115304,304.90613,1,2014,3
-117.04424,29.256014,17.368177,0.12510519,6.6367235,307.71597,1,2014,3
-117.7011,29.257559,17.209612,0.11203225,6.4464717,307.56317,1,2014,3
-117.960205,29.261843,17.232971,0.099453904,6.77868,306.05844,1,2014,3
-116.99791,29.261967,17.360424,0.1331277,6.6551185,307.9203,1,2014,3
-119.52434,29.264072,17.176588,0.0885025,5.983285,305.6824,1,2014,3
-119.19448,29.266748,17.185476,0.08992906,5.710035,306.66922,1,2014,3
-120.22313,29.396925,17.080906,0.093536235,5.932158,305.32434,1,2014,3
-118.88344,29.500135,16.885796,0.09814127,5.6541667,309.54608,1,2014,3
-116.65252,29.500181,17.085787,0.19253105,6.551679,309.9847,1,2014,3
-116.44709,29.500414,16.870626,0.22867146,6.4288177,309.50888,1,2014,3
-117.57815,29.500496,17.07142,0.117057994,6.221929,311.22058,1,2014,3
-115.96809,29.500666,16.623253,0.45491025,6.6928396,307.77737,1,2014,3
-118.69789,29.501368,16.969408,0.0979884,5.6351132,309.31088,1,2014,3
-116.17173,29.501589,16.867172,0.23008345,6.5893626,308.03513,1,2014,3
-116.935745,29.501825,17.320091,0.13908884,6.5329394,309.0981,1,2014,3
-118.127625,29.50295,17.102903,0.10131682,6.0133185,310.68396,1,2014,3
-118.33795,29.503403,16.997852,0.10061258,5.686493,309.1476,1,2014,3
-117.11449,29.503572,17.279118,0.126516,6.492842,309.50052,1,2014,3
-117.89569,29.503828,17.149115,0.115184955,6.205296,310.62134,1,2014,3
-117.37964,29.506535,17.185385,0.12167832,6.455641,309.65784,1,2014,3
-119.339035,29.507887,16.69429,0.10269921,5.875483,308.15723,1,2014,3
-119.11484,29.519518,16.838753,0.09848923,5.7268925,308.69107,1,2014,3
-119.73002,29.522875,16.560646,0.10803278,5.960537,307.63892,1,2014,3
-119.96771,29.532885,16.358635,0.114732474,5.984321,307.4635,1,2014,3
-121.6561,29.570688,16.445204,0.10221598,5.9533606,304.9447,1,2014,3
-120.04973,29.571705,16.1883,0.11783582,5.904439,307.5686,1,2014,3
-121.79179,29.574932,16.47419,0.10239796,5.874317,303.47366,1,2014,3
-122.598694,29.577309,16.844326,0.073013455,5.5902505,299.82117,1,2014,3
-121.43023,29.577435,16.427715,0.10184158,5.9774575,305.60452,1,2014,3
-122.00664,29.57748,16.524311,0.09558394,5.7609463,303.02805,1,2014,3
-122.44524,29.579035,16.779135,0.07827011,5.664848,301.5015,1,2014,3
-122.756195,29.580273,16.981768,0.067365766,5.4343815,297.50812,1,2014,3
-121.19858,29.582207,16.39312,0.100836724,5.9582634,306.3314,1,2014,3
-120.301094,29.590235,16.19343,0.11095979,5.984012,306.9848,1,2014,3
-123.05941,29.59593,17.224825,0.057183355,5.3235326,295.1209,1,2014,3
-120.56257,29.60253,16.213665,0.101466365,6.046503,307.60904,1,2014,3
-120.97292,29.608917,16.297054,0.09914576,6.008161,307.2895,1,2014,3
-123.27807,29.63627,17.381697,0.05408362,5.22472,292.9826,1,2014,3
-123.55109,29.702208,17.375023,0.05354492,5.0862365,291.57132,1,2014,3
-117.165596,29.75011,17.259224,0.13694343,6.343154,310.2682,1,2014,3
-117.98498,29.7502,16.959917,0.12134962,5.982784,312.08688,1,2014,3
-116.58856,29.750547,17.040972,0.18564302,6.181982,311.91833,1,2014,3
-117.27921,29.750797,17.038858,0.12946555,6.346314,310.7188,1,2014,3
-118.492325,29.750904,16.768791,0.1275498,5.809045,309.69193,1,2014,3
-116.874565,29.751272,17.29896,0.14457417,6.3789735,310.23108,1,2014,3
-118.6014,29.751444,16.80598,0.119226895,5.7400784,310.26566,1,2014,3
-116.268036,29.751455,16.6194,0.33059844,6.105514,310.68274,1,2014,3
-119.997284,29.753355,16.207735,0.124646194,6.0018163,308.91327,1,2014,3
-119.57568,29.753372,16.330303,0.1217739,6.0242343,309.47678,1,2014,3
-118.06768,29.75493,16.915607,0.12111104,5.887512,310.45352,1,2014,3
-118.76638,29.755774,16.8095,0.10885889,5.7465467,310.34174,1,2014,3
-116.11511,29.756155,16.49644,0.4243852,6.079515,310.39685,1,2014,3
-117.70261,29.760328,16.965693,0.123369366,6.1031957,312.0779,1,2014,3
-119.380516,29.760435,16.516396,0.11039619,5.903914,310.19077,1,2014,3
-115.93468,29.76299,16.155111,1.2377491,5.872274,309.056,1,2014,3
-123.73962,29.763857,17.14883,0.05834443,5.0132823,293.13855,1,2014,3
-119.095566,29.767464,16.813484,0.10515688,5.8052735,310.10886,1,2014,3
-120.03564,29.777058,16.090248,0.120398164,5.9806523,309.5725,1,2014,3
-123.80758,29.780449,17.072355,0.059672862,4.9673533,291.86566,1,2014,3
-124.015656,29.821135,16.867018,0.06849948,4.849103,290.9018,1,2014,3
-120.29709,29.839293,16.182217,0.102248855,6.0267487,308.60043,1,2014,3
-124.283966,29.886143,16.964447,0.06466624,4.7401686,290.49945,1,2014,3
-124.551544,29.932465,17.21823,0.056201722,4.678472,289.868,1,2014,3
-124.81473,29.961718,17.272139,0.054794014,4.537896,288.63458,1,2014,3
-125.01915,29.984276,17.511532,0.04924935,4.51948,287.51285,1,2014,3
-125.1555,30.000162,17.324158,0.052291594,4.6434684,289.76172,1,2014,3
-116.40611,30.000189,16.61337,0.33000633,5.8381505,311.38904,1,2014,3
-117.030304,30.000715,17.218216,0.14293337,6.205296,310.62134,1,2014,3
-117.89091,30.000942,16.685791,0.14555609,5.9003816,311.63354,1,2014,3
-116.660515,30.001062,17.139025,0.16591951,5.8710475,313.48166,1,2014,3
-118.37695,30.001522,16.429287,0.16762573,5.818359,311.1674,1,2014,3
-116.24292,30.002136,16.10601,0.7265573,5.7393556,311.32678,1,2014,3
-118.53434,30.002432,16.39664,0.16195567,5.819321,311.02847,1,2014,3
-119.107544,30.00358,16.640953,0.107542545,5.95483,310.9144,1,2014,3
-115.94064,30.004898,15.797587,1.9886564,5.034779,314.51718,1,2014,3
-116.7723,30.006807,17.234272,0.14404565,6.2013707,312.25504,1,2014,3
-118.86323,30.007036,16.444931,0.13106722,5.8672824,311.26862,1,2014,3
-118.1693,30.008251,16.580774,0.16060634,5.815677,311.58444,1,2014,3
-119.55366,30.008516,16.312819,0.123458825,6.0601153,310.18085,1,2014,3
-119.40612,30.014318,16.446686,0.11313173,6.011256,310.9528,1,2014,3
-117.37579,30.015959,16.973639,0.1359777,6.2426357,311.29816,1,2014,3
-125.33408,30.017618,17.48174,0.046298817,4.579607,289.38452,1,2014,3
-117.58653,30.022007,16.799711,0.1340997,6.0508265,312.65585,1,2014,3
-125.61768,30.035662,17.538183,0.04552529,4.496799,288.6767,1,2014,3
-125.77053,30.046,17.411774,0.05035529,4.370286,288.2691,1,2014,3
-120.23122,30.062107,16.051641,0.12955782,6.0101995,310.20837,1,2014,3
-120.38309,30.078657,16.125893,0.11257933,5.939781,309.398,1,2014,3
-126.06323,30.08667,17.2407,0.057767574,4.207731,286.71228,1,2014,3
-126.27826,30.110336,17.05854,0.06451153,3.9706044,284.7362,1,2014,3
-126.7733,30.11322,17.01705,0.06288649,3.6915715,283.4716,1,2014,3
-126.69762,30.114098,17.04149,0.06284573,3.8301175,283.12918,1,2014,3
-127.004715,30.125378,17.045063,0.06295599,3.4007351,281.70645,1,2014,3
-127.316666,30.143522,17.088018,0.06291395,3.1458225,280.80984,1,2014,3
-127.54988,30.155062,17.12926,0.06254028,2.8687627,279.42947,1,2014,3
-127.76092,30.201292,17.120073,0.061546627,2.6955147,277.88962,1,2014,3
-116.68597,30.250153,17.090189,0.15328749,5.7280016,314.2927,1,2014,3
-118.22913,30.250324,16.291199,0.17876394,5.914271,313.21866,1,2014,3
-127.907364,30.250725,17.069616,0.06373397,2.7064738,281.7251,1,2014,3
-116.16581,30.25092,15.891189,1.4227971,5.3461947,315.75784,1,2014,3
-116.35573,30.251572,16.626528,0.32242176,5.5437894,315.29233,1,2014,3
-119.35994,30.253384,16.380062,0.1151467,6.0225244,311.36493,1,2014,3
-117.78595,30.25357,16.417591,0.17533141,5.902169,312.6655,1,2014,3
-117.58766,30.253881,16.606848,0.15743184,6.036133,312.78452,1,2014,3
-117.46498,30.253983,16.956812,0.14219116,6.1180553,311.9524,1,2014,3
-117.037544,30.254053,17.100227,0.14197697,6.119624,311.68796,1,2014,3
-118.45192,30.262173,16.21082,0.18261272,5.923082,312.7422,1,2014,3
-118.51659,30.26266,16.226536,0.17150137,5.920355,311.85052,1,2014,3
-116.914085,30.262978,17.122068,0.14007671,5.991402,313.44455,1,2014,3
-119.67862,30.270483,16.345016,0.12263669,6.0997133,311.47754,1,2014,3
-118.94433,30.270561,16.220442,0.14267752,5.9419274,311.7937,1,2014,3
-128.05833,30.29934,17.093054,0.063860774,2.4167747,280.00797,1,2014,3
-119.01254,30.311201,16.391932,0.112174354,5.96866,312.07996,1,2014,3
-120.42673,30.332438,15.988795,0.1264436,5.947386,310.08926,1,2014,3
-128.2628,30.381907,17.074926,0.06401657,2.2391293,279.25198,1,2014,3
-119.75615,30.424362,16.197838,0.13311481,6.025363,310.96228,1,2014,3
-128.52782,30.459013,17.076181,0.060175166,2.0987616,277.6668,1,2014,3
-118.58445,30.500298,16.247728,0.16365604,6.0434756,312.7201,1,2014,3
-118.29654,30.500595,16.264772,0.15712216,6.033117,313.724,1,2014,3
-116.929985,30.500692,17.0329,0.14317475,5.7789707,313.52762,1,2014,3
-116.49112,30.501167,16.43599,0.5679516,5.374309,315.6031,1,2014,3
-117.70787,30.501177,16.354492,0.17576116,5.9693384,313.77823,1,2014,3
-117.39572,30.501286,16.678797,0.15377009,6.020972,313.04825,1,2014,3
-119.52022,30.502077,16.30302,0.12199865,5.996207,312.2287,1,2014,3
-117.23208,30.502142,16.968393,0.14621109,6.0146656,312.844,1,2014,3
-116.57369,30.503674,16.93564,0.16267817,5.6075754,314.49426,1,2014,3
-119.14375,30.504425,16.203047,0.13742384,5.9943056,312.63376,1,2014,3
-118.10177,30.50455,16.243807,0.17758557,6.033448,313.58972,1,2014,3
-118.78114,30.505657,16.232048,0.15258525,5.997641,311.9588,1,2014,3
-120.4446,30.508497,15.849345,0.1499375,5.960285,310.23636,1,2014,3
-119.26905,30.50941,16.269194,0.119600005,6.037922,312.3822,1,2014,3
-119.89363,30.520372,16.134346,0.137558,6.066177,312.3944,1,2014,3
-117.829445,30.52723,16.225828,0.18810259,5.941734,313.49973,1,2014,3
-128.72064,30.528667,17.237637,0.055692762,2.1162467,280.61966,1,2014,3
-128.78381,30.547672,17.200838,0.05672323,2.1015232,278.2072,1,2014,3
-129.01114,30.578882,17.17833,0.056790214,2.0895932,275.4923,1,2014,3
-129.25012,30.623104,17.295506,0.054803587,2.0934422,273.2861,1,2014,3
-120.03565,30.633488,16.012772,0.14744434,5.9961653,311.07806,1,2014,3
-129.57443,30.676422,17.497837,0.05003213,1.9625493,272.92072,1,2014,3
-129.82057,30.715933,17.5141,0.049593665,1.8504324,271.23865,1,2014,3
-130.0155,30.747952,17.4871,0.05215707,1.7001176,270.67404,1,2014,3
-116.77934,30.750202,16.856619,0.1574807,5.5731497,313.8368,1,2014,3
-118.131905,30.750223,16.145922,0.1836945,6.0179815,314.25943,1,2014,3
-117.15236,30.750668,16.618034,0.16187242,5.721477,313.93777,1,2014,3
-117.79476,30.751154,16.148409,0.20792627,5.8478117,314.79214,1,2014,3
-116.665504,30.751204,16.8463,0.19648688,5.417933,313.65387,1,2014,3
-117.719376,30.752682,16.248339,0.20050766,5.834595,313.95837,1,2014,3
-117.32113,30.752947,16.351805,0.18736742,5.8128476,314.303,1,2014,3
-119.33331,30.75309,16.027927,0.1572112,5.985883,312.9691,1,2014,3
-118.41846,30.7539,16.167677,0.15010867,6.032122,314.26117,1,2014,3
-130.12344,30.75768,17.494099,0.052087497,1.6710775,272.05765,1,2014,3
-120.23639,30.763899,16.025417,0.14419182,6.095777,312.1409,1,2014,3
-120.36886,30.769592,15.834877,0.16227464,6.037549,311.2395,1,2014,3
-119.84831,30.769855,16.112364,0.13471743,6.076619,313.33295,1,2014,3
-119.184425,30.77135,16.085897,0.17723352,5.9482856,313.70578,1,2014,3
-118.94567,30.774424,16.166286,0.1751797,5.990701,313.71494,1,2014,3
-116.497406,30.780792,16.223454,1.5994825,4.7139897,319.04276,1,2014,3
-130.28807,30.796337,17.46861,0.05398071,1.460856,271.96143,1,2014,3
-130.54498,30.871525,17.428158,0.055249296,1.2509996,272.29062,1,2014,3
-130.774,30.970016,17.577456,0.051604718,1.1500435,269.5018,1,2014,3
-116.82312,31.000233,16.740051,0.18123996,5.466708,315.9635,1,2014,3
-117.35354,31.001322,16.373648,0.18940488,5.4817243,316.4044,1,2014,3
-119.06253,31.001581,15.730449,0.20361647,5.954444,315.8165,1,2014,3
-117.20564,31.001604,16.529013,0.18014187,5.360168,315.60468,1,2014,3
-116.665085,31.002438,16.586016,0.44680938,4.92858,315.2466,1,2014,3
-120.030655,31.00276,16.011375,0.1430131,6.2544227,313.0563,1,2014,3
-119.342766,31.005278,15.87825,0.17456405,6.052983,314.5984,1,2014,3
-130.85474,31.010492,17.468998,0.051101875,1.1443776,275.01312,1,2014,3
-117.75233,31.010933,16.23092,0.21729703,5.6174374,316.87552,1,2014,3
-120.283394,31.012598,15.906978,0.14793862,6.1226873,312.41846,1,2014,3
-117.69694,31.01942,16.29547,0.20911375,5.5593166,316.3119,1,2014,3
-119.91174,31.045204,16.048647,0.14300758,6.2299356,314.4147,1,2014,3
-118.38241,31.060871,15.933222,0.1956032,5.784981,315.98053,1,2014,3
-131.00906,31.08588,17.527245,0.05107523,1.0412012,272.75247,1,2014,3
-120.51083,31.09895,15.63794,0.163332,6.0756893,311.93112,1,2014,3
-131.3236,31.187592,17.51825,0.05234801,1.0112369,267.1659,1,2014,3
-116.96848,31.2514,16.727982,0.2403277,4.974103,312.96332,1,2014,3
-120.233536,31.251696,15.900964,0.1489792,6.407948,313.7354,1,2014,3
-117.326385,31.252148,16.318205,0.19167419,5.131647,318.95062,1,2014,3
-117.16739,31.25771,16.537554,0.19037604,4.9814253,317.11508,1,2014,3
-119.13733,31.259348,15.56095,0.22158952,6.0084357,317.3607,1,2014,3
-117.68122,31.259403,16.286144,0.2169928,5.300962,318.82425,1,2014,3
-131.49393,31.260792,17.47917,0.053425763,0.9404786,271.82797,1,2014,3
-117.79557,31.26149,16.364779,0.22562967,5.373453,319.07486,1,2014,3
-118.3209,31.26939,15.922322,0.24306312,5.532495,318.44388,1,2014,3
-120.63621,31.271313,15.556874,0.17833064,6.170656,312.76712,1,2014,3
-120.3096,31.278591,15.816069,0.15706798,6.2753882,313.1274,1,2014,3
-119.83339,31.278837,15.892459,0.1513199,6.399633,315.56976,1,2014,3
-118.02132,31.300507,16.227858,0.22571108,5.436442,318.95288,1,2014,3
-131.58263,31.306583,17.460905,0.052436825,0.9013878,266.82016,1,2014,3
-119.503494,31.322147,15.8934145,0.1522692,6.3448324,316.4688,1,2014,3
-116.74017,31.341457,16.342438,2.0293815,4.0810413,316.29068,1,2014,3
-120.76767,31.347267,15.557339,0.14196087,6.170656,312.76712,1,2014,3
-119.29937,31.371214,15.711132,0.19361101,6.117655,316.1259,1,2014,3
-131.75987,31.378061,17.467901,0.05278394,0.9534149,257.27563,1,2014,3
-117.22997,31.500082,16.604643,0.18959494,4.731934,318.4268,1,2014,3
-117.25238,31.502378,16.340334,0.19001497,4.6680403,321.43604,1,2014,3
-120.97343,31.504845,15.489024,0.16231059,6.280398,313.83875,1,2014,3
-132.03998,31.508503,17.313072,0.055952746,0.9060905,259.18613,1,2014,3
-116.76007,31.508806,16.663095,0.37691376,4.2293496,316.1496,1,2014,3
-118.345116,31.510637,16.221388,0.24872752,5.2599716,321.56134,1,2014,3
-117.83171,31.514746,16.360273,0.21475156,5.005487,321.7335,1,2014,3
-119.61961,31.518341,15.458215,0.22015801,6.380447,318.1129,1,2014,3
-119.38257,31.519497,15.412299,0.24130708,6.1329436,318.17252,1,2014,3
-119.21934,31.519676,15.449448,0.24281788,5.92466,318.83228,1,2014,3
-120.52983,31.543074,15.481,0.20458573,6.24491,313.89703,1,2014,3
-120.18283,31.553755,15.599015,0.1921995,6.4629717,314.87463,1,2014,3
-119.78079,31.5886,15.543573,0.20008172,6.4669156,317.00516,1,2014,3
-121.02824,31.602016,15.453488,0.15909491,6.189709,313.36343,1,2014,3
-132.29823,31.605532,17.280897,0.054683607,0.7291776,244.8407,1,2014,3
-118.15837,31.66117,16.424149,0.22115086,5.071193,321.8872,1,2014,3
-132.50204,31.692663,17.30461,0.053107552,0.5458938,241.55707,1,2014,3
-118.512955,31.713678,15.716917,0.27329257,5.3853507,320.57584,1,2014,3
-117.535515,31.732931,16.27678,0.20313591,4.888722,322.14557,1,2014,3
-117.90179,31.750307,16.5172,0.19837461,4.460101,326.9869,1,2014,3
-118.60397,31.750853,15.778598,0.27829656,5.1825285,323.94824,1,2014,3
-116.99122,31.751987,16.678795,0.63489753,3.4084601,324.0715,1,2014,3
-117.49022,31.754223,16.61018,0.20515633,4.1723495,323.87167,1,2014,3
-120.15388,31.757732,15.221879,0.29986408,6.3948884,316.64743,1,2014,3
-119.52718,31.76041,15.358077,0.25440726,6.367299,320.03314,1,2014,3
-119.450165,31.762466,15.36889,0.25243172,6.1473327,320.74338,1,2014,3
-119.81455,31.763529,15.297764,0.28406587,6.440225,318.5881,1,2014,3
-117.003426,31.765526,16.765759,0.23653561,3.9319208,315.82434,1,2014,3
-118.124306,31.765638,16.419868,0.22213757,4.6040416,326.51703,1,2014,3
-120.26536,31.76941,15.253203,0.26666656,6.3642125,315.50928,1,2014,3
-132.67676,31.77003,17.174994,0.058434755,0.3580503,234.09027,1,2014,3
-117.532196,31.772907,16.480654,0.19741277,4.268419,326.2727,1,2014,3
-118.441315,31.77982,16.180643,0.2739684,4.9401317,325.47357,1,2014,3
-121.173676,31.790064,15.420878,0.18421894,6.3643537,314.3634,1,2014,3
-132.77182,31.820618,17.142677,0.0637847,0.22090723,174.80557,1,2014,3
-120.5895,31.830381,15.393452,0.21223287,6.3144994,315.19247,1,2014,3
-121.25403,31.862373,15.36441,0.18743302,6.379373,313.85678,1,2014,3
-118.76572,31.871542,15.391485,0.29425362,5.4721932,322.64847,1,2014,3
-119.226875,31.961412,15.3725815,0.24629137,5.7924953,321.44833,1,2014,3
-133.04393,31.962458,17.144741,0.060523007,0.28017852,145.1755,1,2014,3
-118.25255,32.000443,16.321495,0.27553606,4.6442437,328.74002,1,2014,3
-119.511375,32.00368,15.256056,0.3077057,6.2324634,322.4314,1,2014,3
-118.94837,32.004192,15.644235,0.30414572,5.2867475,325.55847,1,2014,3
-119.12702,32.005463,15.340843,0.35061482,5.6159506,324.64023,1,2014,3
-119.46556,32.00622,15.230208,0.34496462,6.024384,323.77682,1,2014,3
-121.381096,32.009377,15.111183,0.25018176,6.386306,313.92148,1,2014,3
-120.672386,32.011944,15.141464,0.26398203,6.3086767,316.15604,1,2014,3
-117.63933,32.0172,16.767418,0.21966465,3.7582576,331.73022,1,2014,3
-118.66856,32.017838,16.096128,0.27311978,4.9979997,326.75507,1,2014,3
-117.47786,32.01837,16.776073,0.30482304,3.542612,327.566,1,2014,3
-120.39552,32.019524,15.045091,0.2950184,6.331485,316.72797,1,2014,3
-133.13469,32.021626,17.123808,0.061239652,0.23086792,107.65012,1,2014,3
-120.121544,32.035797,14.955653,0.36713505,6.3762684,318.5605,1,2014,3
-119.972946,32.04602,15.119021,0.35690707,6.3685555,320.15988,1,2014,3
-117.751144,32.097084,16.638996,0.20651564,3.9936576,333.6916,1,2014,3
-133.27644,32.113937,17.003887,0.061194602,0.41146082,115.9423,1,2014,3
-121.54193,32.163544,15.184625,0.25295973,6.4098988,313.1035,1,2014,3
-118.24778,32.185062,16.422289,0.2551605,4.282534,331.4002,1,2014,3
-120.102806,32.250175,14.802369,0.41982383,6.3930664,319.7584,1,2014,3
-119.2227,32.25062,15.325294,0.4198331,5.504589,327.84015,1,2014,3
-118.11261,32.25089,16.492886,0.2941807,4.0147853,337.90707,1,2014,3
-117.74081,32.25205,16.837345,0.21546797,3.445301,343.30075,1,2014,3
-119.45725,32.253193,15.026521,0.46916565,5.9075627,326.39062,1,2014,3
-118.73946,32.25527,16.326828,0.26060703,4.7781587,329.57092,1,2014,3
-120.52917,32.263187,14.937874,0.3227707,6.3856874,317.7927,1,2014,3
-118.25658,32.28024,16.443916,0.3023874,4.3874936,332.73413,1,2014,3
-117.75238,32.28053,16.745716,0.2118221,3.6208425,341.81525,1,2014,3
-133.51315,32.28142,16.875406,0.063691266,0.44911024,101.56013,1,2014,3
-121.664314,32.282288,14.858043,0.36546838,6.358624,313.66187,1,2014,3
-118.771645,32.287514,16.033598,0.26718754,5.1400876,328.4436,1,2014,3
-119.724495,32.293224,15.124699,0.36118045,6.244934,324.12103,1,2014,3
-119.959625,32.296898,15.034086,0.36627135,6.3906493,321.48022,1,2014,3
-133.75711,32.458645,16.857805,0.060150206,0.5189412,115.083595,1,2014,3
-120.256256,32.489223,14.805937,0.39121947,6.3730054,318.0529,1,2014,3
-121.736855,32.505836,14.630299,0.41784325,6.116674,314.53635,1,2014,3
-120.207794,32.509956,14.678184,0.48527467,6.353149,321.3261,1,2014,3
-120.503265,32.512608,14.639643,0.43873176,6.305696,318.60037,1,2014,3
-120.45254,32.51376,14.567505,0.48342422,6.3408833,319.4771,1,2014,3
-119.87279,32.515545,14.8798065,0.4065314,6.4,323.1301,1,2014,3
-119.52186,32.521423,15.074073,0.33746654,6.1659145,325.63983,1,2014,3
-133.8401,32.52703,16.785707,0.063230105,0.43931764,101.82149,1,2014,3
-119.44115,32.53673,14.909379,0.41477922,5.7834244,328.28867,1,2014,3
-121.752716,32.55546,14.705688,0.36930537,6.1390066,313.812,1,2014,3
-120.94101,32.575783,14.69729,0.39703393,6.3204827,317.5007,1,2014,3
-121.13474,32.589203,14.687083,0.35367233,6.372762,316.33517,1,2014,3
-134.005,32.661774,16.850834,0.056762222,0.60299253,95.710594,1,2014,3
-121.26703,32.719868,14.630013,0.40306884,6.2514,315.7777,1,2014,3
-119.805664,32.75102,14.808141,0.4090445,6.2332335,324.27,1,2014,3
-121.29712,32.752,14.5103445,0.42107534,6.2094283,316.044,1,2014,3
-120.4557,32.753647,14.51286,0.5873051,6.3094296,321.2409,1,2014,3
-120.70784,32.767727,14.474856,0.5063342,6.2357116,319.61795,1,2014,3
-120.8647,32.779297,14.542288,0.4311519,6.2608147,318.23727,1,2014,3
-120.05002,32.78085,14.670021,0.49307024,6.3282304,322.64117,1,2014,3
-121.825676,32.7857,14.579156,0.41708815,6.07415,314.6665,1,2014,3
-134.13469,32.79168,16.77357,0.062096436,0.48373547,82.874985,1,2014,3
-121.240326,32.88057,14.536996,0.42860177,6.29,316.99713,1,2014,3
-134.2706,32.889755,16.95409,0.057750553,0.6139218,77.77488,1,2014,3
-120.23252,33.00021,14.620474,0.51532614,6.3566656,323.95938,1,2014,3
-119.926636,33.00716,14.565077,0.6138601,6.154649,325.79355,1,2014,3
-120.79929,33.01407,14.330342,0.5637209,6.227624,318.58038,1,2014,3
-120.72931,33.01561,14.343568,0.59299034,6.2597923,319.9249,1,2014,3
-121.83304,33.02197,14.481229,0.4519585,6.0387583,314.73163,1,2014,3
-122.066536,33.04215,14.463841,0.47581387,5.8348694,313.81952,1,2014,3
-121.151505,33.047443,14.399066,0.5215624,6.213614,317.34793,1,2014,3
-134.45377,33.051014,16.753532,0.060146824,0.6844706,64.93253,1,2014,3
-120.269485,33.060238,14.503013,0.56465757,6.347291,321.97458,1,2014,3
-121.742836,33.07699,14.474151,0.44094348,6.1168046,314.40387,1,2014,3
-121.46624,33.10235,14.434641,0.49091,6.1958694,316.3079,1,2014,3
-134.51498,33.105663,16.891857,0.058787316,0.75179785,61.38954,1,2014,3
-121.32708,33.254776,14.287879,0.5641664,6.187382,315.45834,1,2014,3
-120.33801,33.25675,14.463041,0.71397895,6.2990317,322.0931,1,2014,3
-120.113365,33.259586,14.475892,0.74855167,6.3310347,324.90417,1,2014,3
-134.70108,33.26157,16.615568,0.06880832,0.846286,54.619728,1,2014,3
-120.90623,33.262997,14.190482,0.7098701,6.1961036,318.07465,1,2014,3
-121.916374,33.271606,14.433195,0.48586667,5.9405217,314.04517,1,2014,3
-119.94917,33.27528,14.527989,0.83139664,6.115137,327.8953,1,2014,3
-121.20026,33.28096,14.230692,0.62776315,6.178584,317.42688,1,2014,3
-134.7733,33.30961,16.644176,0.0703449,0.9885849,51.159164,1,2014,3
-121.56293,33.337963,14.364709,0.52304834,6.14486,314.67035,1,2014,3
-135.0294,33.452637,16.741776,0.06907804,1.1139569,49.733437,1,2014,3
-120.50124,33.465103,14.336437,0.74046695,6.2541184,319.27945,1,2014,3
-135.13367,33.500687,16.422169,0.071495354,1.174138,46.380356,1,2014,3
-121.84618,33.51038,14.403624,0.54598624,5.912495,313.90356,1,2014,3
-121.42751,33.515232,14.213565,0.67552966,6.138094,314.33994,1,2014,3
-120.90116,33.516373,14.094181,0.9819569,6.1712236,317.36407,1,2014,3
-120.24408,33.517555,14.633622,0.87867296,6.290596,325.75418,1,2014,3
-120.523224,33.51807,14.202532,1.0157082,6.326784,319.48712,1,2014,3
-120.35934,33.52084,14.423706,1.1178877,6.444137,322.75668,1,2014,3
-121.00293,33.545986,14.158788,0.81767887,6.1186357,316.5231,1,2014,3
-121.69735,33.551342,14.349353,0.5623981,6.1522355,314.34146,1,2014,3
-135.31282,33.59839,16.434616,0.069040075,1.2525175,51.483074,1,2014,3
-135.50494,33.705315,16.492702,0.06982797,1.3952061,55.512627,1,2014,3
-121.0779,33.750492,14.014185,0.90793157,6.1102047,314.0717,1,2014,3
-121.58308,33.750793,14.2572,0.6170688,6.0497355,312.92352,1,2014,3
-120.71306,33.751762,13.950657,1.1053656,6.298984,317.44485,1,2014,3
-121.4752,33.752552,14.1529,0.79959315,6.041937,313.12213,1,2014,3
-135.61452,33.75332,16.310837,0.074706584,1.4733975,58.035835,1,2014,3
-120.83891,33.76094,13.848619,0.99835116,6.2369385,315.51968,1,2014,3
-120.27524,33.81648,14.153242,0.8691922,6.216309,320.54846,1,2014,3
-121.92272,33.866325,14.340035,0.5633004,5.8770146,313.96588,1,2014,3
-121.24646,34.00015,13.992495,0.80769444,5.9734077,312.5576,1,2014,3
-121.7018,34.000805,14.147787,0.6025397,5.9001355,313.2144,1,2014,3
-121.31828,34.000866,14.05752,0.69351137,5.90161,312.80267,1,2014,3
-121.75248,34.003178,14.258189,0.56447107,5.777586,314.2286,1,2014,3
-120.76064,34.003853,13.909862,0.7710693,6.061724,313.5963,1,2014,3
-135.78255,34.022194,16.406889,0.075140655,1.678392,61.14434,1,2014,3
-120.67153,34.026176,13.817522,1.0530589,6.12361,315.26465,1,2014,3
-122.229225,34.141453,14.2658825,0.61621433,5.6652007,313.78418,1,2014,3
-122.38174,34.14438,14.22495,0.6365404,5.5515494,314.05124,1,2014,3
-122.505196,34.166515,14.058445,0.6759216,5.3317537,314.54407,1,2014,3
-136.00789,34.188507,16.56734,0.075193815,1.678392,61.14434,1,2014,3
-121.42629,34.251694,13.987948,0.8036603,5.623851,313.34283,1,2014,3
-122.04458,34.25318,14.174917,0.64662045,5.5437894,314.70767,1,2014,3
-121.554405,34.253258,13.977427,0.8323123,5.6005716,314.42126,1,2014,3
-121.11673,34.255688,14.020346,0.80659276,5.7478085,311.12027,1,2014,3
-120.9308,34.256714,13.908091,0.8423147,5.9272423,313.6328,1,2014,3
-122.527336,34.259426,14.029505,0.71970034,5.3956,314.3242,1,2014,3
-121.933266,34.260162,14.053179,0.72594684,5.621717,314.4955,1,2014,3
-136.15125,34.290348,16.374414,0.079442985,1.8900265,58.412357,1,2014,3
-120.73582,34.310158,13.769352,1.3251535,5.785862,313.5994,1,2014,3
-136.30676,34.407,16.33535,0.0755644,2.001924,60.361618,1,2014,3
-121.45601,34.503925,13.939191,0.9874518,5.2280493,313.21735,1,2014,3
-121.6083,34.504875,14.009765,1.092942,5.424288,315.971,1,2014,3
-136.48381,34.5051,16.211433,0.083901845,2.2038376,58.545784,1,2014,3
-121.1929,34.50869,13.9265,1.1577338,5.248476,311.67886,1,2014,3
-121.7641,34.514824,14.012806,0.8463306,5.5091286,315.95605,1,2014,3
-122.6799,34.524296,14.034967,0.8353381,5.3109417,314.16083,1,2014,3
-120.79011,34.553577,13.778161,1.6516768,5.225562,315.2326,1,2014,3
-136.57101,34.569447,16.226772,0.08066702,2.3207111,60.010136,1,2014,3
-136.83826,34.71803,16.290583,0.07622042,2.442335,59.76045,1,2014,3
-121.93357,34.755234,13.951,0.98429894,5.3431544,317.35123,1,2014,3
-121.272156,34.755802,13.815579,1.4081165,4.872381,315.74838,1,2014,3
-136.92839,34.76048,16.299658,0.08105111,2.5489018,56.684002,1,2014,3
-121.51006,34.762466,13.994607,1.0393544,5.1939387,317.1846,1,2014,3
-120.86218,34.790867,13.656307,1.8495793,4.383982,318.2362,1,2014,3
-122.65116,34.79248,13.976355,0.8871802,5.183213,315.39084,1,2014,3
-137.02853,34.807335,16.35008,0.0819074,2.668108,56.309933,1,2014,3
-121.2409,34.81812,13.776641,1.4114469,5.2061214,318.34818,1,2014,3
-122.016205,34.8739,13.951411,0.99480784,5.312862,316.75418,1,2014,3
-122.26981,34.95867,14.018936,0.7932391,5.261806,316.07803,1,2014,3
-137.30019,34.97935,16.427086,0.083380975,2.8844411,56.309933,1,2014,3
-122.06382,35.000904,13.739046,1.110859,5.0673265,317.39926,1,2014,3
-121.50389,35.00415,13.921048,1.0350384,4.9195933,320.94003,1,2014,3
-121.13254,35.015007,13.62597,1.8008112,4.3090253,321.88013,1,2014,3
-121.439224,35.016983,13.767866,1.2635274,4.6198916,318.68573,1,2014,3
-122.73056,35.024303,13.707833,1.0145034,4.942803,315.40982,1,2014,3
-137.37167,35.032486,16.410463,0.08320075,2.9747772,54.439934,1,2014,3
-120.98064,35.034714,13.55873,2.024223,3.026764,321.84277,1,2014,3
-122.770744,35.041786,13.6913185,0.9532704,5.0070353,315.971,1,2014,3
-121.75859,35.053486,13.833872,1.199823,4.990571,319.06247,1,2014,3
-122.28093,35.075413,13.776068,1.0509201,5.0497127,316.1233,1,2014,3
-127.556564,35.09138,14.956259,0.16641298,3.3784316,307.78574,1,2014,3
-127.448074,35.107456,15.021806,0.1619389,3.5139153,308.76166,1,2014,3
-137.50276,35.13394,16.533772,0.0802957,3.1461246,52.62017,1,2014,3
-123.014366,35.137012,13.737216,0.8882825,5.070197,315.55936,1,2014,3
-121.69735,35.25084,13.747255,1.1133668,4.580011,323.2552,1,2014,3
-137.62749,35.251568,16.545307,0.077062555,3.159905,48.59233,1,2014,3
-122.63612,35.25174,13.545381,1.1005988,4.7518415,315.34103,1,2014,3
-122.33657,35.253365,13.582037,1.1538357,4.758834,314.91486,1,2014,3
-121.0911,35.255936,13.410431,1.8920674,2.8796008,325.0406,1,2014,3
-127.80127,35.2591,14.4332075,0.19799927,3.068045,304.77783,1,2014,3
-123.11499,35.27158,13.704211,0.9034848,4.949929,314.5089,1,2014,3
-121.39843,35.271824,13.6572895,1.1806413,4.288508,324.01193,1,2014,3
-121.76251,35.28278,13.601671,1.1376415,4.6760345,319.77084,1,2014,3
-127.20071,35.29098,14.821285,0.15278165,3.6700137,307.02603,1,2014,3
-122.24157,35.291786,13.610713,1.1166258,4.7632446,317.46738,1,2014,3
-137.77031,35.380928,16.538465,0.07653964,3.2478454,47.121098,1,2014,3
-122.811195,35.38109,13.572221,0.90634817,4.887259,316.24356,1,2014,3
-126.95381,35.430878,14.823694,0.15153489,3.8582509,307.52332,1,2014,3
-128.02667,35.467384,14.280596,0.20192342,2.9124732,304.5085,1,2014,3
-121.320206,35.50147,13.434199,1.1990033,2.5882232,322.3774,1,2014,3
-122.27521,35.502472,13.407956,1.090096,4.511895,314.10202,1,2014,3
-137.92299,35.50381,16.45091,0.07626859,3.295148,45.245903,1,2014,3
-126.8104,35.50575,14.385018,0.1987399,3.782724,305.74896,1,2014,3
-121.24926,35.50731,13.2139635,2.372873,1.3813399,327.11523,1,2014,3
-122.21369,35.508434,13.374109,0.8838828,4.4789395,317.08093,1,2014,3
-121.88332,35.50973,13.4602,1.0470619,4.2190046,317.68976,1,2014,3
-122.65287,35.515438,13.50964,1.1230906,4.576953,313.31793,1,2014,3
-123.24238,35.517334,13.575554,1.0154709,4.8299584,314.24506,1,2014,3
-126.73981,35.5231,14.335185,0.20605159,3.978002,306.92752,1,2014,3
-128.1151,35.523247,13.90608,0.3630316,2.7240596,306.4913,1,2014,3
-122.99137,35.537003,13.570144,1.0286512,4.7022653,314.91385,1,2014,3
-123.2971,35.598515,13.6933775,0.90465033,4.9809237,313.0475,1,2014,3
-121.503456,35.613132,13.638163,1.036527,4.0403094,317.10626,1,2014,3
-126.49216,35.61418,14.200841,0.23315783,4.0731316,308.22043,1,2014,3
-138.04399,35.639107,16.297678,0.08123785,3.224903,46.005085,1,2014,3
-128.25378,35.677254,13.821623,0.41459098,2.5060127,307.0528,1,2014,3
-126.23176,35.706814,13.942202,0.37376195,4.1198664,308.59464,1,2014,3
-121.60049,35.75123,13.381896,1.0521152,2.5589452,300.27255,1,2014,3
-123.54344,35.75395,13.652365,0.87610686,4.9979596,312.24283,1,2014,3
-122.619675,35.755894,13.507375,1.1519935,4.354228,312.11435,1,2014,3
-123.17832,35.756947,13.48827,1.0973723,4.612093,313.4186,1,2014,3
-122.83164,35.76187,13.529631,1.2258251,4.3873453,312.7832,1,2014,3
-121.931854,35.768597,13.454691,0.9297643,3.8503246,306.12582,1,2014,3
-126.11707,35.76872,13.685697,0.4967316,4.046492,308.88095,1,2014,3
-122.20094,35.775867,13.350485,1.0693372,4.168033,312.7638,1,2014,3
-123.276955,35.78269,13.53261,1.0596505,4.826531,312.649,1,2014,3
-138.187,35.790836,16.191475,0.08675026,3.38142,46.67764,1,2014,3
-122.442474,35.809082,13.322034,1.0675218,4.2796845,313.39047,1,2014,3
-128.3664,35.810665,13.714198,0.7818438,2.5250742,310.50284,1,2014,3
-123.76246,35.827835,13.819832,0.7345444,5.0143495,310.55173,1,2014,3
-125.93263,35.84283,13.619392,0.7239986,4.2042003,308.72366,1,2014,3
-121.49698,35.84825,13.234465,1.5424238,1.0920165,307.1847,1,2014,3
-138.26097,35.868553,16.118933,0.08844692,3.4315739,47.007484,1,2014,3
-125.746445,35.949,13.617037,0.8683702,4.303324,309.72034,1,2014,3
-121.90217,36.001663,13.14,1.307877,2.7585504,286.8584,1,2014,3
-123.382095,36.002506,13.486039,1.116912,4.49384,311.03,1,2014,3
-125.715546,36.002922,13.528583,0.7395418,4.2486706,311.9471,1,2014,3
-121.658424,36.011536,13.168602,1.6160061,1.6376812,278.42697,1,2014,3
-122.33324,36.013775,13.35729,1.1783267,3.9015126,310.4261,1,2014,3
-124.024704,36.015766,13.707824,0.86922586,4.970392,309.77606,1,2014,3
-123.77068,36.01712,13.651864,0.9359293,4.98578,309.629,1,2014,3
-122.56256,36.02004,13.44881,1.1627066,4.0353684,312.18774,1,2014,3
-138.41032,36.022182,16.049402,0.093128145,3.6317627,47.789986,1,2014,3
-122.97002,36.022697,13.503593,1.3104987,4.110961,311.0548,1,2014,3
-122.03606,36.03155,13.230171,1.3377993,3.5464067,296.6373,1,2014,3
-128.44884,36.03216,13.653176,0.9355975,2.6491508,311.63354,1,2014,3
-123.21242,36.057053,13.436115,1.1828855,4.202202,311.23724,1,2014,3
-123.525665,36.062717,13.57393,1.0542957,4.7996354,310.86026,1,2014,3
-128.5057,36.145447,13.732258,0.8924952,2.5529003,314.20648,1,2014,3
-124.29796,36.149456,13.665085,0.8659865,4.8880672,311.51672,1,2014,3
-138.55669,36.150383,15.991357,0.09519425,3.66456,46.76919,1,2014,3
-124.51685,36.240456,13.597779,0.8778209,4.696222,311.63354,1,2014,3
-125.470345,36.244106,13.563422,0.7419617,4.3240376,312.65695,1,2014,3
-123.23184,36.252502,13.551375,1.1795048,3.939708,309.95453,1,2014,3
-124.27779,36.254364,13.4598,0.8575013,4.61816,311.66446,1,2014,3
-122.53806,36.254875,13.409445,1.1953962,3.7362013,312.83075,1,2014,3
-125.37011,36.258797,13.4338455,0.63887936,4.289009,312.54327,1,2014,3
-122.85861,36.26018,13.518009,1.2820567,3.8776927,310.9218,1,2014,3
-124.02101,36.268173,13.590087,0.919503,4.7312684,310.45682,1,2014,3
-122.47011,36.271706,13.312393,1.4058986,3.4328558,309.2072,1,2014,3
-128.56285,36.273575,13.7416935,0.9772784,2.5598829,315.6331,1,2014,3
-138.69281,36.28672,15.774339,0.105693616,3.7932835,47.350372,1,2014,3
-123.28594,36.29498,13.558287,1.128666,4.179378,309.17365,1,2014,3
-124.54605,36.299526,13.356067,0.85545975,4.447921,311.71912,1,2014,3
-138.76959,36.3381,15.793798,0.11116726,3.7477727,45.43241,1,2014,3
-124.77925,36.345676,13.34753,0.8615816,4.359656,312.5831,1,2014,3
-127.7509,36.350857,13.595405,0.7087006,2.8938556,310.51538,1,2014,3
-127.6903,36.354473,13.654301,0.6517844,3.0620582,311.0275,1,2014,3
-123.522896,36.40753,13.596555,1.0861197,4.4723372,309.92038,1,2014,3
-125.24414,36.408703,13.362149,0.79675245,4.3283253,313.8767,1,2014,3
-127.44608,36.413486,13.700885,0.4825601,3.1326027,311.1171,1,2014,3
-126.36222,36.422733,13.945634,0.34733218,4.0535665,311.19922,1,2014,3
-126.21875,36.426296,13.851341,0.3583694,4.062081,310.9073,1,2014,3
-125.949295,36.43721,13.679114,0.39985818,4.168381,310.9144,1,2014,3
-126.50629,36.43777,13.99155,0.3268092,3.9115214,311.26862,1,2014,3
-125.749176,36.455902,13.629583,0.49989888,4.225127,312.60208,1,2014,3
-126.85281,36.466675,13.9623575,0.3257477,3.6272993,309.96738,1,2014,3
-127.23957,36.47421,13.813603,0.3782185,3.331561,309.51932,1,2014,3
-126.614,36.50283,14.074812,0.31869003,3.8725832,312.17416,1,2014,3
-127.50146,36.50626,13.630945,0.47046298,3.0850608,312.89835,1,2014,3
-124.99444,36.50939,13.189174,0.82405746,4.2080045,313.94086,1,2014,3
-127.020065,36.50952,13.886078,0.33228165,3.4044235,312.50012,1,2014,3
-124.183685,36.50984,13.2518835,0.7390068,4.287062,309.03552,1,2014,3
-126.859406,36.509937,14.014249,0.30499265,3.6466012,311.9989,1,2014,3
-122.79614,36.51148,13.481814,1.354521,3.6378565,312.54913,1,2014,3
-125.06308,36.513687,13.294391,0.74304104,4.221481,314.7121,1,2014,3
-123.773636,36.516514,13.468112,0.7316651,4.2624173,309.47858,1,2014,3
-123.689445,36.5177,13.562717,1.020654,4.1407366,309.6107,1,2014,3
-127.48911,36.51983,13.709538,0.4038022,3.197249,313.47922,1,2014,3
-122.64434,36.532677,13.345016,1.3475769,3.493222,314.53607,1,2014,3
-138.9668,36.536934,15.620549,0.10536195,3.7903297,44.358658,1,2014,3
-123.30727,36.537247,13.600612,1.061677,4.007693,309.32965,1,2014,3
-128.71439,36.541584,13.715135,0.86547863,2.4424782,317.82098,1,2014,3
-124.277855,36.608047,13.119445,0.8166521,4.2163134,311.24985,1,2014,3
-139.009,36.60941,15.736678,0.10077469,3.7763739,44.1417,1,2014,3
-128.80176,36.66918,13.779192,0.6057562,2.2807894,324.63754,1,2014,3
-127.803215,36.702408,13.583775,0.588555,2.9154758,312.77603,1,2014,3
-123.00922,36.728416,13.571491,1.0540994,3.778955,310.8151,1,2014,3
-126.47718,36.739197,14.065957,0.3285786,3.9408755,313.04633,1,2014,3
-127.91684,36.750763,13.750927,0.40293646,2.8921444,314.57974,1,2014,3
-126.40822,36.752464,13.958277,0.31771025,3.7414036,313.80878,1,2014,3
-123.5707,36.752914,13.415452,0.8318563,3.9362037,310.56973,1,2014,3
-122.795074,36.753036,13.539653,1.2072634,3.4085188,314.2868,1,2014,3
-124.458626,36.754684,13.045487,0.96969604,3.9662576,311.72952,1,2014,3
-123.39343,36.75522,13.577225,0.8664293,3.80196,312.12164,1,2014,3
-128.89372,36.755733,13.767293,0.52765125,2.252221,325.6749,1,2014,3
-126.7621,36.758904,13.979826,0.32407412,3.6080189,313.20306,1,2014,3
-126.70418,36.766727,13.985427,0.31406972,3.7927299,312.8631,1,2014,3
-123.041405,36.77509,13.592797,1.04389,3.5934663,313.4214,1,2014,3
-125.12075,36.78126,13.255863,0.82841635,4.130109,314.019,1,2014,3
-124.510445,36.78702,13.052627,0.87151945,3.9393528,313.86862,1,2014,3
-139.18106,36.79609,15.8140135,0.10367337,3.8017101,40.51956,1,2014,3
-126.2053,36.798077,13.903585,0.34258375,3.7952602,312.00964,1,2014,3
-128.0252,36.805634,13.72244,0.49588415,2.7225907,314.25595,1,2014,3
-125.99461,36.829224,13.738212,0.3936118,4.014536,312.07208,1,2014,3
-125.72673,36.888847,13.586937,0.45574993,4.0827074,312.91562,1,2014,3
-139.26527,36.897243,15.879248,0.099249154,3.7171226,40.41739,1,2014,3
-125.48682,36.946907,13.450595,0.6494761,4.066608,313.90405,1,2014,3
-129.05525,36.95276,13.998735,0.31292853,2.3623717,331.69925,1,2014,3
-124.784386,36.956425,13.051133,0.89811724,4.087958,313.81064,1,2014,3
-128.28072,36.965855,13.696232,0.5712091,2.5314422,315,1,2014,3
-122.73336,36.99822,13.317757,1.4696355,2.9924738,316.7603,1,2014,3
-124.748566,37.001484,13.013725,0.87171924,3.8751774,314.3727,1,2014,3
-123.54775,37.00728,13.353399,0.86999255,3.8571622,312.58344,1,2014,3
-125.17737,37.0078,13.401573,0.6516671,4.0895233,313.01825,1,2014,3
-125.2876,37.008057,13.624344,0.46394202,4.0629544,312.4065,1,2014,3
-122.87457,37.013054,13.404797,1.3942984,2.91328,315,1,2014,3
-123.14475,37.01452,13.477739,1.1751748,3.4436173,314.88235,1,2014,3
-129.13182,37.01679,14.1643305,0.29832545,2.3990831,331.08456,1,2014,3
-124.94595,37.017906,13.12544,0.80599916,4.031129,313.9949,1,2014,3
-139.40776,37.022285,15.858212,0.104198754,3.8782728,39.55967,1,2014,3
-128.38611,37.02563,13.740241,0.43962616,2.5176578,315.96558,1,2014,3
-123.26289,37.039204,13.505549,0.97336054,3.7555425,313.81326,1,2014,3
-124.4199,37.06803,13.0143385,0.9776756,3.833797,313.52036,1,2014,3
-124.24872,37.08602,13.031167,1.0511224,3.7941139,310.61768,1,2014,3
-123.94443,37.107853,13.184402,0.8618537,3.8550746,311.2139,1,2014,3
-128.5103,37.137897,13.755043,0.45642126,2.4070938,320.2249,1,2014,3
-139.54987,37.17212,15.87666,0.10412816,3.9310305,38.181786,1,2014,3
-129.25343,37.238194,14.39273,0.23279826,2.485659,336.529,1,2014,3
-124.42628,37.250175,12.95607,0.9627742,3.8118236,311.38388,1,2014,3
-123.31661,37.25142,13.275048,1.5195954,3.6352167,316.11456,1,2014,3
-124.61375,37.25147,13.08824,0.7564957,3.913681,312.61838,1,2014,3
-123.80253,37.254864,13.065224,1.0734428,3.8551912,313.42346,1,2014,3
-124.17454,37.25666,12.915121,0.9884525,3.7893667,311.68378,1,2014,3
-124.91503,37.26802,13.255879,0.6422528,3.9628525,312.75024,1,2014,3
-123.71819,37.273506,13.251506,1.2079588,3.9104602,314.48196,1,2014,3
-123.048164,37.280857,13.150655,1.7050124,3.268333,316.73572,1,2014,3
-128.65051,37.29302,13.736412,0.42881402,2.502259,322.30576,1,2014,3
-129.2979,37.29884,14.302384,0.25697106,2.481693,336.74078,1,2014,3
-139.68614,37.30929,15.698315,0.10978593,4.0844707,37.73965,1,2014,3
-125.02922,37.324627,13.536162,0.4644022,4.0028114,311.45523,1,2014,3
-125.34123,37.362755,13.6379175,0.38508058,4.0037107,311.25323,1,2014,3
-122.966034,37.401546,13.18253,2.591809,2.8312895,317.57657,1,2014,3
-139.78603,37.408325,15.736534,0.105841726,4.1760387,37.11686,1,2014,3
-128.79985,37.458004,13.962817,0.3999963,2.4212806,326.11304,1,2014,3
-124.21127,37.502903,12.908019,0.89762175,3.8712919,312.5923,1,2014,3
-128.84917,37.521698,13.875099,0.301584,2.537755,326.2473,1,2014,3
-123.87727,37.52865,12.923052,0.9443615,3.8823318,314.2695,1,2014,3
-139.9156,37.559914,15.416917,0.11739005,4.317453,35.383408,1,2014,3
-129.48312,37.56938,14.006513,0.26582894,2.4055352,336.73886,1,2014,3
-129.54095,37.63471,14.230131,0.21997686,2.5362177,341.1364,1,2014,3
-140.01495,37.664436,15.475615,0.117449,4.3886333,34.885067,1,2014,3
-129.0159,37.7087,13.986055,0.27028406,2.4389546,331.33328,1,2014,3
-124.002365,37.760674,12.958246,0.7307602,3.93459,312.73407,1,2014,3
-129.67763,37.761467,13.798673,0.26932177,2.4424577,343.3457,1,2014,3
-129.07108,37.774166,13.735386,0.3050329,2.4429696,331.65158,1,2014,3
-123.9946,37.79357,12.815901,0.88132584,3.889113,315.20834,1,2014,3
-140.18024,37.796703,15.130044,0.11739607,4.6043134,33.0343,1,2014,3
-124.26218,37.840527,13.242295,0.6252427,3.9200127,310.96594,1,2014,3
-140.27396,37.86275,15.277552,0.11951817,4.668544,32.66886,1,2014,3
-124.52401,37.87294,13.257922,0.5435419,3.8668463,310.27988,1,2014,3
-129.81416,37.896904,14.071577,0.22212122,2.6024988,346.44434,1,2014,3
-124.7685,37.91466,13.177195,0.5098509,3.7681959,310.156,1,2014,3
-129.26886,38.004604,13.456138,0.31891918,2.3093288,339.9957,1,2014,3
-140.44427,38.007477,15.052842,0.13304074,4.9088697,31.844545,1,2014,3
-124.08558,38.008095,12.916,0.5848624,3.9082477,312.0962,1,2014,3
-124.995155,38.011753,13.042691,0.46392742,3.7438617,309.47247,1,2014,3
-129.91136,38.025375,13.677102,0.28084534,2.5164459,347.84164,1,2014,3
-125.05409,38.025913,13.126557,0.3666507,3.6700954,308.8061,1,2014,3
-140.53784,38.07905,15.068032,0.11992105,5.0923176,33.221973,1,2014,3
-125.280495,38.101913,13.214387,0.3359333,3.7294505,308.46786,1,2014,3
-129.59604,38.130596,13.511116,0.29475433,2.4628844,344.2144,1,2014,3
-125.51151,38.225784,13.178954,0.33430818,3.690095,310.16342,1,2014,3
-125.704506,38.27292,12.86674,0.36826053,3.588983,308.21103,1,2014,3
-129.87411,38.285748,13.521992,0.31581187,2.578934,348.82077,1,2014,3
-126.32392,38.294647,13.429151,0.36416328,3.4162114,313.69534,1,2014,3
-124.24019,38.308964,12.787806,0.5538953,3.6971881,311.71075,1,2014,3
-130.00468,38.310852,13.90403,0.2683025,2.6870058,351.8699,1,2014,3
-140.75938,38.31411,14.708664,0.13924237,5.366237,31.201801,1,2014,3
-126.2407,38.31813,13.137865,0.38365665,3.570126,311.59357,1,2014,3
-125.769554,38.321426,12.964501,0.36177167,3.562078,310.21747,1,2014,3
-124.260796,38.395123,12.830412,0.45550242,3.870465,307.75815,1,2014,3
-130.31355,38.50025,13.959227,0.24822354,2.7825887,357.52832,1,2014,3
-124.35486,38.511562,12.645575,0.65392554,3.5444746,305.93228,1,2014,3
-129.98853,38.511715,13.466891,0.32098338,2.5697665,351.27078,1,2014,3
-140.97581,38.53652,14.586328,0.14694645,5.3491025,30.68821,1,2014,3
-126.37417,38.539062,13.065006,0.39303917,3.1611547,314.1028,1,2014,3
-141.03691,38.590656,14.474348,0.16270714,5.2954507,29.033587,1,2014,3
-126.54219,38.5964,13.413073,0.3655887,3.0910354,316.44193,1,2014,3
-130.51288,38.641632,13.851708,0.26558736,2.9200172,359.80377,1,2014,3
-130.00613,38.658455,13.703971,0.30734897,2.7215068,354.72934,1,2014,3
-126.81306,38.70658,13.65255,0.32669467,3.0187745,318.7605,1,2014,3
-124.51732,38.711754,12.729045,0.54988456,3.504868,305.5947,1,2014,3
-126.92575,38.752266,13.251292,0.3760071,2.9210443,316.24838,1,2014,3
-127.10715,38.760868,13.419103,0.33651766,2.7951744,319.64328,1,2014,3
-124.544754,38.773453,12.611486,0.7724381,3.3286183,304.59717,1,2014,3
-127.29129,38.78493,13.484414,0.317361,2.7397993,317.8107,1,2014,3
-141.21977,38.790203,14.529567,0.15494198,5.292353,28.066118,1,2014,3
-130.19305,38.7931,13.530737,0.31913072,2.7136137,357.0427,1,2014,3
-130.7018,38.819405,13.729201,0.25021178,2.9913542,1.7241015,1,2014,3
-130.29033,38.82605,13.712522,0.26078203,2.8402817,359.19308,1,2014,3
-141.31105,38.855717,14.469283,0.15722008,5.2369647,26.907549,1,2014,3
-127.53943,38.88273,13.520196,0.31916752,2.5636303,318.1623,1,2014,3
-130.80452,38.903343,13.800345,0.2423228,3.1177716,4.046337,1,2014,3
-127.79785,39.001995,13.096467,0.34155607,2.3961637,322.46057,1,2014,3
-130.29103,39.011887,13.616924,0.28224435,2.8601573,359.39902,1,2014,3
-124.7286,39.02336,12.562895,0.66552806,3.3337667,303.4994,1,2014,3
-130.89905,39.043564,13.738318,0.2282608,3.2290246,6.222622,1,2014,3
-141.53522,39.05436,14.135299,0.19722936,5.2463036,24.073378,1,2014,3
-130.22513,39.06955,13.5542145,0.30371028,2.7104611,358.943,1,2014,3
-124.76518,39.09111,12.5872755,0.5687949,3.3909438,301.8621,1,2014,3
-128.02661,39.14004,13.042988,0.33715674,2.3075528,326.30994,1,2014,3
-131.03075,39.16618,13.9223995,0.19554421,3.287096,10.694608,1,2014,3
-124.83762,39.252186,12.307134,0.6472983,3.3443086,300.5524,1,2014,3
-130.03499,39.256104,13.550614,0.31521276,2.7901614,359.38394,1,2014,3
-128.249,39.256226,12.724682,0.34109527,2.2418296,331.49152,1,2014,3
-141.71022,39.274906,14.039029,0.19695161,5.300113,24.050299,1,2014,3
-128.27728,39.294167,12.834917,0.3405924,2.1876242,338.83087,1,2014,3
-131.15768,39.296734,13.728629,0.19430856,3.457933,12.187338,1,2014,3
-129.9752,39.318665,13.552472,0.28108197,2.6709175,358.4982,1,2014,3
-141.77867,39.340748,13.954447,0.19375236,5.2975936,24.77514,1,2014,3
-131.2634,39.42549,13.8638315,0.19562408,3.4658477,14.196623,1,2014,3
-128.52925,39.468094,13.026827,0.3835681,2.2541075,344.299,1,2014,3
-125.00524,39.48107,12.413083,0.6630815,3.3452353,299.55368,1,2014,3
-131.32518,39.50099,13.849401,0.2081983,3.5645196,15.790841,1,2014,3
-125.048325,39.52457,12.241437,0.7090878,3.027689,299.69794,1,2014,3
-128.61058,39.524673,13.089101,0.34960416,2.3461032,349.93542,1,2014,3
-129.71893,39.538586,13.352873,0.3302808,2.8134854,357.14777,1,2014,3
-142.0035,39.5666,13.760804,0.20836653,5.3488784,24.169136,1,2014,3
-128.75244,39.695625,13.116789,0.3332467,2.562655,352.3758,1,2014,3
-131.51263,39.72382,13.942543,0.20073107,3.4851112,17.707092,1,2014,3
-129.5699,39.764946,13.339659,0.28778148,2.920428,0.98099625,1,2014,3
-142.1783,39.765255,13.652477,0.22232571,5.4506145,24.496153,1,2014,3
-125.23924,39.774963,11.972173,0.6154371,2.7111804,298.17194,1,2014,3
-128.84889,39.78658,13.196722,0.28702873,2.6767519,355.92963,1,2014,3
-125.25647,39.80593,12.039577,0.619921,2.6755188,301.5514,1,2014,3
-131.5831,39.81422,13.994443,0.18685539,3.5291076,18.332268,1,2014,3
-129.0806,39.817852,13.29543,0.30049285,2.752617,357.5014,1,2014,3
-129.4904,39.838894,13.313663,0.29447687,2.9206164,358.82285,1,2014,3
-142.25967,39.894024,13.7486,0.21670681,5.5276127,24.24665,1,2014,3
-126.85839,39.991646,12.152232,0.49351448,2.2303586,322.10248,1,2014,3
-129.17232,40.00206,12.901504,0.2979031,2.754088,3.1221304,1,2014,3
-142.29604,40.002613,13.613965,0.23429768,5.638484,24.519642,1,2014,3
-126.61655,40.003746,11.764325,0.44771618,2.2410934,321.34018,1,2014,3
-125.339134,40.00991,11.607856,0.5080212,2.3375413,301.17395,1,2014,3
-127.03624,40.01173,11.900114,0.4270378,1.9981241,328.29858,1,2014,3
-127.25936,40.040737,12.077984,0.41999343,1.972942,331.87625,1,2014,3
-131.77844,40.094147,13.604842,0.2245375,3.589791,21.060429,1,2014,3
-128.99007,40.11091,12.828267,0.32129523,2.670674,1.287329,1,2014,3
-127.53655,40.12084,12.338434,0.42423603,1.9761832,337.0679,1,2014,3
-128.3462,40.148422,12.58899,0.38204214,2.303671,356.76498,1,2014,3
-127.82597,40.165592,12.413696,0.42095187,1.9752468,344.13428,1,2014,3
-129.26378,40.166298,13.062371,0.30590835,2.8717937,5.194429,1,2014,3
-128.51515,40.170567,12.715395,0.32532492,2.49002,359.7699,1,2014,3
-128.08817,40.210403,12.499765,0.40153825,2.0634196,351.3594,1,2014,3
-142.33372,40.253872,13.526597,0.24532264,5.776028,24.879063,1,2014,3
-129.3911,40.267498,12.835277,0.34632537,2.8792012,10.60743,1,2014,3
-131.8915,40.275787,13.514456,0.2571106,3.8570065,22.242775,1,2014,3
-125.3874,40.293278,11.473243,0.698088,1.8500271,303.08878,1,2014,3
-129.57484,40.364082,13.041164,0.31910473,2.9633932,10.89283,1,2014,3
-132.00256,40.404167,13.451463,0.25009248,3.9424105,22.206224,1,2014,3
-129.75151,40.43487,13.134189,0.29400274,2.9546573,12.907409,1,2014,3
-142.5048,40.455856,13.491211,0.24792305,5.868594,25.429766,1,2014,3
-129.92699,40.505417,12.831298,0.35719123,2.9409013,15.784829,1,2014,3
-125.41917,40.506958,11.456535,0.8772291,1.5815183,302.08218,1,2014,3
-142.53914,40.51333,13.244468,0.24385011,6.0107903,26.053495,1,2014,3
-127.33561,40.515736,11.641406,0.39446375,1.6890826,340.2777,1,2014,3
-131.23972,40.52794,13.419961,0.24648342,3.6660743,19.769466,1,2014,3
-131.25214,40.530552,13.476759,0.25831142,3.8554378,20.973494,1,2014,3
-130.0376,40.550636,12.9880495,0.30800673,3.0660236,16.484453,1,2014,3
-132.13072,40.580517,13.378343,0.2658284,4.1153855,22.577026,1,2014,3
-130.27238,40.639503,13.123626,0.27449834,3.1908932,15.822073,1,2014,3
-131.72798,40.63994,13.458092,0.26701033,3.9887466,21.93478,1,2014,3
-131.7571,40.652996,13.434981,0.2649683,3.9908018,22.387943,1,2014,3
-130.99223,40.690197,13.295263,0.26269,3.5102706,18.951113,1,2014,3
-130.5613,40.727432,13.161232,0.25456306,3.3658283,16.927513,1,2014,3
-131.25233,40.75089,13.51396,0.24487676,3.8870296,20.952848,1,2014,3
-131.09535,40.751072,13.404099,0.23317029,3.734836,20.861284,1,2014,3
-131.60097,40.751316,13.500034,0.2454715,4.0853395,21.540976,1,2014,3
-132.24779,40.75792,13.299923,0.23054183,4.1834435,23.378426,1,2014,3
-125.41431,40.75867,11.441274,0.79768246,1.4545445,310.2595,1,2014,3
-131.75468,40.76504,13.421428,0.23934136,4.141546,22.726284,1,2014,3
-142.72424,40.777935,13.129818,0.25477606,6.1192565,25.35063,1,2014,3
-142.76573,40.832912,12.932891,0.2583132,6.1894426,26.482254,1,2014,3
-132.32501,40.835754,13.292256,0.23212346,4.208622,23.82426,1,2014,3
-125.23805,40.91368,11.392837,0.8187924,1.1588356,298.33423,1,2014,3
-125.20162,41.012356,11.376558,0.7433993,1.1034491,313.5312,1,2014,3
-142.98184,41.026657,12.75341,0.2791949,6.220844,26.235533,1,2014,3
-132.15154,41.033077,13.227369,0.23978084,4.2441487,23.907661,1,2014,3
-132.44795,41.059208,13.279747,0.25282398,4.2779083,24.588053,1,2014,3
-143.03278,41.06594,12.6154585,0.27484038,6.23867,26.359692,1,2014,3
-132.50342,41.167713,13.2108965,0.25206587,4.464482,25.187462,1,2014,3
-125.26277,41.22006,11.415391,0.78431475,1.3495184,320.41187,1,2014,3
-132.57187,41.256985,12.9255,0.2792681,4.5496483,25.100582,1,2014,3
-125.28517,41.25863,11.505496,0.79384375,1.2744018,321.69125,1,2014,3
-143.2071,41.288734,12.460055,0.29411656,6.229743,26.811836,1,2014,3
-143.26837,41.399834,12.287493,0.29612717,6.114254,28.954485,1,2014,3
-132.79034,41.463837,13.03971,0.24461432,4.637122,24.188309,1,2014,3
-132.84604,41.52979,12.776148,0.28809518,4.6131334,24.731768,1,2014,3
-143.28073,41.532574,12.124582,0.28383988,6.239551,28.947577,1,2014,3
-125.43773,41.535942,11.647058,0.77996594,1.1520851,323.8264,1,2014,3
-125.50343,41.64112,11.671271,0.603008,1.2690941,329.1911,1,2014,3
-133.02588,41.687927,12.89996,0.29965442,4.5162926,24.181469,1,2014,3
-143.35294,41.757465,11.979644,0.28124747,6.2794027,28.850769,1,2014,3
-125.614105,41.778072,11.585222,0.62845665,1.1371895,336.13983,1,2014,3
-133.14897,41.788727,12.769859,0.3125396,4.5615788,26.565052,1,2014,3
-132.99382,41.800835,12.752067,0.3049006,4.570525,26.50899,1,2014,3
-125.77076,41.88397,11.525723,0.4525616,1.2660569,346.29303,1,2014,3
-133.31822,41.93126,12.7834425,0.33080667,4.678472,27.496162,1,2014,3
-143.50981,42.008312,11.855722,0.26692063,6.2514,29.517519,1,2014,3
-126.04278,42.036774,11.038934,0.4854944,1.2742449,8.5752325,1,2014,3
-133.09271,42.04589,12.79767,0.3063316,4.649656,28.659632,1,2014,3
-133.4491,42.04705,12.835889,0.30416554,4.799021,30.144716,1,2014,3
-126.276146,42.198635,10.838694,0.4858541,1.4870777,12.821343,1,2014,3
-126.39368,42.27143,10.735513,0.48955664,1.6245923,24.356392,1,2014,3
-133.25342,42.27806,12.867709,0.27619892,5.039891,32.933315,1,2014,3
-143.62096,42.28828,11.866655,0.2534147,6.3298736,29.116146,1,2014,3
-133.51056,42.32708,12.847051,0.30622685,5.289357,34.290947,1,2014,3
-126.53799,42.37041,10.642918,0.48735428,1.7870926,23.40908,1,2014,3
-143.75734,42.432236,11.721612,0.27124333,6.3522124,29.107168,1,2014,3
-133.62349,42.50806,12.750907,0.3350713,5.312721,35.036198,1,2014,3
-143.80785,42.51572,11.668196,0.26214364,6.6273146,28.57596,1,2014,3
-126.66257,42.51615,10.513998,0.55563086,1.914001,30.450367,1,2014,3
-126.777,42.58103,10.470323,0.57093984,1.9833809,32.64844,1,2014,3
-126.96191,42.758514,10.450786,0.64477545,2.170023,37.13393,1,2014,3
-133.75279,42.761417,12.353097,0.3409244,5.1276994,35.394794,1,2014,3
-143.9986,42.77976,11.65957,0.27358446,6.607095,27.883747,1,2014,3
-144.02386,42.820507,11.448099,0.2745782,6.471205,26.723436,1,2014,3
-127.031586,42.839375,10.428621,0.570184,2.1780038,36.975124,1,2014,3
-127.079956,43.00139,10.417406,0.5948614,2.383212,38.697353,1,2014,3
-144.16713,43.030235,11.201282,0.29350704,6.3549194,26.44409,1,2014,3
-133.98184,43.051975,12.376631,0.321189,4.9843855,37.58261,1,2014,3
-126.80045,43.090893,10.385053,0.622082,2.3317375,39.08194,1,2014,3
-127.269745,43.09265,10.460015,0.4965578,2.4720032,36.777187,1,2014,3
-134.06836,43.1527,12.260067,0.36271024,5.0362287,37.41599,1,2014,3
-126.5179,43.162006,10.420893,0.6617366,2.3348234,38.391537,1,2014,3
-126.48529,43.17532,10.48139,0.6392319,2.2426994,38.300716,1,2014,3
-126.19443,43.19066,10.510878,0.61825234,2.157452,40.1116,1,2014,3
-125.97869,43.227043,10.586349,0.7291066,2.0655265,43.430645,1,2014,3
-125.80288,43.26108,10.367845,0.6458466,2.2722895,47.675426,1,2014,3
-144.25789,43.27026,10.720237,0.26956487,5.943484,26.694387,1,2014,3
-125.74956,43.2781,10.468787,0.72845745,2.275478,51.064922,1,2014,3
-134.18999,43.306,12.214726,0.35232577,5.12408,38.502644,1,2014,3
-125.4961,43.38291,10.4065485,0.7140953,2.3144977,54.318436,1,2014,3
-134.28212,43.448776,12.073399,0.40636918,5.182065,37.157368,1,2014,3
-125.24757,43.48431,10.379183,0.6953296,2.369156,57.584454,1,2014,3
-134.3314,43.52081,11.873097,0.49541637,5.3220015,36.826836,1,2014,3
-125.224625,43.52387,10.339319,0.613033,2.6409278,61.008614,1,2014,3
-144.3418,43.5524,10.731707,0.26584047,5.7646685,26.253906,1,2014,3
-125.25565,43.67862,10.410165,0.68355006,2.4869661,59.82648,1,2014,3
-125.27982,43.75585,10.113534,0.62932086,2.5676644,62.13753,1,2014,3
-144.40762,43.76864,10.474668,0.2556658,5.5903487,26.106695,1,2014,3
-134.52612,43.781742,11.269047,0.55600923,5.566013,36.746372,1,2014,3
-125.24271,43.84123,10.164476,0.6676662,2.790842,62.700428,1,2014,3
-144.50676,43.952637,10.266627,0.24379735,5.3533726,26.038538,1,2014,3
-125.21394,44.02699,10.061506,0.8435084,2.7870593,61.96379,1,2014,3
-144.55151,44.04497,10.08777,0.26853505,5.4113307,26.328293,1,2014,3
-134.70378,44.047726,10.999148,0.5814345,5.6441565,38.45371,1,2014,3
-134.77173,44.181248,10.970028,0.57115734,5.691265,38.078064,1,2014,3
-125.161674,44.26142,9.847911,0.80615616,2.8469281,59.381393,1,2014,3
-144.73299,44.27544,9.938669,0.2638505,5.549937,26.426544,1,2014,3
-134.8293,44.293087,10.857934,0.51072276,5.6696033,39.417393,1,2014,3
-144.7549,44.31672,9.894627,0.2519113,5.599116,26.519287,1,2014,3
-144.87509,44.5005,9.859021,0.2622175,5.487376,26.284878,1,2014,3
-125.2104,44.51443,9.736604,0.7299596,2.9850292,57.587692,1,2014,3
-145.0016,44.562916,9.938525,0.27492496,5.4700823,25.675001,1,2014,3
-134.93234,44.56315,10.809062,0.45678362,5.6598234,38.976006,1,2014,3
-125.23138,44.774834,9.681946,0.7365609,3.0427127,56.93666,1,2014,3
-145.11055,44.777992,9.74572,0.26718315,5.406829,26.707224,1,2014,3
-135.01357,44.815556,10.54866,0.45508853,5.481788,38.33334,1,2014,3
-134.99988,44.857,10.695313,0.5020831,5.5239296,38.384426,1,2014,3
-125.25683,44.95444,9.673421,0.5572178,3.1257958,55.954063,1,2014,3
-145.26656,45.003414,9.642917,0.28447074,5.4294844,27.178574,1,2014,3
-125.279785,45.0067,9.630846,0.5156787,3.2205124,57.29684,1,2014,3
-134.97762,45.03679,10.560917,0.55932355,5.4364142,38.57751,1,2014,3
-135.00235,45.221256,10.453739,0.48388678,5.360597,37.724995,1,2014,3
-134.96658,45.280415,10.56015,0.5486235,5.4226284,39.237366,1,2014,3
-145.40886,45.28341,9.718838,0.2685601,5.5547457,27.21087,1,2014,3
-125.33017,45.295937,9.637697,0.5047933,3.3103776,58.08635,1,2014,3
-134.83609,45.502342,10.388971,0.51393855,5.313765,40.343998,1,2014,3
-145.42273,45.518887,9.620463,0.26286203,5.643979,26.973652,1,2014,3
-125.39594,45.53507,9.446428,0.5194595,3.2987423,57.755272,1,2014,3
-124.61847,45.715862,9.67309,1.1239367,3.2260501,65.26207,1,2014,3
-124.71368,45.75041,9.635966,1.8759652,3.5383754,64.73855,1,2014,3
-124.75264,45.75498,9.372622,1.0198781,3.2199378,63.434948,1,2014,3
-134.78444,45.75868,10.212952,0.5564135,5.1804633,40.14543,1,2014,3
-145.34352,45.771584,9.317907,0.27320185,5.541281,27.166195,1,2014,3
-125.37734,45.799797,9.191473,0.5825512,3.2467985,58.219086,1,2014,3
-125.02032,45.878345,9.258798,0.90140456,3.2586653,60.996628,1,2014,3
-125.29653,46.001278,9.072661,0.58891237,3.1676016,58.8191,1,2014,3
-134.8009,46.0199,10.010568,0.41915187,5.067741,40.037186,1,2014,3
-145.29349,46.024185,9.096832,0.29927182,5.204325,28.5841,1,2014,3
-125.54479,46.068478,9.05134,0.55203974,2.950017,58.30343,1,2014,3
-125.80285,46.14032,9.099897,0.58037466,2.9873903,57.16106,1,2014,3
-126.05591,46.196674,9.135596,0.5894955,3.0348806,57.514328,1,2014,3
-126.29453,46.2711,9.156781,0.55954957,3.020149,58.678352,1,2014,3
-145.3072,46.278675,9.04827,0.31612992,4.853586,29.364183,1,2014,3
-134.8118,46.306126,9.817539,0.34008923,4.863425,42.249916,1,2014,3
-126.5611,46.342373,9.230941,0.5414143,3.2481532,57.190582,1,2014,3
-152.09076,46.41939,8.015276,0.36675116,3.2769804,13.230509,1,2014,3
-126.754906,46.429607,9.26622,0.4481764,3.3010302,57.36906,1,2014,3
-145.2348,46.492176,9.02036,0.29193997,4.7071433,28.416172,1,2014,3
-151.9678,46.51371,7.754813,0.3852972,3.1890438,11.944178,1,2014,3
-127.01025,46.522278,8.967474,0.4738185,3.3701336,57.11155,1,2014,3
-152.07451,46.52464,7.812283,0.39236477,3.1630366,13.157543,1,2014,3
-134.79956,46.54077,9.770609,0.2926452,4.6674404,45.86805,1,2014,3
-145.23227,46.548653,8.883251,0.2847996,4.3747573,27.79514,1,2014,3
-127.26205,46.614197,9.03892,0.48132247,3.3975432,56.403477,1,2014,3
-151.7351,46.704865,7.7512646,0.4099424,3.3602529,12.547302,1,2014,3
-127.42298,46.750263,8.923859,0.45149398,3.3514774,59.915844,1,2014,3
-151.78209,46.750565,7.5091195,0.3918327,3.2693272,10.931862,1,2014,3
-152.10828,46.751404,7.5660653,0.38490167,3.08099,11.419345,1,2014,3
-151.70973,46.75961,7.4478717,0.37420833,3.3106194,14.1621685,1,2014,3
-145.05286,46.794586,8.735663,0.2965844,4.144502,28.85319,1,2014,3
-134.7766,46.796364,9.687758,0.29308614,4.5749974,48.189655,1,2014,3
-127.53849,46.842384,8.915865,0.4171366,3.4846234,64.685104,1,2014,3
-144.99106,46.855614,8.577346,0.29973015,4.146143,27.430294,1,2014,3
-151.47684,46.8859,7.504388,0.37341705,3.23311,14.509041,1,2014,3
-144.68628,47.02369,8.3892975,0.2517049,4.1369677,27.18444,1,2014,3
-152.19646,47.02881,7.2564106,0.37114444,2.8831234,12.011478,1,2014,3
-151.29123,47.035347,7.4517255,0.36924446,3.2140007,13.128236,1,2014,3
-151.60156,47.04294,7.3429456,0.3490025,3.1727748,13.116436,1,2014,3
-127.62316,47.043854,8.833275,0.3731452,3.4692361,67.2785,1,2014,3
-134.77946,47.061085,9.503461,0.30536613,4.404543,50.52754,1,2014,3
-151.24844,47.06862,7.5503078,0.3393514,3.1761613,16.837473,1,2014,3
-150.68849,47.084583,7.5790153,0.3318187,2.9577863,19.966557,1,2014,3
-150.9595,47.10774,7.558306,0.35918623,3.023144,18.315083,1,2014,3
-152.2755,47.13685,7.307393,0.36002108,2.7925973,15.579023,1,2014,3
-144.45512,47.16394,8.473462,0.24230558,4.1334248,25.201124,1,2014,3
-151.77599,47.165546,7.2468257,0.3567734,3.031996,11.606415,1,2014,3
-150.43074,47.171803,7.673652,0.3541673,2.9543865,19.784279,1,2014,3
-150.21611,47.24404,7.670799,0.38516834,2.918921,18.993612,1,2014,3
-151.92938,47.252064,7.3138647,0.35237163,3.0067425,12.094757,1,2014,3
-152.35587,47.268536,7.164794,0.3428203,2.7128768,15.829354,1,2014,3
-144.32304,47.271465,8.5072,0.24528284,3.96313,25.401188,1,2014,3
-134.75607,47.27524,9.355478,0.31180978,4.351149,51.81319,1,2014,3
-150.105,47.281204,7.3862925,0.3423513,2.8367763,19.137537,1,2014,3
-127.447075,47.29476,8.768945,0.4837712,3.2879174,66.709885,1,2014,3
-149.99362,47.315884,7.48711,0.36243805,2.7546506,19.290047,1,2014,3
-143.05925,47.34997,9.054922,0.24611956,4.1696525,24.967085,1,2014,3
-149.70375,47.371223,7.6375103,0.35156557,2.6310835,18.848133,1,2014,3
-149.42426,47.41075,7.8260837,0.32165924,2.7568278,16.002491,1,2014,3
-134.74905,47.426746,9.254702,0.3065292,4.2800117,53.26397,1,2014,3
-149.22871,47.431927,7.9931626,0.37891808,2.7733374,15.689993,1,2014,3
-144.24272,47.446247,8.649507,0.24525239,4.0307074,25.102768,1,2014,3
-143.29935,47.458946,8.990158,0.24063286,4.1,24.189514,1,2014,3
-152.01118,47.4734,7.2308364,0.33186784,2.7503636,13.884667,1,2014,3
-148.92021,47.49552,8.131196,0.40932128,2.6363802,13.825404,1,2014,3
-127.23079,47.501244,8.625859,0.4966726,3.0249794,68.268936,1,2014,3
-144.24985,47.504894,8.626102,0.25504327,3.734488,23.682087,1,2014,3
-134.75827,47.50637,8.83239,0.34993538,4.0981584,53.63342,1,2014,3
-143.4489,47.51281,9.012168,0.24324046,3.837004,23.826035,1,2014,3
-152.44012,47.51477,7.241904,0.34002364,2.697128,14.603,1,2014,3
-148.79103,47.51503,8.1343565,0.33721632,2.4908834,13.70151,1,2014,3
-143.14928,47.516403,9.085758,0.23760268,3.9568295,24.168324,1,2014,3
-142.91013,47.53067,9.108435,0.23483413,3.9945211,25.346176,1,2014,3
-152.0285,47.531563,7.2409654,0.32397264,2.7920065,13.040761,1,2014,3
-151.99327,47.54517,7.290298,0.3180152,2.9068885,12.315019,1,2014,3
-148.69162,47.547054,8.178497,0.34941113,2.557655,12.188633,1,2014,3
-126.885826,47.577667,8.544124,0.50526774,2.9962811,69.69015,1,2014,3
-143.99998,47.579082,8.775515,0.2507358,3.8131614,23.001291,1,2014,3
-148.48685,47.61087,8.181656,0.34266612,2.6400757,12.246333,1,2014,3
-148.20003,47.677113,8.246984,0.3274315,2.7658634,12.528808,1,2014,3
-143.74971,47.689514,8.869762,0.24201217,3.8120337,24.817131,1,2014,3
-147.92206,47.758327,8.07451,0.29122445,2.534502,13.926586,1,2014,3
-143.07556,47.760746,9.036061,0.26064584,3.7791533,23.71619,1,2014,3
-143.73282,47.764133,8.750474,0.27647159,3.591671,25.566223,1,2014,3
-143.43245,47.76505,8.91517,0.23967193,3.6989863,23.585032,1,2014,3
-127.08423,47.775246,8.615704,0.4972912,2.8115654,72.40284,1,2014,3
-148.05286,47.77807,8.108303,0.32494015,2.5381095,12.283956,1,2014,3
-142.88594,47.794254,9.097484,0.23975281,3.7689786,24.116842,1,2014,3
-147.36517,47.79739,8.0149355,0.28251746,2.5453093,15.728953,1,2014,3
-142.68549,47.81592,9.130543,0.25171795,3.900359,25.51387,1,2014,3
-134.81917,47.82823,8.388643,0.36516184,3.8941624,55.77943,1,2014,3
-142.41705,47.884117,9.203112,0.2472296,3.9310305,26.7606,1,2014,3
-126.97089,47.905315,8.535685,0.48280144,2.7585504,73.1416,1,2014,3
-147.21489,47.91221,8.029211,0.3149811,2.5796318,15.975904,1,2014,3
-147.56871,47.96196,8.045388,0.28847447,2.5480385,15.945395,1,2014,3
-140.99345,47.970715,9.038349,0.23460042,3.7943773,33.061848,1,2014,3
-141.02307,47.986835,8.9911585,0.24489173,3.8398569,31.040525,1,2014,3
-142.1476,48.001163,9.182922,0.25549677,3.5556293,27.285715,1,2014,3
-140.92805,48.004032,8.974927,0.22592954,3.5563042,34.80724,1,2014,3
-141.05301,48.008022,8.977671,0.25290778,3.4545333,31.987803,1,2014,3
-126.91233,48.017426,8.536647,0.44947526,2.6184156,77.87468,1,2014,3
-134.92148,48.02057,8.360335,0.33294553,3.8425252,57.757534,1,2014,3
-140.7104,48.021175,9.05845,0.2422493,3.637609,39.422394,1,2014,3
-147.14232,48.027603,7.809508,0.29256594,2.1876929,14.290325,1,2014,3
-141.95984,48.028496,9.160699,0.23791878,3.5914621,27.349876,1,2014,3
-141.33641,48.054684,8.991569,0.23568021,3.535039,30.046434,1,2014,3
-141.51051,48.067024,9.066378,0.25100678,3.5549402,29.305077,1,2014,3
-135.00136,48.14302,8.349832,0.3486495,3.763788,56.81659,1,2014,3
-146.98653,48.170204,7.778261,0.28110936,2.2945151,14.641885,1,2014,3
-140.41656,48.173344,9.219179,0.22788383,3.7441287,42.51045,1,2014,3
-126.9483,48.251816,8.278751,0.4579402,2.5570686,85.73878,1,2014,3
-140.5981,48.252235,8.870368,0.22555137,3.5544338,42.035137,1,2014,3
-140.46059,48.25344,8.903141,0.2119224,3.5638182,45,1,2014,3
-146.93645,48.270264,7.604737,0.26795802,2.1524405,8.280683,1,2014,3
-127.007256,48.27943,8.294468,0.46539938,2.5923927,82.463776,1,2014,3
-134.98874,48.320606,8.222056,0.30922484,3.8023283,58.441856,1,2014,3
-127.28258,48.344975,8.296573,0.4394515,2.7399452,77.992874,1,2014,3
-139.51073,48.351475,9.112282,0.18313628,3.4439657,45.823498,1,2014,3
-140.23965,48.366726,9.0078535,0.22170539,3.471959,45.35007,1,2014,3
-127.53311,48.376137,8.28274,0.4405008,2.8873518,77.600334,1,2014,3
-139.45795,48.40074,9.181762,0.19739012,3.372966,44.639652,1,2014,3
-135.01042,48.404636,8.246888,0.31945473,3.8554118,58.57748,1,2014,3
-127.75301,48.413124,8.240567,0.46041185,2.9307337,77.386375,1,2014,3
-128.02519,48.42457,8.129492,0.46505532,2.9621952,77.32433,1,2014,3
-128.27766,48.434944,8.00054,0.49015397,2.9960308,74.711334,1,2014,3
-146.21538,48.44948,7.5674872,0.2918499,2.4960968,16.765202,1,2014,3
-146.25833,48.45936,7.506205,0.2915756,2.235755,11.611486,1,2014,3
-128.57845,48.474667,7.9140377,0.48189983,3.0124078,73.61046,1,2014,3
-128.7555,48.48351,7.889538,0.48296535,3.189608,73.61046,1,2014,3
-139.3517,48.5005,8.973978,0.20278426,3.273912,45.12375,1,2014,3
-146.00496,48.500553,7.4231296,0.27339563,2.1130073,17.062857,1,2014,3
-129.0027,48.504242,7.9016414,0.514926,3.22343,75.44643,1,2014,3
-135.07347,48.50819,7.9887676,0.3080324,3.797947,60.329967,1,2014,3
-139.50223,48.509586,8.873757,0.18418425,3.2603834,46.11843,1,2014,3
-146.39584,48.5104,7.3829336,0.2932966,2.134104,10.25682,1,2014,3
-140.0795,48.520977,8.718119,0.21679859,3.2987876,47.702946,1,2014,3
-145.88474,48.528584,7.5257306,0.26691416,2.163354,21.703047,1,2014,3
-146.58968,48.529755,7.285985,0.31632465,2.0199258,5.6823688,1,2014,3
-146.75874,48.53304,7.2862873,0.3034253,1.8400272,359.6886,1,2014,3
-129.31506,48.563053,7.8743134,0.48652506,3.2540743,74.12716,1,2014,3
-145.7485,48.566357,7.574443,0.2642424,2.290262,25.334276,1,2014,3
-139.23398,48.581562,9.031526,0.21806729,3.2812498,44.259148,1,2014,3
-129.55667,48.607136,7.8537717,0.46785915,3.3400898,72.75854,1,2014,3
-134.21693,48.61717,8.248598,0.33376288,3.743501,64.1879,1,2014,3
-129.7709,48.650017,8.161874,0.4739722,3.3900146,71.24437,1,2014,3
-134.3,48.65228,8.226224,0.32403123,3.7749305,62.5525,1,2014,3
-145.45543,48.672634,7.602482,0.2654192,2.4239638,26.98789,1,2014,3
-139.99838,48.672836,8.817525,0.21030053,3.2578828,48.235016,1,2014,3
-134.74242,48.715145,8.122828,0.29859427,3.7831864,60.724747,1,2014,3
-130.02429,48.72621,8.521064,0.46026048,3.4387934,69.93148,1,2014,3
-134.63972,48.75284,8.006623,0.29101875,3.6716344,63.295372,1,2014,3
-139.6365,48.75503,8.83361,0.16316079,3.1065254,47.217636,1,2014,3
-134.79729,48.756527,7.9455576,0.2974333,3.7000134,61.77266,1,2014,3
-139.95366,48.756973,8.689324,0.22691493,3.0112622,48.635082,1,2014,3
-130.02097,48.75762,8.371727,0.47246745,3.3533566,73.186195,1,2014,3
-139.37825,48.76057,8.891957,0.21759824,3.0923939,47.227776,1,2014,3
-145.2847,48.760975,7.649698,0.2675341,2.298891,25.784807,1,2014,3
-135.25012,48.765633,7.885281,0.3034152,3.6007361,60.37354,1,2014,3
-134.16197,48.77006,8.101719,0.31059903,3.6034706,65.9245,1,2014,3
-139.24512,48.78998,8.887968,0.21404022,3.0987093,46.83075,1,2014,3
-145.20255,48.806667,7.777559,0.2262502,2.2898908,25.893646,1,2014,3
-130.30367,48.811844,8.582399,0.47772172,3.3593154,75.34325,1,2014,3
-130.53189,48.86056,8.620839,0.48879632,3.3963804,71.99183,1,2014,3
-144.98257,48.876244,7.927038,0.2158774,2.488634,24.196253,1,2014,3
-135.0156,48.887825,7.834146,0.2963473,3.652068,61.189205,1,2014,3
-135.50197,48.936264,7.9933853,0.29878837,3.6417716,61.816456,1,2014,3
-130.78532,48.94305,8.564766,0.48223242,3.3918726,69.64166,1,2014,3
-142.39513,48.944077,8.889971,0.22656737,2.7735357,25.179132,1,2014,3
-144.67894,48.976715,8.101657,0.23887467,2.61358,24.40767,1,2014,3
-142.51726,48.99743,8.855552,0.20157686,2.7640731,25.730705,1,2014,3
-135.51608,49.001904,7.756295,0.2967846,3.3767588,62.67611,1,2014,3
-139.00575,49.00813,8.664761,0.23416337,2.8725598,46.974934,1,2014,3
-142.65709,49.00876,8.534153,0.21697734,2.3166356,26.122622,1,2014,3
-131.02629,49.01063,8.306541,0.4512217,3.3392365,74.00747,1,2014,3
-135.46123,49.010662,7.673994,0.29312238,3.282697,63.98135,1,2014,3
-144.57695,49.01267,8.036733,0.21460582,2.1079137,24.376469,1,2014,3
-142.28465,49.01544,8.611093,0.2093755,2.2943625,27.235147,1,2014,3
-142.20673,49.042816,8.661782,0.21211171,2.256945,31.224981,1,2014,3
-138.95564,49.047478,8.607639,0.22845483,2.9301877,47.48955,1,2014,3
-142.78607,49.048462,8.453679,0.20089824,2.3495743,24.38341,1,2014,3
-141.37369,49.049286,8.687094,0.21502446,2.3726146,41.75387,1,2014,3
-144.47679,49.052376,8.005217,0.2224006,2.1559453,27.634766,1,2014,3
-141.77927,49.053658,8.707943,0.20342363,2.1855206,33.617355,1,2014,3
-141.22995,49.059155,8.591331,0.22744836,2.3847222,42.79087,1,2014,3
-134.03041,49.059196,8.060551,0.30570072,3.517101,67.95658,1,2014,3
-141.5057,49.061653,8.7339525,0.18747494,2.332145,37.508675,1,2014,3
-140.97838,49.077187,8.487027,0.23036633,2.4607315,45,1,2014,3
-131.25883,49.10119,8.220755,0.45306984,3.3618596,75.17837,1,2014,3
-140.73134,49.10699,8.434679,0.17997706,2.5378928,50.91709,1,2014,3
-143.01651,49.11524,8.3087845,0.20077063,2.3176928,22.581833,1,2014,3
-133.96753,49.11748,7.9840794,0.32342535,3.5431623,67.77819,1,2014,3
-144.16212,49.123672,7.9935036,0.22287211,2.1660101,28.694904,1,2014,3
-143.36397,49.14002,8.203952,0.19313799,2.2663627,23.397764,1,2014,3
-140.42334,49.150158,8.487312,0.1951437,2.6566331,51.879112,1,2014,3
-143.96027,49.150692,8.057358,0.2458453,2.1825674,27.269472,1,2014,3
-143.56583,49.16824,8.138233,0.2138515,2.1734996,26.211378,1,2014,3
-135.78204,49.228386,7.9796214,0.32107383,3.1916454,60.945396,1,2014,3
-138.8635,49.25032,8.419122,0.26117086,2.5034776,51.16148,1,2014,3
-131.53366,49.253967,7.940284,0.41192567,3.4247627,79.74004,1,2014,3
-140.26778,49.256126,8.4089365,0.19134936,2.381701,50.96449,1,2014,3
-140.6192,49.25765,8.3289385,0.22831923,2.2068982,46.4688,1,2014,3
-133.89569,49.267384,7.9535656,0.32025018,3.5201278,70.58705,1,2014,3
-135.86171,49.277924,7.837197,0.33132827,2.7951744,63.893307,1,2014,3
-139.04706,49.337368,8.465175,0.26217207,2.4675696,51.08635,1,2014,3
-136.08461,49.378967,8.031966,0.32756895,2.8517013,60.82831,1,2014,3
-131.80908,49.379513,7.7738905,0.37872007,3.3045576,78.65607,1,2014,3
-136.31769,49.417633,8.188604,0.3116649,2.9224646,59.574215,1,2014,3
-136.56065,49.48191,8.30652,0.29624367,2.9703872,58.7716,1,2014,3
-141.02394,49.484234,8.508948,0.23388271,2.1102133,48.073334,1,2014,3
-132.05917,49.48501,7.742232,0.36030456,3.2849505,78.58745,1,2014,3
-139.27744,49.48644,8.405936,0.22652288,2.505035,51.483074,1,2014,3
-140.92989,49.48729,8.349265,0.23168862,2.1023796,50.40379,1,2014,3
-141.504,49.49397,8.502928,0.19302805,1.9059118,41.383884,1,2014,3
-140.21127,49.494778,8.441824,0.20017615,2.4331872,51.34019,1,2014,3
-141.37738,49.49545,8.581147,0.20978777,1.9803535,46.227577,1,2014,3
-140.44365,49.501427,8.260751,0.20756932,2.05,53.130104,1,2014,3
-140.84161,49.50349,8.267047,0.22972901,1.8669761,45.86805,1,2014,3
-141.60826,49.504555,8.293639,0.22155678,1.659518,40.601295,1,2014,3
-133.72728,49.517284,7.8265967,0.30903375,3.3915925,74.611534,1,2014,3
-136.64903,49.519722,8.311027,0.2707974,2.7237659,62.68234,1,2014,3
-139.31747,49.522793,8.243099,0.24063443,2.156409,54.246113,1,2014,3
-136.01926,49.527954,7.987297,0.29505888,2.6789923,64.104485,1,2014,3
-132.1908,49.528473,7.5511456,0.34586787,3.232414,83.24874,1,2014,3
-140.13705,49.53565,8.206639,0.22266147,2.1677868,50.803574,1,2014,3
-136.79587,49.552963,8.389637,0.28158367,2.678843,63.147995,1,2014,3
-140.69304,49.56508,8.238965,0.21111557,1.9043372,47.76679,1,2014,3
-132.32417,49.57727,7.5309553,0.34554556,3.251292,82.04435,1,2014,3
-141.80304,49.579735,8.19481,0.23983623,1.632207,37.78262,1,2014,3
-133.40898,49.590008,7.742486,0.28363568,3.479382,74.32604,1,2014,3
-139.94992,49.61816,8.189932,0.23213916,2.1856349,49.82522,1,2014,3
-139.5386,49.631058,8.217428,0.21152008,2.1973848,51.095863,1,2014,3
-137.0171,49.633472,8.477154,0.2848697,2.6968315,62.86486,1,2014,3
-136.38168,49.641335,8.140344,0.2867606,2.674341,63.339138,1,2014,3
-132.57736,49.69471,7.485311,0.34482807,3.2736065,79.61688,1,2014,3
-137.31555,49.712822,8.550632,0.28219855,2.7064738,62.014683,1,2014,3
-133.20361,49.740116,7.705049,0.2967945,3.3980289,75.51391,1,2014,3
-139.59132,49.750168,8.081239,0.22829774,1.9382982,52.125015,1,2014,3
-137.56448,49.763573,8.480622,0.26089773,2.4909837,63.537815,1,2014,3
-141.9945,49.765965,7.9203763,0.24938709,1.3875518,31.742762,1,2014,3
-136.51123,49.770676,8.219754,0.32764068,2.560703,66.03751,1,2014,3
-132.83032,49.771076,7.545263,0.357973,3.1269953,82.4659,1,2014,3
-139.44574,49.77455,8.091894,0.27698195,1.9195051,55.39924,1,2014,3
-133.14807,49.810856,7.684242,0.2951295,3.1058655,82.6004,1,2014,3
-137.79721,49.85993,8.511532,0.28071308,2.4294238,61.74716,1,2014,3
-139.2423,49.881668,8.092901,0.29897553,1.9293782,58.781597,1,2014,3
-138.26093,49.886124,8.42535,0.25240687,2.1472309,59.493866,1,2014,3
-138.23337,49.890068,8.527017,0.26546043,2.2588713,58.20971,1,2014,3
-136.77003,49.913094,8.366165,0.30968145,2.5242028,65.668755,1,2014,3
-138.94772,50.000492,7.876864,0.2700935,1.9948183,62.535763,1,2014,3
-138.15265,50.007923,8.135564,0.27692178,2.1592822,58.44465,1,2014,3
-136.94154,50.010826,8.170777,0.30227557,2.3631546,69.95475,1,2014,3
-138.2615,50.0489,8.022991,0.27641514,2.0662043,62.938892,1,2014,3
-141.852,50.08005,7.661286,0.23734076,1.0653168,32.347443,1,2014,3
-137.05109,50.085148,8.254853,0.29914615,2.3642547,69.188675,1,2014,3
-138.67314,50.105778,7.8902392,0.25285715,2.1604166,64.50245,1,2014,3
-137.34477,50.162834,8.283388,0.30198163,2.2898035,70.615486,1,2014,3
-137.9993,50.240814,8.209435,0.27562112,2.1048753,66.47973,1,2014,3
-137.59322,50.260975,7.9966354,0.2947774,2.1378493,70.887024,1,2014,3
-137.9642,50.272964,7.987447,0.2992205,2.0189602,69.410736,1,2014,3
-141.74916,50.294693,7.4431314,0.24226218,0.762168,38.07278,1,2014,3
-137.38097,50.411255,8.012654,0.30934295,2.2865913,72.43671,1,2014,3
-137.51147,50.50135,7.811548,0.27184784,2.0831227,79.76896,1,2014,3
-137.46835,50.52719,7.7900143,0.29585776,2.155574,79.57629,1,2014,3
-141.42488,50.530483,7.1610713,0.25112385,0.6576473,44.38394,1,2014,3
-138.08733,50.554623,7.6287494,0.28940627,1.8416568,79.36124,1,2014,3
-139.73186,50.554653,7.7764997,0.2752518,1.2664912,68.702644,1,2014,3
-139.16748,50.55638,7.688401,0.271,1.4217243,74.49746,1,2014,3
-139.41414,50.55679,7.7420006,0.28388026,1.3544003,73.705956,1,2014,3
-137.99898,50.562744,7.7205215,0.2858329,1.9808079,78.3497,1,2014,3
-139.81091,50.562847,7.6946526,0.26267052,1.2306502,65.51752,1,2014,3
-138.92899,50.563953,7.622473,0.26017857,1.4893287,76.803535,1,2014,3
-138.6226,50.573284,7.58219,0.24178995,1.6161683,77.85572,1,2014,3
-138.46814,50.575516,7.56716,0.24878636,1.7658992,76.908104,1,2014,3
-140.0468,50.604782,7.629871,0.23744608,1.1237882,60.697792,1,2014,3
-141.23016,50.629658,7.1427145,0.2579278,0.71421283,45.567265,1,2014,3
-140.28905,50.661827,7.541548,0.23791066,0.99297535,55.669785,1,2014,3
-140.50533,50.704052,7.4481263,0.23969693,0.83240616,51.34019,1,2014,3
-140.89626,50.7063,7.2956047,0.26077804,0.80610174,45,1,2014,3
-145.375,42.125,11.6143836975098,0.295439213514328,6.55664548378208,25.8615912797154,0,2014,3
-152.625,48.375,7.13889932632446,0.333406537771225,2.35161646532763,16.0457972809476,0,2014,3
-127.375,39.875,12.2661809921265,0.426973313093185,2.17745264012791,327.185723309628,0,2014,3
-124.875,40.875,11.2643642425537,0.802851438522339,1.25590604744145,290.022083236645,0,2014,3
-153.625,38.875,11.8824911117554,0.275512158870697,6.83768966830171,17.5339793806373,0,2014,3
-145.875,51.375,7.10879850387573,0.198118656873703,0.180277563773199,93.1798301198642,0,2014,3
-130.875,30.125,17.6294479370117,0.0493321940302849,1.4560219778561,254.054604099077,0,2014,3
-138.375,51.375,7.29024124145508,0.253909558057785,1.39832042107666,101.551007262525,0,2014,3
-146.125,31.375,18.7065563201904,0.0703079253435135,0.756637297521078,60.7247457227474,0,2014,3
-146.875,51.375,7.05797052383423,0.179835379123688,0.233452350598575,99.8658069430844,0,2014,3
-130.375,31.375,17.1221408843994,0.0598638765513897,1.51753088930671,278.7174569646,0,2014,3
-125.875,29.875,17.5283393859863,0.0452422462403774,4.37360263398494,286.197322956153,0,2014,3
-149.125,36.375,14.2866249084473,0.184403777122498,4.9016323811563,5.38492026925519,0,2014,3
-129.125,26.625,19.0971584320068,0.0413103327155113,3.42760849572993,229.851985293085,0,2014,3
-132.875,50.875,7.182936668396,0.4098941385746,3.00842151301974,101.30993247402,0,2014,3
-126.125,42.375,10.7687692642212,0.440671503543854,1.43544418212622,22.0978921156887,0,2014,3
-132.125,29.125,18.0736694335938,0.0438931323587894,1.51990131258579,214.003727419113,0,2014,3
-131.875,51.875,6.9876766204834,0.591368496417999,2.92249893070981,125.811163922641,0,2014,3
-125.625,26.375,19.0422191619873,0.0391902960836887,4.39873845551199,251.441480312929,0,2014,3
-138.625,28.125,20.0289745330811,0.0463647581636906,3.61402822346478,154.42759814951,0,2014,3
-146.125,32.875,17.8453540802002,0.0736865475773811,1.34402380931292,36.5288553669852,0,2014,3
-131.875,30.125,17.9785022735596,0.0480369850993156,1.29541499142167,237.291348762867,0,2014,3
-127.875,27.375,18.7640037536621,0.0400013364851475,3.49802801589696,246.586336249102,0,2014,3
-156.625,42.125,9.3596715927124,0.276364713907242,6.62815962390768,16.6578455565786,0,2014,3
-130.125,28.875,18.5512924194336,0.0480770543217659,2.3097185975785,240.99358409773,0,2014,3
-152.875,41.875,10.3053426742554,0.285922467708588,6.96558683816374,22.1832738635969,0,2014,3
-149.375,48.125,7.55553293228149,0.282574981451035,2.49303028461349,20.1794586645109,0,2014,3
-145.875,49.125,7.43593597412109,0.307327836751938,2.11073446932578,12.5876933816488,0,2014,3
-140.625,50.125,8.07942485809326,0.218890637159348,1.48499158246773,44.4543424065843,0,2014,3
-132.125,30.625,17.7820243835449,0.047486387193203,0.928493403315285,247.854819961777,0,2014,3
-151.625,35.375,14.3682832717896,0.182462990283966,4.110243301801,355.954109876521,0,2014,3
-121.625,25.125,19.2370586395264,0.0450266152620316,5.30292372187268,263.612081668283,0,2014,3
-147.625,50.875,6.84652757644653,0.242422789335251,0.510783711564885,23.051300916473,0,2014,3
-142.125,50.375,7.48141765594482,0.282015860080719,0.689420046125727,23.9624889745782,0,2014,3
-125.375,41.875,11.5982856750488,0.748201727867126,1.02415819090607,333.935335921714,0,2014,3
-149.375,39.125,12.7421226501465,0.333203017711639,6.80524797490878,18.594695006148,0,2014,3
-148.125,49.125,7.38892030715942,0.297187656164169,1.71163664368347,16.6351191577874,0,2014,3
-115.375,25.875,18.9089622497559,0.119776643812656,6.98146832693524,295.904398823019,0,2014,3
-135.375,26.125,20.2414569854736,0.0462849475443363,3.6719613287724,178.127235736362,0,2014,3
-132.125,32.625,16.8080558776855,0.0640675649046898,0.403112887414928,313.994913994746,0,2014,3
-149.875,49.625,6.54491281509399,0.349694162607193,1.50083310198036,29.9816393688494,0,2014,3
-131.875,32.375,16.781364440918,0.0640736147761345,0.721110255092798,289.440034828176,0,2014,3
-128.375,49.875,7.78531217575073,0.621982753276825,3.24410234117236,111.899799394527,0,2014,3
-115.125,28.625,17.116397857666,0.273707896471024,6.77383938398306,317.572688120046,0,2014,3
-129.625,51.875,7.37863731384277,0.533094108104706,3.7337648560133,134.34893961977,0,2014,3
-147.375,31.125,18.692892074585,0.0638675764203072,0.214009345590327,37.4053566314086,0,2014,3
-126.125,26.375,19.2351474761963,0.0415975153446198,4.226641692881,248.777570335046,0,2014,3
-149.625,35.625,14.6166915893555,0.149184867739677,4.39018222856409,0.522042769903123,0,2014,3
-142.125,49.875,7.99162769317627,0.242211923003197,1.29769025580067,24.590117166196,0,2014,3
-149.875,41.375,10.7834749221802,0.311026692390442,6.65770230635164,22.5205656028969,0,2014,3
-148.125,36.625,14.3856620788574,0.207178398966789,4.89257600860733,9.17353544228189,0,2014,3
-150.125,47.625,7.26707315444946,0.331702440977097,2.73906918496047,21.4129694748718,0,2014,3
-148.625,40.875,11.555326461792,0.321474313735962,6.98559231561648,26.8951768552281,0,2014,3
-146.375,50.375,7.29060029983521,0.273107320070267,1.07786826653353,6.92721812600917,0,2014,3
-141.125,27.375,20.2547302246094,0.0450549684464931,3.56590801900442,151.710126623134,0,2014,3
-130.625,36.125,15.3193054199219,0.11766367405653,2.31389282379284,346.504266719204,0,2014,3
-127.625,50.125,7.43932485580444,1.66664099693298,2.69453149916641,121.80252724389,0,2014,3
-121.375,26.125,18.4686870574951,0.0462670437991619,5.15628742410661,275.787989936543,0,2014,3
-133.375,29.375,18.7456569671631,0.042245227843523,1.65060594934103,207.807041531501,0,2014,3
-147.375,35.875,15.0199785232544,0.130355805158615,3.78022486103671,8.36588612403261,0,2014,3
-146.375,30.875,18.8628807067871,0.0669088065624237,0.717007670809734,81.9829069263446,0,2014,3
-124.625,41.875,10.8323469161987,0.844341635704041,0.910219753685889,1.25904520717529,0,2014,3
-142.375,50.375,7.46551752090454,0.264355063438416,0.664830805543786,21.1612598168283,0,2014,3
-151.125,37.125,13.1955938339233,0.32559061050415,5.6938563381947,6.2512922369346,0,2014,3
-145.625,30.875,18.9748134613037,0.0635838434100151,1.1610770861575,92.4681179138286,0,2014,3
-136.625,28.875,19.2326126098633,0.0470831133425236,3.01166067145686,155.477320647645,0,2014,3
-152.625,41.375,10.6470155715942,0.299660533666611,7.15732491926977,21.0432584202779,0,2014,3
-151.625,37.625,12.9460897445679,0.270165801048279,5.8148946680056,9.80249671524524,0,2014,3
-130.125,39.625,13.4457159042358,0.303971290588379,2.93083605819227,1.3685808069531,0,2014,3
-158.625,42.625,9.29941463470459,0.243740364909172,6.31506136153878,10.9540626433983,0,2014,3
-126.625,25.375,19.1275806427002,0.0395495183765888,4.53583509400419,237.606312943599,0,2014,3
-143.625,28.875,20.3894691467285,0.0629708915948868,3.06243367275113,136.190733891857,0,2014,3
-131.375,49.625,7.69679546356201,0.412361562252045,3.26583833035256,82.7879411361945,0,2014,3
-149.375,36.625,14.0002574920654,0.217874526977539,5.29525259076467,6.61501819476916,0,2014,3
-147.375,49.625,6.92617273330688,0.315396100282669,1.63168624434969,11.3099324740202,0,2014,3
-148.375,42.625,10.6857786178589,0.264858245849609,6.47340713998432,23.1985905136482,0,2014,3
-133.375,31.375,17.5767192840576,0.0528034307062626,0.62393909959226,173.558399900665,0,2014,3
-140.125,50.875,7.47821998596191,0.261139154434204,1.06230880632705,86.2218022928384,0,2014,3
-140.625,29.625,19.302770614624,0.0516812540590763,2.90387671914632,129.830833780008,0,2014,3
-146.875,36.625,15.0626659393311,0.136906698346138,4.36424105658704,15.2781475521043,0,2014,3
-148.375,39.125,13.0324468612671,0.299257874488831,6.45155020130821,22.5105611015994,0,2014,3
-135.875,33.375,16.8258037567139,0.0604264959692955,1.457978051961,63.9621957145894,0,2014,3
-131.875,32.875,16.6639175415039,0.0656450837850571,0.432781700167648,319.685899839503,0,2014,3
-152.875,47.125,7.42576837539673,0.387574195861816,2.90330845760488,19.3086729348892,0,2014,3
-151.125,39.625,11.8033571243286,0.298939555883408,6.68000748502575,16.3459767692591,0,2014,3
-145.625,50.875,6.9065146446228,0.23478576540947,0.390512483795333,2.93567344642116,0,2014,3
-132.125,50.125,7.22225570678711,0.468264877796173,3.05132757992321,91.6902046743214,0,2014,3
-141.875,30.125,19.2900638580322,0.0594751611351967,3.43209848343546,127.303948277983,0,2014,3
-131.625,38.125,13.8672552108765,0.29878431558609,2.87005226433248,4.79679896683558,0,2014,3
-131.375,37.125,14.1971950531006,0.220630884170532,2.50569351677335,353.584053631623,0,2014,3
-151.875,35.375,14.2770690917969,0.191400274634361,4.10440007796511,357.346727971588,0,2014,3
-131.125,33.125,16.2852783203125,0.0760499015450478,0.878179936004006,300.068582821862,0,2014,3
-134.625,32.875,17.2539234161377,0.0564811006188393,0.731641988953614,68.3440109615775,0,2014,3
-137.625,29.125,19.0821094512939,0.0483799912035465,3.16291005246751,150.030430523433,0,2014,3
-158.875,43.375,8.49424934387207,0.303576827049255,5.35397048927242,11.3099324740202,0,2014,3
-119.375,33.375,15.2131433486938,0.617547690868378,5.30506361884568,329.906820382399,0,2014,3
-142.375,51.125,7.10718870162964,0.212032526731491,0.19723082923316,59.5344550805401,0,2014,3
-132.125,34.125,16.2012176513672,0.0763850882649422,1.09931797037982,328.768090451483,0,2014,3
-149.125,40.375,11.9866590499878,0.281729519367218,6.58634952003005,23.0615195322935,0,2014,3
-130.125,29.375,18.1109962463379,0.0477285049855709,2.17112873869792,249.227745317954,0,2014,3
-156.375,39.875,11.277681350708,0.210483223199844,7.78930677274942,17.7138463529335,0,2014,3
-127.625,39.625,12.4580202102661,0.394559234380722,2.20227155455452,325.732664556656,0,2014,3
-134.125,26.125,19.9695320129395,0.04355763271451,3.49045842261443,184.436474485657,0,2014,3
-147.375,41.125,11.401686668396,0.299732655286789,6.619365528508,27.339271342006,0,2014,3
-140.875,30.125,19.3061943054199,0.0568272173404694,3.08228811112784,119.975446569531,0,2014,3
-155.375,39.375,11.5735511779785,0.262939810752869,7.38677872959519,16.840403156218,0,2014,3
-151.125,40.625,11.1038913726807,0.328162133693695,6.94509899137514,17.6000967340041,0,2014,3
-130.625,31.875,16.9303112030029,0.0583266243338585,1.14982607380421,277.49585763973,0,2014,3
-152.125,35.375,14.1744050979614,0.203768372535706,4.14077287471796,358.892972954319,0,2014,3
-134.375,26.125,20.1060085296631,0.0410223379731178,3.46763608240542,183.803083892642,0,2014,3
-150.125,49.875,6.32741785049438,0.336270391941071,1.25195846576474,31.2777028668664,0,2014,3
-139.125,27.125,20.3869209289551,0.048442680388689,3.34861165261068,156.037511025422,0,2014,3
-116.125,26.125,18.7184562683105,0.129911497235298,6.66388775415673,294.372797614426,0,2014,3
-158.375,41.125,10.643684387207,0.233314618468285,7.45869961856623,14.8374005243944,0,2014,3
-147.125,49.625,7.02472591400146,0.306889027357101,1.64103625797848,6.64864518326891,0,2014,3
-132.625,29.875,18.1090469360352,0.0470958091318607,1.30096118312577,219.07249580761,0,2014,3
-136.375,28.625,19.3774566650391,0.0415974333882332,2.81538629676284,157.442753365294,0,2014,3
-156.625,38.625,11.7454690933228,0.223088935017586,6.94139035064302,14.1763796163684,0,2014,3
-159.625,42.125,9.55090236663818,0.249970182776451,6.68586568815139,12.7890722763262,0,2014,3
-150.125,33.875,16.4017925262451,0.0947322770953178,2.83386661648003,354.329642656106,0,2014,3
-130.375,39.875,13.3520193099976,0.26961150765419,3.07371111199475,5.41382257291269,0,2014,3
-149.375,37.625,13.478720664978,0.310621231794357,5.9647799624127,13.0810139812905,0,2014,3
-157.875,40.875,10.7622232437134,0.27173638343811,7.65590621677147,18.2692861467771,0,2014,3
-157.875,42.375,9.87031078338623,0.251586556434631,6.78930040578556,13.1970298319802,0,2014,3
-153.125,40.625,11.1126823425293,0.32645308971405,7.31861325662178,20.3911129978371,0,2014,3
-130.375,33.875,15.4291315078735,0.130250498652458,1.3446560898609,308.65980825409,0,2014,3
-149.625,38.625,13.1111946105957,0.317327946424484,6.56214903823435,15.285749964247,0,2014,3
-149.625,39.125,12.632622718811,0.299580216407776,6.72310939967512,18.1115518084878,0,2014,3
-137.125,26.875,20.3331089019775,0.0418343842029572,3.69242467763393,170.33359751696,0,2014,3
-147.125,42.625,10.6169443130493,0.2921382188797,6.51590362114112,26.5257266949116,0,2014,3
-141.125,29.875,19.3297424316406,0.0556548535823822,3.23199628712658,122.362420177548,0,2014,3
-140.875,43.375,11.6293468475342,0.264371037483215,6.47488996045493,28.5045265076506,0,2014,3
-124.125,28.125,18.1809730529785,0.0406238473951817,4.78515412499953,275.877392606643,0,2014,3
-156.875,41.375,9.82913017272949,0.269775956869125,7.52569598110368,16.918012852078,0,2014,3
-152.125,48.625,7.09867715835571,0.293424665927887,2.15668727450226,15.3250199853917,0,2014,3
-134.875,28.625,19.1248569488525,0.0442687161266804,2.28019735987918,180.753848333071,0,2014,3
-157.625,39.125,11.6544637680054,0.174846306443214,7.6214237515047,16.6992442339936,0,2014,3
-153.625,45.125,8.31756019592285,0.351068794727325,3.97276981462556,14.2810957359708,0,2014,3
-133.125,26.875,19.56813621521,0.0433980897068977,3.0500655730656,192.304678847163,0,2014,3
-144.125,50.375,7.64945268630981,0.243085443973541,0.872353139502576,25.0962504626922,0,2014,3
-149.625,39.875,12.231822013855,0.300542622804642,6.73750695732479,19.7796732116244,0,2014,3
-144.375,29.625,19.663969039917,0.0587806887924671,2.11078184566762,123.012488056539,0,2014,3
-123.875,27.625,18.1469745635986,0.0416766405105591,4.64474972415091,272.591359586646,0,2014,3
-115.875,25.875,19.0409393310547,0.10895699262619,6.83632942447919,293.90292112784,0,2014,3
-131.125,27.125,19.1238040924072,0.0467221401631832,2.93537050472338,208.485836089767,0,2014,3
-131.375,37.375,14.0597543716431,0.230542153120041,2.52446033836937,356.593556245005,0,2014,3
-153.125,35.625,13.856258392334,0.239547699689865,4.55439348322035,2.51687565693953,0,2014,3
-129.625,26.375,19.1180438995361,0.0398370549082756,3.56046345297912,222.381937091003,0,2014,3
-115.125,26.125,18.4468955993652,0.155437752604485,6.89627435649134,298.683397200301,0,2014,3
-145.625,42.625,11.1504125595093,0.286172866821289,6.69544621365895,25.7613554830916,0,2014,3
-132.875,31.375,17.5488948822021,0.0552214793860912,0.590338885725818,231.188615963242,0,2014,3
-141.625,51.375,6.7730565071106,0.265774041414261,0.250599281722833,118.610459665965,0,2014,3
-131.875,27.375,19.6507987976074,0.047637939453125,2.59538051160133,208.53998518796,0,2014,3
-151.875,35.625,14.0428295135498,0.207894384860992,4.28001168222705,0.133868400126971,0,2014,3
-135.625,32.125,17.3796424865723,0.0554344542324543,1.22784363825367,102.225122675736,0,2014,3
-148.375,34.125,17.0481777191162,0.10280978679657,2.52715254782928,355.688238098018,0,2014,3
-135.875,27.125,19.7353191375732,0.0437856391072273,3.36823395861986,174.035512898747,0,2014,3
-113.875,27.625,17.5520801544189,21.1194801330566,4.82497668388149,313.152389734005,0,2014,3
-150.625,35.375,14.7769632339478,0.169031739234924,4.14672159663511,353.491964906073,0,2014,3
-130.875,51.375,7.19987773895264,0.535010516643524,3.05098344800492,111.940899848649,0,2014,3
-154.375,47.125,7.63431262969971,0.369541585445404,2.91631616941648,23.224387801195,0,2014,3
-155.875,40.375,10.7083654403687,0.231130436062813,7.36980325381892,17.2056143364441,0,2014,3
-128.875,50.125,7.70399761199951,0.461941242218018,3.08084404019418,109.728883988275,0,2014,3
-130.375,26.625,19.0895824432373,0.0376522690057755,3.39944113053896,211.773128436035,0,2014,3
-147.375,36.875,14.7690315246582,0.161902457475662,4.66344293414211,15.6753736077745,0,2014,3
-156.125,41.375,9.66329860687256,0.299491763114929,7.17899714444852,17.6777799578635,0,2014,3
-143.625,43.125,11.4342842102051,0.29834121465683,6.52055979191971,26.9973156605427,0,2014,3
-134.125,31.625,17.3174057006836,0.056446798145771,0.6200806399171,142.206057001383,0,2014,3
-131.125,36.875,14.8898248672485,0.136211231350899,2.67899234788008,349.025617303246,0,2014,3
-149.375,36.125,14.4507007598877,0.203504458069801,4.83128347336399,3.91662809578651,0,2014,3
-156.625,39.625,11.4286117553711,0.231191635131836,7.68768495712461,18.0342855671299,0,2014,3
-124.625,46.375,9.47594547271729,2.10373902320862,3.62906324001112,65.4123160855762,0,2014,3
-130.125,51.875,7.25658702850342,0.513135313987732,3.5981800955483,126.2966404932,0,2014,3
-151.125,34.375,15.7682390213013,0.134005889296532,3.53179840874306,346.908106935653,0,2014,3
-150.125,37.875,13.16259765625,0.385127276182175,6.27389034013187,10.9338167857558,0,2014,3
-132.875,33.125,16.8653507232666,0.067221611738205,0.350142828000232,358.363422958383,0,2014,3
-123.625,28.625,17.6080417633057,0.04762102663517,4.96501762333227,283.392497753751,0,2014,3
-139.625,28.125,20.0399971008301,0.0474921427667141,3.07353216999595,151.850753214072,0,2014,3
-130.125,37.375,14.9799776077271,0.132899686694145,2.82591578076913,345.029401761515,0,2014,3
-149.625,37.625,13.4244909286499,0.348289489746094,6.06587998562451,11.2173108613402,0,2014,3
-123.625,26.875,18.1831398010254,0.0401457101106644,4.50444225182208,267.455195620187,0,2014,3
-148.375,40.875,11.4574480056763,0.331372201442719,6.94354376381398,28.1889810745738,0,2014,3
-130.125,39.875,13.3709650039673,0.306634873151779,3.01663720059274,3.80144070450325,0,2014,3
-151.375,48.125,7.07298421859741,0.295786440372467,2.76804985504235,12.7308687898064,0,2014,3
-122.125,26.625,18.5467262268066,0.0452096797525883,5.25480732282355,275.569550980872,0,2014,3
-145.625,34.875,15.8499317169189,0.0982300490140915,2.75566688843191,16.6594140148184,0,2014,3
-149.625,37.375,13.5469131469727,0.287952214479446,5.85615915084281,10.926175456394,0,2014,3
-132.375,36.625,14.0828733444214,0.283855885267258,1.95125600575629,2.0558887850047,0,2014,3
-147.625,48.125,7.84191846847534,0.2926185131073,2.18680131699247,11.8751639797001,0,2014,3
-124.375,26.625,18.6439361572266,0.0378862172365189,4.35156293761219,262.074724064364,0,2014,3
-129.625,36.375,14.7524604797363,0.158640310168266,2.36617835337914,337.119362823582,0,2014,3
-131.125,38.875,13.9137859344482,0.23900543153286,3.145536520214,7.30575953331083,0,2014,3
-130.375,33.375,15.7084083557129,0.122670762240887,1.35151766544134,301.6908213046,0,2014,3
-135.125,50.125,7.56477212905884,0.301044583320618,2.90986253970871,80.5053072985185,0,2014,3
-130.625,36.625,15.3425064086914,0.124747142195702,2.73095221488769,346.014640869951,0,2014,3
-139.375,29.375,19.120512008667,0.0505603030323982,2.78775895658143,137.03503445686,0,2014,3
-156.875,42.625,9.27179908752441,0.243321001529694,6.2307784425383,13.8355194873774,0,2014,3
-141.875,27.875,20.1619148254395,0.0559934861958027,3.88741559393899,139.590543185606,0,2014,3
-144.375,42.625,11.3205871582031,0.26910462975502,6.47565440708505,26.6046200792908,0,2014,3
-150.125,42.625,10.3072175979614,0.310670673847198,6.54954196871812,22.0613261814861,0,2014,3
-123.125,25.375,19.6256217956543,0.0377746261656284,5.03850176143663,258.087915291121,0,2014,3
-150.625,36.625,13.921012878418,0.21349261701107,5.34210632616012,1.60900890604739,0,2014,3
-132.625,27.875,18.9192733764648,0.0439848862588406,2.2284748147556,202.422089483939,0,2014,3
-141.875,43.875,10.8319606781006,0.233753859996796,6.48482073769198,30.2818765134007,0,2014,3
-146.375,30.375,19.1413993835449,0.0657534971833229,1.21593585357123,95.6637062580206,0,2014,3
-146.125,42.125,11.4900960922241,0.275880455970764,6.82448532857973,26.6401438988436,0,2014,3
-153.625,37.375,12.8864192962646,0.243030235171318,5.90581069794825,7.88313931672974,0,2014,3
-153.875,38.375,11.9086875915527,0.28929802775383,6.54578490327936,16.6908603037764,0,2014,3
-146.625,30.375,19.1430854797363,0.0649779513478279,0.975141015443407,95.8859878330283,0,2014,3
-135.125,28.875,19.1700744628906,0.04426384344697,2.06784912409005,175.006256014177,0,2014,3
-125.375,29.375,17.6631965637207,0.048033095896244,4.41702388492523,283.218237398999,0,2014,3
-140.375,50.375,7.87853288650513,0.232587218284607,1.22674365700418,49.2973866639417,0,2014,3
-152.625,48.875,6.65991449356079,0.328020632266998,1.84480351257255,16.3720133295301,0,2014,3
-146.625,50.875,7.22131156921387,0.194244772195816,0.459673797382448,44.1185960034178,0,2014,3
-143.875,28.875,20.3303565979004,0.0647087246179581,2.87116701011975,135.846674023862,0,2014,3
-130.625,25.875,19.3139781951904,0.0399337410926819,3.82958222264518,210.784146526326,0,2014,3
-140.375,28.875,19.5920467376709,0.0507442317903042,3.22684056005251,139.398705354996,0,2014,3
-155.375,42.375,9.57846450805664,0.333934456110001,6.5966051875188,20.9626798365642,0,2014,3
-136.125,51.375,7.01676225662231,0.28910568356514,1.86935817862709,100.167775487411,0,2014,3
-132.875,51.625,6.95106935501099,0.528926968574524,2.91912658170214,113.842915347452,0,2014,3
-147.875,32.625,17.3976287841797,0.0782463774085045,1.18680242669115,339.274441134439,0,2014,3
-137.875,27.625,20.0932731628418,0.0469818413257599,3.80469446867945,160.660205535239,0,2014,3
-144.875,50.375,7.58560800552368,0.266760945320129,0.902496537389479,15.4221613187387,0,2014,3
-114.375,25.875,18.1629161834717,0.217268139123917,6.50716528144168,302.957424857115,0,2014,3
-134.875,30.125,18.5079364776611,0.048612006008625,1.11628849317728,161.727361733015,0,2014,3
-158.625,42.375,9.762526512146,0.22355842590332,6.523342701407,12.0334125827723,0,2014,3
-147.125,36.125,15.0382099151611,0.135284975171089,3.99361991180933,10.2406854882918,0,2014,3
-145.125,29.625,20.1041450500488,0.0623559467494488,1.31244047484067,109.125226020787,0,2014,3
-149.625,36.375,13.9455184936523,0.228680148720741,5.20247056695182,3.96791813798689,0,2014,3
-153.125,47.125,7.49578666687012,0.372332870960236,2.83019433961698,21.1247191460725,0,2014,3
-146.875,32.875,17.7497310638428,0.0756494626402855,1.15169440391104,20.3231368296629,0,2014,3
-132.625,28.375,18.7692413330078,0.0435917004942894,2.07511445467473,206.935492865588,0,2014,3
-126.125,25.125,19.0995349884033,0.0356043949723244,4.62949241278134,237.168103458342,0,2014,3
-151.375,47.375,7.29173183441162,0.368016928434372,3.15126958542109,15.2710652040413,0,2014,3
-130.125,35.875,15.1483879089355,0.122515559196472,2.06736547325334,335.418425517431,0,2014,3
-116.125,30.875,15.8667459487915,5.01814699172974,3.29341767773236,327.902412527268,0,2014,3
-132.125,36.875,13.7852087020874,0.313379943370819,1.96022957839127,0.876907741430671,0,2014,3
-131.625,27.875,19.0421199798584,0.0443266406655312,2.41919408068059,215.069630417957,0,2014,3
-145.875,50.625,7.04654884338379,0.232315316796303,0.671863081289633,4.26789330029084,0,2014,3
-145.375,31.125,18.9804668426514,0.0727054104208946,0.957548954362126,82.8007663616323,0,2014,3
-141.125,27.125,20.4200134277344,0.0473223738372326,3.75719310123927,152.411918634254,0,2014,3
-152.625,42.125,10.2721948623657,0.267682909965515,6.58634952003005,23.0615195322935,0,2014,3
-145.875,36.875,14.9811782836914,0.170340418815613,4.39165117011814,16.5367920774581,0,2014,3
-136.875,28.625,19.3190612792969,0.0440692603588104,3.27013761178333,157.905769658417,0,2014,3
-129.625,27.125,18.9947509765625,0.036534022539854,3.0285309970347,227.140901366323,0,2014,3
-144.875,29.125,20.2232456207275,0.0625665560364723,1.59176003216565,133.218039409673,0,2014,3
-130.375,36.125,15.2107620239258,0.124401569366455,2.29120055865915,343.779806304397,0,2014,3
-127.625,27.125,19.033411026001,0.040061142295599,3.67555437995413,246.084993704756,0,2014,3
-144.875,33.625,16.73876953125,0.0753719508647919,1.53687995627505,34.9309373011106,0,2014,3
-126.625,49.375,8.04006290435791,1.74820268154144,2.47729691397701,122.471192290848,0,2014,3
-158.625,41.875,10.3684577941895,0.206172749400139,6.775846810547,11.4923496795568,0,2014,3
-132.375,33.375,16.7707004547119,0.0635234341025352,0.632455532033676,341.565051177078,0,2014,3
-131.125,32.375,16.6097393035889,0.0618629232048988,1.02107786186951,284.172337700132,0,2014,3
-129.625,40.625,12.6786851882935,0.360397458076477,2.93516609410779,12.9946167919165,0,2014,3
-137.375,29.125,19.0692386627197,0.0466617941856384,3.0886890422961,150.945395900923,0,2014,3
-146.875,33.875,16.7103271484375,0.0882068648934364,1.92815974441953,14.1083135928259,0,2014,3
-129.625,26.875,19.0753479003906,0.0379667691886425,3.21740578727645,225.377768896229,0,2014,3
-135.875,49.625,7.78552389144897,0.299703568220139,2.73855801472235,65.4002093948425,0,2014,3
-126.375,41.125,11.5715456008911,0.550709307193756,1.82131820393911,328.928341939154,0,2014,3
-146.375,48.875,7.30685091018677,0.288738369941711,2.08504196600452,6.886427331432,0,2014,3
-158.375,40.375,10.5465326309204,0.253250360488892,7.46297527799738,18.434948822922,0,2014,3
-131.625,31.875,17.1800842285156,0.0593336634337902,1.05574618161753,275.980599524763,0,2014,3
-130.375,31.625,16.9967975616455,0.0622356571257114,1.53443800787129,277.866068372897,0,2014,3
-128.375,26.375,19.1475963592529,0.0390167497098446,3.63411612362621,235.085476299962,0,2014,3
-147.875,40.625,11.5660066604614,0.327088117599487,6.54361520873592,25.6252183840807,0,2014,3
-158.875,42.125,10.0162925720215,0.231073930859566,6.50299930801165,13.2455648900366,0,2014,3
-133.125,51.375,7.00214815139771,0.491353064775467,3.03990131418768,111.416410042904,0,2014,3
-144.875,50.875,6.87856531143188,0.255058884620667,0.425793377120875,350.537677791974,0,2014,3
-148.125,37.625,13.7027416229248,0.251064240932465,5.4595421053418,14.3162294998664,0,2014,3
-133.875,51.875,6.99438333511353,0.425812631845474,3.08706980808663,114.904768808095,0,2014,3
-136.875,51.625,7.11969566345215,0.2878198325634,1.84114095060644,110.009693888675,0,2014,3
-130.875,29.125,18.1445484161377,0.0462957806885242,1.84837766703669,241.216367089083,0,2014,3
-156.375,42.875,9.1680850982666,0.276940405368805,5.8749127653098,15.9052071447036,0,2014,3
-133.125,32.375,17.0540771484375,0.0585480928421021,0.116619037896906,120.963756532073,0,2014,3
-148.625,32.375,17.6181163787842,0.0815591961145401,1.51489273547667,321.162988869116,0,2014,3
-146.875,41.875,11.2962675094604,0.284685552120209,6.56655922077917,27.7747958753279,0,2014,3
-158.625,43.625,8.59287643432617,0.266345113515854,5.3863902569346,12.4365068957017,0,2014,3
-131.375,35.875,15.3615236282349,0.121070109307766,2.12607619807005,349.430008779173,0,2014,3
-135.375,34.125,16.1406841278076,0.0836313366889954,1.5071164520368,50.9245819819825,0,2014,3
-151.125,34.875,15.384859085083,0.145953819155693,3.76808970169236,347.586641316121,0,2014,3
-141.625,29.875,19.3913631439209,0.0560912452638149,3.58637700193385,126.039119137197,0,2014,3
-149.125,47.875,7.84563112258911,0.288517892360687,2.5,16.260204708312,0,2014,3
-127.625,29.375,17.7562980651855,0.0472650490701199,3.19039182546596,269.102020561398,0,2014,3
-152.625,44.625,8.68528175354004,0.309583276510239,4.2687820276983,13.5479389880005,0,2014,3
-157.125,41.875,9.53139019012451,0.326121598482132,7.12362267389283,15.6360503093456,0,2014,3
-151.875,40.625,11.1185932159424,0.294895201921463,7.12967039911383,19.7565336197723,0,2014,3
-114.375,27.625,17.6942901611328,5.9638991355896,4.31613252808576,309.924547621521,0,2014,3
-123.625,39.125,11.8405075073242,1.45645666122437,0.590762219509677,326.040940180324,0,2014,3
-142.875,49.875,7.5682635307312,0.247900158166885,1.11664676599182,19.8954313347656,0,2014,3
-147.125,35.125,15.445517539978,0.127280816435814,3.04198948058668,2.07229844561908,0,2014,3
-134.375,25.875,20.2587127685547,0.0463547743856907,3.73737876057538,185.527540151656,0,2014,3
-142.125,30.375,19.2051448822021,0.0608742460608482,3.29862092396201,127.981622841068,0,2014,3
-126.375,41.875,11.3324728012085,0.464608430862427,1.44124945793572,357.614055969611,0,2014,3
-141.125,29.625,19.3898429870605,0.0565335676074028,3.27123829764816,125.29334759066,0,2014,3
-149.875,39.625,12.1746654510498,0.277318686246872,6.83380567473205,18.7796208029249,0,2014,3
-145.625,42.125,11.5848054885864,0.274436831474304,6.69478901833359,26.5267774489612,0,2014,3
-127.875,28.125,18.7032642364502,0.0430710911750793,3.20600998126955,253.882766372396,0,2014,3
-146.625,35.375,15.524787902832,0.118703238666058,3.20502730097577,5.55049978958294,0,2014,3
-132.375,28.875,18.2704849243164,0.0444240011274815,1.83412104289766,207.962232204374,0,2014,3
-129.625,26.625,19.1101970672607,0.0396243631839752,3.39599764428658,223.090847567004,0,2014,3
-132.625,32.875,16.9090328216553,0.0644780024886131,0.344818792991333,330.461217740442,0,2014,3
-129.625,51.125,7.47430372238159,0.56222939491272,3.09919344346235,116.647729012208,0,2014,3
-135.625,52.125,6.71045970916748,0.308463931083679,2.42495360780366,125.263011729597,0,2014,3
-138.875,50.875,7.48443460464478,0.265467464923859,1.31034346642398,88.6881122174959,0,2014,3
-137.875,29.375,18.8136138916016,0.0417857654392719,3.08402334621514,142.907162702958,0,2014,3
-131.125,38.125,14.0621528625488,0.24551285803318,2.87027873210948,359.201504249686,0,2014,3
-150.875,41.625,10.5511837005615,0.331140130758286,6.60817675308401,20.7387091475222,0,2014,3
-153.875,39.875,11.5619344711304,0.293945878744125,7.53578794818432,18.1704716520132,0,2014,3
-127.125,25.375,19.4300804138184,0.0418233349919319,4.5922107965554,233.679086925002,0,2014,3
-146.125,34.375,16.0768127441406,0.0992215052247047,2.36966242321559,16.6760850681114,0,2014,3
-129.875,50.125,7.64210653305054,0.44259437918663,2.90337734371542,92.7638573709125,0,2014,3
-154.625,38.375,11.7918348312378,0.253892779350281,6.51805185619139,16.4887537058913,0,2014,3
-157.125,43.625,8.82968521118164,0.272557735443115,5.01154666744709,15.0345200119894,0,2014,3
-141.125,27.625,20.1343460083008,0.0456157326698303,3.51931811577186,148.477822753241,0,2014,3
-131.125,51.375,7.09467077255249,0.55714076757431,2.95530032314822,110.397205841715,0,2014,3
-151.625,34.375,15.5333099365234,0.1360774487257,3.39299277924372,348.093947978055,0,2014,3
-150.875,37.875,12.8254995346069,0.332318067550659,6.16262930898817,10.4711617622032,0,2014,3
-151.875,34.875,14.7843856811523,0.156524792313576,3.80757140445192,350.933497260184,0,2014,3
-152.625,39.625,11.9417715072632,0.266624391078949,7.31784121172358,18.9796632448834,0,2014,3
-158.375,40.625,10.6874170303345,0.275342673063278,7.46054287568941,17.6334916787366,0,2014,3
-135.625,30.375,18.5584468841553,0.0510733276605606,1.55048379546514,149.796762245057,0,2014,3
-150.625,41.625,10.614785194397,0.293688505887985,6.64869912088072,19.6886049802358,0,2014,3
-157.375,38.625,11.5917339324951,0.200183361768723,7.19221801671779,15.8140841838899,0,2014,3
-146.125,43.125,11.034520149231,0.2918421626091,6.68644150501595,25.7985981760671,0,2014,3
-150.375,47.875,7.12996530532837,0.329085409641266,2.63153947338815,22.5696201966584,0,2014,3
-118.625,25.375,19.7221393585205,0.0518485568463802,6.00912639241346,280.935944446623,0,2014,3
-124.875,40.625,11.2315368652344,0.891201138496399,1.21671689394041,295.30137862542,0,2014,3
-135.375,30.625,18.294490814209,0.0521001629531384,1.30698125464752,148.134022306396,0,2014,3
-132.625,51.625,7.02600383758545,0.527800977230072,2.85112258592997,114.227745317954,0,2014,3
-122.875,27.875,17.940975189209,0.0450108610093594,4.99865982039186,284.008443480048,0,2014,3
-129.625,39.375,13.5088701248169,0.290164232254028,2.66908223927252,355.272012181158,0,2014,3
-136.875,29.625,18.8660640716553,0.0480639599263668,2.56674891643106,144.51422054484,0,2014,3
-127.625,25.875,19.4730968475342,0.0371897853910923,4.15289055959822,231.943509734809,0,2014,3
-151.375,37.125,13.0889797210693,0.316943764686584,5.61006238824489,5.93416545954892,0,2014,3
-131.375,31.875,17.1338329315186,0.058631282299757,1.06230880632705,284.167055522631,0,2014,3
-134.875,32.375,17.3811912536621,0.0565592683851719,1.03174609279609,93.3338506615366,0,2014,3
-147.875,37.125,14.172981262207,0.240170806646347,5.07410090557923,12.1736225186198,0,2014,3
-151.375,39.625,11.8131113052368,0.28841444849968,6.86962153251546,16.4036607098714,0,2014,3
-149.875,42.125,10.2817764282227,0.293602526187897,6.49825361154826,20.9172350104316,0,2014,3
-142.875,43.625,11.1024484634399,0.251472026109695,6.54832039533803,25.5084864978834,0,2014,3
-129.875,32.875,16.120569229126,0.0763421654701233,1.45890369798695,298.673146489435,0,2014,3
-136.125,49.875,7.79912233352661,0.315194845199585,2.69703540948205,66.8571989327058,0,2014,3
-140.375,27.875,20.100118637085,0.0452875010669231,3.13969743765223,152.700427788667,0,2014,3
-144.125,50.125,7.73406934738159,0.236441478133202,1.08503456166152,19.9379917442055,0,2014,3
-157.375,40.125,10.9461336135864,0.229735314846039,7.70979895976542,18.0589359798552,0,2014,3
-130.625,51.875,7.002037525177,0.550871431827545,3.36145801699203,121.373005140108,0,2014,3
-155.125,40.875,10.7323684692383,0.311078697443008,7.60660896852204,19.5068861412519,0,2014,3
-128.625,40.625,12.1840906143188,0.423177391290665,2.51700218514009,9.83655450543898,0,2014,3
-150.375,42.625,10.4261283874512,0.300868183374405,6.57937687019067,22.2380327155645,0,2014,3
-146.375,32.125,18.4581737518311,0.0747139006853104,0.930053761886914,36.2538377374448,0,2014,3
-144.125,51.875,6.70310211181641,0.233701556921005,0.322490309931942,262.874983651098,0,2014,3
-142.125,27.625,20.1598834991455,0.0502325780689716,3.91532884953486,141.6372952392,0,2014,3
-135.875,28.125,19.3295745849609,0.043560229241848,2.75757139526794,161.170820383554,0,2014,3
-120.625,34.875,13.4555587768555,3.92462372779846,2.98613462523042,317.171311790915,0,2014,3
-127.125,49.625,7.8142557144165,1.07531797885895,3.22987615861661,119.898901838615,0,2014,3
-153.125,38.125,12.2825202941895,0.286135762929916,6.25863403627341,12.0819692679368,0,2014,3
-149.375,33.875,16.5466690063477,0.0946382433176041,2.90657874484763,353.877496338513,0,2014,3
-155.875,41.625,9.6577033996582,0.313144385814667,7.22286646699217,17.9834152499735,0,2014,3
-145.125,33.125,17.280689239502,0.0745784938335419,1.41495582969929,51.0239930823196,0,2014,3
-131.625,50.375,7.23685836791992,0.454023510217667,2.94966099747073,96.6190533154771,0,2014,3
-132.625,34.125,16.2339286804199,0.0766375884413719,0.978008179924892,343.97413255155,0,2014,3
-128.625,38.625,13.4893970489502,0.363711595535278,2.2663847863944,327.431860628215,0,2014,3
-143.625,30.375,19.0107975006104,0.0704795643687248,2.2971286424578,125.073754493348,0,2014,3
-127.875,40.375,12.0656976699829,0.412606626749039,1.85827877348906,351.957105766495,0,2014,3
-158.625,40.375,10.6155490875244,0.249439626932144,7.47275718861519,17.9257741740996,0,2014,3
-140.875,29.125,19.3959159851074,0.0541639849543571,3.01230808517323,135.268992293696,0,2014,3
-129.875,36.625,15.1525726318359,0.125361606478691,2.56470271181671,342.059577067539,0,2014,3
-149.875,40.125,11.7394227981567,0.302507042884827,6.66946024802607,18.8967824676798,0,2014,3
-130.125,38.125,14.0165328979492,0.225455731153488,2.70283184826581,351.060434996848,0,2014,3
-128.625,28.875,17.9870491027832,0.044736236333847,2.7664417579266,254.054604099077,0,2014,3
-132.625,37.375,14.028998374939,0.218492746353149,2.44724334711528,14.4337301104455,0,2014,3
-148.125,32.875,17.3488178253174,0.0796925947070122,1.44668586776812,338.934054346881,0,2014,3
-127.875,28.375,18.5552883148193,0.0437585189938545,3.21179077774378,254.838757421862,0,2014,3
-156.125,38.625,12.0876436233521,0.267983794212341,7.06510438705615,13.8395543005965,0,2014,3
-117.875,33.375,16.4569339752197,0.301330655813217,1.85827877348906,8.04289423350531,0,2014,3
-149.125,49.375,6.82719230651855,0.35602656006813,1.5730543537971,20.8544580395783,0,2014,3
-142.375,43.125,11.3082637786865,0.259588867425919,6.47123635791492,26.3274750147672,0,2014,3
-131.875,28.625,18.3104915618896,0.042184129357338,1.94989743320001,214.342053943504,0,2014,3
-149.125,48.875,7.27546358108521,0.338492393493652,1.96654519398869,21.4767909795404,0,2014,3
-145.375,32.125,18.7908935546875,0.0830451026558876,1.44402216049478,59.1723377001319,0,2014,3
-137.125,28.125,19.6069355010986,0.0423817858099937,3.42614944215806,163.204648873453,0,2014,3
-145.125,30.625,19.2989864349365,0.0602241419255733,1.21807224744676,96.5999169819139,0,2014,3
-147.625,48.375,7.7396092414856,0.282526046037674,1.96461192096556,13.5411070820514,0,2014,3
-154.125,44.875,8.59459018707275,0.324518322944641,4.00681918733551,16.0828897942088,0,2014,3
-130.375,50.875,7.56123542785645,0.604177832603455,2.95601082541996,106.105142084149,0,2014,3
-134.625,31.375,17.4775848388672,0.0521892160177231,0.818352002502591,147.475109712209,0,2014,3
-136.375,28.125,19.466381072998,0.04465451836586,3.04632565560545,165.553204629064,0,2014,3
-126.875,27.875,18.4968376159668,0.037825845181942,3.53192582028558,254.901387879291,0,2014,3
-149.375,38.625,13.1498966217041,0.312892019748688,6.59812852254334,15.1104134662991,0,2014,3
-151.875,37.875,12.8051881790161,0.285205900669098,5.90384620395891,12.223541884468,0,2014,3
-158.625,42.875,8.96937656402588,0.289567649364471,5.94085010751828,10.572259336588,0,2014,3
-159.125,40.375,10.5896396636963,0.242791309952736,7.56561960450035,14.9362954905577,0,2014,3
-140.875,28.875,19.5001430511475,0.0534666664898396,3.1548375552475,136.541218643724,0,2014,3
-157.125,41.625,9.7834358215332,0.282365798950195,7.26920215704585,16.2160655593272,0,2014,3
-150.625,38.375,12.6359262466431,0.300446897745132,6.44298067667442,12.914632042321,0,2014,3
-121.875,25.125,19.2695388793945,0.0421357452869415,5.27797309580108,262.269057926356,0,2014,3
-141.875,43.625,11.260835647583,0.251822918653488,6.49345824657401,30.2373830307055,0,2014,3
-150.875,40.375,11.2835655212402,0.318474113941193,6.75960057991595,16.2364713256471,0,2014,3
-151.125,37.375,13.0042943954468,0.307002276182175,5.90444747626736,7.78701795463246,0,2014,3
-131.125,32.125,16.7095756530762,0.0624662935733795,0.913947482079797,287.840204307704,0,2014,3
-153.125,48.375,6.83186197280884,0.293691247701645,2.17919709985123,17.3540246362613,0,2014,3
-131.125,33.625,15.8967914581299,0.0844500884413719,0.842021377400835,322.721825800131,0,2014,3
-146.375,42.625,11.2420129776001,0.262320935726166,6.76286921358088,25.5799033845138,0,2014,3
-131.875,49.875,7.22893762588501,0.420440137386322,3.17001577283142,90.180743184409,0,2014,3
-156.875,42.125,9.33390617370605,0.246428340673447,6.76563374710751,15.1659887057088,0,2014,3
-137.375,28.375,19.5650634765625,0.0465480387210846,3.40194062264467,158.261140466433,0,2014,3
-156.625,41.125,9.99445915222168,0.254920482635498,7.50656379444017,16.9624359597305,0,2014,3
-128.875,49.375,7.76202440261841,0.507142186164856,3.18226334548227,87.8389205117736,0,2014,3
-126.625,29.375,17.7373847961426,0.0461196191608906,3.90185853152059,278.400069596456,0,2014,3
-150.125,41.875,10.4231567382812,0.302034974098206,6.4982766946322,20.1638972324686,0,2014,3
-134.125,27.875,19.0670108795166,0.0434692017734051,2.44376758305695,187.997473471804,0,2014,3
-132.375,26.625,19.6408157348633,0.044433880597353,3.19390043677006,198.434948822922,0,2014,3
-147.125,35.375,15.0096445083618,0.135053366422653,3.26612920748705,3.51067843026732,0,2014,3
-122.125,37.375,13.547553062439,17.7103710174561,0.527730992078351,9.81930063875791,0,2014,3
-146.375,51.625,7.10063886642456,0.205077588558197,0.301496268633627,84.2894068625004,0,2014,3
-128.125,27.375,18.7663135528564,0.039976242929697,3.54464384670731,245.676442431032,0,2014,3
-124.875,41.375,11.1790361404419,0.788322627544403,1.04201727432898,322.800187884182,0,2014,3
-142.875,28.375,20.5301475524902,0.055879469960928,3.88434035583907,133.017877058226,0,2014,3
-154.625,46.875,7.7713623046875,0.396962553262711,3.14567957681643,21.8352322566338,0,2014,3
-138.125,51.625,7.22227334976196,0.287193596363068,1.47054411698527,109.051008731321,0,2014,3
-154.375,39.125,11.4721269607544,0.267631590366364,6.81619395263955,17.2386910856835,0,2014,3
-151.625,35.125,14.6484537124634,0.166801035404205,3.96339500933228,353.771558030637,0,2014,3
-142.125,28.375,20.4021739959717,0.0586929358541965,3.96763153531172,133.876697285925,0,2014,3
-146.625,50.625,7.3008770942688,0.231715798377991,0.746324326281812,17.9494029929139,0,2014,3
-151.875,39.375,11.98304271698,0.269429951906204,6.94136874110575,16.6597135520412,0,2014,3
-150.625,35.125,15.2451333999634,0.161402434110641,3.95979797464467,351.869897645844,0,2014,3
-124.375,26.875,18.5512790679932,0.0378799587488174,4.36027522067128,264.472459848344,0,2014,3
-128.625,29.125,18.053337097168,0.0459419414401054,2.65149014706825,258.69006752598,0,2014,3
-155.125,45.125,8.00590133666992,0.351620316505432,4.07460427526404,16.8339308206791,0,2014,3
-122.625,37.625,13.1711702346802,5.37622213363647,2.04518947777461,350.998244877439,0,2014,3
-157.625,42.875,9.34821319580078,0.23905810713768,5.85430610747337,11.8281716229184,0,2014,3
-142.375,28.375,20.4603118896484,0.0537578091025352,3.99619819328321,131.347777219694,0,2014,3
-133.375,34.625,15.9653844833374,0.0912891179323196,1.31685230758806,9.17620334037616,0,2014,3
-145.875,41.125,12.1750316619873,0.268202036619186,6.55781213515605,25.2755276676241,0,2014,3
-126.625,41.625,11.5437612533569,0.453170835971832,1.57686397637843,351.61296762134,0,2014,3
-156.375,40.125,11.0292310714722,0.219338655471802,7.69848036952748,17.3051867112706,0,2014,3
-139.375,51.875,6.34425830841064,0.261050939559937,1.07354552767919,117.75854060106,0,2014,3
-152.875,40.375,11.2059640884399,0.333906918764114,7.33893725276351,19.9164059938091,0,2014,3
-149.625,38.125,13.240743637085,0.35729244351387,6.25518185187289,13.5919268259621,0,2014,3
-149.375,38.375,13.1601362228394,0.348273664712906,6.46158649249548,14.702943543109,0,2014,3
-133.375,36.625,14.5234327316284,0.165959104895592,2.1016184239771,16.0202923020712,0,2014,3
-153.625,39.125,11.879096031189,0.286924600601196,6.98249239168937,18.0197692817771,0,2014,3
-149.375,34.125,16.4758014678955,0.100973509252071,3.13159703665717,358.170086360493,0,2014,3
-141.625,30.125,19.2911624908447,0.0596126653254032,3.35600953514736,124.068877077589,0,2014,3
-138.625,52.125,6.69606828689575,0.25918385386467,1.35624481565829,123.572898406055,0,2014,3
-143.125,28.625,20.3630619049072,0.0595158860087395,3.45775939012535,135.117169119925,0,2014,3
-132.625,51.125,7.10118055343628,0.4571193754673,2.93127958407246,105.83800000137,0,2014,3
-139.625,51.125,7.29543352127075,0.264488756656647,1.22482651832821,103.695876504409,0,2014,3
-150.125,34.125,16.3510227203369,0.0959151163697243,3.09012944712677,355.359541735736,0,2014,3
-129.625,25.875,19.4187641143799,0.0385324209928513,3.81933240239705,221.284710894571,0,2014,3
-138.125,52.125,6.95732402801514,0.275540083646774,1.48384635323203,124.011348903506,0,2014,3
-120.375,34.375,13.9482879638672,1.4283527135849,5.38882176361401,315.90222116153,0,2014,3
-149.125,33.875,16.6669006347656,0.0966470912098885,2.7598007174432,353.132491038677,0,2014,3
-126.375,26.375,19.2494792938232,0.0440325997769833,4.16159825067245,247.687262906186,0,2014,3
-149.375,48.875,7.17146873474121,0.323895424604416,1.95887722943527,26.0418165948938,0,2014,3
-149.625,34.375,16.3521480560303,0.095559261739254,3.29297737617494,357.56335175319,0,2014,3
-144.625,33.375,17.2061519622803,0.0712708756327629,1.54311373527683,42.3735943617093,0,2014,3
-134.125,25.875,19.9980182647705,0.0442973338067532,3.76132955216636,186.104684876929,0,2014,3
-149.625,40.375,11.7934074401855,0.281890690326691,6.47339169215026,21.5713071912546,0,2014,3
-155.625,45.375,7.6869010925293,0.34620988368988,4.10815043541494,19.1847353128281,0,2014,3
-128.625,49.375,7.75902843475342,0.463851273059845,3.14101894295466,91.4594493549923,0,2014,3
-158.375,43.375,8.75967502593994,0.32886016368866,5.46122696836526,12.5857051874823,0,2014,3
-149.125,49.625,6.60884809494019,0.379886299371719,1.28705089254466,18.5757244106811,0,2014,3
-154.625,40.875,10.6147842407227,0.284275323152542,7.6311991194045,20.2396913696183,0,2014,3
-133.125,35.875,15.0791130065918,0.125691697001457,1.88533816595326,7.31348862803168,0,2014,3
-129.875,27.125,18.9886283874512,0.0361824594438076,2.9642030969554,226.777103266343,0,2014,3
-147.125,31.875,18.2646579742432,0.0716408938169479,0.774661216274573,11.1648801775486,0,2014,3
-141.875,30.375,19.1752681732178,0.0596896857023239,3.28907281767978,128.333340109099,0,2014,3
-131.375,39.125,14.0268659591675,0.198002949357033,3.25189175711616,12.0701454893879,0,2014,3
-147.625,41.375,11.219277381897,0.326354712247849,6.71840010716837,28.9303543744167,0,2014,3
-116.125,27.375,17.6432418823242,0.183661669492722,6.41742160061188,298.68171417408,0,2014,3
-136.375,27.625,19.6415119171143,0.0434128940105438,3.26695576952,166.006292366511,0,2014,3
-151.125,39.875,11.7143268585205,0.285985440015793,6.79524098174597,16.061214986173,0,2014,3
-131.375,34.625,15.4172554016113,0.122198231518269,1.14284732138637,325.336554146499,0,2014,3
-118.375,32.625,16.5622463226318,0.231673091650009,4.22849855149555,337.61986494804,0,2014,3
-146.625,48.375,7.57706880569458,0.289781361818314,2.28354986807821,9.83356396420709,0,2014,3
-155.125,41.875,10.024320602417,0.284524500370026,7.21972991184573,18.9117752260951,0,2014,3
-138.625,50.375,7.71796751022339,0.253872781991959,1.8580904176062,66.1940564815423,0,2014,3
-133.875,31.625,17.4667720794678,0.053402628749609,0.581377674149945,139.184916125118,0,2014,3
-135.125,28.125,19.2794494628906,0.042859748005867,2.56425427756297,173.955907837759,0,2014,3
-129.375,51.125,7.59684038162231,0.601223826408386,3.24901523542134,118.694904379343,0,2014,3
-131.875,38.875,13.8961029052734,0.249118834733963,3.07001628660175,16.0735741647464,0,2014,3
-134.125,51.875,6.96155977249146,0.460567325353622,3.06349473640808,116.983261118575,0,2014,3
-121.625,26.375,18.5792865753174,0.0424701049923897,5.21070052871972,277.165932156881,0,2014,3
-129.875,37.125,14.8515911102295,0.141765400767326,2.73879535562626,342.358937266553,0,2014,3
-149.625,36.625,13.8660507202148,0.23735436797142,5.38917433379177,5.9644871012531,0,2014,3
-148.125,35.375,14.8171052932739,0.137159004807472,3.43064133945827,4.51398845800128,0,2014,3
-140.625,50.875,7.23673677444458,0.264970541000366,0.766550715869472,74.8759926916895,0,2014,3
-124.875,47.375,9.0764741897583,1.10844349861145,2.9642030969554,80.0927943795007,0,2014,3
-141.625,27.875,20.1209926605225,0.0525788627564907,3.93273441767938,142.022793835573,0,2014,3
-150.625,40.375,11.298243522644,0.308491587638855,6.69047830876089,16.9453233773791,0,2014,3
-131.875,50.875,7.12236309051514,0.528008878231049,2.86810041665211,105.780753309515,0,2014,3
-140.875,43.875,11.2870168685913,0.241172134876251,6.56405362561885,29.3767728879891,0,2014,3
-157.875,40.625,10.851222038269,0.268359959125519,7.60278896195337,19.1975763884035,0,2014,3
-155.125,39.625,11.1256704330444,0.303445786237717,7.28527967891419,16.9176993423738,0,2014,3
-158.875,43.125,8.6048641204834,0.306983292102814,5.63067491514117,10.8509374414999,0,2014,3
-149.375,47.625,7.77651405334473,0.335155665874481,2.38799078725191,17.2967718154338,0,2014,3
-134.625,32.375,17.3425350189209,0.0529530979692936,0.871435597161374,93.2892426784919,0,2014,3
-152.125,37.875,12.7544994354248,0.301285058259964,5.87945575712582,13.3744404648712,0,2014,3
-148.375,33.875,17.1493015289307,0.104351706802845,2.16233669903648,351.757479648481,0,2014,3
-155.375,40.875,10.6946458816528,0.289113104343414,7.52354304832504,19.0851882643825,0,2014,3
-131.625,25.875,19.5909385681152,0.0394348688423634,3.79869714507487,203.258005403702,0,2014,3
-130.375,32.375,16.5479640960693,0.0624801553785801,1.11664676599182,289.895431334766,0,2014,3
-148.875,49.375,6.95257806777954,0.353551954030991,1.54693244842818,22.4204274359737,0,2014,3
-128.125,49.875,7.7544732093811,0.638984620571136,3.53759805517812,117.072080237993,0,2014,3
-130.875,34.875,15.3749170303345,0.116490490734577,1.28003906190397,323.577716525017,0,2014,3
-151.125,48.125,7.03881359100342,0.326742976903915,2.76812210713328,16.7983717813053,0,2014,3
-132.625,32.375,16.9437694549561,0.061469804495573,0.272029410174709,287.102728969052,0,2014,3
-130.625,36.375,15.3569355010986,0.119284979999065,2.54025589262184,347.495656755422,0,2014,3
-132.875,52.125,6.86968994140625,0.560793399810791,3.23433146105961,122.756513946964,0,2014,3
-138.625,51.375,7.21402359008789,0.249605685472488,1.30268952555857,102.862751018958,0,2014,3
-135.875,28.375,19.2922229766846,0.0428477600216866,2.73864930211957,161.035774966877,0,2014,3
-143.625,51.625,6.9240255355835,0.236433520913124,0.130384048104053,32.4711922908485,0,2014,3
-143.375,43.125,11.399432182312,0.289445817470551,6.52492145546596,26.2901592105069,0,2014,3
-142.125,51.125,6.99061441421509,0.237001001834869,0.290172362570938,88.025065989118,0,2014,3
-149.375,41.375,10.8707361221313,0.293586432933807,6.66958769340354,25.2971423385873,0,2014,3
-155.625,40.125,10.9192037582397,0.251708269119263,7.36980325381892,17.2056143364441,0,2014,3
-146.375,31.125,18.7633819580078,0.0710419416427612,0.781024967590665,76.6754687381092,0,2014,3
-130.625,29.625,17.6778697967529,0.0485274121165276,1.7608236708995,246.929587750175,0,2014,3
-133.875,27.375,19.2074680328369,0.0413842834532261,2.51872983862899,190.060689795323,0,2014,3
-121.125,25.625,18.6853446960449,0.045797623693943,5.30060373919802,270.864776282291,0,2014,3
-140.125,29.625,19.3211193084717,0.0528080388903618,2.87067936210229,129.345579177359,0,2014,3
-135.125,34.125,16.1354751586914,0.0817627236247063,1.40121375956704,42.6862775021758,0,2014,3
-131.125,30.375,17.909065246582,0.0494184717535973,1.39713993572584,256.759480084813,0,2014,3
-130.375,34.375,15.5725708007812,0.106827639043331,1.28724512040248,316.259045207175,0,2014,3
-132.125,35.125,15.5199928283691,0.119942106306553,1.69189243156886,342.100510162643,0,2014,3
-131.625,32.625,16.6506748199463,0.0664239227771759,0.833846508657319,292.567009077875,0,2014,3
-128.875,51.125,7.51812028884888,0.620157897472382,3.52278299076171,120.350095894187,0,2014,3
-114.125,27.125,17.0587100982666,2.83080506324768,4.01363924636981,302.898192870173,0,2014,3
-114.875,26.375,18.2195053100586,0.17411096394062,6.93369309964034,300.892898567316,0,2014,3
-131.875,37.625,13.7458057403564,0.315684050321579,2.4573563030216,4.43447050610121,0,2014,3
-134.375,29.375,18.919002532959,0.044867254793644,1.46123235660863,182.353296866108,0,2014,3
-136.375,50.875,7.37435102462769,0.291706383228302,2.12058954067024,88.6489349172804,0,2014,3
-133.625,34.625,15.8804044723511,0.0961259678006172,1.32563192478154,16.6578455565786,0,2014,3
-127.375,41.625,11.2633104324341,0.478483736515045,1.63600122249343,16.3302484136548,0,2014,3
-136.375,28.875,19.2774887084961,0.0454331114888191,2.64425792993044,155.179458664511,0,2014,3
-137.375,26.875,20.3367252349854,0.0401199162006378,3.77296965267414,170.387885245634,0,2014,3
-132.125,49.125,7.78173828125,0.380691587924957,3.3860005906674,73.7059525434011,0,2014,3
-136.375,29.625,19.1417846679688,0.0464415177702904,2.14294190308557,151.880330165524,0,2014,3
-152.125,35.625,13.8630771636963,0.224564775824547,4.30227846611537,1.86478525933899,0,2014,3
-140.125,43.125,11.8923292160034,0.305406630039215,6.40175757116747,29.1676133795778,0,2014,3
-135.625,26.125,20.1307964324951,0.0453658625483513,3.67484693558793,174.847918297794,0,2014,3
-152.625,40.375,11.2810258865356,0.30427622795105,7.20908454659813,19.8676731331981,0,2014,3
-142.125,28.125,20.437385559082,0.0595500394701958,3.9319206502675,135.824342820845,0,2014,3
-139.625,51.375,6.91989374160767,0.276453793048859,1.19870763741623,109.493061911151,0,2014,3
-130.625,28.625,18.7127437591553,0.0467525757849216,2.12200377002493,233.238105580642,0,2014,3
-149.875,39.875,12.0304889678955,0.288248419761658,6.7547316749076,18.1130658075233,0,2014,3
-130.625,33.375,15.8573951721191,0.0941328778862953,1.12004464196745,307.381453512431,0,2014,3
-129.625,27.375,18.9614143371582,0.038459949195385,2.93727765115932,229.694914279251,0,2014,3
-153.125,46.875,7.69447088241577,0.391334682703018,2.90630349413133,21.1790516947927,0,2014,3
-118.875,25.875,18.9729194641113,0.0496924370527267,6.03186538311325,284.105357764335,0,2014,3
-154.625,39.125,11.4402732849121,0.277506828308105,6.93178909084805,16.683410109894,0,2014,3
-149.625,37.125,13.6940469741821,0.254632383584976,5.67353505320977,9.8441777332726,0,2014,3
-141.875,29.875,19.3413505554199,0.0570548586547375,3.53022662162077,127.519113820476,0,2014,3
-153.625,39.375,11.807975769043,0.284431904554367,7.1878578171803,18.4097417064168,0,2014,3
-154.125,36.625,13.7961206436157,0.20506463944912,5.92276962239795,8.34899633985646,0,2014,3
-148.375,33.125,17.2975521087646,0.0919497907161713,1.72409396495667,339.988501121894,0,2014,3
-140.125,29.125,19.4594745635986,0.0471695438027382,2.9982661656364,135.540510187131,0,2014,3
-143.125,50.625,7.45847225189209,0.200763732194901,0.533104117410474,23.1985905136482,0,2014,3
-146.125,34.625,15.865252494812,0.101676225662231,2.51620746362457,10.9973319463216,0,2014,3
-114.875,28.625,16.894380569458,0.419440686702728,6.44708461244305,320.8544106821,0,2014,3
-134.125,34.125,16.1363391876221,0.0827187746763229,0.909175450614457,29.6667152069464,0,2014,3
-145.875,33.375,17.0794639587402,0.0718470066785812,1.52594233180681,28.5804932568183,0,2014,3
-134.875,29.125,19.0870456695557,0.0438841320574284,1.80011110768197,179.363406424036,0,2014,3
-130.875,32.625,16.5220108032227,0.0687615573406219,1.10136279218067,290.738709147522,0,2014,3
-150.625,35.625,14.4318542480469,0.179818421602249,4.34180837900523,355.773353525732,0,2014,3
-143.875,30.125,19.3688812255859,0.0679085403680801,2.24664193853849,120.788808130703,0,2014,3
-130.625,35.125,15.3951082229614,0.112671457231045,1.4426711336961,327.742028658185,0,2014,3
-149.375,41.875,10.4670553207397,0.276108503341675,6.46279351364408,24.3045492659367,0,2014,3
-124.625,26.625,18.7324237823486,0.0386047288775444,4.35679928387802,259.95392967132,0,2014,3
-137.125,26.375,20.5333042144775,0.0466094277799129,3.84734973715674,167.083518841819,0,2014,3
-125.375,27.625,18.3316631317139,0.0414902120828629,4.3290645640831,266.29157184287,0,2014,3
-131.375,32.125,16.8349266052246,0.06151133030653,1.03247275993122,291.595310448968,0,2014,3
-149.625,35.125,15.2856111526489,0.128887981176376,3.93996192875007,355.924744120367,0,2014,3
-131.375,34.875,15.3846206665039,0.123617149889469,1.15381974328749,333.212873270229,0,2014,3
-153.875,38.875,11.8749303817749,0.269982099533081,6.82514468711104,17.4792228014611,0,2014,3
-147.125,31.125,18.8640727996826,0.070592537522316,0.406078810084939,80.0737544933483,0,2014,3
-127.875,40.625,11.706485748291,0.39012286067009,1.7401149387325,359.341456822436,0,2014,3
-148.875,38.375,13.1759901046753,0.297518938779831,6.37765630933496,16.0194373581091,0,2014,3
-119.375,25.625,19.4419994354248,0.0520073771476746,5.89964405705971,282.0337103361,0,2014,3
-149.625,47.625,7.59333276748657,0.337401926517487,2.42744721878767,20.7494246475867,0,2014,3
-150.375,37.375,13.5023527145386,0.299212276935577,5.87408716312586,9.10953989061602,0,2014,3
-124.875,27.625,18.2131118774414,0.0418543368577957,4.5003999822238,269.23610153907,0,2014,3
-128.375,50.875,7.54548788070679,0.904646337032318,3.55242170920064,109.914208311346,0,2014,3
-124.125,40.625,10.5762586593628,5.08709335327148,0.317647603485372,118.178590109959,0,2014,3
-133.375,29.125,18.8672275543213,0.0423027724027634,1.79011172835664,208.712636605376,0,2014,3
-135.625,27.125,19.5845165252686,0.044898372143507,3.30605505096331,176.531770741083,0,2014,3
-145.125,29.375,20.236213684082,0.0597407184541225,1.35151766544134,121.6908213046,0,2014,3
-131.625,52.125,6.91284275054932,0.489996314048767,2.88764610019995,119.228051943145,0,2014,3
-129.875,26.125,19.3158149719238,0.040567371994257,3.73664287830668,220.767609938442,0,2014,3
-143.125,43.625,11.0390090942383,0.279327303171158,6.50322996671654,25.6981935635065,0,2014,3
-124.375,27.375,18.2545166015625,0.03913564234972,4.45017977164968,269.484995627307,0,2014,3
-153.375,47.875,6.91626930236816,0.320323318243027,2.21081432960798,17.3694849109841,0,2014,3
-132.125,51.375,7.13717651367188,0.525305211544037,2.78298401001515,107.783888442693,0,2014,3
-145.625,41.375,12.047043800354,0.263354986906052,6.55305272373113,25.3919227257687,0,2014,3
-150.875,37.375,13.1153945922852,0.322019189596176,5.91,8.17123355994977,0,2014,3
-124.875,25.625,19.1374130249023,0.0418330430984497,4.58485550481147,247.966531112202,0,2014,3
-151.375,36.125,13.6685466766357,0.23944017291069,4.73422644156361,2.42121226868784,0,2014,3
-147.875,40.875,11.3876628875732,0.328415483236313,6.71420136725136,27.7863618014672,0,2014,3
-157.125,44.625,8.61247634887695,0.219815880060196,4.65695179275028,16.7228130436528,0,2014,3
-118.875,25.625,19.2670822143555,0.0529293566942215,5.97019262670812,281.987511943461,0,2014,3
-117.875,32.625,16.8626651763916,0.209243655204773,3.37219513077165,347.323760568604,0,2014,3
-136.125,50.625,7.45196437835693,0.278780788183212,2.38018906812043,84.6966024531781,0,2014,3
-132.625,51.375,7.0872220993042,0.49662920832634,2.86895451340728,109.76129549968,0,2014,3
-131.125,31.875,17.024829864502,0.0573371052742004,0.880567998510053,285.140983835077,0,2014,3
-128.625,25.875,19.2155418395996,0.0402578078210354,3.82154419050729,227.33298230197,0,2014,3
-145.625,49.375,7.57930660247803,0.280420213937759,1.85324040534411,15.0110775779913,0,2014,3
-153.375,36.625,13.6470880508423,0.226962685585022,5.58062720489373,7.72355017426935,0,2014,3
-138.625,26.625,20.7792434692383,0.0482538789510727,3.95102518341759,155.316014032644,0,2014,3
-125.375,27.875,18.207633972168,0.0442068018019199,4.31418590234589,267.475834247226,0,2014,3
-126.875,41.625,11.4812688827515,0.469468146562576,1.65048477727,358.611283410449,0,2014,3
-128.875,27.625,18.7881450653076,0.0411786213517189,3.00807247253121,240.963896313426,0,2014,3
-143.625,50.125,7.67287826538086,0.207751914858818,1.04675689632311,18.9542316995112,0,2014,3
-133.625,33.125,16.5969791412354,0.0654115155339241,0.333016516106934,41.3477772196937,0,2014,3
-129.625,26.125,19.2652149200439,0.0395258441567421,3.71474090617367,222.927343027768,0,2014,3
-131.125,27.625,19.0063095092773,0.0442820526659489,2.64824470168449,216.090999988058,0,2014,3
-149.875,33.125,16.6274738311768,0.0963110700249672,2.11123186789135,332.342576928219,0,2014,3
-156.375,39.625,11.4360971450806,0.236100763082504,7.7456116608051,17.4290421728555,0,2014,3
-147.375,37.375,14.3301124572754,0.202543586492538,5.06696161422208,14.7493183140519,0,2014,3
-121.625,27.375,18.4427680969238,0.0459071211516857,5.58423674283245,285.156131276077,0,2014,3
-146.375,50.875,7.27962636947632,0.207910656929016,0.47169905660283,32.0053832080835,0,2014,3
-132.375,50.125,7.23675155639648,0.442080676555634,2.94137722844249,91.7534048600716,0,2014,3
-151.375,41.125,10.6261625289917,0.34297376871109,6.86096203166874,20.6537861338351,0,2014,3
-127.125,40.875,11.5690393447876,0.41005003452301,1.65641178455117,338.391288597116,0,2014,3
-135.875,51.625,6.89734649658203,0.293219089508057,2.04284115877863,108.25756307539,0,2014,3
-134.625,33.875,16.197925567627,0.0758219957351685,0.98737024463977,33.8510103035582,0,2014,3
-155.375,40.625,10.6499357223511,0.257380127906799,7.30492984223668,18.6829809510785,0,2014,3
-133.375,51.375,6.96847581863403,0.445642471313477,3.10671852603354,111.527432951682,0,2014,3
-128.375,27.625,18.7360420227051,0.0413658767938614,3.45444641006341,245.363870350109,0,2014,3
-153.875,45.625,8.31346225738525,0.282063096761703,3.85721402050755,16.4146884433985,0,2014,3
-158.375,43.875,8.73807144165039,0.301079511642456,5.33326354121002,12.3423669451522,0,2014,3
-146.875,34.375,16.674337387085,0.101812578737736,2.51246890528022,5.71059313749964,0,2014,3
-150.875,33.875,16.1181488037109,0.100073583424091,2.90628629009601,352.288107587341,0,2014,3
-127.375,40.875,11.5874662399292,0.408775329589844,1.61616830806695,347.855721950433,0,2014,3
-127.125,29.375,17.7033824920654,0.0475249961018562,3.42772519318571,273.847431581645,0,2014,3
-133.625,31.375,17.6723709106445,0.0527768731117249,0.598414572015087,170.380272200301,0,2014,3
-130.625,37.875,14.1769685745239,0.220029413700104,2.87793328623163,352.010673233603,0,2014,3
-136.625,28.375,19.5186347961426,0.0459262989461422,3.17165571902122,164.079418207319,0,2014,3
-146.375,41.125,11.9779195785522,0.262379854917526,6.5340492804998,26.055245922471,0,2014,3
-159.875,40.625,10.7699222564697,0.223633289337158,7.68834182382651,15.4642741673841,0,2014,3
-145.125,36.375,14.7228355407715,0.177411988377571,3.71285604353306,15.9453959009228,0,2014,3
-154.375,39.625,11.1381521224976,0.323458194732666,7.20001388887549,16.8745533754623,0,2014,3
-127.625,28.875,18.2455463409424,0.0434975884854794,3.23360479960059,263.072781873991,0,2014,3
-149.125,40.625,11.8370370864868,0.288934618234634,6.77040619165497,23.6875263367208,0,2014,3
-147.375,36.625,14.8420095443726,0.152695655822754,4.40223806716538,14.6044474467901,0,2014,3
-131.375,36.625,14.9151697158813,0.143905997276306,2.5088842141478,349.899415694436,0,2014,3
-148.125,35.125,14.9251575469971,0.127523973584175,3.24394821167046,2.82712457816126,0,2014,3
-133.125,34.375,16.1142234802246,0.0923098027706146,1.05171288857749,356.729512076816,0,2014,3
-138.125,51.375,7.3569712638855,0.25671860575676,1.51921032118664,106.049004792533,0,2014,3
-123.875,45.875,10.0205755233765,4.88100147247314,2.63218540380422,60.903111200472,0,2014,3
-153.625,35.875,13.9001932144165,0.206727117300034,4.99289495182905,1.95120577665881,0,2014,3
-153.875,39.125,11.7216920852661,0.277185678482056,6.93519285961104,17.88630559706,0,2014,3
-146.875,49.875,7.28582525253296,0.254970133304596,1.53394915169963,4.11222884471846,0,2014,3
-131.375,25.625,19.4391841888428,0.0428209565579891,3.96295344408687,203.65421335091,0,2014,3
-142.625,43.125,11.2596950531006,0.262498140335083,6.48284659698191,24.9047688080952,0,2014,3
-129.625,37.375,14.4655075073242,0.209560841321945,2.62207932755666,340.390272223271,0,2014,3
-134.125,28.125,18.9936008453369,0.0425889752805233,2.30234662898531,187.989326766397,0,2014,3
-124.625,46.125,9.60387325286865,2.05113530158997,3.49322200840428,64.3885677146773,0,2014,3
-131.125,29.125,18.1655769348145,0.0449780747294426,1.72284648184335,234.926245506652,0,2014,3
-129.375,39.375,13.351616859436,0.352339565753937,2.68910765868531,353.165688524911,0,2014,3
-134.875,29.375,19.0248336791992,0.0447572655975819,1.63,180,0,2014,3
-151.875,37.375,13.0004644393921,0.310125201940536,5.61623539392715,8.80821262899707,0,2014,3
-152.375,39.125,12.0831174850464,0.274405658245087,6.8420026308092,16.20995995693,0,2014,3
-130.125,37.625,14.6982431411743,0.158552289009094,2.78539045736859,347.560437981153,0,2014,3
-131.375,34.125,15.6548385620117,0.105058722198009,1.07004672795163,322.594643368591,0,2014,3
-147.625,32.125,17.9107666015625,0.0713369399309158,1.08683025353548,347.242467839123,0,2014,3
-137.625,26.375,20.4907855987549,0.0428016148507595,3.75458386509078,166.444911328117,0,2014,3
-148.625,38.875,13.1657819747925,0.307047367095947,6.4232390582945,20.409882833804,0,2014,3
-131.375,38.125,14.0279226303101,0.284922629594803,2.86062930139506,1.2018330644521,0,2014,3
-151.625,42.125,10.0823974609375,0.294778555631638,6.4223438089221,22.8120167999759,0,2014,3
-145.125,50.625,7.12164640426636,0.236769750714302,0.67468511173732,11.9761324442034,0,2014,3
-156.125,38.125,12.4325189590454,0.272150695323944,6.91702970934779,11.4236466588766,0,2014,3
-148.625,40.625,11.80726146698,0.286215841770172,6.82495421230062,25.8892476356705,0,2014,3
-149.625,49.125,6.7807936668396,0.337490946054459,1.78941331167509,27.9971473612426,0,2014,3
-135.375,33.125,16.9554195404053,0.0609609745442867,1.17630778285277,64.3063003406004,0,2014,3
-131.125,29.875,17.6615219116211,0.048995167016983,1.46931957041346,246.750206837325,0,2014,3
-148.625,35.375,14.7522916793823,0.164753690361977,3.72484899022766,2.92385663519457,0,2014,3
-134.625,30.625,18.3460254669189,0.0478833131492138,1.03097041664637,171.634113875967,0,2014,3
-144.125,50.625,7.43753862380981,0.239941269159317,0.635059052372297,26.1615664420193,0,2014,3
-152.625,35.125,14.3545446395874,0.211910471320152,4.05493526458808,357.172875421839,0,2014,3
-143.375,42.375,12.0412063598633,0.25698184967041,6.48367951089503,28.4623542142321,0,2014,3
-149.375,36.375,14.1471061706543,0.217898607254028,5.05284078514255,4.08561677997488,0,2014,3
-133.125,30.875,18.0259628295898,0.0522382669150829,0.736613874428116,221.698134325565,0,2014,3
-127.125,26.625,19.4059238433838,0.0393193364143372,4.09255421466839,244.374139768658,0,2014,3
-132.875,34.625,16.058666229248,0.0879820287227631,1.32966161108757,353.088772880975,0,2014,3
-149.125,32.875,16.9275054931641,0.0997427105903625,1.85733680305969,328.877529803208,0,2014,3
-124.625,47.375,9.2591724395752,2.89033532142639,2.79973213004387,62.7942878943458,0,2014,3
-132.125,30.375,17.9474105834961,0.0432575531303883,1.0846197490365,247.217594269518,0,2014,3
-143.375,51.625,6.99275732040405,0.23079539835453,0.134536240470737,41.9872124958167,0,2014,3
-130.875,31.625,17.2037315368652,0.0559549927711487,0.980612053770501,281.768288932021,0,2014,3
-135.875,32.625,17.5095100402832,0.0619443021714687,1.28191263352851,86.8697551377809,0,2014,3
-133.125,33.375,16.7862091064453,0.0715013518929482,0.520096144957834,358.898293884794,0,2014,3
-153.875,40.125,11.4369926452637,0.303170204162598,7.6305766492448,18.411204199535,0,2014,3
-157.625,43.875,8.71680164337158,0.28440859913826,5.1150855320317,14.1449124310586,0,2014,3
-156.375,45.625,7.63868808746338,0.407374143600464,3.79811795498771,19.0551120582269,0,2014,3
-147.625,50.375,6.76676177978516,0.289143860340118,1.14978258814438,13.0693178962822,0,2014,3
-149.875,37.125,13.6759376525879,0.278955042362213,5.6687211961782,8.93059010041901,0,2014,3
-128.875,39.375,12.9414110183716,0.392489969730377,2.41615396860382,348.783080073353,0,2014,3
-132.875,33.375,16.773796081543,0.0715993568301201,0.512445119012758,354.400660663479,0,2014,3
-126.625,42.125,10.6818571090698,0.463318020105362,1.65677397372122,15.0428007460538,0,2014,3
-134.375,28.875,19.0334529876709,0.0419682636857033,1.90646269305224,187.535063723328,0,2014,3
-150.875,40.625,11.0416603088379,0.326913625001907,6.770649894951,17.9800175839497,0,2014,3
-149.875,50.125,6.28696298599243,0.306909114122391,1.02727795654341,31.05940882971,0,2014,3
-139.875,52.125,6.56235218048096,0.281895905733109,1.0987720418722,130.940653635201,0,2014,3
-132.375,35.875,15.0353889465332,0.143202468752861,1.96127509544174,353.853374340353,0,2014,3
-146.125,33.125,17.448070526123,0.0776958987116814,1.43735868870648,31.9208762199332,0,2014,3
-130.375,51.125,7.52508497238159,0.661630868911743,3.1001451578918,113.174322925301,0,2014,3
-155.875,40.625,10.4169998168945,0.231094717979431,7.29871221517879,18.0377574073676,0,2014,3
-158.875,40.875,10.7524108886719,0.228177532553673,7.32535323380381,14.870957355858,0,2014,3
-144.125,51.125,7.0369815826416,0.263219594955444,0.34928498393146,23.6293777306568,0,2014,3
-132.125,27.625,19.3524913787842,0.0443867705762386,2.48708664907357,207.801458779934,0,2014,3
-128.125,27.625,18.737907409668,0.0426578745245934,3.51336021495092,248.107741045104,0,2014,3
-150.125,42.875,10.0648469924927,0.31713142991066,6.46309523370962,22.756250740224,0,2014,3
-135.875,29.375,19.1108016967773,0.0474026538431644,2.10622885746065,160.876846684038,0,2014,3
-130.375,27.125,19.0551338195801,0.0412222668528557,3.07975648387985,218.805081217411,0,2014,3
-131.625,30.625,17.7499504089355,0.0488563887774944,1.0373041983912,250.866356794095,0,2014,3
-137.125,51.625,7.2383770942688,0.282321184873581,1.70261563483953,104.281095735971,0,2014,3
-131.625,49.875,7.20253944396973,0.42061859369278,3.12078515761659,88.7147333930617,0,2014,3
-136.625,52.125,6.61500024795532,0.306303888559341,2.0525106577068,123.070677822762,0,2014,3
-148.625,50.625,6.55047750473022,0.322372078895569,0.963379468330107,9.56009648088627,0,2014,3
-147.875,33.625,17.085470199585,0.0911897569894791,1.6985287751463,354.255841676233,0,2014,3
-146.375,34.875,15.7906112670898,0.112411297857761,2.79594349012994,7.81131273808063,0,2014,3
-156.125,39.625,11.4156999588013,0.201433956623077,7.7617137282948,17.3143918691125,0,2014,3
-151.125,38.875,12.1566467285156,0.295301884412766,6.62861222278087,13.7008164649406,0,2014,3
-116.375,26.125,18.4916381835938,0.128606915473938,6.50363744376945,293.372108394778,0,2014,3
-146.125,30.125,19.1759948730469,0.0597903989255428,1.33195345264014,102.575465499744,0,2014,3
-149.125,41.875,10.5619583129883,0.288927465677261,6.51364721181613,25.0700336775847,0,2014,3
-117.625,32.625,16.8173198699951,0.224436908960342,3.40837204541992,351.394424913396,0,2014,3
-132.875,51.125,7.06395530700684,0.440174996852875,3.0210097649627,106.935401784944,0,2014,3
-131.375,29.125,18.1344585418701,0.0442225486040115,1.65193825550473,229.17298447608,0,2014,3
-145.875,31.375,18.7492046356201,0.0694399252533913,0.81939001702486,66.2505055071333,0,2014,3
-131.375,33.875,15.8627777099609,0.0870380401611328,1.034456378974,330.461217740442,0,2014,3
-124.375,43.125,10.5387649536133,2.45738220214844,1.90601678901315,65.1828691275732,0,2014,3
-135.875,29.125,19.1322917938232,0.0474159643054008,2.34360832905159,160.559965171824,0,2014,3
-154.625,39.875,10.9565696716309,0.276355922222137,7.27660635186486,16.6917023386162,0,2014,3
-131.375,32.375,16.6406402587891,0.0643750429153442,0.975141015443408,283.038656583023,0,2014,3
-129.375,26.875,19.1263942718506,0.0409610159695148,3.2281573691504,227.762128313379,0,2014,3
-129.125,38.125,13.4295721054077,0.348403453826904,2.29421010371762,333.323261285024,0,2014,3
-154.375,38.875,11.6223125457764,0.273630142211914,6.75538303873289,17.5766492928905,0,2014,3
-144.875,49.625,7.9424991607666,0.16871365904808,1.52279348567033,21.1725786194296,0,2014,3
-147.375,40.875,11.5260992050171,0.295946002006531,6.63737900078035,25.7157150457002,0,2014,3
-131.375,32.625,16.5699558258057,0.0654096007347107,0.926984358012583,290.194334245184,0,2014,3
-150.875,39.125,12.1035633087158,0.299812883138657,6.63364907121262,14.5809035756178,0,2014,3
-135.125,26.625,19.8759384155273,0.0440010130405426,3.29037991727399,180.870689498434,0,2014,3
-153.375,48.125,6.93036508560181,0.274203032255173,2.15983795688473,18.3510604794784,0,2014,3
-148.875,39.625,12.6426296234131,0.32138454914093,6.72164414410641,22.9411585814087,0,2014,3
-122.125,36.625,13.1010131835938,1.65663754940033,1.99110522072541,329.184294248271,0,2014,3
-114.625,26.125,18.031078338623,0.227725356817245,6.69182336885845,302.241353720479,0,2014,3
-133.125,33.875,16.4074535369873,0.072877898812294,0.83240615086627,343.96005669395,0,2014,3
-146.125,41.875,11.7001962661743,0.258079916238785,6.7753228705354,26.7541454724217,0,2014,3
-128.625,49.875,7.69352722167969,0.519091904163361,3.10246676049881,109.194175670596,0,2014,3
-156.625,45.125,7.48661804199219,0.273166865110397,4.14840933370852,16.3817460503782,0,2014,3
-129.875,51.125,7.42209768295288,0.599972665309906,3.11708196876502,116.482847819545,0,2014,3
-152.625,37.125,12.9556140899658,0.319804728031158,5.39381126848168,8.10005737551865,0,2014,3
-156.125,45.625,7.72810029983521,0.396163463592529,3.83020887158912,19.5230120033486,0,2014,3
-131.875,32.125,16.9313812255859,0.0625415220856667,0.812157620169878,279.926245506652,0,2014,3
-140.625,27.125,20.4480590820312,0.0436481907963753,3.57418522183728,156.590918958249,0,2014,3
-120.125,34.375,14.2852382659912,1.23993754386902,4.49828856344277,316.261024199283,0,2014,3
-154.375,39.875,11.0791025161743,0.304714143276215,7.38677872959519,16.840403156218,0,2014,3
-123.875,46.625,9.66286182403564,8.8407564163208,2.25002222211248,62.1821592964199,0,2014,3
-135.625,49.875,7.52104616165161,0.291290581226349,2.84091534544766,73.2234857123622,0,2014,3
-130.625,39.125,13.5927629470825,0.258963257074356,3.0432219767871,2.63675842614043,0,2014,3
-127.625,41.125,11.5590209960938,0.425831109285355,1.66736318779083,8.27589282707521,0,2014,3
-135.125,26.125,20.2446670532227,0.0451159030199051,3.61034624378327,180.793519614612,0,2014,3
-148.875,32.125,17.4892349243164,0.0846731290221214,1.52305613816432,311.539816771014,0,2014,3
-147.875,50.875,6.70524215698242,0.252728998661041,0.549181208709839,10.4914770123316,0,2014,3
-133.125,26.375,19.6916809082031,0.0452669747173786,3.5027417832321,190.860814621637,0,2014,3
-146.625,32.625,17.9607620239258,0.0780611112713814,1.12698713391059,26.3376881660874,0,2014,3
-146.625,33.625,16.8658885955811,0.0868904963135719,1.54870913989684,21.5953104489677,0,2014,3
-130.875,27.125,19.1134643554688,0.0471877045929432,2.99132077851908,211.883563874609,0,2014,3
-135.625,51.125,7.07755661010742,0.278872162103653,2.28186327373048,99.5861601553443,0,2014,3
-147.875,36.125,14.6512746810913,0.168028861284256,4.03936876256675,9.83542742338989,0,2014,3
-149.375,41.125,11.1540050506592,0.314679116010666,6.75245881142566,24.5914249008753,0,2014,3
-151.875,38.125,12.6607141494751,0.308274328708649,6.10219632591414,14.0362434679265,0,2014,3
-130.875,40.375,13.2571544647217,0.285109788179398,3.50851820573871,16.7305277577826,0,2014,3
-131.875,34.625,15.7588911056519,0.10010601580143,1.32883407542101,331.699244233994,0,2014,3
-151.875,42.125,10.0442752838135,0.287869513034821,6.53857018009289,22.2895752895253,0,2014,3
-141.125,43.625,11.4130706787109,0.225547298789024,6.45238715515428,29.4254733013107,0,2014,3
-114.875,26.875,18.0031147003174,0.204693093895912,7.04792877376042,301.953680007036,0,2014,3
-137.875,26.625,20.8625869750977,0.0453768521547318,3.74513017130246,165.14742113401,0,2014,3
-146.875,33.625,16.8553581237793,0.0868118554353714,1.5440207252495,16.5570713756367,0,2014,3
-152.125,37.375,12.9625701904297,0.323046296834946,5.44823824736033,9.72165558873979,0,2014,3
-129.625,27.875,18.9013938903809,0.0414575077593327,2.77913655655853,235.852490860253,0,2014,3
-145.375,50.125,7.57434368133545,0.287319630384445,1.05323311759553,12.0567625338326,0,2014,3
-139.125,26.625,20.4614410400391,0.0441849865019321,3.41866933177223,158.011858596252,0,2014,3
-148.625,32.875,17.3408088684082,0.0928772464394569,1.69955876626847,332.681100489851,0,2014,3
-127.375,28.375,18.557107925415,0.0414404235780239,3.37515925550188,258.723359666052,0,2014,3
-127.875,27.625,18.7191524505615,0.0422478280961514,3.43879339303774,249.931483683705,0,2014,3
-150.875,40.875,10.8052825927734,0.330352514982224,6.73893908564249,18.784472940254,0,2014,3
-142.375,30.375,19.1133480072021,0.0652916356921196,3.06602348327602,126.64564916462,0,2014,3
-151.375,40.125,11.5413770675659,0.272020787000656,6.98644401680855,16.463589765521,0,2014,3
-144.375,42.875,11.1972398757935,0.290893763303757,6.40859579003076,26.4051192002326,0,2014,3
-134.625,29.125,19.0766544342041,0.04434410110116,1.71353435915362,183.68062217303,0,2014,3
-133.375,28.375,18.8034400939941,0.0427411533892155,1.92270642584873,198.811889302519,0,2014,3
-147.625,31.875,18.0779495239258,0.0711339563131332,0.980815986819138,339.717440911083,0,2014,3
-142.125,50.625,7.28485250473022,0.246738389134407,0.524022900262956,41.9059419410829,0,2014,3
-148.875,40.875,11.5986452102661,0.309587985277176,6.97882511602061,25.0962504626922,0,2014,3
-124.625,42.875,10.6431951522827,1.54787290096283,1.80080537538069,73.8797891434081,0,2014,3
-157.625,40.625,10.8933944702148,0.271867692470551,7.67802057824802,18.5293404665432,0,2014,3
-141.375,51.625,6.49645662307739,0.281551867723465,0.402492235949962,153.434948822922,0,2014,3
-147.625,37.375,14.135401725769,0.237449571490288,5.1563165147225,14.1440434903267,0,2014,3
-128.625,25.625,19.287015914917,0.0402849763631821,3.96717783821194,225.714883500631,0,2014,3
-153.375,47.625,6.7965030670166,0.335590302944183,2.35314682924802,15.2764738192933,0,2014,3
-133.375,27.625,19.1436042785645,0.040006197988987,2.28063587624154,197.084258376683,0,2014,3
-147.375,49.875,6.83603763580322,0.317940831184387,1.51009933448101,11.4587523458772,0,2014,3
-146.375,49.625,7.39422416687012,0.24994969367981,1.68857928448741,354.221880930873,0,2014,3
-145.625,30.125,19.5109214782715,0.060907781124115,1.0283968105746,103.495733280796,0,2014,3
-147.375,33.875,16.7825813293457,0.0963402017951012,1.94435079139542,3.83367653708808,0,2014,3
-148.875,38.625,13.0037593841553,0.289960324764252,6.45096116869417,16.6652155641933,0,2014,3
-149.375,34.375,16.3711433410645,0.104181014001369,3.24075608461976,358.762320768329,0,2014,3
-145.125,31.625,18.9172420501709,0.0793557092547417,1.24482930556763,66.3179122754615,0,2014,3
-124.875,42.375,11.1398220062256,1.00273299217224,0.977445650662992,48.3177811683348,0,2014,3
-151.625,38.625,12.3905696868896,0.247701898217201,6.33536897110184,14.6284834951296,0,2014,3
-156.625,41.625,9.40971660614014,0.271959841251373,7.14020307834448,15.5155202809459,0,2014,3
-150.375,36.125,14.2595548629761,0.181397691369057,4.94081977003817,358.956265233939,0,2014,3
-145.875,31.125,18.7957782745361,0.0665678903460503,0.851586754241751,80.5376777919744,0,2014,3
-153.375,37.875,12.3145055770874,0.281110376119614,6.16185848587908,9.90563716225955,0,2014,3
-150.625,38.125,12.786545753479,0.331027537584305,6.32095720599341,11.6832475044851,0,2014,3
-147.125,41.375,11.4172019958496,0.309430003166199,6.59542265514501,28.4301976436789,0,2014,3
-152.375,36.875,13.0528841018677,0.357009619474411,5.15620984832852,6.79422889874093,0,2014,3
-134.625,27.625,19.1299819946289,0.041892871260643,2.640018939326,180.21702842988,0,2014,3
-144.625,51.125,6.84948825836182,0.272217065095901,0.131529464379659,8.74616226255523,0,2014,3
-154.375,38.625,11.7752361297607,0.250839233398438,6.65099240715248,17.5904217034586,0,2014,3
-141.625,50.875,6.98864698410034,0.248002514243126,0.449444101084885,57.7243556854224,0,2014,3
-127.625,49.875,7.62479782104492,0.986652731895447,3.32785216017779,119.723526180707,0,2014,3
-150.375,46.125,8.18633842468262,0.384071528911591,3.79684079202697,16.5257963899256,0,2014,3
-156.375,39.125,11.6864500045776,0.233007952570915,7.38176130743876,15.881425946655,0,2014,3
-122.125,36.875,13.0311145782471,2.33603143692017,1.8435834670554,331.488753705891,0,2014,3
-153.125,36.125,13.7552881240845,0.253281027078629,5.02395262716519,5.59711382556759,0,2014,3
-152.875,39.125,12.1139059066772,0.292617827653885,6.95161851657583,17.4966123111681,0,2014,3
-132.125,25.875,19.9306945800781,0.0393748767673969,3.81093164462445,200.90798047101,0,2014,3
-153.875,39.625,11.5872039794922,0.298902958631516,7.33655232380987,18.6819118603482,0,2014,3
-155.125,40.125,10.7631282806396,0.274495989084244,7.19202335925016,17.4775886672718,0,2014,3
-131.875,25.625,19.8283138275146,0.0403302721679211,4.06787413767929,203.161601635951,0,2014,3
-131.125,32.875,16.3959770202637,0.0697531998157501,1.02,298.072486935853,0,2014,3
-158.375,39.625,10.9894609451294,0.197101309895515,7.54539594719853,14.3493320429471,0,2014,3
-154.125,47.375,7.24076271057129,0.377428472042084,2.74089401473315,22.0731354007867,0,2014,3
-152.875,48.625,6.72681665420532,0.31912487745285,2.1085065804972,15.6841140270408,0,2014,3
-151.375,38.125,12.6301927566528,0.301972091197968,6.20638381023926,12.4687282699551,0,2014,3
-155.625,38.875,11.9963645935059,0.223385244607925,7.27446217943292,14.8959022215073,0,2014,3
-157.375,40.625,10.8781480789185,0.286549836397171,7.72552263604217,18.1769671137727,0,2014,3
-159.875,41.375,10.0316352844238,0.307431012392044,7.20090272118712,13.9011576769374,0,2014,3
-128.375,50.375,7.72993278503418,0.767657816410065,3.61906065160561,110.037210169193,0,2014,3
-134.875,31.375,17.4270248413086,0.0529007315635681,0.772010362624751,143.426969021481,0,2014,3
-149.625,48.375,7.34980344772339,0.28943008184433,2.25204351645345,23.8333282837344,0,2014,3
-149.375,37.125,13.714991569519,0.250030905008316,5.65795899596312,11.2106331288767,0,2014,3
-130.875,38.375,13.9276189804077,0.271879613399506,2.90001724132806,359.802429129583,0,2014,3
-129.625,28.875,18.3903961181641,0.0453942269086838,2.5263412279421,246.682291613245,0,2014,3
-153.625,38.125,12.1254014968872,0.29114031791687,6.33296928778279,13.4218350678862,0,2014,3
-127.375,29.375,17.7272701263428,0.0486949160695076,3.310377621964,270.86542933728,0,2014,3
-151.125,39.125,12.0736236572266,0.30893412232399,6.43770145315857,14.9428832135084,0,2014,3
-149.875,35.125,15.3015489578247,0.125872582197189,3.93742301512042,354.607954793174,0,2014,3
-142.625,43.375,11.2560033798218,0.252197414636612,6.63089737516726,24.7872104611145,0,2014,3
-150.375,36.875,13.8140125274658,0.236576363444328,5.4739108505711,4.08561677997488,0,2014,3
-137.125,28.375,19.4299297332764,0.0448400638997555,3.37557402525852,159.900880921862,0,2014,3
-122.875,25.375,19.3989334106445,0.0388984717428684,5.02863798657251,259.226361812224,0,2014,3
-121.625,25.375,19.1699600219727,0.0415053255856037,5.29294813879751,265.991507657914,0,2014,3
-151.875,36.875,13.144793510437,0.316914200782776,5.1605426071296,5.11401383139514,0,2014,3
-146.625,34.125,16.6016159057617,0.0944033265113831,2.22245359906568,12.4728821246546,0,2014,3
-146.375,41.875,11.644362449646,0.2665054500103,6.63666331826468,26.6808780668274,0,2014,3
-145.375,48.375,7.80515575408936,0.309392303228378,2.78179797972462,26.0123759121298,0,2014,3
-151.875,34.625,15.2790956497192,0.151794269680977,3.62836051130535,348.070677822762,0,2014,3
-154.625,37.375,12.6163721084595,0.234485357999802,5.90360059624633,9.65378608853655,0,2014,3
-132.625,32.625,16.9040470123291,0.063601054251194,0.298328677803526,309.559667968995,0,2014,3
-124.875,28.125,18.0272750854492,0.0445485189557076,4.57683296614591,273.131221422692,0,2014,3
-156.125,44.875,7.65845680236816,0.280881226062775,4.01721296423279,19.7881407767017,0,2014,3
-119.375,34.125,15.2236518859863,1.14519464969635,2.64594028655221,6.2923655637681,0,2014,3
-136.625,51.625,7.00195789337158,0.296389549970627,1.80767806868369,105.7277078165,0,2014,3
-157.875,41.625,10.3601837158203,0.232549116015434,7.25327512231544,15.1858372622013,0,2014,3
-151.375,34.875,15.1103639602661,0.156092330813408,3.82460455472197,347.92616906505,0,2014,3
-154.625,36.625,13.5940084457397,0.253950178623199,5.89414115881186,7.01650174472292,0,2014,3
-140.625,27.875,19.9969081878662,0.0450104214251041,3.20140594114523,150.632497303055,0,2014,3
-134.875,26.875,19.4082050323486,0.0387529619038105,3.11314953062008,182.577491122049,0,2014,3
-139.375,30.125,19.2074909210205,0.0603309608995914,2.84822751900195,126.145691811678,0,2014,3
-136.375,51.375,7.09113645553589,0.28157639503479,1.77910089652049,98.4033710905608,0,2014,3
-122.625,25.875,18.812894821167,0.0418900512158871,4.89253513017536,265.897695939439,0,2014,3
-134.125,29.875,18.5584659576416,0.0458897650241852,1.24535135604375,191.580619182228,0,2014,3
-121.375,25.125,19.1251182556152,0.0454733110964298,5.33985018516437,265.058144950827,0,2014,3
-135.375,33.375,16.756462097168,0.0665800124406815,1.17889779031093,55.3663226034505,0,2014,3
-158.625,39.875,10.6777467727661,0.240407809615135,7.54888733523027,15.0487562672982,0,2014,3
-144.625,31.875,18.8002796173096,0.0832092985510826,1.53394915169963,79.8621961469149,0,2014,3
-149.625,33.875,16.4721832275391,0.0936386287212372,2.87466519789697,354.210077346542,0,2014,3
-149.625,39.625,12.2837400436401,0.304729431867599,6.81014684129498,19.7387150165492,0,2014,3
-127.125,25.625,19.4803314208984,0.0415843203663826,4.39436002166413,235.007979801441,0,2014,3
-124.125,46.875,9.56319046020508,6.26492738723755,2.20410979762806,60.0616615445462,0,2014,3
-135.875,50.875,7.22363805770874,0.256669938564301,2.29157151317606,95.7603506408513,0,2014,3
-131.375,36.375,15.1647882461548,0.127154946327209,2.48084662968109,350.955333465589,0,2014,3
-148.625,48.875,7.47898721694946,0.276827305555344,1.89108434502536,18.8181924685568,0,2014,3
-134.875,29.625,18.8270950317383,0.0468846969306469,1.48030402282774,178.838758091686,0,2014,3
-143.375,49.875,7.66755104064941,0.212644889950752,1.20933866224478,23.3852210572138,0,2014,3
-148.625,50.375,6.65129995346069,0.343466609716415,1.13265175583672,13.790866897361,0,2014,3
-149.125,34.875,15.7788429260254,0.121923364698887,3.6801222805771,359.532925187686,0,2014,3
-150.375,42.375,10.4137535095215,0.312064617872238,6.57219902315808,21.1376564851834,0,2014,3
-148.375,34.375,16.7397079467773,0.098428800702095,2.80349781523011,357.137594773888,0,2014,3
-142.875,30.125,19.1007041931152,0.0752354115247726,2.9633089612796,130.894901486837,0,2014,3
-153.125,45.125,8.42849540710449,0.303915679454803,3.80171014150211,12.6105420039411,0,2014,3
-135.625,31.125,17.6954021453857,0.051525317132473,1.1458621208505,133.585576788598,0,2014,3
-150.125,41.125,10.8759622573853,0.325274735689163,6.76616582711361,20.6848886511954,0,2014,3
-156.625,42.875,9.16897201538086,0.230593875050545,5.88439461627107,14.7683426029013,0,2014,3
-132.875,28.375,18.8810520172119,0.0426084585487843,2.03105883715859,205.050977816443,0,2014,3
-146.625,35.125,15.6332130432129,0.117514729499817,3.01479684224327,3.23254011374587,0,2014,3
-158.125,41.875,10.475923538208,0.213744342327118,7.07045260220306,13.3286814758934,0,2014,3
-152.125,41.875,10.1470918655396,0.28375181555748,6.71872011621261,21.2946606922213,0,2014,3
-140.375,29.875,19.2556819915771,0.0555772371590137,2.72723303001412,125.146919795825,0,2014,3
-127.875,26.375,19.257080078125,0.0387552194297314,3.68089662989875,235.403292728438,0,2014,3
-115.625,25.625,19.0406646728516,0.104528911411762,6.87006550187114,292.870063268238,0,2014,3
-132.875,32.625,16.8933238983154,0.0614875927567482,0.0781024967590666,320.194428907735,0,2014,3
-134.875,52.125,6.86161422729492,0.364291429519653,2.92049653312583,123.69006752598,0,2014,3
-148.375,35.125,14.9742822647095,0.133153527975082,3.35335652742144,2.563770211465,0,2014,3
-148.375,40.625,11.7450313568115,0.291863411664963,6.75325847276705,27.1341958291746,0,2014,3
-134.625,51.875,6.99195671081543,0.404607743024826,2.92526921837974,115.513870427534,0,2014,3
-149.875,49.375,6.70882606506348,0.352853864431381,1.61058995402306,28.1561914482726,0,2014,3
-118.875,25.375,19.7131404876709,0.0516421124339104,6.01878725325958,279.853573839681,0,2014,3
-149.625,41.625,10.546854019165,0.276983112096786,6.67782150105856,22.2634622077826,0,2014,3
-136.125,32.625,17.5786209106445,0.0627501159906387,1.33304163475864,86.1287437680144,0,2014,3
-125.875,48.625,8.26411247253418,1.20203590393066,2.04919496388216,108.788621982168,0,2014,3
-145.875,35.125,15.7603607177734,0.110528700053692,2.94001700675353,10.5837406677082,0,2014,3
-129.625,35.875,14.8415489196777,0.150346383452415,2.17635015565051,328.720194304217,0,2014,3
-130.875,26.375,19.3097114562988,0.0402179099619389,3.54644892815334,206.276045913073,0,2014,3
-132.875,32.125,17.1284332275391,0.0606297105550766,0.114017542509914,232.125016348902,0,2014,3
-132.375,50.875,7.18691492080688,0.453374117612839,2.87167198683972,103.697505474912,0,2014,3
-133.125,36.375,14.7203702926636,0.160346552729607,1.99123077517399,8.37425902759907,0,2014,3
-136.625,51.875,6.80557012557983,0.285029202699661,1.94123671920763,117.621074983076,0,2014,3
-147.375,42.125,10.808741569519,0.29576176404953,6.62529999320785,27.9961807843324,0,2014,3
-152.125,45.875,8.49431324005127,0.298055440187454,3.56602019063269,16.4530108661654,0,2014,3
-152.625,36.625,13.154333114624,0.334692686796188,5.09425166241323,7.55748175782554,0,2014,3
-129.375,50.125,7.61883211135864,0.472943633794785,3.03837127421913,100.237380171407,0,2014,3
-122.875,25.125,19.3072032928467,0.0375443808734417,5.05562063450176,257.200757236429,0,2014,3
-141.125,50.375,7.67600345611572,0.249344617128372,0.882326470191165,35.3112134396332,0,2014,3
-135.375,33.875,16.195873260498,0.0783558934926987,1.37131323919811,50.6224006270897,0,2014,3
-124.125,39.875,11.4540214538574,1.32289266586304,1.39617334167359,294.54584402603,0,2014,3
-141.125,28.125,19.8410301208496,0.0554549396038055,3.65826461590738,142.44095726767,0,2014,3
-140.875,51.875,6.28946828842163,0.296499282121658,0.756042326857432,142.523820438639,0,2014,3
-127.125,41.125,11.5235643386841,0.432485044002533,1.63024538030322,347.242467839123,0,2014,3
-137.125,52.125,6.66983413696289,0.29089766740799,1.78675683852056,125.202182592149,0,2014,3
-147.875,31.625,18.2705097198486,0.0700775682926178,1.05759160359753,319.986333771235,0,2014,3
-137.125,51.125,7.54390668869019,0.2856485247612,1.8931983519959,93.33091738045,0,2014,3
-148.125,48.875,7.46392059326172,0.295514196157455,1.76920886274063,16.0788485621828,0,2014,3
-140.875,29.875,19.2961177825928,0.0540845990180969,3.05949342212073,122.858999366029,0,2014,3
-157.125,41.125,10.1421232223511,0.230730026960373,7.58358754152677,17.8137512011656,0,2014,3
-129.875,50.625,7.53401136398315,0.558828115463257,2.94923718951189,104.130479862414,0,2014,3
-121.875,25.375,19.0972690582275,0.0432518795132637,5.21943483530545,265.054033452896,0,2014,3
-146.375,35.375,15.6798038482666,0.117432303726673,3.11327801521162,7.01088148092094,0,2014,3
-130.625,31.375,17.2200565338135,0.057484332472086,1.27279220613579,278.130102354156,0,2014,3
-131.875,29.875,17.9250812530518,0.0483373701572418,1.36400146627487,233.046091007452,0,2014,3
-129.625,28.375,18.7631607055664,0.0439568869769573,2.51477633200251,241.498640385317,0,2014,3
-134.875,51.875,6.94555044174194,0.40661695599556,2.83128945888618,117.560612227386,0,2014,3
-133.125,30.375,18.1814002990723,0.0483942180871964,0.952680429105164,219.035512898747,0,2014,3
-156.125,40.875,10.1523323059082,0.248035311698914,7.35244857173445,18.804593884769,0,2014,3
-124.625,46.875,9.40843486785889,2.29503679275513,3.13643109281871,54.0800728640267,0,2014,3
-146.125,51.375,7.1505012512207,0.206057220697403,0.253179778023443,99.0902769208223,0,2014,3
-150.875,46.125,8.20591068267822,0.372725784778595,3.64453014804378,16.7444182952084,0,2014,3
-152.625,47.375,7.07255744934082,0.325607985258102,2.67254560297855,17.4179707922028,0,2014,3
-124.375,43.625,10.6789302825928,1.86464214324951,2.49537572321284,58.6030877514095,0,2014,3
-124.625,26.875,18.6699962615967,0.0373864620923996,4.40323744533497,262.955681878741,0,2014,3
-147.625,36.125,14.8187608718872,0.156696289777756,3.97573892503016,10.4337456427838,0,2014,3
-140.375,30.375,19.099889755249,0.0586526766419411,2.78373849346522,118.774724638822,0,2014,3
-138.875,52.125,6.35863780975342,0.250708609819412,1.28809937504837,126.158185439808,0,2014,3
-129.375,50.375,7.62859535217285,0.483743518590927,2.98650297170453,106.735995851476,0,2014,3
-150.875,40.125,11.5122880935669,0.32383069396019,6.81040380594279,16.1996312531843,0,2014,3
-145.375,36.125,15.0439834594727,0.149524673819542,3.56287805011623,13.8022252477538,0,2014,3
-144.375,49.875,7.78206825256348,0.208636581897736,1.20552892955748,20.3891647802817,0,2014,3
-150.625,48.625,6.98512649536133,0.402422577142715,1.97362610440782,19.5366549381284,0,2014,3
-140.625,51.375,6.79546117782593,0.279438406229019,0.78390050389064,119.835539100262,0,2014,3
-138.625,27.125,20.4474925994873,0.0483818724751472,3.56073026217938,154.730361254731,0,2014,3
-131.375,50.375,7.15618896484375,0.506654322147369,2.96624341550049,95.9988955324163,0,2014,3
-154.875,47.125,7.71968841552734,0.346973985433578,3.00443006242449,23.7494944928667,0,2014,3
-158.625,41.625,10.488452911377,0.259162604808807,7.08568274762567,11.2306413822179,0,2014,3
-144.875,33.125,17.4348449707031,0.0702853798866272,1.39201293097442,52.8831393167297,0,2014,3
-155.875,42.375,9.54412651062012,0.341144204139709,6.66946024802607,18.8967824676798,0,2014,3
-155.375,39.875,11.0247392654419,0.256868690252304,7.27082526265073,17.6125778429238,0,2014,3
-131.375,35.375,15.3269376754761,0.124866187572479,1.66138496441975,345.712827715159,0,2014,3
-130.625,33.125,16.1279602050781,0.0768342092633247,1.22873919120373,303.043415756851,0,2014,3
-136.125,32.375,17.5737361907959,0.0583600103855133,1.35203550249245,97.6506509553594,0,2014,3
-131.625,26.875,19.4041404724121,0.0455153062939644,2.93400749828626,202.018987350019,0,2014,3
-126.125,25.625,19.1309967041016,0.0383251458406448,4.4322116375462,242.741189234038,0,2014,3
-145.125,32.625,18.4705047607422,0.0805574804544449,1.44402216049478,53.4475272479085,0,2014,3
-149.875,42.375,10.2110872268677,0.316603153944016,6.52558809610291,21.2959675141863,0,2014,3
-129.875,52.125,7.14998292922974,0.518558502197266,3.8751774152934,134.372699012774,0,2014,3
-142.875,29.875,19.4874954223633,0.0707748681306839,3.11387218748619,132.657387993502,0,2014,3
-124.375,27.875,18.247049331665,0.0402494072914124,4.65726314480941,273.200302646213,0,2014,3
-141.375,29.375,19.4708156585693,0.0538837052881718,3.51870714893979,129.117554409905,0,2014,3
-129.375,37.875,13.7468223571777,0.286301910877228,2.36211769393483,338.649019752346,0,2014,3
-132.375,34.625,15.8859348297119,0.101615324616432,1.29807549857472,344.357753542791,0,2014,3
-149.625,39.375,12.3695049285889,0.284897863864899,6.84649545388004,18.8319109205194,0,2014,3
-140.875,30.625,19.0502147674561,0.0610057413578033,2.81328988908004,111.914866327192,0,2014,3
-132.625,49.875,7.37527704238892,0.372719347476959,3.09103542522566,83.3118210175253,0,2014,3
-139.375,52.125,6.32519483566284,0.275804668664932,1.06042444332446,128.491043559497,0,2014,3
-145.375,50.375,7.33031558990479,0.234027802944183,0.812157620169878,9.9262455066517,0,2014,3
-122.625,26.375,18.4103050231934,0.0441772602498531,4.85016494564876,269.527468202226,0,2014,3
-157.875,42.625,9.53678417205811,0.237525463104248,6.42878682178838,12.7608122970983,0,2014,3
-144.125,50.875,7.24471569061279,0.256534159183502,0.54561891462815,26.0954241573883,0,2014,3
-135.375,49.875,7.67682838439941,0.284032046794891,2.87647353542493,75.9154464427521,0,2014,3
-152.375,35.625,13.777042388916,0.228911727666855,4.29377456324852,2.40260946898604,0,2014,3
-142.375,42.875,11.4480714797974,0.240614235401154,6.48013888740048,26.6836758098867,0,2014,3
-131.125,34.125,15.6544189453125,0.0981546714901924,1.01019800039398,328.355340962907,0,2014,3
-133.375,35.125,15.4922924041748,0.110211223363876,1.57175061635108,14.7435628364707,0,2014,3
-127.875,28.875,18.2168292999268,0.0449003875255585,3.14668079092875,260.11859387965,0,2014,3
-142.125,29.375,19.4837226867676,0.060389555990696,3.57865896670806,133.867819724869,0,2014,3
-136.625,27.125,19.9573574066162,0.0440640151500702,3.54802762108752,167.96163638855,0,2014,3
-139.875,50.375,7.76648616790771,0.297311156988144,1.47556768736646,55.771454160198,0,2014,3
-152.875,35.625,13.8098621368408,0.215856030583382,4.39550907176859,2.86891463070918,0,2014,3
-130.125,37.875,14.3047761917114,0.183741375803947,2.74710756979045,350.571966105962,0,2014,3
-132.625,33.625,16.6715660095215,0.0692916214466095,0.670522184569608,342.645975363739,0,2014,3
-130.125,50.125,7.6037335395813,0.448919832706451,2.87043550702676,90.9980833434077,0,2014,3
-145.875,42.125,11.5140419006348,0.26399952173233,6.78882169452107,26.2253568597653,0,2014,3
-139.125,30.125,18.9901924133301,0.0580078177154064,2.84200633356085,126.990859702963,0,2014,3
-143.875,50.125,7.68458700180054,0.242152780294418,1.02883429180797,21.0774941169867,0,2014,3
-146.875,49.375,7.1800274848938,0.259490102529526,1.76479460561279,4.22440321708388,0,2014,3
-122.375,38.125,13.3424844741821,9.39333343505859,1.05309068935206,30.2172739573844,0,2014,3
-148.875,36.125,14.5337162017822,0.168654441833496,4.52880779013638,6.46593209893956,0,2014,3
-148.625,42.125,10.7775011062622,0.289402633905411,6.54832039533803,25.5084864978834,0,2014,3
-122.375,37.875,13.4847106933594,7.31079053878784,1.3641847382228,25.6258602313424,0,2014,3
-157.625,41.875,10.0717840194702,0.244568035006523,7.28010988928052,15.9453959009228,0,2014,3
-133.875,52.125,6.97268104553223,0.442007601261139,3.01676979565893,120.475174462145,0,2014,3
-148.625,39.625,12.6032123565674,0.300051748752594,6.57979482962805,23.3701000178803,0,2014,3
-125.125,40.625,11.3632488250732,0.876893937587738,1.28160056179763,290.556045219583,0,2014,3
-150.375,48.625,6.97517728805542,0.366356760263443,1.92416215532891,20.6954507340633,0,2014,3
-146.125,36.375,15.1571207046509,0.147026419639587,3.93814677227754,15.7655353073465,0,2014,3
-151.875,39.625,11.8486318588257,0.289339989423752,7.09670346005806,17.720065322291,0,2014,3
-151.375,39.875,11.713981628418,0.268787920475006,6.94525017547964,16.4779955989951,0,2014,3
-139.625,50.875,7.54948997497559,0.246097683906555,1.19,90,0,2014,3
-154.375,41.875,9.91963577270508,0.267853796482086,6.62815962390768,20.2120520892653,0,2014,3
-148.125,33.875,17.0836448669434,0.098499596118927,2.03690942361215,350.676408221862,0,2014,3
-123.875,25.125,19.7010974884033,0.040592085570097,5.0629734346528,251.099823966388,0,2014,3
-132.875,27.875,18.9196071624756,0.0426339618861675,2.13018778514947,200.902334175929,0,2014,3
-127.875,27.875,18.7658290863037,0.0435348227620125,3.35216348050032,252.105561364209,0,2014,3
-130.125,50.625,7.53593778610229,0.529666244983673,2.90688837074973,102.315018479274,0,2014,3
-150.625,42.625,10.4805335998535,0.313157945871353,6.50121527100895,21.948699083527,0,2014,3
-144.625,31.125,18.981969833374,0.0733443945646286,1.28724512040248,99.3891475613312,0,2014,3
-146.875,48.875,7.19090986251831,0.303693413734436,1.64048773235279,358.602818972704,0,2014,3
-148.375,37.875,13.3917293548584,0.230990216135979,5.76237798135457,15.6039471450567,0,2014,3
-149.875,33.375,16.514289855957,0.0960623994469643,2.33694244687369,341.797644403495,0,2014,3
-153.125,37.625,12.6300134658813,0.308843344449997,5.88900670741679,9.97416368525387,0,2014,3
-148.125,34.125,17.0389232635498,0.095173604786396,2.33773394551219,355.338126904761,0,2014,3
-150.375,39.625,12.2003660202026,0.288762420415878,6.79935291038787,15.8759465052226,0,2014,3
-130.375,52.125,7.02606534957886,0.534551799297333,3.78893124772673,122.935115589475,0,2014,3
-131.125,37.875,14.1429681777954,0.278651207685471,2.80643902481419,356.118023112274,0,2014,3
-127.625,25.375,19.7167167663574,0.0393762551248074,4.42557340917536,228.022410577575,0,2014,3
-134.875,27.625,19.2262001037598,0.0435129031538963,2.68091402323909,178.503808629171,0,2014,3
-134.375,26.625,19.639368057251,0.0384422838687897,3.10103208625774,181.478272656689,0,2014,3
-153.375,37.125,13.2838106155396,0.259142428636551,5.73042755821937,8.32806329229163,0,2014,3
-127.875,25.625,19.4969005584717,0.0377394780516624,4.16739726927971,228.891676294081,0,2014,3
-151.375,40.625,11.1363372802734,0.322613060474396,7.03608555945705,18.5637031668951,0,2014,3
-136.875,51.125,7.52537250518799,0.287845522165298,1.8513238506539,92.1669146831866,0,2014,3
-134.625,50.375,7.30448198318481,0.295961260795593,2.95137256204634,88.2525351937669,0,2014,3
-152.625,40.125,11.5968627929688,0.294869065284729,7.27912769499203,20.0032810913173,0,2014,3
-134.875,25.875,20.3674659729004,0.0453278869390488,3.74769262346847,183.671700098371,0,2014,3
-134.875,30.375,18.4648838043213,0.0491177178919315,1.16846052564903,150.802513953936,0,2014,3
-142.625,50.375,7.37872552871704,0.250756025314331,0.673572564761956,18.1659565292255,0,2014,3
-130.375,29.125,18.2145843505859,0.0479658842086792,2.24955551165114,243.890571660184,0,2014,3
-150.375,34.125,16.3241176605225,0.0958617031574249,3.03797630010506,353.763944416255,0,2014,3
-130.125,28.125,18.7706356048584,0.0417660512030125,2.53917309374528,229.472130064284,0,2014,3
-149.375,42.125,10.3375825881958,0.302621841430664,6.40582547373873,24.0442232693678,0,2014,3
-155.875,40.125,11.0413970947266,0.236610576510429,7.52130307858951,17.3267582457849,0,2014,3
-122.875,25.625,19.3375778198242,0.0370121859014034,4.92590093282437,261.359957287987,0,2014,3
-156.125,37.875,12.5939922332764,0.284095972776413,6.7797418829923,11.2270633106405,0,2014,3
-117.375,33.125,16.6217937469482,0.961437582969666,1.85970427756673,8.34795597925313,0,2014,3
-158.625,43.375,8.54997730255127,0.320264101028442,5.44435487454666,11.7639961486681,0,2014,3
-135.375,50.625,7.2959098815918,0.290000945329666,2.61553053891558,93.7266449232393,0,2014,3
-149.125,34.125,16.5681247711182,0.101587533950806,2.99427787621657,356.93692658674,0,2014,3
-145.875,48.125,7.78684520721436,0.277811914682388,2.92426059030313,23.584501468431,0,2014,3
-129.375,28.375,18.6579608917236,0.0429069064557552,2.66092089322475,243.434948822922,0,2014,3
-136.375,33.875,16.5809154510498,0.0718356817960739,1.54288690447485,63.434948822922,0,2014,3
-146.625,42.625,11.063871383667,0.252279579639435,6.65508076585101,25.8334915986503,0,2014,3
-126.875,26.125,19.3117942810059,0.0416013970971107,4.2921439864012,241.165813064691,0,2014,3
-140.625,28.625,19.5513572692871,0.0501596257090569,3.3906341589738,139.545335308749,0,2014,3
-139.875,29.375,19.2602367401123,0.0426964946091175,2.88513431229813,134.438294667433,0,2014,3
-151.375,38.875,12.1905765533447,0.259913772344589,6.51693946573083,14.1215367127188,0,2014,3
-155.875,39.375,11.6043825149536,0.238735556602478,7.54576039905853,16.6337883071997,0,2014,3
-136.625,26.125,20.4610805511475,0.0438138321042061,3.84796049875775,169.215702132437,0,2014,3
-133.375,33.625,16.5268135070801,0.0648165047168732,0.612045749923974,355.314100160497,0,2014,3
-130.375,35.375,15.1573801040649,0.124959722161293,1.74071824256541,328.866896829494,0,2014,3
-131.125,35.625,15.1986875534058,0.130325794219971,1.79513230710162,347.124998440388,0,2014,3
-127.125,27.625,18.5315418243408,0.0399146191775799,3.497484810546,251.668660068688,0,2014,3
-133.875,27.625,19.0863056182861,0.0408962331712246,2.35091471559476,189.302054711299,0,2014,3
-134.375,27.625,19.1175498962402,0.0415719971060753,2.54568261965234,183.829046294497,0,2014,3
-140.875,51.375,6.81859588623047,0.284631758928299,0.596405902049938,124.755912553541,0,2014,3
-122.375,37.375,13.193284034729,2.97480654716492,0.906090503205944,349.186122486375,0,2014,3
-149.625,34.875,15.6404314041138,0.124569989740849,3.74482309328492,357.091752047695,0,2014,3
-122.625,37.375,13.1743850708008,3.80228734016418,2.08254651808789,330.357493423498,0,2014,3
-130.375,39.375,13.560019493103,0.319566905498505,2.90043100245463,0.987760399639797,0,2014,3
-148.375,48.375,7.78501796722412,0.288834512233734,2.25328648866495,14.6529664681992,0,2014,3
-137.125,26.625,20.4292964935303,0.0438749082386494,3.75969413649568,168.181980556859,0,2014,3
-152.375,48.125,7.32761430740356,0.285271197557449,2.6373661103457,15.617142422224,0,2014,3
-124.375,46.625,9.55559635162354,4.65542554855347,3.33640525116479,54.0231297128907,0,2014,3
-129.125,38.875,13.1444339752197,0.377596318721771,2.38665037238386,345.439724380643,0,2014,3
-153.125,36.875,13.4401121139526,0.261293262243271,5.51588614820864,8.86462338841079,0,2014,3
-154.625,36.875,13.3561973571777,0.267438501119614,5.85399863341289,6.17806490212831,0,2014,3
-120.375,34.125,13.8487863540649,1.17284417152405,6.26278691957502,319.468166778636,0,2014,3
-126.125,29.125,17.749195098877,0.0438238531351089,4.04930858295586,278.950558656232,0,2014,3
-148.625,42.375,10.7679672241211,0.274654299020767,6.42486575735244,24.8498822759912,0,2014,3
-131.125,25.625,19.4210071563721,0.0422085039317608,4.00898989771738,204.775140568832,0,2014,3
-144.875,50.625,7.26090002059937,0.245222240686417,0.715891053163818,12.0947570770121,0,2014,3
-133.625,34.125,16.2328929901123,0.0801327303051949,0.817863069223694,11.9968993079236,0,2014,3
-134.625,27.375,19.1996574401855,0.0418347604572773,2.73045783706689,181.04925594088,0,2014,3
-146.375,41.375,11.9399938583374,0.246006235480309,6.62782769842427,26.9129969777437,0,2014,3
-127.625,26.875,19.2880153656006,0.0404266305267811,3.72081980214038,243.503813909368,0,2014,3
-156.125,40.125,11.0363855361938,0.229353174567223,7.65434517120831,17.2513201301933,0,2014,3
-154.125,41.125,10.3700857162476,0.327815264463425,7.34085826044884,22.3376811626387,0,2014,3
-116.375,25.875,18.8722019195557,0.118834055960178,6.41782673496255,292.249023657212,0,2014,3
-145.875,50.375,7.26318550109863,0.276240885257721,0.961873172512884,3.57633437499737,0,2014,3
-145.375,33.625,16.8286151885986,0.0655345246195793,1.48124947257375,28.6413302338364,0,2014,3
-134.625,34.625,16.0707740783691,0.0867202877998352,1.56425701213068,33.7916556810735,0,2014,3
-149.375,47.125,7.83826494216919,0.355633705854416,3.0210097649627,16.9354017849444,0,2014,3
-159.875,41.625,9.89643096923828,0.26243269443512,6.9462219947249,13.9962324552173,0,2014,3
-130.625,25.625,19.361722946167,0.0394628718495369,4.03193501931765,210.890644135117,0,2014,3
-135.625,26.375,19.9593830108643,0.0446628853678703,3.54272493992971,175.142342815455,0,2014,3
-149.875,34.875,15.7780265808105,0.128023579716682,3.82792371919818,354.453236302844,0,2014,3
-124.375,44.875,10.1387672424316,1.08428466320038,3.49802801589696,52.9007894238398,0,2014,3
-133.125,28.125,18.8397541046143,0.0439933761954308,2.03708124531154,201.905868403456,0,2014,3
-121.875,27.125,18.5168743133545,0.0468285642564297,5.51439026547813,282.675315087258,0,2014,3
-127.375,26.625,19.4184341430664,0.0388812646269798,3.97654372539772,242.275012791399,0,2014,3
-132.875,51.875,6.93161869049072,0.533242225646973,3.06634962129239,119.072752904144,0,2014,3
-148.125,48.125,7.9617395401001,0.305310219526291,2.38732067389364,12.5808711019216,0,2014,3
-132.625,36.375,14.6095533370972,0.177645444869995,1.95,0,0,2014,3
-154.375,37.875,12.1140403747559,0.255603849887848,6.13890055303065,14.6248005086031,0,2014,3
-142.625,28.875,20.0416316986084,0.0621847547590733,3.61731944953718,130.515393990455,0,2014,3
-153.875,37.125,13.3262386322021,0.23238804936409,5.83373808119631,7.78285945707023,0,2014,3
-148.125,31.875,18.071475982666,0.0680705830454826,1.24631456703354,321.842773412631,0,2014,3
-130.625,32.375,16.5896606445312,0.0633496195077896,1.05621967412087,288.778033222446,0,2014,3
-135.625,33.125,17.0467357635498,0.0622798763215542,1.23878973195615,63.6417918936993,0,2014,3
-156.875,38.625,11.5921688079834,0.209270462393761,6.96141508602956,14.8147793130454,0,2014,3
-130.625,39.625,13.4128084182739,0.276071280241013,3.13636732542603,5.85601358542897,0,2014,3
-154.875,38.625,11.755500793457,0.220501452684402,6.83783591496608,15.7842591395002,0,2014,3
-140.375,29.625,19.352611541748,0.0539643131196499,2.82072685668074,129.389449279313,0,2014,3
-124.375,46.875,9.57024765014648,4.19640111923218,2.92897593025276,55.713123022791,0,2014,3
-123.125,38.375,12.1072120666504,2.19293856620789,1.34078335311862,337.643108670706,0,2014,3
-115.375,26.625,18.2638702392578,0.143151715397835,6.95046041640408,297.412996297778,0,2014,3
-150.125,49.625,6.55959892272949,0.356137871742249,1.43655838725755,28.7059525434011,0,2014,3
-136.125,51.625,6.88992691040039,0.278761237859726,1.97699266564143,107.060114042353,0,2014,3
-138.375,28.375,19.7290859222412,0.0485340543091297,3.71296377574573,149.221494765391,0,2014,3
-124.375,45.625,9.87728500366211,1.83133399486542,3.52353515662892,54.8214794340382,0,2014,3
-150.125,38.625,12.6982002258301,0.318349987268448,6.49117092672809,14.9996467136301,0,2014,3
-124.875,26.375,18.851490020752,0.038333959877491,4.41077090767589,254.482842374512,0,2014,3
-138.875,28.375,19.9302539825439,0.0513149164617062,3.53001416427753,151.76520250821,0,2014,3
-132.125,33.375,16.6719627380371,0.06572125852108,0.62393909959226,338.369113163482,0,2014,3
-134.625,28.375,19.1463108062744,0.0422959588468075,2.48243831746128,182.539680450341,0,2014,3
-139.875,28.625,19.7158355712891,0.0484179779887199,3.26006134911599,143.481605794029,0,2014,3
-153.125,38.375,12.1975069046021,0.304779529571533,6.38625085633191,13.4922436785398,0,2014,3
-140.625,30.375,19.0671081542969,0.0585792176425457,2.83989436423259,117.016189723865,0,2014,3
-119.625,34.375,15.2300214767456,1.55993330478668,1.46540096901838,337.109448343752,0,2014,3
-128.625,49.625,7.68563890457153,0.491385459899902,3.02332598308552,99.711568181239,0,2014,3
-145.625,40.875,12.4708395004272,0.260411620140076,6.57711943026733,24.8116463170065,0,2014,3
-158.875,41.375,10.4294729232788,0.210818812251091,7.1281484271864,13.8802839224884,0,2014,3
-149.875,39.125,12.5216751098633,0.317968636751175,6.75370268815559,16.9592715147726,0,2014,3
-122.375,25.125,19.0614147186279,0.0419787392020226,5.08497787605807,260.148672657192,0,2014,3
-138.125,28.125,19.8872413635254,0.0467534065246582,3.73887683669842,153.983217059226,0,2014,3
-154.125,47.625,6.67248916625977,0.354803115129471,2.41919408068059,18.8094257096448,0,2014,3
-154.875,41.625,10.2728137969971,0.284182161092758,7.4397849431284,19.7988763545249,0,2014,3
-134.625,32.125,17.2501277923584,0.0535968914628029,0.872811548961172,108.019769281777,0,2014,3
-126.125,25.875,19.1575164794922,0.0399018302559853,4.33035795287179,244.855214369321,0,2014,3
-146.125,31.875,18.6768760681152,0.0706284940242767,1.01400197238467,53.0170930736554,0,2014,3
-134.375,30.875,18.2465076446533,0.0478757955133915,0.890505474435727,167.680554743363,0,2014,3
-147.625,42.125,10.8667497634888,0.321631133556366,6.63236006260215,26.9900289361078,0,2014,3
-132.375,30.375,18.0230503082275,0.0436402447521687,0.999849988748312,239.331073350285,0,2014,3
-135.625,49.375,7.67682075500488,0.29896667599678,2.90766229125736,64.756924482459,0,2014,3
-143.625,50.375,7.66749620437622,0.206610679626465,0.91,22.6198649480405,0,2014,3
-152.125,40.375,11.2680616378784,0.305462092161179,7.09131863619172,19.6103440591806,0,2014,3
-128.625,27.375,18.8109798431396,0.039696030318737,3.2962099447699,242.735306509169,0,2014,3
-122.375,37.125,13.0086183547974,2.26951551437378,1.55708060163885,320.995386804075,0,2014,3
-154.125,41.625,10.0460977554321,0.286538541316986,6.67403925670205,22.18401334527,0,2014,3
-129.875,36.125,15.1078252792358,0.124624311923981,2.30846269192292,337.322858383755,0,2014,3
-136.125,26.875,19.8762340545654,0.0429714135825634,3.47541364444579,170.7273982228,0,2014,3
-115.125,25.875,18.7653656005859,0.128483608365059,6.86139927420056,297.610751109285,0,2014,3
-148.625,41.375,11.0143432617188,0.314233183860779,6.84126450299943,28.363150907626,0,2014,3
-154.375,44.375,9.15509605407715,0.289533764123917,4.39004555785017,15.9991779059465,0,2014,3
-130.375,50.125,7.48655939102173,0.46468386054039,2.87141080307225,91.7961431524957,0,2014,3
-147.375,48.375,7.71851110458374,0.295466661453247,1.92981864432905,11.659292653523,0,2014,3
-151.625,48.125,7.14987802505493,0.320289254188538,2.80251672608746,11.1094582063598,0,2014,3
-157.625,41.125,10.415641784668,0.237096205353737,7.71621668954417,17.9653218032324,0,2014,3
-130.625,31.125,17.3513202667236,0.0550368018448353,1.22494897852931,275.152081702206,0,2014,3
-148.375,49.125,7.3899097442627,0.299652129411697,1.75191323986092,18.6417918936993,0,2014,3
-130.875,51.875,6.78321981430054,0.538978755474091,3.18567104390896,130.289165464379,0,2014,3
-143.875,51.625,6.77576351165771,0.269069314002991,0.101980390271856,11.3099324740202,0,2014,3
-121.875,26.875,18.6039428710938,0.0439754910767078,5.4561891462815,280.774473488456,0,2014,3
-128.875,38.625,13.3396043777466,0.350536555051804,2.2246348014899,335.854458039578,0,2014,3
-157.125,43.375,8.95304393768311,0.278333246707916,5.1808879547815,13.3924977537511,0,2014,3
-139.125,51.625,6.72641801834106,0.250909835100174,1.09416634932719,108.103763034507,0,2014,3
-135.125,29.125,19.1430950164795,0.0435357131063938,1.85873612973978,174.442767790449,0,2014,3
-156.625,40.625,10.4382066726685,0.208674564957619,7.55154288870824,18.29098988085,0,2014,3
-152.125,46.125,8.35704708099365,0.350718468427658,3.47403223934379,15.3563734465731,0,2014,3
-147.125,37.375,14.3499612808228,0.200367584824562,4.99168308288898,15.9296293136728,0,2014,3
-123.125,25.125,19.4519901275635,0.0376642383635044,5.06661622781912,255.716911713882,0,2014,3
-145.125,42.375,11.3971281051636,0.299969911575317,6.4939356325729,25.9337182774338,0,2014,3
-131.375,28.625,18.5321178436279,0.0434461236000061,1.91107299703596,222.455195620187,0,2014,3
-148.875,37.875,13.4375696182251,0.257137209177017,6.18479587375364,13.6542772631975,0,2014,3
-145.125,30.125,19.7335605621338,0.0632536709308624,1.09041276588272,101.103833436636,0,2014,3
-153.375,46.875,7.75964164733887,0.385130882263184,2.87167198683972,23.1723921709321,0,2014,3
-123.875,28.375,17.8760471343994,0.042887020856142,4.8958043261552,279.404603174985,0,2014,3
-114.875,28.375,17.1076221466064,0.257320463657379,6.50034614462953,316.43365385427,0,2014,3
-129.625,50.125,7.62453269958496,0.477078288793564,2.94966099747073,96.6190533154771,0,2014,3
-139.375,28.875,19.6740837097168,0.0542781874537468,2.98209657791293,143.591225432228,0,2014,3
-130.625,37.125,15.0164318084717,0.139775604009628,2.91528729287527,346.10675734874,0,2014,3
-119.625,33.625,15.0931272506714,0.587301969528198,5.54184987165838,334.452200397994,0,2014,3
-151.625,41.625,10.2315855026245,0.323628187179565,6.63754472677963,20.1822286507068,0,2014,3
-153.875,42.375,10.220682144165,0.287364989519119,6.45517621757919,21.1585896807731,0,2014,3
-131.125,28.375,18.9139499664307,0.0454336553812027,2.199113457737,224.815769832625,0,2014,3
-126.625,28.625,18.1939716339111,0.0425761379301548,3.67066751422681,268.90729746434,0,2014,3
-151.625,41.375,10.3262300491333,0.331911832094193,6.87163735946536,20.1754452308166,0,2014,3
-133.125,35.375,15.3748140335083,0.114082418382168,1.66508258053467,11.7823251344623,0,2014,3
-146.875,42.875,10.8247127532959,0.264104843139648,6.4578401962266,26.2873037290434,0,2014,3
-139.875,28.125,19.935510635376,0.045466423034668,3.02185373570595,149.361414661813,0,2014,3
-145.875,31.875,18.7519550323486,0.0732522457838058,1.01513545894132,55.8403054543306,0,2014,3
-147.875,33.875,16.9482498168945,0.0966293588280678,1.9215098230298,353.725665442918,0,2014,3
-146.375,51.125,7.17545413970947,0.203259199857712,0.372021504754765,53.7461622625552,0,2014,3
-125.875,42.625,10.8534355163574,0.533103823661804,1.54019479287524,31.7293561235963,0,2014,3
-135.375,26.625,19.8679084777832,0.0433693416416645,3.38212950668658,177.966684330586,0,2014,3
-153.375,42.375,10.2954721450806,0.286309510469437,6.44237533833601,23.8992785263709,0,2014,3
-153.125,36.625,13.5491428375244,0.254571437835693,5.37841054587691,7.69319848863847,0,2014,3
-135.125,32.375,17.4304065704346,0.0560286901891232,1.07298648640139,94.2758411126289,0,2014,3
-140.875,28.625,19.5171031951904,0.0502624213695526,3.35597973772191,137.898576799282,0,2014,3
-146.375,31.625,18.684232711792,0.0753002241253853,0.940691235209513,43.7078331137501,0,2014,3
-131.875,35.625,15.4788103103638,0.113673903048038,1.9672569735548,344.974778420551,0,2014,3
-116.67563,26.377728,18.59976,0.1392008,6.226556,293.2711,1,2014,4
-114.54557,26.841818,17.768389,0.4637869,6.7827578,309.016,1,2014,4
-114.492744,26.879698,17.74154,0.5248674,6.1282625,312.75168,1,2014,4
-114.5106,27.035782,17.119759,1.1642656,6.280287,306.3225,1,2014,4
-114.909256,27.06187,17.41877,0.79399544,6.563688,304.94913,1,2014,4
-114.477066,27.062983,17.01775,1.70772,5.0180674,309.17694,1,2014,4
-133.60686,27.1279,19.662598,0.04727811,4.9047427,214.95374,1,2014,4
-133.08199,27.129404,19.835842,0.04113731,4.8336425,218.36362,1,2014,4
-133.25452,27.13033,19.78336,0.043648764,4.8100934,217.22725,1,2014,4
-132.99524,27.133402,19.760283,0.03974944,4.8386464,219.38106,1,2014,4
-132.72876,27.14376,19.619314,0.04318412,4.7882876,218.64111,1,2014,4
-134.1636,27.14572,19.526503,0.04407393,4.932342,210.7247,1,2014,4
-132.44548,27.150824,19.483076,0.045057148,4.738312,218.6598,1,2014,4
-133.99086,27.153511,19.506422,0.0452583,4.9481006,213.20833,1,2014,4
-132.2473,27.163773,19.577152,0.049904402,4.724786,220.36453,1,2014,4
-134.31927,27.166454,19.515778,0.04219107,4.862304,209.3064,1,2014,4
-134.55453,27.18788,19.60088,0.040308405,4.8243237,210.65823,1,2014,4
-131.9678,27.196043,19.63517,0.053222634,4.6001415,221.0336,1,2014,4
-115.01362,27.202105,17.869963,0.29202124,6.7949686,301.39758,1,2014,4
-134.7934,27.212639,19.756603,0.041321117,4.755681,211.14972,1,2014,4
-131.72128,27.220722,19.572296,0.049541894,4.543347,222.68088,1,2014,4
-135.0051,27.237837,20.01088,0.03668182,4.7045937,212.67668,1,2014,4
-131.46559,27.238632,19.378162,0.04703102,4.7525153,223.97697,1,2014,4
-135.31271,27.248947,20.113554,0.037826873,4.756911,212.98853,1,2014,4
-131.30495,27.250957,19.353273,0.045714967,4.676334,223.18033,1,2014,4
-115.03056,27.251047,17.581524,0.58987474,6.706609,299.9674,1,2014,4
-114.97357,27.253857,16.956318,1.6052483,6.262859,299.14346,1,2014,4
-135.37956,27.256721,19.839087,0.041602664,4.615333,211.62376,1,2014,4
-114.65605,27.258076,16.677238,2.0444386,5.0068154,302.7696,1,2014,4
-131.24825,27.258568,19.257385,0.04863145,4.7800417,225,1,2014,4
-135.54045,27.290155,20.022898,0.043797124,4.6099024,210.79323,1,2014,4
-135.93211,27.296705,19.88045,0.04235401,4.539824,209.27525,1,2014,4
-136.00056,27.299566,19.75093,0.038878974,4.414442,207.3777,1,2014,4
-130.99715,27.303688,19.232134,0.046217773,4.7903757,227.11484,1,2014,4
-136.2976,27.338312,19.751095,0.03976475,4.3603897,206.27122,1,2014,4
-136.605,27.35338,19.7473,0.038762785,4.371201,208.26524,1,2014,4
-130.74498,27.353653,19.253706,0.047591288,4.7760444,228.73508,1,2014,4
-136.75043,27.357967,19.9493,0.042932864,4.4677734,206.16359,1,2014,4
-137.0241,27.392162,20.3596,0.0466989,4.478359,204.96278,1,2014,4
-130.48985,27.415705,19.211834,0.05225484,4.777374,227.46008,1,2014,4
-137.30844,27.434866,20.535149,0.046430998,4.498055,204.28583,1,2014,4
-130.24254,27.473824,19.188646,0.046322238,4.854235,227.17052,1,2014,4
-137.52625,27.475954,20.71383,0.046302777,4.468568,203.7542,1,2014,4
-137.80876,27.486477,20.766657,0.047946956,4.431986,203.9625,1,2014,4
-138.02512,27.504578,20.407127,0.048844837,4.3361964,202.36575,1,2014,4
-130.08661,27.518387,19.159586,0.051215738,4.7734685,228.22691,1,2014,4
-115.224304,27.523685,17.339367,1.0647708,6.0900655,301.36713,1,2014,4
-138.25426,27.527348,20.63552,0.047404308,4.3360004,201.65419,1,2014,4
-129.99162,27.530102,19.068533,0.05239727,4.8288817,229.28288,1,2014,4
-115.25943,27.579613,17.530853,0.66388613,6.613093,300.63687,1,2014,4
-138.54797,27.584377,20.60698,0.050662033,4.4522467,200.51086,1,2014,4
-129.73988,27.584854,19.103235,0.048318144,4.9104075,230.70238,1,2014,4
-138.7729,27.631804,20.526423,0.05070196,4.564088,199.58627,1,2014,4
-129.43431,27.653269,19.152758,0.045735575,4.876105,233.50612,1,2014,4
-129.24695,27.694174,19.12653,0.040362336,4.8623657,235.55823,1,2014,4
-139.0702,27.701845,20.44095,0.049140554,4.5036206,199.32007,1,2014,4
-115.521706,27.72375,17.553293,0.7738207,6.5713696,299.84222,1,2014,4
-139.20215,27.752546,20.364727,0.052334096,4.468389,198.79988,1,2014,4
-128.9536,27.757095,19.071342,0.044672936,4.868028,237.15869,1,2014,4
-139.26949,27.776318,20.280783,0.0527128,4.5105433,197.14943,1,2014,4
-115.55002,27.77643,17.358572,0.8708265,6.544616,300.4833,1,2014,4
-128.73163,27.787983,18.9686,0.04067185,4.8362794,238.8737,1,2014,4
-128.47702,27.83229,18.834808,0.046733502,4.8459983,241.53108,1,2014,4
-139.51944,27.861662,20.370623,0.0511794,4.3860803,198.47626,1,2014,4
-115.761826,27.899668,17.397072,0.51731926,6.273452,300.7758,1,2014,4
-128.17776,27.905443,18.690157,0.043981418,4.8480926,244.0692,1,2014,4
-139.79811,27.923933,20.341774,0.05083558,4.3845754,201.12195,1,2014,4
-140.00876,27.985361,20.25279,0.05226924,4.305543,203.11122,1,2014,4
-127.7134,27.988878,18.752571,0.04658089,4.9393115,245.09523,1,2014,4
-127.63484,28.002249,18.688944,0.04626331,4.911578,244.68712,1,2014,4
-115.7853,28.00389,17.307766,0.53527325,6.101844,303.2994,1,2014,4
-140.07762,28.00567,20.160362,0.053666685,4.201809,203.2702,1,2014,4
-127.47603,28.036673,18.808674,0.04372804,4.984476,246.46935,1,2014,4
-140.30026,28.04628,20.087097,0.051858768,4.2137985,205.28796,1,2014,4
-127.236435,28.07075,18.650202,0.042031378,4.9230986,247.55023,1,2014,4
-115.74627,28.10669,17.223349,0.8228814,6.146544,301.1556,1,2014,4
-126.93767,28.116808,18.38335,0.039179996,4.9964886,249.49763,1,2014,4
-140.54944,28.117624,20.19325,0.054034855,4.2843084,206.62486,1,2014,4
-126.72119,28.184208,18.356888,0.04086188,5.097607,251.70723,1,2014,4
-140.80391,28.2023,20.389025,0.055653512,4.348471,205.0328,1,2014,4
-126.489784,28.232414,18.278543,0.041456584,5.199202,253.6913,1,2014,4
-115.89097,28.251257,16.996147,0.3188918,6.102016,306.73843,1,2014,4
-126.345375,28.265867,18.172136,0.04350616,5.1886992,254.9192,1,2014,4
-140.99788,28.267603,20.126888,0.054534502,4.1978683,203.14482,1,2014,4
-141.05255,28.285473,20.368797,0.05752173,4.2254705,202.98494,1,2014,4
-126.19787,28.307272,18.146,0.04396658,5.2902365,256.77808,1,2014,4
-117.09333,28.337051,17.909075,0.102021016,6.309461,300.79245,1,2014,4
-116.038315,28.347828,17.270678,0.20463032,6.212568,306.09518,1,2014,4
-141.25488,28.353485,20.50731,0.055431467,4.1784687,202.51439,1,2014,4
-125.97277,28.360018,18.109087,0.043590825,5.4775267,258.62854,1,2014,4
-116.96148,28.374832,17.733482,0.1282685,6.2964196,301.8221,1,2014,4
-116.72943,28.398653,17.579208,0.16299506,6.2515597,303.38504,1,2014,4
-118.067085,28.402542,18.09202,0.09935088,6.553236,300.43893,1,2014,4
-117.983665,28.44322,18.38035,0.08477489,6.39535,301.3786,1,2014,4
-125.677475,28.452246,18.171503,0.042310577,5.5073857,260.38376,1,2014,4
-120.83396,28.456026,17.463976,0.059031677,6.3592844,284.0144,1,2014,4
-119.36709,28.477793,17.647568,0.087046646,6.698485,292.46854,1,2014,4
-141.52377,28.481453,20.556147,0.05608257,4.2150326,204.6802,1,2014,4
-119.21758,28.493017,17.6476,0.09040065,6.721644,292.94116,1,2014,4
-118.2319,28.501123,18.125156,0.095785104,6.7141714,300.91986,1,2014,4
-119.14621,28.501684,17.408129,0.09087549,6.751037,293.94525,1,2014,4
-117.97576,28.502243,18.064075,0.1013428,6.520813,300.30072,1,2014,4
-125.512314,28.502638,18.169735,0.042712115,5.5029535,261.32507,1,2014,4
-119.32589,28.503637,17.564552,0.086898275,6.646774,293.4023,1,2014,4
-116.57581,28.504816,17.49231,0.14135136,6.3631516,304.56418,1,2014,4
-117.07734,28.507563,17.631437,0.121201456,6.435293,301.78833,1,2014,4
-118.2537,28.511457,17.956123,0.09817373,6.8670807,300.4486,1,2014,4
-125.42876,28.511917,18.243399,0.042451594,5.6646714,262.7997,1,2014,4
-141.58594,28.513952,20.547413,0.056916114,4.1012435,205.87778,1,2014,4
-116.16668,28.515032,17.339348,0.1503998,6.5068965,307.82092,1,2014,4
-117.7452,28.524883,17.959517,0.11218424,6.421347,299.47928,1,2014,4
-115.73209,28.529383,16.862171,0.28417146,6.4169307,311.71512,1,2014,4
-116.47786,28.532213,17.450914,0.1488508,6.330284,306.3268,1,2014,4
-118.94599,28.563377,17.55917,0.089676775,6.7441607,296.98297,1,2014,4
-118.63288,28.565178,17.7715,0.09238768,6.8156657,298.67084,1,2014,4
-115.780914,28.567522,17.188576,0.18583089,6.530092,309.34497,1,2014,4
-125.183914,28.573957,18.154016,0.04199632,5.801112,264.0634,1,2014,4
-117.45354,28.600298,17.797594,0.11187588,6.434672,300.74997,1,2014,4
-141.75584,28.600317,20.59035,0.05336208,4.0339065,206.81914,1,2014,4
-124.938576,28.650875,18.19638,0.04630339,5.9003816,265.23636,1,2014,4
-124.70692,28.72602,18.222942,0.047867958,5.947571,267.10873,1,2014,4
-116.04189,28.750162,17.33035,0.15450326,6.7516665,308.1429,1,2014,4
-118.32653,28.750927,17.878716,0.12548202,7.4074626,301.58722,1,2014,4
-115.922035,28.751177,17.305128,0.16174912,6.876991,309.45355,1,2014,4
-119.1359,28.75146,17.228079,0.09200013,6.6781583,295.45227,1,2014,4
-118.22851,28.751907,17.930979,0.105881065,6.8500657,298.32343,1,2014,4
-118.56413,28.752476,17.691933,0.104352936,7.0136795,298.90384,1,2014,4
-118.88046,28.753305,17.361828,0.097072475,6.7241206,298.12762,1,2014,4
-117.854576,28.75389,17.799448,0.109736405,6.9731846,297.594,1,2014,4
-119.33337,28.754238,17.543127,0.08641238,6.6333175,294.20804,1,2014,4
-117.38962,28.755304,17.568665,0.118489616,6.58556,301.08313,1,2014,4
-142.03636,28.761187,20.525105,0.057586037,3.84887,211.8318,1,2014,4
-117.57031,28.765028,17.62672,0.10893399,6.7455835,298.99686,1,2014,4
-117.20253,28.76629,17.548897,0.1303337,6.5537853,303.73856,1,2014,4
-124.56767,28.771154,18.207012,0.046611413,6.052983,268.20123,1,2014,4
-124.48752,28.801601,18.097218,0.04811668,6.060033,269.8109,1,2014,4
-116.96959,28.865831,17.502506,0.15384251,6.448294,305.34143,1,2014,4
-124.19961,28.903019,17.947006,0.04955339,6.0229974,271.80774,1,2014,4
-142.26297,28.910587,20.530907,0.05377762,3.8440733,213.64873,1,2014,4
-116.70542,28.935705,17.393705,0.16125615,6.4103823,306.24423,1,2014,4
-123.9935,28.976263,17.763302,0.056554243,6.039023,273.13248,1,2014,4
-123.92396,29.000128,17.767948,0.058324546,6.088949,274.5214,1,2014,4
-116.877556,29.000355,17.47386,0.15974756,6.513033,307.8904,1,2014,4
-116.22934,29.000427,16.948584,0.26101992,6.686718,307.70966,1,2014,4
-115.8853,29.000732,17.019798,0.22486104,6.918555,308.427,1,2014,4
-117.29142,29.001223,17.564281,0.1245367,6.7118773,303.7611,1,2014,4
-118.54606,29.001802,17.386032,0.102376625,6.7918186,298.30075,1,2014,4
-118.39581,29.001806,17.683527,0.118647486,6.9856997,299.50073,1,2014,4
-142.4273,29.002687,20.358677,0.057227205,3.5948853,214.57419,1,2014,4
-119.22707,29.005524,17.079443,0.09511963,6.57962,297.61658,1,2014,4
-116.72882,29.005793,17.18382,0.20020793,6.4209423,307.8515,1,2014,4
-116.28696,29.008986,16.92277,0.2915551,6.550763,307.74457,1,2014,4
-118.171684,29.00939,17.768496,0.107065484,7.011077,300.51526,1,2014,4
-117.85005,29.010036,17.68733,0.106884986,6.962873,301.13312,1,2014,4
-118.75549,29.023445,17.11784,0.092979744,6.573888,299.5287,1,2014,4
-117.24265,29.024818,17.595854,0.13445266,6.6728106,305.97687,1,2014,4
-142.53784,29.030563,20.446976,0.054276142,3.714364,217.67204,1,2014,4
-119.2514,29.030813,17.389198,0.08791402,6.587754,296.0205,1,2014,4
-117.723434,29.06496,17.555672,0.111765176,7.0092583,301.2862,1,2014,4
-123.71995,29.07422,17.594147,0.06836353,6.135609,275.2367,1,2014,4
-142.7731,29.077547,20.461565,0.05417854,3.7822876,220.17409,1,2014,4
-119.61347,29.087498,17.627169,0.0816941,6.700985,295.26483,1,2014,4
-119.77149,29.131577,17.66538,0.07970633,6.8740964,294.40256,1,2014,4
-123.497574,29.137133,17.451548,0.07484108,6.199645,276.48306,1,2014,4
-143.02922,29.157396,20.42485,0.051771663,3.924742,221.48805,1,2014,4
-118.53249,29.250076,17.167517,0.092825145,6.615474,301.84015,1,2014,4
-116.592834,29.250181,16.885674,0.27963647,6.3621535,309.77097,1,2014,4
-116.37391,29.250294,16.54277,0.3619401,6.225086,308.6742,1,2014,4
-116.17034,29.25065,16.59947,0.30149585,6.434112,306.5315,1,2014,4
-117.044106,29.250654,17.549288,0.1302401,6.690598,308.99417,1,2014,4
-116.99477,29.250664,17.36503,0.14862363,6.551679,309.9847,1,2014,4
-123.19945,29.251402,16.913298,0.08292099,6.259209,280.21478,1,2014,4
-118.79808,29.251686,16.974741,0.09468166,6.3857656,302.59506,1,2014,4
-118.03386,29.252731,17.446095,0.097137146,6.8287115,303.10828,1,2014,4
-119.217445,29.256235,16.902937,0.09915786,6.501577,301.22067,1,2014,4
-115.99935,29.257566,16.611773,0.3278699,6.776024,307.0221,1,2014,4
-118.35159,29.258036,17.383303,0.09524134,6.718631,302.602,1,2014,4
-117.61043,29.259453,17.469309,0.103964314,6.885383,305.72147,1,2014,4
-117.95093,29.262983,17.436468,0.09913681,7.2263546,302.56848,1,2014,4
-143.18373,29.263458,20.457188,0.05506414,3.883465,223.43494,1,2014,4
-117.35931,29.266323,17.525211,0.120257184,6.6861725,307.28122,1,2014,4
-119.27764,29.280376,16.994871,0.098279774,6.6000075,299.4003,1,2014,4
-143.28708,29.335768,20.44894,0.054737296,3.8689663,223.63857,1,2014,4
-122.95636,29.351595,16.84427,0.08623944,6.272623,282.2415,1,2014,4
-122.71128,29.46631,16.846542,0.08256492,6.3884664,284.31903,1,2014,4
-143.50365,29.471891,20.486656,0.05602773,3.8052201,221.27092,1,2014,4
-116.69906,29.500084,16.655436,0.2585814,6.182556,310.80234,1,2014,4
-117.50379,29.50016,17.273272,0.10486521,6.5407033,309.04288,1,2014,4
-119.46874,29.503172,16.751644,0.10215933,6.599735,302.4379,1,2014,4
-117.948586,29.50385,17.181297,0.10073222,6.622696,307.70047,1,2014,4
-118.50086,29.50453,16.949633,0.09970715,6.443609,305.58936,1,2014,4
-116.4961,29.505795,16.24329,0.39578182,5.83988,309.44128,1,2014,4
-118.2887,29.506496,17.052544,0.100162506,6.4940743,304.84024,1,2014,4
-143.56114,29.508516,20.417646,0.05716572,3.7288737,222.9352,1,2014,4
-118.971825,29.508738,16.889837,0.098681085,6.4238462,305.49622,1,2014,4
-116.75031,29.512259,17.211805,0.15895022,6.43199,310.6496,1,2014,4
-122.60368,29.513197,16.725895,0.07996308,6.466939,285.88455,1,2014,4
-119.51416,29.51771,16.702967,0.10537009,6.741847,300.4828,1,2014,4
-118.111145,29.519753,17.135908,0.10406171,6.602984,305.88065,1,2014,4
-119.043884,29.52188,16.83832,0.09937771,6.543409,304.5401,1,2014,4
-115.99015,29.525637,16.345646,0.64523965,6.5484195,308.42752,1,2014,4
-117.48292,29.525974,17.410412,0.12150982,6.591388,309.58298,1,2014,4
-117.20104,29.537403,17.513937,0.1287372,6.577454,310.2517,1,2014,4
-122.48457,29.544333,16.650227,0.07557991,6.51552,287.32254,1,2014,4
-116.010475,29.573523,16.368431,0.32618684,6.024384,306.22318,1,2014,4
-119.81782,29.59876,16.711042,0.102485746,6.8010144,299.31644,1,2014,4
-122.200195,29.627544,16.644156,0.07329718,6.5527554,289.15387,1,2014,4
-143.75694,29.666912,20.160322,0.05572583,3.7226334,222.605,1,2014,4
-121.94693,29.721113,16.546705,0.07386224,6.614446,289.8869,1,2014,4
-116.78014,29.750257,17.236288,0.16302273,6.314119,311.21155,1,2014,4
-119.113335,29.750826,16.823872,0.09956033,6.594255,306.36594,1,2014,4
-118.923904,29.751165,16.779898,0.116255686,6.5280013,306.905,1,2014,4
-118.2177,29.752157,16.790646,0.16697371,6.436039,308.31223,1,2014,4
-118.5548,29.752357,16.680079,0.12615077,6.496468,307.55783,1,2014,4
-118.38937,29.752869,16.675436,0.14774048,6.432449,307.54688,1,2014,4
-117.68462,29.752985,17.135958,0.12583101,6.3366947,310.1992,1,2014,4
-143.84792,29.754587,19.556747,0.059762858,3.7489731,223.48688,1,2014,4
-116.50315,29.755663,16.784891,0.20908658,5.92558,312.19565,1,2014,4
-119.4944,29.761545,16.706139,0.104502946,6.6268697,304.67328,1,2014,4
-117.783165,29.764309,16.958616,0.15497388,6.306346,308.43277,1,2014,4
-121.818596,29.767204,16.554064,0.07712367,6.6691303,290.908,1,2014,4
-116.06949,29.776527,16.098942,0.6928999,6.0623593,307.49368,1,2014,4
-117.3632,29.78092,17.33203,0.117532894,6.389687,310.62076,1,2014,4
-121.7088,29.802336,16.49941,0.08334737,6.6312065,291.96185,1,2014,4
-116.48467,29.8076,16.294018,0.6068269,5.558102,309.96396,1,2014,4
-121.45995,29.891691,16.403051,0.08651705,6.721644,292.94116,1,2014,4
-117.219124,29.91486,17.501637,0.13739116,6.4053884,311.32898,1,2014,4
-144.01497,29.974644,19.335611,0.06281643,3.8059165,223.29654,1,2014,4
-121.23767,29.993416,16.390118,0.08575146,6.737841,293.90204,1,2014,4
-117.15602,30.000027,17.498844,0.13033234,6.1321774,311.95944,1,2014,4
-118.78215,30.000546,16.631243,0.13348815,6.7209,307.80768,1,2014,4
-117.4723,30.00138,17.299673,0.12111154,6.2787337,312.3535,1,2014,4
-118.17475,30.007086,16.638042,0.19152081,6.4407763,309.0766,1,2014,4
-116.335945,30.010136,16.325638,0.55285895,5.395572,311.99512,1,2014,4
-118.65482,30.010462,16.564447,0.14019585,6.632722,308.5114,1,2014,4
-118.47939,30.01383,16.534914,0.16081898,6.5389986,308.60507,1,2014,4
-117.65511,30.027876,17.07583,0.15048128,6.273404,312.02795,1,2014,4
-144.04324,30.029528,19.146338,0.061906997,3.578659,226.13219,1,2014,4
-121.16229,30.03112,16.35329,0.09427281,6.7632904,295.3905,1,2014,4
-116.795784,30.052845,17.335606,0.15475017,6.2203937,312.7198,1,2014,4
-116.52511,30.11574,16.854422,0.2019839,5.729677,313.4442,1,2014,4
-120.97475,30.120752,16.380127,0.0894292,6.7939534,297.43253,1,2014,4
-119.034836,30.180637,16.748125,0.10512855,6.754036,307.05652,1,2014,4
-120.748085,30.213278,16.379423,0.098927364,6.8340473,298.77774,1,2014,4
-117.22006,30.252277,17.44305,0.117109045,6.159586,314.1449,1,2014,4
-118.939,30.25379,16.54921,0.13925603,6.8656826,308.1385,1,2014,4
-117.50602,30.254759,16.931139,0.17491621,6.3432245,314.29742,1,2014,4
-116.97269,30.256123,17.369743,0.12250539,6.1171646,314.13898,1,2014,4
-118.03247,30.257362,16.57288,0.19712308,6.5100846,310.63947,1,2014,4
-119.07832,30.258154,16.602528,0.11944996,6.8744893,307.55334,1,2014,4
-116.62844,30.259363,17.008804,0.16170284,5.6652007,313.78418,1,2014,4
-144.22905,30.26259,19.083958,0.060687833,3.340539,227.42633,1,2014,4
-120.592445,30.267921,16.271645,0.11069757,6.859191,300.0039,1,2014,4
-117.353386,30.278757,17.26401,0.12190378,6.2583785,314.28787,1,2014,4
-120.49867,30.298754,16.156418,0.115667045,6.849657,301.02115,1,2014,4
-144.2655,30.306152,19.213709,0.062176988,3.2966044,226.72081,1,2014,4
-117.99638,30.312035,16.791107,0.19266671,6.3998127,312.21347,1,2014,4
-119.81254,30.354582,16.30312,0.12330547,6.8284698,304.01587,1,2014,4
-119.69648,30.389849,16.46277,0.11343746,6.84716,305.12912,1,2014,4
-120.22007,30.394089,16.199158,0.117726065,6.8598104,302.74023,1,2014,4
-119.323395,30.426834,16.575891,0.10790204,6.8904643,306.20465,1,2014,4
-144.39925,30.500622,19.05051,0.060466334,3.268333,226.7357,1,2014,4
-116.54661,30.501883,16.928097,0.17480545,5.591315,312.5356,1,2014,4
-116.932236,30.50331,17.220053,0.1215223,5.837234,312.9868,1,2014,4
-117.2509,30.505333,17.067175,0.14658839,6.173532,315.7219,1,2014,4
-117.581,30.507065,16.846807,0.18399945,6.3287044,314.6799,1,2014,4
-117.180824,30.512478,17.235657,0.12127743,6.0740514,314.9333,1,2014,4
-117.8764,30.515245,16.79836,0.19131815,6.5135627,313.94254,1,2014,4
-119.110794,30.518597,16.48546,0.1330885,6.976998,307.83896,1,2014,4
-116.49807,30.538225,16.145445,1.1435903,5.6372423,313.63437,1,2014,4
-144.53705,30.706133,19.413733,0.05815416,3.212787,227.27045,1,2014,4
-144.58086,30.750734,19.159496,0.059382483,3.0706513,229.35823,1,2014,4
-116.63909,30.751827,16.657873,0.36458045,5.769454,311.06448,1,2014,4
-119.20396,30.755043,16.46046,0.141168,7.096619,308.9372,1,2014,4
-117.46999,30.782743,16.904684,0.16038133,5.955871,316.4967,1,2014,4
-116.86288,30.792572,17.041344,0.15431616,5.502763,313.67462,1,2014,4
-117.137474,30.795923,17.019781,0.13934103,5.792176,316.04926,1,2014,4
-119.29187,30.8063,16.447138,0.13732274,7.1690726,307.86096,1,2014,4
-118.97562,30.829765,16.50405,0.14244992,7.044601,309.70145,1,2014,4
-117.51453,30.894903,16.803545,0.18425177,6.25857,315.84158,1,2014,4
-144.7523,30.975452,19.187513,0.06319561,3.0409539,230.60454,1,2014,4
-119.21309,31.002237,16.326115,0.15338011,7.116586,311.01172,1,2014,4
-117.38893,31.011337,16.967083,0.15074897,5.689095,317.1369,1,2014,4
-117.14249,31.024366,17.01882,0.16461256,5.3746815,315.9046,1,2014,4
-144.84315,31.038235,18.95676,0.06255075,2.6958487,236.19205,1,2014,4
-119.48281,31.073643,16.358156,0.1416336,7.222583,309.66336,1,2014,4
-117.5897,31.133883,16.905514,0.16565748,6.1044984,316.52664,1,2014,4
-119.509125,31.182592,16.398428,0.13765478,7.237106,308.54852,1,2014,4
-117.70066,31.25466,16.988205,0.1737563,5.9560475,318.1987,1,2014,4
-119.199135,31.260403,16.194534,0.18803121,7.12537,312.89575,1,2014,4
-145.00476,31.263243,18.843538,0.064997375,2.5715754,243.93317,1,2014,4
-117.77394,31.281397,16.953861,0.19901688,6.165071,317.56378,1,2014,4
-119.523605,31.28403,16.21906,0.16146255,7.28344,310.6013,1,2014,4
-119.34376,31.36106,16.255718,0.15604886,7.26815,311.5419,1,2014,4
-118.010925,31.419123,16.902018,0.2245932,6.3329062,317.11163,1,2014,4
-145.26984,31.503548,18.931318,0.065939926,2.2717834,249.65059,1,2014,4
-119.38277,31.533546,15.9077425,0.23136064,7.243107,313.54553,1,2014,4
-118.06969,31.541336,16.932543,0.2137761,6.240016,319.28915,1,2014,4
-119.74742,31.542082,15.821389,0.21734905,7.297842,312.38986,1,2014,4
-119.775444,31.625628,15.894235,0.21534139,7.410351,310.67676,1,2014,4
-118.3145,31.641676,16.611135,0.29811642,6.34937,317.61703,1,2014,4
-119.24584,31.715708,15.995183,0.24098954,7.0852666,314.77127,1,2014,4
-118.45087,31.750338,16.67084,0.30889297,6.216309,320.54846,1,2014,4
-119.15844,31.767008,15.948666,0.28803116,7.0177064,316.7322,1,2014,4
-145.42984,31.780518,18.841555,0.067631416,2.1537178,256.0283,1,2014,4
-119.84313,31.821396,15.664101,0.2801822,7.398763,312.0966,1,2014,4
-118.9883,31.832268,16.342916,0.2850106,6.7179832,317.71484,1,2014,4
-118.503426,31.863384,16.517815,0.28428975,6.469351,318.69745,1,2014,4
-145.5215,31.936792,18.905315,0.064771965,2.0106964,259.97552,1,2014,4
-119.97094,32.006256,15.543276,0.3341533,7.4413977,313.47537,1,2014,4
-145.56287,32.04755,18.916555,0.066798724,2.0624259,267.22083,1,2014,4
-120.01952,32.185387,15.620134,0.31165108,7.4666324,311.5252,1,2014,4
-145.59015,32.25781,18.839766,0.0664569,2.2200902,270.51617,1,2014,4
-120.10332,32.290283,15.519105,0.34507602,7.568276,313.60803,1,2014,4
-145.60161,32.52298,18.818663,0.06830097,2.280351,271.0051,1,2014,4
-120.255905,32.605106,15.263685,0.4328552,7.7897367,311.87787,1,2014,4
-145.4906,32.692745,18.77623,0.0678535,2.1902056,269.21518,1,2014,4
-145.44344,32.76104,18.571335,0.06231663,2.152812,272.92886,1,2014,4
-120.37199,32.82165,15.153099,0.49053195,7.980758,311.90182,1,2014,4
-120.51183,33.01875,15.018085,0.44361103,8.180739,309.19577,1,2014,4
-145.40796,33.037853,18.421478,0.05808223,2.2671788,278.88065,1,2014,4
-145.3989,33.255966,18.000933,0.057134088,2.2020445,286.62448,1,2014,4
-120.687126,33.28419,14.973664,0.50166583,8.322127,307.18658,1,2014,4
-145.5131,33.42312,18.060413,0.056697696,2.2009544,288.2703,1,2014,4
-120.8228,33.50563,14.764489,0.58413684,7.950157,306.50955,1,2014,4
-145.53886,33.514767,17.480064,0.063407674,1.9946177,296.17966,1,2014,4
-145.4889,33.75656,17.147224,0.05751871,1.8882002,300.9117,1,2014,4
-120.94104,33.80421,14.291942,0.6433048,7.832037,306.69434,1,2014,4
-145.45216,34.001015,16.6722,0.0683004,1.9006578,308.37732,1,2014,4
-121.04037,34.012722,14.478367,0.5263692,7.546986,305.94363,1,2014,4
-145.405,34.264565,16.598051,0.06997281,1.8245547,315.88824,1,2014,4
-121.08761,34.29812,14.017608,0.59836066,7.3772216,305.17654,1,2014,4
-121.250015,34.411877,14.352064,0.59225637,7.5960517,307.0811,1,2014,4
-145.36671,34.527267,16.633242,0.06959907,1.7200291,322.797,1,2014,4
-121.34523,34.56334,14.0014,0.67000276,7.3400273,307.02603,1,2014,4
-145.32239,34.77028,16.6713,0.07206581,1.8487834,328.71735,1,2014,4
-121.45433,34.773045,13.864116,0.7107731,7.0450125,308.5455,1,2014,4
-145.26848,35.010754,16.54267,0.08225378,2.0753071,334.29926,1,2014,4
-121.51331,35.04182,14.092689,0.67595285,7.1419888,311.36703,1,2014,4
-145.24612,35.09225,16.752474,0.081832126,2.0661316,333.55896,1,2014,4
-145.19165,35.27408,16.43938,0.08109069,2.1204717,334.88516,1,2014,4
-121.7419,35.323414,13.562376,0.97503483,6.8238773,315.53436,1,2014,4
-121.79892,35.3992,13.905932,0.92680377,7.3147593,311.95227,1,2014,4
-145.27371,35.401855,16.15348,0.09276145,2.1731315,336.97452,1,2014,4
-145.35858,35.50585,15.426601,0.10589214,2.2135265,338.53506,1,2014,4
-121.93545,35.51819,13.677385,0.73924977,7.065777,312.13187,1,2014,4
-122.076385,35.62897,14.0383415,0.53119993,7.5467873,309.30008,1,2014,4
-145.50815,35.64062,15.395073,0.10542373,2.221441,339.44397,1,2014,4
-122.189224,35.762978,13.842432,0.5288337,7.1422195,307.31915,1,2014,4
-145.51477,35.77659,15.199333,0.111760445,2.3286262,345.06857,1,2014,4
-122.29495,35.895496,13.915037,0.47979742,7.280247,306.3977,1,2014,4
-145.52441,36.01506,15.051509,0.1211885,2.518829,351.32303,1,2014,4
-122.357086,36.04317,13.641253,0.6020005,6.9880543,304.91812,1,2014,4
-145.77399,36.26029,14.954694,0.11381219,2.7971592,355.89978,1,2014,4
-122.52311,36.325226,13.518549,0.8795162,6.7319016,305.508,1,2014,4
-145.7467,36.39073,14.907208,0.11923653,2.688215,355.51956,1,2014,4
-122.71154,36.51323,13.2324505,1.2702143,6.2721686,307.2901,1,2014,4
-122.77785,36.627174,13.432937,0.8668179,6.5860004,306.8525,1,2014,4
-122.831635,36.80053,13.218096,1.2285676,6.3064175,309.01453,1,2014,4
-123.01145,36.96076,13.551357,0.85921186,6.6936164,308.7534,1,2014,4
-123.03282,37.03145,13.258391,0.8939591,6.5558906,311.1037,1,2014,4
-123.04817,37.253124,12.729298,1.2784752,6.3151326,314.16595,1,2014,4
-123.275696,37.33257,12.917576,0.9699253,6.732793,312.17065,1,2014,4
-123.54362,37.51156,12.577146,1.0005654,6.8977966,311.8267,1,2014,4
-123.75478,37.639248,12.785492,0.7344526,7.082549,308.40714,1,2014,4
-124.01178,37.71314,12.8245,0.639342,7.0646796,306.07507,1,2014,4
-124.40112,37.716988,12.85417,0.53196025,7.1281133,304.13593,1,2014,4
-124.50327,37.733406,13.0197735,0.44227007,7.0727153,303.1733,1,2014,4
-124.84917,37.74204,13.069599,0.35506007,6.9547753,301.65607,1,2014,4
-125.04394,37.742317,13.156488,0.31247765,6.903079,300.46555,1,2014,4
-125.135155,37.75019,13.314603,0.30130172,6.9683,299.5817,1,2014,4
-124.38874,37.75269,12.824539,0.49471045,7.2568035,304.78503,1,2014,4
-125.261765,37.791737,13.425123,0.29410055,6.814169,298.29507,1,2014,4
-125.526695,37.879223,13.277345,0.3177759,6.626568,298.38275,1,2014,4
-125.831085,37.91752,13.172377,0.30975613,6.384121,298.13055,1,2014,4
-126.04302,37.94482,13.179524,0.30467412,6.162029,298.60303,1,2014,4
-126.3403,37.98874,13.307567,0.25618455,6.086395,299.6398,1,2014,4
-126.44756,38.00833,13.171379,0.30514085,5.9724784,299.26892,1,2014,4
-126.53212,38.04947,13.266398,0.27757624,5.8927073,300.83035,1,2014,4
-126.788185,38.156845,13.471083,0.25673586,5.7261853,302.30237,1,2014,4
-127.01351,38.29489,13.268517,0.25463802,5.311544,303.0917,1,2014,4
-127.26218,38.503742,13.024088,0.28825533,4.928793,303.07748,1,2014,4
-127.51446,38.666397,13.0947695,0.27262676,4.787066,303.75647,1,2014,4
-127.64496,38.78693,12.890273,0.30723968,4.506939,305.70023,1,2014,4
-127.77291,38.91273,12.960355,0.28671497,4.51616,307.352,1,2014,4
-127.91073,39.025963,12.871372,0.3023331,4.466867,307.99872,1,2014,4
-128.05469,39.134556,12.96132,0.26528978,4.5213494,309.0754,1,2014,4
-128.28406,39.28571,13.170393,0.20323478,4.326442,309.46646,1,2014,4
-128.51599,39.437836,13.268969,0.17852134,4.290886,310.55783,1,2014,4
-128.68849,39.528896,13.206917,0.20710248,4.0752053,311.11978,1,2014,4
-128.77414,39.58298,13.304612,0.19057259,3.864531,312.48312,1,2014,4
-129.07149,39.7804,13.186039,0.19032627,3.493365,315.69586,1,2014,4
-129.30766,39.91761,13.194822,0.16233063,3.392418,318.2262,1,2014,4
-129.46815,40.000008,13.052783,0.2084823,3.2078185,321.2007,1,2014,4
-129.54349,40.042236,13.140794,0.20277318,3.062352,325.37585,1,2014,4
-129.78181,40.16543,13.3081455,0.15943155,2.9498475,329.43597,1,2014,4
-130.05785,40.27613,13.391144,0.16109759,2.916779,339.94977,1,2014,4
-130.34718,40.379597,13.5161295,0.16631702,2.9923234,342.89728,1,2014,4
-130.54674,40.437668,13.624518,0.15718706,3.1363993,345.0333,1,2014,4
-130.72733,40.500805,13.543034,0.16677022,3.2065558,346.65717,1,2014,4
-130.8251,40.519768,13.613459,0.16121219,3.373796,346.45804,1,2014,4
-131.02751,40.539318,13.679307,0.18161005,3.4134147,347.30734,1,2014,4
-131.30591,40.55216,13.759129,0.16196084,3.467708,347.84753,1,2014,4
-131.58238,40.617523,13.786695,0.163334,3.469539,349.3702,1,2014,4
-131.778,40.640156,13.744924,0.17019999,3.4426153,350.97546,1,2014,4
-132.03221,40.720276,13.695031,0.17003214,3.4885528,350.4297,1,2014,4
-132.10132,40.76247,13.459511,0.15313141,3.5216475,351.17963,1,2014,4
-132.25098,40.86097,13.420047,0.16002622,3.6204972,351.42227,1,2014,4
-132.4604,41.002216,13.253329,0.16406192,3.5611796,351.2783,1,2014,4
-132.51013,41.0402,13.267356,0.17798263,3.6367157,353.05084,1,2014,4
-132.79485,41.14926,13.308542,0.16369647,3.6848066,354.86188,1,2014,4
-133.05042,41.237915,13.236785,0.16791396,3.7370844,356.4715,1,2014,4
-133.13052,41.280537,13.116624,0.18759483,3.7422588,358.00925,1,2014,4
-133.29794,41.34412,13.1421,0.17445208,3.810328,359.24814,1,2014,4
-133.57196,41.442284,13.295027,0.16209881,3.8701162,359.55585,1,2014,4
-133.7575,41.517696,13.056135,0.18453892,3.9872296,3.450843,1,2014,4
-134.08244,41.619793,13.084619,0.19039308,4.168117,3.5763345,1,2014,4
-134.28726,41.715614,13.128762,0.18916976,4.237983,3.5173013,1,2014,4
-134.54321,41.752705,12.846873,0.21896826,4.354366,6.0641046,1,2014,4
-134.75668,41.804604,12.968021,0.21788147,4.366463,6.3112106,1,2014,4
-135.12285,41.876453,12.952926,0.21694095,4.447044,9.186966,1,2014,4
-135.35509,41.92947,12.9011755,0.22929288,4.5526366,10.248564,1,2014,4
-135.5852,42.0297,12.583718,0.27895007,4.765648,11.49856,1,2014,4
-135.8438,42.172604,12.503869,0.30239728,4.8506184,12.259755,1,2014,4
-136.06766,42.297817,12.314065,0.3200139,5.015117,15.615843,1,2014,4
-136.27385,42.40102,12.285278,0.30468264,5.1744757,17.314392,1,2014,4
-136.54759,42.4851,12.254876,0.3124076,5.2597814,17.367022,1,2014,4
-136.67343,42.51519,12.148792,0.3134605,5.3632264,18.367384,1,2014,4
-136.7749,42.58325,12.06321,0.32902262,5.3845425,15.843082,1,2014,4
-137.11978,42.75848,11.799751,0.3055805,5.35721,16.371433,1,2014,4
-137.35666,42.84096,11.622752,0.29653555,5.374923,15.872184,1,2014,4
-137.58002,42.975525,11.469592,0.30062333,5.3892484,14.397238,1,2014,4
-137.69101,43.042816,11.390353,0.27899534,5.569093,13.287648,1,2014,4
-137.78171,43.098892,11.3122835,0.28362924,5.6044,12.573163,1,2014,4
-138.00313,43.21157,11.272512,0.31709194,5.6934524,12.889016,1,2014,4
-138.10425,43.282467,11.221155,0.33851978,5.92515,13.965884,1,2014,4
-138.3313,43.42152,11.287706,0.34715545,6.010033,14.059365,1,2014,4
-138.5751,43.568882,11.353649,0.3319194,6.227118,12.8980665,1,2014,4
-138.77664,43.71989,11.335881,0.32443798,6.2998414,12.094757,1,2014,4
-138.91267,43.805946,11.244137,0.32340583,6.4744577,12.941553,1,2014,4
-139.0359,43.871864,11.185476,0.34125882,6.4753766,12.576794,1,2014,4
-139.29492,44.005386,11.101074,0.35435572,6.6236696,13.889385,1,2014,4
-139.52356,44.153847,10.922183,0.34954354,6.689133,14.01547,1,2014,4
-139.76978,44.3023,10.747321,0.35419998,6.798566,14.567691,1,2014,4
-140.01166,44.43461,10.607602,0.317791,6.873871,14.662954,1,2014,4
-140.24818,44.557575,10.624159,0.3230596,6.913089,14.920739,1,2014,4
-140.3645,44.613327,10.552821,0.31527987,6.954574,15.854863,1,2014,4
-140.58614,44.72684,10.502556,0.32235855,7.02089,16.55073,1,2014,4
-140.64873,44.772144,10.454622,0.35358682,7.1228085,17.315636,1,2014,4
-140.76855,44.837513,10.454147,0.3723359,7.144347,17.598019,1,2014,4
-141.00249,44.97017,10.405458,0.35521334,7.1264367,17.138195,1,2014,4
-141.11496,45.04988,10.395973,0.36541533,7.1684027,16.86767,1,2014,4
-141.29828,45.20594,10.448213,0.37489566,7.172203,16.691593,1,2014,4
-141.37022,45.264442,10.141773,0.33926138,7.077379,16.668228,1,2014,4
-141.56555,45.37676,10.086225,0.3637023,7.0507092,17.072857,1,2014,4
-141.77214,45.51681,9.9383135,0.38561276,6.99537,17.813318,1,2014,4
-142.00111,45.61483,9.84084,0.3736199,7.040483,17.354025,1,2014,4
-143.35748,45.664597,9.503178,0.31227967,7.140448,18.282701,1,2014,4
-143.02916,45.681973,9.624784,0.32915637,7.140602,18.028963,1,2014,4
-142.30478,45.69234,9.773608,0.34249553,7.1439557,17.851612,1,2014,4
-142.90247,45.694992,9.681276,0.33356774,7.1569057,17.650124,1,2014,4
-142.52756,45.703983,9.737764,0.33428627,7.1729493,17.525568,1,2014,4
-143.61719,45.71599,9.41224,0.3192343,7.124921,17.900915,1,2014,4
-143.86212,45.73566,9.389323,0.3008508,7.069123,17.281498,1,2014,4
-144.08452,45.751835,9.1152315,0.28545123,6.832401,16.23337,1,2014,4
-144.31723,45.789055,9.097844,0.2979174,6.876402,16.3002,1,2014,4
-144.5602,45.814083,9.121027,0.30122212,6.9480934,16.557072,1,2014,4
-144.80313,45.864677,9.064674,0.32149106,7.0390697,16.761616,1,2014,4
-145.08229,45.95475,9.058389,0.31478864,7.0728,16.256964,1,2014,4
-145.33981,46.008675,8.933311,0.32147634,6.913364,15.865707,1,2014,4
-145.57912,46.0546,8.883095,0.31578004,6.9108176,16.38954,1,2014,4
-145.8622,46.11466,8.833151,0.28685802,7.004606,18.82295,1,2014,4
-146.111,46.206074,8.788157,0.31711832,7.029801,18.666914,1,2014,4
-146.2608,46.24721,8.896397,0.33737049,7.103274,16.521547,1,2014,4
-146.38562,46.277668,8.864039,0.31605166,7.017471,17.841097,1,2014,4
-146.54303,46.303837,8.992306,0.31225362,7.184831,18.081898,1,2014,4
-148.56073,46.321754,8.115584,0.29771566,6.8788443,17.513027,1,2014,4
-148.8177,46.3399,8.060463,0.28641954,6.859103,18.091549,1,2014,4
-146.80614,46.36682,9.030915,0.31796142,7.245281,17.759735,1,2014,4
-149.0475,46.389847,8.012371,0.28640908,6.859016,18.619858,1,2014,4
-147.07457,46.433426,9.101069,0.33824807,7.316126,17.171822,1,2014,4
-150.18153,46.438236,7.831757,0.26044402,6.7684565,19.505774,1,2014,4
-150.28906,46.440804,7.8669086,0.2469289,6.863301,20.46811,1,2014,4
-149.31061,46.4549,7.975966,0.2758827,6.8213563,18.992748,1,2014,4
-149.51422,46.455845,7.8821597,0.27274922,6.8119016,19.020123,1,2014,4
-149.79947,46.467487,7.856166,0.274261,6.7873116,19.4494,1,2014,4
-147.34898,46.50295,9.08145,0.35531598,7.3600273,16.4159,1,2014,4
-150.43005,46.503304,7.601249,0.2519847,6.6573267,20.394876,1,2014,4
-148.63754,46.533264,8.119603,0.30195308,6.9665847,18.148863,1,2014,4
-150.51561,46.53749,7.564371,0.25991413,6.735889,20.964228,1,2014,4
-147.59496,46.58522,9.073875,0.33678183,7.29702,17.218185,1,2014,4
-147.8478,46.65331,8.9386015,0.31141526,7.2117267,17.178663,1,2014,4
-152.04703,46.66831,7.6611915,0.28185183,6.987603,16.204447,1,2014,4
-148.03409,46.706303,8.579211,0.3031381,7.0816455,17.334719,1,2014,4
-148.26488,46.73871,8.309252,0.3129525,7.011369,17.68552,1,2014,4
-150.83163,46.750797,7.3868775,0.271294,6.5532055,21.671524,1,2014,4
-148.2117,46.753384,8.415839,0.3002388,7.1664357,17.625883,1,2014,4
-148.35522,46.769363,8.273677,0.2916017,7.077655,17.769344,1,2014,4
-151.9529,46.771065,7.4237843,0.27180284,6.83769,17.53398,1,2014,4
-148.73582,46.77636,8.168982,0.32138667,7.033136,17.971233,1,2014,4
-152.01253,46.788128,7.4271283,0.28059396,6.8256063,16.337431,1,2014,4
-151.1145,46.80067,7.402317,0.26612568,6.6239715,21.3356,1,2014,4
-152.25151,46.824463,7.3767548,0.26653454,6.8456264,16.899662,1,2014,4
-151.3371,46.87119,7.3783436,0.2749142,6.6795583,20.415491,1,2014,4
-151.5334,46.91237,7.4480667,0.24633883,6.795859,18.088352,1,2014,4
-148.75201,46.92716,8.063247,0.3253874,6.9696627,18.486942,1,2014,4
-151.83884,47.005,7.2443247,0.30760297,6.704103,18.164688,1,2014,4
-148.76558,47.017227,8.040353,0.32312164,7.0079527,17.866146,1,2014,4
-137.875,26.875,20.6136817932129,0.0406789779663086,4.77448426534217,204.63265574674,0,2014,4
-139.125,43.125,11.4869766235352,0.348542064428329,6.06432189119278,10.6428707447036,0,2014,4
-124.875,47.625,10.1772146224976,2.77692103385925,2.7144981119905,37.9675454114671,0,2014,4
-136.625,26.875,20.1937580108643,0.0405741222202778,4.75934869493716,209.311848727549,0,2014,4
-139.375,40.875,12.5138235092163,0.199656754732132,4.8432220680039,9.26783626282111,0,2014,4
-121.625,27.625,18.4664573669434,0.0432593375444412,6.31487925458595,275.087641198602,0,2014,4
-144.625,41.625,11.6470365524292,0.204128697514534,6.08096209493202,15.8418572207419,0,2014,4
-140.875,40.125,13.3282890319824,0.152304261922836,4.60792795082562,7.35635740470394,0,2014,4
-140.625,51.375,7.20930624008179,0.28041473031044,3.39767567610565,47.624220027782,0,2014,4
-118.875,33.875,15.1968479156494,1.04495573043823,2.93960881751297,343.599460284355,0,2014,4
-132.375,51.375,7.88167715072632,0.917732894420624,3.82958222264518,71.8962369654934,0,2014,4
-138.125,34.625,16.8068981170654,0.064062736928463,0.878635305459552,348.178511659393,0,2014,4
-141.125,51.375,7.08029651641846,0.273172318935394,3.52880999771878,45.8036956939865,0,2014,4
-147.625,34.375,16.9843902587891,0.0819044038653374,2.20056810846654,324.432055026735,0,2014,4
-137.625,26.625,20.5309104919434,0.0388117469847202,4.97340929343242,207.28636280995,0,2014,4
-137.875,33.625,17.3146362304688,0.0623362995684147,0.250798724079689,265.426078740099,0,2014,4
-139.625,38.125,14.7168645858765,0.122100584208965,3.23099056018429,1.41880044348909,0,2014,4
-138.625,28.875,19.8041610717773,0.047379907220602,4.23114641675279,198.60623614377,0,2014,4
-133.375,50.625,8.0255184173584,0.295195490121841,3.79490447837623,61.3413420030165,0,2014,4
-141.375,43.375,11.411735534668,0.345562189817429,6.87602356016906,14.4000213067911,0,2014,4
-137.875,26.625,20.6906566619873,0.0387565679848194,4.92541368820935,205.108251812753,0,2014,4
-138.125,32.875,17.3871936798096,0.0559786260128021,0.800562302385017,221.455233544405,0,2014,4
-130.875,51.875,7.91379022598267,0.726245820522308,4.19462751624027,85.213671405089,0,2014,4
-134.125,28.625,19.2747783660889,0.0414897799491882,4.15202360301576,213.307335880662,0,2014,4
-139.375,31.125,18.5299396514893,0.0568019039928913,2.15870331449229,203.477399892093,0,2014,4
-137.625,35.625,16.4784336090088,0.0639232322573662,1.37640836963454,343.53998518796,0,2014,4
-119.875,33.875,14.1933012008667,1.36392140388489,7.3417845242148,325.76880973147,0,2014,4
-142.625,29.625,20.1445217132568,0.0530900284647942,3.42986880215556,221.217354553404,0,2014,4
-131.375,43.375,11.7904787063599,0.311061352491379,3.81895273602594,5.71059313749964,0,2014,4
-130.875,27.125,19.2897968292236,0.0440636612474918,4.81727101168286,226.598146072608,0,2014,4
-147.625,32.375,18.3153705596924,0.0630392357707024,1.85690602885553,265.056989281386,0,2014,4
-158.375,42.875,9.38639640808105,0.323120325803757,7.01121958007307,12.6883561877279,0,2014,4
-130.625,25.875,19.7697982788086,0.0448716133832932,5.04191431898639,224.437506912501,0,2014,4
-154.125,46.875,7.89415597915649,0.279339164495468,7.33706344527564,14.6044474467901,0,2014,4
-125.875,48.125,9.85521697998047,1.52382361888885,2.84112653713276,54.7436412870372,0,2014,4
-149.625,49.375,6.7418270111084,0.308978408575058,6.05773059816958,22.4161474793436,0,2014,4
-140.125,34.125,17.1331100463867,0.0705495476722717,1.25670203310093,304.954669630503,0,2014,4
-128.375,26.125,19.5051345825195,0.0484483055770397,5.11722581092529,234.384227145738,0,2014,4
-145.875,37.375,13.9648008346558,0.164200082421303,3.32254420587597,2.24236387858252,0,2014,4
-125.875,25.125,19.346097946167,0.04770677536726,5.29590407768117,239.22178614678,0,2014,4
-136.125,50.875,7.78877544403076,0.271848648786545,3.16891148503709,54.504358722503,0,2014,4
-148.375,49.875,6.81126976013184,0.326251655817032,5.88014455604622,24.5165320836979,0,2014,4
-130.875,42.875,11.8269510269165,0.468786984682083,3.3018328243568,1.90915243299639,0,2014,4
-131.625,40.375,13.7946500778198,0.156551286578178,3.43735363324753,347.055357708723,0,2014,4
-146.125,48.125,7.60090160369873,0.2950159907341,6.22686116755464,16.514163910233,0,2014,4
-124.125,28.125,18.1632671356201,0.0421139374375343,5.93487994823821,265.941896197268,0,2014,4
-143.625,28.375,20.289680480957,0.0542251132428646,4.23052006259278,214.892163209109,0,2014,4
-136.375,35.375,16.4521179199219,0.0630358159542084,1.18595952713404,335.596028311148,0,2014,4
-127.875,48.875,9.16729545593262,1.54586911201477,3.25748369144037,65.3231368296629,0,2014,4
-139.125,35.125,16.630012512207,0.0702690109610558,1.55589202710214,342.030860259843,0,2014,4
-145.625,48.875,7.43181467056274,0.294096112251282,5.88995755502533,19.8501313512796,0,2014,4
-146.375,31.875,18.9725074768066,0.0593629628419876,2.06155281280883,267.776038759614,0,2014,4
-144.875,51.625,7.00291919708252,0.253145545721054,4.34752803326212,42.0165999677719,0,2014,4
-147.375,34.375,16.8120002746582,0.0818800926208496,2.02625269894947,324.034995000473,0,2014,4
-134.875,28.625,19.1667823791504,0.0426913686096668,3.85253163517186,215.918030427171,0,2014,4
-134.875,37.625,14.9910221099854,0.100468449294567,2.63245132908474,347.494799944854,0,2014,4
-151.875,48.875,7.08062410354614,0.3094522356987,6.49865370673034,18.0167388814249,0,2014,4
-135.875,42.375,12.3487596511841,0.300532698631287,4.95529010250661,13.4192789893033,0,2014,4
-135.625,38.375,14.9126863479614,0.101144060492516,3.10096759093029,353.333340109099,0,2014,4
-152.625,46.375,7.81064462661743,0.26454895734787,7.17571599215019,15.9344281025283,0,2014,4
-130.125,41.875,11.8031206130981,0.395986288785934,2.73212371608608,344.285053452719,0,2014,4
-131.375,50.125,8.02834701538086,0.631029307842255,3.96868996017578,71.3367823469246,0,2014,4
-138.125,29.875,19.0594959259033,0.0472876988351345,3.28695908097439,202.351691013499,0,2014,4
-135.375,37.875,15.1371364593506,0.0952833741903305,2.77722883464795,349.418364479056,0,2014,4
-152.125,49.125,6.67945671081543,0.318367093801498,6.35649274364409,19.0050372679209,0,2014,4
-125.125,28.375,18.2127323150635,0.0420294776558876,5.74282160614449,262.998732442505,0,2014,4
-141.375,33.125,17.6445465087891,0.063929408788681,1.58826949854236,249.739508869748,0,2014,4
-146.875,37.625,14.1161794662476,0.164658844470978,3.77478476207585,2.88514465322044,0,2014,4
-138.125,34.375,16.9153137207031,0.0667180567979813,0.71,0,0,2014,4
-129.875,42.875,11.8544950485229,0.307570040225983,3.06323358560852,351.552472752092,0,2014,4
-136.875,26.125,20.3039302825928,0.0428051240742207,5.15865292494077,209.496908805485,0,2014,4
-148.625,49.875,6.72400665283203,0.314720839262009,5.90332956898054,24.3074026414081,0,2014,4
-147.875,38.625,13.2641763687134,0.18500891327858,4.513590588434,13.9746682315429,0,2014,4
-137.125,34.375,16.5545120239258,0.0636249780654907,0.772334124585985,311.32550047917,0,2014,4
-139.125,32.625,18.113582611084,0.0644083991646767,1.20933866224478,240.255118703058,0,2014,4
-138.375,42.375,11.9654397964478,0.314889997243881,5.21727898429823,12.1714582085875,0,2014,4
-142.125,39.125,13.9170351028442,0.147864684462547,4.50809272309255,356.566369637549,0,2014,4
-140.625,40.625,12.6308536529541,0.190174117684364,4.86621002423858,9.46232220802563,0,2014,4
-140.625,43.875,10.7845706939697,0.386465728282928,6.98025787489259,13.7575309640403,0,2014,4
-127.125,25.625,19.5011329650879,0.0447982028126717,5.16730103632448,235.725615742888,0,2014,4
-144.125,32.625,18.3964576721191,0.0711263418197632,1.93165731950571,267.626404197763,0,2014,4
-128.875,26.375,19.4243927001953,0.0560153461992741,5.0703550171561,232.452077443405,0,2014,4
-127.375,48.625,9.20505332946777,0.809774518013,3.05761344842673,60.8361918790679,0,2014,4
-126.125,26.625,19.0100440979004,0.0440511256456375,5.102910933967,248.261140466433,0,2014,4
-136.625,38.375,15.2570562362671,0.0895820036530495,3.06528954586675,356.63353933657,0,2014,4
-151.375,48.625,7.07502222061157,0.275969386100769,6.41950153828161,18.7171917591929,0,2014,4
-132.375,43.875,11.2887620925903,0.274159789085388,4.60678846920498,11.1391920443128,0,2014,4
-150.875,34.375,16.6621780395508,0.0725741013884544,2.27607117639146,344.192915911312,0,2014,4
-145.375,50.625,7.11489057540894,0.248414427042007,5.14861146329765,31.4981453752624,0,2014,4
-149.875,33.375,17.299991607666,0.0620012693107128,1.86938492558381,311.964430874944,0,2014,4
-133.625,38.375,14.2220964431763,0.157174274325371,3.0926040807061,345.199858071144,0,2014,4
-130.875,40.375,13.6201448440552,0.152089327573776,3.30130277314881,345.079762486016,0,2014,4
-125.125,26.125,19.1735153198242,0.0493650659918785,5.44893567589121,250.933260295902,0,2014,4
-135.375,36.125,15.7648439407349,0.0869211852550507,1.56588633048507,335.071525864539,0,2014,4
-134.125,35.625,15.28382396698,0.101664766669273,1.66508258053467,311.347777219694,0,2014,4
-124.875,46.125,10.5443258285522,1.03372669219971,2.48243831746128,27.5972958686437,0,2014,4
-145.375,40.625,12.2928371429443,0.202200338244438,5.44085471226718,16.003255794926,0,2014,4
-133.375,50.875,7.99924230575562,0.304114401340485,3.71194019348373,63.7800999460861,0,2014,4
-146.375,49.375,7.43018245697021,0.283819943666458,5.82492918411889,18.310528216079,0,2014,4
-138.375,33.875,17.4508609771729,0.0615303181111813,0.51662365412358,317.353296866108,0,2014,4
-124.375,39.625,11.911563873291,0.979419946670532,6.1804935078034,296.523592588429,0,2014,4
-141.375,38.625,14.4579286575317,0.129634141921997,3.92045915678253,0.876907741430671,0,2014,4
-146.375,37.375,14.2161951065063,0.160928830504417,3.430714211356,1.16913932790743,0,2014,4
-149.125,35.625,15.2531709671021,0.106207735836506,2.91907519601671,355.480862285294,0,2014,4
-135.625,35.625,16.3720111846924,0.0710958987474442,1.46485494162391,330.10957512234,0,2014,4
-143.625,32.875,18.1335506439209,0.0737257152795792,1.76025566324895,270.976538035762,0,2014,4
-126.875,27.125,19.2278614044189,0.0440674833953381,5.0476925421424,247.397597952825,0,2014,4
-130.625,44.375,11.0218925476074,0.244748964905739,4.01400049825607,14.2785806672962,0,2014,4
-148.625,35.875,15.0182247161865,0.11312959343195,2.87341260524833,357.207297634287,0,2014,4
-135.625,51.125,7.68598890304565,0.261907011270523,2.95854694064502,61.0958769193666,0,2014,4
-137.875,36.625,15.8202466964722,0.0930433571338654,1.81686543255135,346.958109473338,0,2014,4
-135.625,41.375,13.12038230896,0.210231706500053,4.42366364001604,8.05683413384656,0,2014,4
-139.125,33.125,17.9003925323486,0.0619032606482506,1.23178731930476,262.067241685828,0,2014,4
-131.125,41.125,13.1255941390991,0.195926338434219,3.40872410147844,349.349368453924,0,2014,4
-139.125,40.625,12.6338586807251,0.190467640757561,4.60978307515657,9.23755389791796,0,2014,4
-140.625,28.375,19.9482002258301,0.0491542220115662,4.14382673382949,204.52405667682,0,2014,4
-132.875,42.125,12.7219257354736,0.213046878576279,3.95733496181458,5.36483452143699,0,2014,4
-137.125,33.875,16.6972026824951,0.0583730936050415,0.807774721070176,291.801409486352,0,2014,4
-135.125,40.625,13.6760358810425,0.156137719750404,3.93011450214876,0.43736386752073,0,2014,4
-134.625,41.625,13.2047109603882,0.169612616300583,4.34719449760417,3.29680488042681,0,2014,4
-133.125,34.875,15.8215055465698,0.0721969157457352,2.12037732491177,305.788973459183,0,2014,4
-128.875,27.375,18.9810943603516,0.0360085442662239,4.87581788010996,236.375115357745,0,2014,4
-146.625,37.375,14.3700532913208,0.151106625795364,3.47012968057391,0.495340219436059,0,2014,4
-142.125,28.375,20.5929489135742,0.0556389279663563,4.0969500851243,209.380607861289,0,2014,4
-151.125,49.125,6.77462673187256,0.30152890086174,6.24791965377277,20.0301152187332,0,2014,4
-133.625,29.625,18.7437057495117,0.0486775673925877,3.70563085047607,214.333331435065,0,2014,4
-124.625,28.375,18.3355979919434,0.0452850647270679,5.90952620774288,265.34103007783,0,2014,4
-158.625,42.125,9.90165138244629,0.318751901388168,6.94806447868757,15.3563734465731,0,2014,4
-151.125,48.625,7.04824066162109,0.300904422998428,6.39432560947595,18.888318426891,0,2014,4
-140.375,33.625,17.3389797210693,0.0661299899220467,1.23648695909015,288.874549758203,0,2014,4
-116.875,32.375,16.1565856933594,5.00598812103271,1.91269443456084,338.532348560901,0,2014,4
-124.875,40.125,11.1680564880371,0.807378828525543,5.07666228933933,283.324531261891,0,2014,4
-137.625,43.375,11.2724676132202,0.270077168941498,5.72869967793739,13.9392142981707,0,2014,4
-152.875,36.375,13.9540529251099,0.183766260743141,3.96940801631679,11.4797811252421,0,2014,4
-141.625,40.875,12.6709985733032,0.190692514181137,5.03000994034803,0.113907960293091,0,2014,4
-139.625,39.125,13.7179946899414,0.137468799948692,3.48633044905385,3.45331625053109,0,2014,4
-142.625,41.875,12.2599315643311,0.201974153518677,5.96110727969226,9.46232220802563,0,2014,4
-121.875,27.625,18.5283164978027,0.0457189902663231,6.27914803138133,274.475687545711,0,2014,4
-139.875,43.625,11.1432456970215,0.44600436091423,6.48731839822896,12.6437631399479,0,2014,4
-136.875,41.625,12.7565479278564,0.247286960482597,4.90098969596958,11.0577317920678,0,2014,4
-142.125,36.375,15.8106451034546,0.0891784802079201,2.80492424140118,344.279072214177,0,2014,4
-140.875,39.875,13.5047264099121,0.139402121305466,4.37321392113398,5.9061411137705,0,2014,4
-132.375,40.375,13.8203983306885,0.170770108699799,3.51256316669181,349.169920456593,0,2014,4
-128.375,29.375,18.2371768951416,0.0463624224066734,4.73769986385799,250.647173292474,0,2014,4
-130.875,43.875,11.6254320144653,0.295106470584869,3.93153913881065,8.3362013915401,0,2014,4
-146.625,33.625,16.9607620239258,0.0636845976114273,2.0591260281974,299.054604099077,0,2014,4
-125.875,44.375,10.9407358169556,0.420300096273422,2.10686971595303,4.62813753773236,0,2014,4
-128.375,30.875,17.4369869232178,0.046506579965353,4.75278865509503,260.676408221862,0,2014,4
-142.625,42.375,11.6192226409912,0.193386614322662,6.20188680967333,13.5208866474202,0,2014,4
-125.375,47.875,9.92343616485596,1.32260823249817,2.68029849084015,52.2750049578893,0,2014,4
-147.625,32.125,18.3979587554932,0.0682902410626411,2.0402450833172,260.122163710144,0,2014,4
-131.875,25.625,19.7927398681641,0.0440011285245419,5.25997148281243,218.438655809114,0,2014,4
-141.125,40.375,12.9856262207031,0.167821422219276,4.96487663492256,2.53968045034071,0,2014,4
-127.125,45.125,10.7370357513428,0.312031686306,3.02687958135107,13.7607851117912,0,2014,4
-132.625,26.875,19.6896800994873,0.0464712902903557,4.85553292646647,218.309661499986,0,2014,4
-123.875,26.625,18.4327640533447,0.0468808822333813,5.64876092607928,260.420951976571,0,2014,4
-115.125,29.375,15.8006181716919,3.68446779251099,4.2465044448346,328.480889814933,0,2014,4
-150.375,49.875,6.56753253936768,0.316693723201752,5.951344385935,24.6272114116368,0,2014,4
-144.375,40.875,12.0618133544922,0.226669028401375,5.24040074803445,11.7816685019915,0,2014,4
-134.625,33.625,16.5533714294434,0.0620834566652775,1.28763348822559,276.241914347415,0,2014,4
-142.125,29.875,19.8329296112061,0.0507246814668179,3.2481995012622,216.234871905793,0,2014,4
-125.875,26.125,19.205904006958,0.0470575988292694,5.14615390364493,247.371570660467,0,2014,4
-125.625,29.625,17.9381847381592,0.0461547002196312,5.56435081568371,267.734082864688,0,2014,4
-137.875,38.875,14.2569627761841,0.134803339838982,3.29437399212658,6.97401125553864,0,2014,4
-138.875,37.625,14.9815893173218,0.114863120019436,2.68001865665148,0.213789229877136,0,2014,4
-137.875,28.625,19.5549812316895,0.0531067065894604,3.96313007608885,205.401188675414,0,2014,4
-122.375,28.375,18.2830448150635,0.0499970726668835,6.58874798425315,276.974011255539,0,2014,4
-135.375,26.375,20.6874980926514,0.0444772094488144,5.23928430226877,211.020020781922,0,2014,4
-128.875,43.875,11.3511610031128,0.318668305873871,2.84803440990449,6.45127299392738,0,2014,4
-150.375,34.375,16.6876354217529,0.0728117674589157,2.33805474700658,346.142062324239,0,2014,4
-136.375,51.375,7.92520904541016,0.239147111773491,2.62087771557545,60.0110775779913,0,2014,4
-145.625,29.625,20.2939567565918,0.0554070174694061,3.73620127937455,222.830742410271,0,2014,4
-137.375,37.625,15.0462617874146,0.0864114090800285,2.5167637950352,353.383262102089,0,2014,4
-151.125,34.875,15.8793745040894,0.0835530608892441,2.68560980039916,352.081097561623,0,2014,4
-143.625,36.625,15.4616756439209,0.107403285801411,3.05221231240554,347.511914231051,0,2014,4
-126.125,29.625,17.8755626678467,0.0495655462145805,5.37837336004112,266.802442226149,0,2014,4
-139.875,29.875,19.2579383850098,0.0578644424676895,2.89748166517064,197.059113819258,0,2014,4
-145.375,37.375,14.3077936172485,0.139741152524948,3.31074009852782,358.788487368209,0,2014,4
-142.625,51.125,7.47724008560181,0.264277338981628,4.0408538701616,39.6784894069347,0,2014,4
-152.375,46.125,7.98046970367432,0.272246688604355,7.28237598589911,16.8424268651377,0,2014,4
-141.625,41.375,12.1910552978516,0.21433237195015,5.32218939911011,3.87852450284771,0,2014,4
-127.625,49.375,9.3079080581665,1.67892575263977,3.25153809757782,88.2376089763395,0,2014,4
-132.875,27.625,19.218786239624,0.0419082045555115,4.68052347499721,221.969014694455,0,2014,4
-140.875,28.875,19.7708988189697,0.047363169491291,3.65636431445227,202.005101089666,0,2014,4
-148.375,38.375,13.3562698364258,0.160700231790543,4.51624844312179,14.6208739886317,0,2014,4
-141.875,42.375,11.401517868042,0.267280727624893,6.05607133379388,11.2357151845544,0,2014,4
-137.875,44.125,10.8203983306885,0.269325882196426,6.23076239315864,15.6422464572087,0,2014,4
-143.875,34.625,16.6728553771973,0.0813538283109665,1.81727818453862,314.777060348802,0,2014,4
-145.125,38.375,13.5166339874268,0.171505525708199,3.98011306372068,0.431869556006063,0,2014,4
-143.875,37.875,14.3279695510864,0.128834068775177,3.84412538817349,353.577510437213,0,2014,4
-135.875,40.875,13.4120941162109,0.204537391662598,4.17008393200904,6.886427331432,0,2014,4
-146.625,45.625,9.2725658416748,0.343174338340759,7.29712272063448,15.2551187030578,0,2014,4
-138.375,27.125,20.8433094024658,0.0449240058660507,4.56846801455367,202.523391256567,0,2014,4
-145.625,51.625,7.07495069503784,0.236674383282661,4.54920872240437,40.0958371232597,0,2014,4
-137.875,36.875,15.3602857589722,0.0928297638893127,1.95971936766467,350.008956579831,0,2014,4
-136.625,39.375,14.5688190460205,0.121183231472969,3.57559785210809,3.20649585460342,0,2014,4
-151.625,35.625,15.0791177749634,0.103543058037758,3.4001323503652,0.505537876480957,0,2014,4
-146.625,31.875,18.8208694458008,0.0588196814060211,2.10466149297221,266.18592516571,0,2014,4
-140.125,31.125,19.0503025054932,0.0552779845893383,2.15640905210491,215.753887254437,0,2014,4
-136.125,38.875,14.7871742248535,0.112993374466896,3.25001538457897,359.823705850157,0,2014,4
-139.875,39.125,13.7159566879272,0.140483498573303,3.47972700078612,4.28504845853564,0,2014,4
-133.875,29.125,19.1907958984375,0.0427252873778343,4.08541307581008,213.417788206601,0,2014,4
-129.625,41.875,11.8496408462524,0.331297546625137,2.65650145868584,342.247111570251,0,2014,4
-141.375,40.875,12.6588068008423,0.191590055823326,5.10353798849386,357.866438062993,0,2014,4
-144.875,47.125,8.22828197479248,0.288133502006531,6.49166388532247,16.0060135036903,0,2014,4
-130.875,28.875,18.7114334106445,0.044732466340065,4.59526930658041,234.47681646006,0,2014,4
-136.125,37.125,15.1595726013184,0.0972434356808662,2.35423023512995,350.217592968193,0,2014,4
-142.125,38.875,14.0666732788086,0.137975737452507,4.35506601557313,357.236142629087,0,2014,4
-149.625,38.125,13.2234258651733,0.169621512293816,4.71780669379321,14.861010056884,0,2014,4
-152.625,46.875,7.35110473632812,0.279908984899521,6.86286383370674,16.5073260810959,0,2014,4
-133.125,28.875,18.6656227111816,0.0497158467769623,4.07932592470864,218.330777915222,0,2014,4
-151.125,37.875,13.0066776275635,0.187854021787643,4.70558179187229,14.7745502750466,0,2014,4
-124.125,27.875,18.2555446624756,0.0419305525720119,5.92843992969483,264.385572900954,0,2014,4
-133.875,40.125,13.7489433288574,0.192624852061272,3.635010316354,354.791300661797,0,2014,4
-149.375,35.875,14.8090419769287,0.122596956789494,3.13078264975389,1.28116169464204,0,2014,4
-129.125,28.125,19.0918884277344,0.0499042458832264,4.77880738260081,236.609211247004,0,2014,4
-149.125,49.375,6.93579292297363,0.303781688213348,6.04149815856961,23.509909877133,0,2014,4
-148.125,38.125,13.5969762802124,0.159198045730591,4.47420383979094,12.3899091218255,0,2014,4
-149.625,33.125,17.3829669952393,0.0649101436138153,1.630490723678,308.27564690689,0,2014,4
-138.375,43.875,11.1981687545776,0.334970355033875,6.32569363785506,14.6513585718222,0,2014,4
-142.375,30.625,19.4888591766357,0.068221814930439,3.36133901890303,220.656760048311,0,2014,4
-126.875,43.875,11.4123229980469,0.332063674926758,2.44032784682714,359.060809054264,0,2014,4
-132.875,43.875,11.6890535354614,0.284056097269058,4.85275179666135,12.3751314227366,0,2014,4
-120.625,25.625,19.3468570709229,0.0589438490569592,6.01079029745673,273.433630362451,0,2014,4
-137.875,38.375,14.5320177078247,0.112643845379353,2.96432117018382,3.09405805891708,0,2014,4
-143.625,30.375,19.1330184936523,0.0569709315896034,3.43034983638695,226.299269155204,0,2014,4
-127.125,44.625,10.9599256515503,0.339655727148056,2.68292750554315,7.49585763972988,0,2014,4
-138.125,34.125,17.1732883453369,0.0615065544843674,0.56302753041037,340.277722235553,0,2014,4
-139.875,43.125,11.5149602890015,0.380764573812485,6.19155069429299,10.892517328462,0,2014,4
-147.375,38.875,12.8137168884277,0.256357550621033,4.4481569216924,14.3174091584094,0,2014,4
-133.625,39.875,13.9019784927368,0.159596145153046,3.75213272686348,352.496174099489,0,2014,4
-138.375,34.125,17.1887130737305,0.0582810454070568,0.722011080247388,329.172337700132,0,2014,4
-137.625,32.625,17.5625400543213,0.0599668957293034,1.09772492000501,210.068582821862,0,2014,4
-134.125,33.125,16.9162464141846,0.0553037039935589,1.70484603410396,260.206172641552,0,2014,4
-146.375,49.875,7.46403694152832,0.274427533149719,5.7251200860768,19.7009478233168,0,2014,4
-151.375,47.875,7.09190988540649,0.305887669324875,6.7605399192668,20.0699950378983,0,2014,4
-134.375,50.875,7.68801021575928,0.300622522830963,3.54519392981541,60.9767908454592,0,2014,4
-144.625,32.625,18.5339164733887,0.0685543566942215,2.15083704636125,268.401462907324,0,2014,4
-123.625,26.375,18.4630432128906,0.0486552231013775,5.71003502616227,259.811827106442,0,2014,4
-141.625,32.625,17.9066886901855,0.0691172257065773,2.17412051183921,242.02052561152,0,2014,4
-133.125,43.625,12.1945972442627,0.271415770053864,4.86390789386477,11.8643904512811,0,2014,4
-128.875,51.375,8.228271484375,0.948275744915009,4.72648918331567,99.6217535308362,0,2014,4
-145.375,51.375,7.10248804092407,0.237278878688812,4.68385524968481,39.1947316332639,0,2014,4
-148.125,35.375,15.2431020736694,0.107041113078594,2.30672928624059,345.18058224821,0,2014,4
-142.625,30.125,19.9655208587646,0.0617249123752117,3.52404597018824,220.742373533821,0,2014,4
-127.875,50.125,9.23701000213623,2.85174345970154,3.36475853517009,108.004161605913,0,2014,4
-124.375,26.125,19.2764053344727,0.0502762123942375,5.58519471460038,254.420976446249,0,2014,4
-134.875,33.875,16.4351329803467,0.0617703087627888,1.19364986491014,278.67317404788,0,2014,4
-140.625,43.625,11.0044422149658,0.375332921743393,6.86585755750875,12.6193222934308,0,2014,4
-141.875,37.875,15.0034818649292,0.104455851018429,3.78714932369982,354.545324301873,0,2014,4
-136.125,33.625,16.5321979522705,0.0603469125926495,0.895600357302296,263.589159979768,0,2014,4
-140.125,38.125,14.7081127166748,0.109481871128082,3.36005952328229,0.341042278858879,0,2014,4
-125.125,46.125,10.3728618621826,0.818570196628571,2.52253840406841,27.3777027713317,0,2014,4
-138.875,35.625,16.1906394958496,0.0752615630626678,1.54353490404331,335.095231191905,0,2014,4
-136.875,31.625,18.101411819458,0.0481627285480499,2.02299283241439,219.986886244964,0,2014,4
-125.875,25.375,19.2807426452637,0.0434691458940506,5.25303721669664,241.58104784774,0,2014,4
-154.875,46.125,7.83359718322754,0.274137377738953,7.22205649382501,16.9044139202858,0,2014,4
-140.875,37.625,15.5904874801636,0.0900543108582497,3.56482818660311,353.233825177447,0,2014,4
-148.875,34.125,17.0401248931885,0.0738913044333458,2.20118150092172,331.805020937538,0,2014,4
-146.125,38.375,13.2990407943726,0.202931046485901,3.95303680731662,7.41266139767424,0,2014,4
-142.875,30.375,19.8206558227539,0.061402253806591,3.3658579886858,224.759262847278,0,2014,4
-143.625,50.375,7.79852437973022,0.261092364788055,4.66511521829847,29.2573990572899,0,2014,4
-132.375,27.875,18.9996566772461,0.045086283236742,4.51868343657752,224.372371808382,0,2014,4
-145.625,34.375,16.4363174438477,0.06859290599823,1.71213317239051,316.893385845746,0,2014,4
-136.625,29.625,19.1993179321289,0.0476645641028881,3.51647550823264,208.168331241758,0,2014,4
-127.125,43.375,11.3448791503906,0.341390788555145,2.22036033111745,352.234833981575,0,2014,4
-147.875,38.375,13.4011354446411,0.191370621323586,4.38416468668776,12.5146326031782,0,2014,4
-120.875,32.375,15.6294059753418,0.201252073049545,7.84184289564641,308.112085959648,0,2014,4
-145.125,29.375,20.0306510925293,0.0544648431241512,3.85648803965473,219.63436907336,0,2014,4
-133.125,33.125,17.2397747039795,0.056126669049263,2.172786229706,272.901910468884,0,2014,4
-135.125,37.875,15.0867223739624,0.0873719677329063,2.75757139526795,349.342053943504,0,2014,4
-141.625,29.375,20.0125465393066,0.0519271641969681,3.4651695485214,212.268286438734,0,2014,4
-153.625,36.125,14.2247953414917,0.179328337311745,3.69167983443852,14.7514624337615,0,2014,4
-151.625,48.125,7.15378904342651,0.293552458286285,6.69487117127731,19.0032869932623,0,2014,4
-130.125,43.125,11.8193559646606,0.305099993944168,3.31151022948745,358.269536038471,0,2014,4
-151.625,35.875,14.9176635742188,0.121927298605442,3.74432904536981,2.75542470050277,0,2014,4
-138.375,35.125,16.6981201171875,0.0703495070338249,1.24651514230674,339.820541335489,0,2014,4
-124.625,41.625,11.2749614715576,1.4810711145401,3.38031063661315,300.585859863836,0,2014,4
-143.375,32.875,18.0509281158447,0.0728055909276009,1.70105849399719,272.021364940356,0,2014,4
-148.875,36.375,14.7744474411011,0.136669829487801,3.27287335532556,5.0834828620047,0,2014,4
-139.375,28.375,20.2029094696045,0.0512809045612812,4.45646721069504,199.532746364595,0,2014,4
-140.875,29.125,19.6899871826172,0.0461323820054531,3.4928498393146,203.629377730657,0,2014,4
-127.875,26.875,19.5570049285889,0.0475304201245308,5.04239030619408,241.706940107623,0,2014,4
-143.875,48.625,8.09246635437012,0.249156132340431,6.02029899589713,22.0488295749257,0,2014,4
-124.375,42.125,10.4597911834717,2.66000699996948,1.30268952555857,294.007146626886,0,2014,4
-145.375,47.875,7.99548864364624,0.325678288936615,6.37636259947629,15.6491687453849,0,2014,4
-144.625,41.375,11.8508186340332,0.2060916274786,5.81753384175803,15.3501364924244,0,2014,4
-133.875,34.875,15.8225698471069,0.0768872871994972,1.85930094390338,300.012438028943,0,2014,4
-140.625,34.625,17.1522312164307,0.0752112343907356,1.48734663074886,318.270487923184,0,2014,4
-137.125,28.625,19.7131099700928,0.0514972135424614,3.99566014570809,203.292734003543,0,2014,4
-129.625,41.625,11.9578561782837,0.387411803007126,2.54310833430273,342.847578259788,0,2014,4
-135.875,26.875,20.1132564544678,0.041304424405098,4.83810913477569,211.390268104188,0,2014,4
-133.875,43.375,12.2532377243042,0.303951233625412,4.95047472471075,15.9453959009228,0,2014,4
-145.125,51.125,7.09844589233398,0.260024309158325,4.73701382729669,38.0553252610077,0,2014,4
-129.625,50.875,8.67304420471191,0.829540133476257,4.41906098622773,84.676447448001,0,2014,4
-138.125,39.125,14.0106821060181,0.140157297253609,3.47759974695191,8.43300523927473,0,2014,4
-132.375,51.875,7.69587898254395,1.01319766044617,3.6622670574386,72.3566523358648,0,2014,4
-133.375,51.625,7.7970085144043,0.735980033874512,3.63225825073053,68.520802645849,0,2014,4
-139.375,26.875,20.8046722412109,0.042913407087326,4.69162018923101,202.958055488821,0,2014,4
-135.875,32.875,17.2587089538574,0.0519003309309483,1.58420326978579,241.331811608468,0,2014,4
-128.125,44.125,10.7903347015381,0.354003041982651,2.57777035439544,4.44984706665593,0,2014,4
-140.875,35.125,16.7382678985596,0.0831654146313667,1.88859736312428,335.606260613837,0,2014,4
-150.125,35.125,16.1252632141113,0.0932532846927643,2.77893864631805,351.724107172925,0,2014,4
-138.375,42.875,11.4767971038818,0.33394655585289,5.47317092735098,12.6650637650424,0,2014,4
-125.375,44.625,10.9789295196533,0.554431796073914,2.06712360539954,10.8750582479941,0,2014,4
-142.875,37.625,14.7239799499512,0.119921587407589,3.80788655293195,353.061614194664,0,2014,4
-141.625,36.625,15.4575300216675,0.0939324423670769,3.01099651278443,344.394401727325,0,2014,4
-143.625,37.125,14.7200784683228,0.107705593109131,3.34607232438272,349.496051115964,0,2014,4
-147.125,33.625,17.0341167449951,0.0721599087119102,2.01645728940635,303.059602964581,0,2014,4
-149.125,46.625,7.9554386138916,0.310488253831863,6.91330601087497,19.1687979077994,0,2014,4
-138.125,33.125,17.5161399841309,0.0644892156124115,0.531507290636733,221.18592516571,0,2014,4
-138.375,44.875,10.5634689331055,0.286771506071091,6.64790192466766,14.015340229338,0,2014,4
-129.125,43.125,11.710636138916,0.391462177038193,2.68477187112797,356.583411808229,0,2014,4
-135.375,41.625,13.0059566497803,0.210928454995155,4.47049214293013,8.61948812648882,0,2014,4
-140.375,29.875,19.5937404632568,0.0555610805749893,2.8723509534874,199.949022183557,0,2014,4
-145.875,40.125,12.6265497207642,0.202169448137283,5.17904431338447,15.1095751223405,0,2014,4
-126.625,49.125,9.41643905639648,1.72771453857422,2.69475416318446,93.4039170404297,0,2014,4
-125.625,27.875,18.3644886016846,0.0408368743956089,5.5295659865852,257.572342051521,0,2014,4
-151.125,37.125,13.6555261611938,0.178896889090538,4.2439604145185,11.415839524407,0,2014,4
-127.375,26.375,19.5854110717773,0.0482030846178532,4.98554911719863,239.371302686536,0,2014,4
-133.875,34.125,16.6679725646973,0.0605512596666813,1.56387339641034,292.958055488821,0,2014,4
-131.375,42.875,11.8072710037231,0.379158526659012,3.44061041095908,4.50088229440684,0,2014,4
-150.375,33.375,17.0234909057617,0.0592071264982224,1.72609385608083,307.467398599053,0,2014,4
-144.125,40.625,12.5307855606079,0.204635173082352,5.18746566253696,8.53622703205656,0,2014,4
-139.375,43.125,11.4925565719604,0.345419853925705,6.05976897249392,9.30688097377623,0,2014,4
-135.375,30.875,18.4264125823975,0.0502465665340424,3.0566812067993,214.469907472361,0,2014,4
-141.625,37.375,15.3243217468262,0.0948378145694733,3.63188656210515,351.289820009989,0,2014,4
-134.375,32.625,17.1521129608154,0.0540106706321239,1.72409396495667,249.988501121894,0,2014,4
-139.375,28.875,19.5537757873535,0.0479647405445576,4.09668158391643,201.178089241961,0,2014,4
-134.375,35.625,15.3000659942627,0.0943217948079109,1.64830215676617,313.279185166327,0,2014,4
-140.625,50.875,7.88309907913208,0.234809339046478,3.86698849235422,39.1226073933569,0,2014,4
-135.875,52.125,7.5361762046814,0.391370236873627,2.45977641260339,62.91409244842,0,2014,4
-129.875,28.375,19.1243095397949,0.0467015206813812,4.81423929608822,233.701374951008,0,2014,4
-144.625,50.625,7.2179102897644,0.252442181110382,4.85056697716875,31.8551323824493,0,2014,4
-147.625,33.125,17.6960353851318,0.0698967650532722,1.87275198571514,289.9831065219,0,2014,4
-157.875,39.375,11.417254447937,0.247889012098312,5.60446250768082,15.5241109967542,0,2014,4
-138.375,42.625,11.7601613998413,0.326815515756607,5.26490265816947,12.5052000551462,0,2014,4
-158.625,40.875,10.8747320175171,0.273453563451767,6.4765577276822,15.8603333003026,0,2014,4
-127.625,25.625,19.4973754882812,0.0469843186438084,5.25455992448464,234.918650626061,0,2014,4
-152.875,36.625,13.6394205093384,0.218326210975647,4.07976715021826,13.3209349915269,0,2014,4
-143.375,49.375,7.91943883895874,0.263046085834503,5.6304351519221,26.7015777959963,0,2014,4
-134.375,39.875,13.6045598983765,0.171182706952095,3.58615392865393,356.642921321014,0,2014,4
-146.375,44.375,9.77773571014404,0.332324594259262,7.2334293388406,15.8039519927253,0,2014,4
-144.875,30.125,19.8690929412842,0.0518394857645035,3.37349966651844,226.080924186661,0,2014,4
-142.875,51.125,7.51961660385132,0.26975205540657,4.18445934381014,37.7188647472399,0,2014,4
-138.375,36.875,15.2199935913086,0.0969092398881912,2.2109726366466,354.2894068625,0,2014,4
-137.375,39.375,14.4525556564331,0.137254014611244,3.92045915678253,5.85601358542897,0,2014,4
-144.875,37.125,14.5940885543823,0.113284014165401,3.13435798848823,352.852310213614,0,2014,4
-159.875,40.625,11.0706996917725,0.289328038692474,6.48482073769198,16.1153045138956,0,2014,4
-141.375,41.625,11.9385576248169,0.238381758332253,5.5145262715849,4.15964229371264,0,2014,4
-151.125,33.875,16.8657379150391,0.0658196583390236,2.00531792990538,335.863448433277,0,2014,4
-138.125,42.625,11.7112226486206,0.313329815864563,5.23345010485435,12.4694338656241,0,2014,4
-131.125,40.125,13.5735445022583,0.171004220843315,3.31320086925016,343.698291655693,0,2014,4
-121.875,27.875,18.5249652862549,0.0448358245193958,6.41613590878497,276.083792378737,0,2014,4
-138.875,44.125,11.1448745727539,0.334334045648575,6.64335005851716,13.492378726964,0,2014,4
-151.125,46.625,7.741126537323,0.268884152173996,6.86476510887299,20.018760393784,0,2014,4
-127.875,25.375,19.4911231994629,0.0480211935937405,5.34607332534824,232.83001496975,0,2014,4
-157.625,41.375,10.3696565628052,0.269502550363541,6.59709784678081,13.6781495086029,0,2014,4
-143.625,34.125,16.9243927001953,0.070890761911869,1.62609962794412,299.875992691689,0,2014,4
-145.125,51.375,7.09346437454224,0.25012332201004,4.61087844125173,40.4260787400991,0,2014,4
-129.125,30.375,17.6643810272217,0.0495381355285645,4.41140567166521,251.359690839583,0,2014,4
-142.875,40.375,12.8624057769775,0.175616860389709,4.83810913477569,3.31778116833482,0,2014,4
-147.625,33.375,17.4284915924072,0.071793869137764,1.98587512195505,295.661814168955,0,2014,4
-133.625,26.125,19.8097915649414,0.0407534055411816,5.22289191923402,214.38987495987,0,2014,4
-148.125,38.625,13.2594013214111,0.202513322234154,4.61069409091516,13.6745705473266,0,2014,4
-133.625,34.875,15.7958307266235,0.074163056910038,2.00249843945008,304.007492419732,0,2014,4
-142.875,35.125,16.7780799865723,0.0749038606882095,2.16448608219134,329.762616969294,0,2014,4
-121.625,27.375,18.2809238433838,0.0485079362988472,6.12729140811827,274.30547159905,0,2014,4
-144.375,38.625,13.742130279541,0.157729670405388,4.07276318977669,357.889317230907,0,2014,4
-155.875,40.625,10.492579460144,0.361003756523132,5.76933271704796,15.481583055399,0,2014,4
-158.625,43.125,8.98485088348389,0.286976337432861,6.9451709842163,12.8956818079872,0,2014,4
-140.625,44.375,10.5814619064331,0.310791373252869,6.96282988446508,16.0923368164238,0,2014,4
-152.375,35.375,15.2384262084961,0.0985675677657127,2.99808272067333,4.20815984778369,0,2014,4
-151.125,48.875,6.97495412826538,0.304167240858078,6.33432711501388,18.9784271859904,0,2014,4
-143.375,28.125,20.7106781005859,0.051347903907299,4.23249335498592,213.239520224196,0,2014,4
-138.375,30.625,18.9069881439209,0.0474700853228569,2.8254026261756,200.294964352763,0,2014,4
-127.875,49.625,9.20759582519531,1.44619023799896,3.26459798443851,97.0379407631847,0,2014,4
-159.875,41.125,10.7862110137939,0.352170556783676,6.72703500808491,15.2551187030578,0,2014,4
-146.125,51.625,7.12145233154297,0.239700004458427,4.56501916753917,38.9538312265636,0,2014,4
-139.875,41.875,11.8721952438354,0.335512310266495,5.36127783275592,9.98940742623671,0,2014,4
-159.625,41.375,10.4896907806396,0.350370585918427,6.79605768074404,14.4860940204798,0,2014,4
-133.125,43.875,11.9032306671143,0.285230398178101,4.90407993409569,13.9228988491881,0,2014,4
-133.125,35.125,15.6364736557007,0.0746563524007797,2.19440196864658,307.966583540305,0,2014,4
-143.625,51.875,7.28399276733398,0.28732830286026,3.91061376256976,44.2747757009407,0,2014,4
-146.125,30.125,19.9095573425293,0.0534733608365059,3.43739727119226,228.892476235156,0,2014,4
-130.875,28.125,19.1141490936279,0.0429638586938381,4.58268480260207,229.602121469024,0,2014,4
-133.625,31.125,18.2618751525879,0.0491210483014584,2.7872925931807,226.744509841589,0,2014,4
-152.125,36.875,13.4084033966064,0.223846659064293,3.99804952445564,12.7153369888948,0,2014,4
-151.875,48.375,7.20642518997192,0.280865579843521,6.60031059875215,17.6388440429831,0,2014,4
-135.875,39.625,14.0083055496216,0.149401888251305,3.55202758998294,358.063978417073,0,2014,4
-152.125,36.375,14.1328973770142,0.179720938205719,3.96868996017578,9.86580694308435,0,2014,4
-158.625,42.625,9.47446060180664,0.298355489969254,6.93902730935684,13.7558748867407,0,2014,4
-135.125,35.875,15.7593564987183,0.0869653150439262,1.58091745515065,326.611486423888,0,2014,4
-128.125,49.875,9.08635139465332,1.20161926746368,3.52404597018824,103.957378026319,0,2014,4
-138.375,36.625,15.4880628585815,0.0971725359559059,2.01069639677401,349.975513204053,0,2014,4
-136.875,39.875,14.2546482086182,0.139465004205704,4.14403185315943,7.34795600009932,0,2014,4
-134.875,34.125,16.4391040802002,0.0655921921133995,1.22262013724623,285.172915345525,0,2014,4
-132.375,41.375,13.1581945419312,0.166747525334358,3.49885695620727,351.453039992656,0,2014,4
-155.875,41.375,10.1528835296631,0.316827028989792,6.01641920082037,16.1154513681622,0,2014,4
-148.125,32.875,17.9337921142578,0.0659006685018539,1.58113883008419,288.434948822922,0,2014,4
-133.625,28.625,19.2406539916992,0.0478741377592087,4.18561823390524,214.487372830079,0,2014,4
-147.625,38.125,13.6169710159302,0.179494827985764,4.21521055227375,9.28355280526137,0,2014,4
-139.625,41.125,12.2804718017578,0.236469596624374,4.98196748283246,10.4077113124901,0,2014,4
-146.875,39.375,12.6865005493164,0.235134139657021,4.65468581109402,14.812480635343,0,2014,4
-145.125,32.375,18.811544418335,0.0696146860718727,2.15188289644209,267.60297146994,0,2014,4
-139.125,38.875,13.7887191772461,0.12555368244648,3.55268912234099,4.84400037508067,0,2014,4
-140.875,35.625,16.1829071044922,0.0797655433416367,2.09804671063349,345.367636984149,0,2014,4
-140.125,31.375,18.8845634460449,0.0581514984369278,2.12701669010847,220.805817211609,0,2014,4
-124.625,40.125,10.9795160293579,0.775463819503784,5.36991620046347,283.570434385161,0,2014,4
-147.375,35.875,15.4696254730225,0.0962066650390625,2.59239271716305,352.463776982831,0,2014,4
-148.625,48.375,8.08659362792969,0.318985253572464,6.79674186651222,19.4213305835087,0,2014,4
-131.875,44.125,11.2544727325439,0.240514293313026,4.4360004508566,14.2242005176274,0,2014,4
-142.625,32.125,18.2833251953125,0.0680447965860367,2.01801883043742,250.307978761263,0,2014,4
-149.125,47.875,8.06805896759033,0.319882810115814,7.0032135480792,19.7804017916936,0,2014,4
-152.125,34.875,16.0047092437744,0.0849202051758766,2.77180446640812,357.932458195379,0,2014,4
-137.375,31.125,18.5213756561279,0.0481401644647121,2.40052077683156,215.676408221862,0,2014,4
-146.625,34.125,16.6864814758301,0.0705578699707985,2.00890517446693,309.951640322052,0,2014,4
-142.375,27.625,20.8381824493408,0.0540667995810509,4.33058887450656,208.103617484006,0,2014,4
-138.375,28.625,19.8124313354492,0.0486526601016521,4.18428010534668,200.860551390562,0,2014,4
-125.625,47.375,10.1961631774902,0.905628025531769,2.76501356235372,44.2673573311353,0,2014,4
-156.875,44.875,8.0124340057373,0.294131129980087,6.69339973406639,17.0272073350479,0,2014,4
-128.125,50.625,9.06957626342773,4.21796751022339,3.0479173217133,96.2156358997026,0,2014,4
-133.125,34.625,16.1502380371094,0.067713163793087,2.08722303551873,301.481617183088,0,2014,4
-135.375,31.125,18.3683090209961,0.0500298552215099,2.84255167059457,217.998732442505,0,2014,4
-137.375,30.375,19.0093231201172,0.0447521060705185,3.27061156360703,208.288890829437,0,2014,4
-140.625,39.875,13.3229207992554,0.148574143648148,4.20630479161936,5.04644185968567,0,2014,4
-139.125,39.375,13.2773714065552,0.160197213292122,3.66488744711212,5.16612071857918,0,2014,4
-130.125,44.125,11.261079788208,0.282186299562454,3.62030385465088,11.3099324740202,0,2014,4
-156.375,41.375,9.79427433013916,0.309944778680801,6.09738468525646,14.2413587474477,0,2014,4
-142.125,32.625,18.1435928344727,0.0700157657265663,1.71828402774396,261.634113875967,0,2014,4
-124.375,42.875,10.7456102371216,1.70799458026886,0.320624390837628,356.423665625003,0,2014,4
-146.375,39.625,12.7967081069946,0.204476431012154,4.81677277853129,14.1804923562913,0,2014,4
-126.375,25.125,19.3439464569092,0.0455974191427231,5.2394083635464,235.733657671583,0,2014,4
-139.125,44.375,11.1128225326538,0.364788740873337,6.7814526467417,13.6469004584351,0,2014,4
-137.375,41.375,12.9906511306763,0.225321620702744,4.83538002643019,12.5416600596567,0,2014,4
-140.625,27.875,20.4419040679932,0.0551217719912529,4.41018140216477,207.552811576718,0,2014,4
-144.625,38.875,13.5124092102051,0.172504842281342,4.15043371227635,0.828315005147374,0,2014,4
-144.125,34.875,16.8028125762939,0.0705034658312798,2.06526027415433,319.910261221583,0,2014,4
-125.375,47.625,10.1234712600708,0.988671064376831,2.71029518687541,42.757186216984,0,2014,4
-148.875,36.125,14.995418548584,0.117615379393101,3.0705862632403,1.11964468052918,0,2014,4
-133.875,26.125,19.7625217437744,0.0417967364192009,5.19754749858046,213.781789613336,0,2014,4
-130.125,43.875,11.6313190460205,0.272435307502747,3.53413355718201,7.96961039432136,0,2014,4
-148.375,48.875,7.60566902160645,0.322077691555023,6.33974762904644,21.4657614249313,0,2014,4
-131.625,43.375,11.7495899200439,0.309206753969193,3.87675121719204,5.32823478197986,0,2014,4
-134.875,31.875,17.6525230407715,0.0583971738815308,1.86037630601983,230.233861647216,0,2014,4
-143.375,42.125,11.7936162948608,0.208065494894981,6.14108296638305,14.3304135267173,0,2014,4
-152.375,48.125,7.24474096298218,0.311602175235748,6.63177955001521,15.8385894762508,0,2014,4
-138.875,26.875,20.8782978057861,0.0471397526562214,4.85786990356885,202.129936731762,0,2014,4
-136.875,33.125,17.0785160064697,0.0557834506034851,1.0159724405711,241.164499152257,0,2014,4
-141.625,42.875,11.4659118652344,0.299921274185181,6.43854020722089,12.7411563240317,0,2014,4
-137.125,27.625,19.9960498809814,0.0426877327263355,4.38474628684488,204.811646317006,0,2014,4
-146.125,30.375,19.5741634368896,0.0537115000188351,3.1985621769789,230.836628524869,0,2014,4
-137.125,26.125,20.5611801147461,0.0438116975128651,5.221877057151,209.608787064737,0,2014,4
-142.125,37.375,14.904860496521,0.105609841644764,3.44884038482502,354.008385384971,0,2014,4
-134.375,38.875,13.8986310958862,0.151372537016869,3.25554910882942,348.482975248853,0,2014,4
-144.375,51.625,7.11119222640991,0.258742451667786,4.17948561428317,44.127542877098,0,2014,4
-142.875,29.625,20.3470458984375,0.0552869439125061,3.68457595932015,224.010344083786,0,2014,4
-128.625,42.375,11.6727714538574,0.309223413467407,2.50667109928686,347.793493146441,0,2014,4
-142.875,31.875,18.5932922363281,0.0669314935803413,2.17082933460924,247.806495491606,0,2014,4
-155.375,45.875,7.88072919845581,0.272895723581314,7.00953636127241,17.0907097161318,0,2014,4
-134.875,51.625,7.6010570526123,0.371846407651901,2.96082758701009,62.6560511651364,0,2014,4
-138.125,40.375,13.6301231384277,0.160917162895203,4.59069711481818,6.62963151850158,0,2014,4
-135.625,37.375,15.165228843689,0.113802969455719,2.46333107803235,349.237462776858,0,2014,4
-139.375,31.875,18.323278427124,0.0592155568301678,1.51267974138613,211.483431891209,0,2014,4
-144.625,50.375,7.65373849868774,0.261851370334625,5.08183037890876,29.3393284883788,0,2014,4
-125.625,40.625,11.9168643951416,0.975556135177612,4.10103645436126,296.190165930263,0,2014,4
-134.875,37.375,15.005298614502,0.116707518696785,2.5321137415211,346.29303899592,0,2014,4
-138.125,27.375,20.7727718353271,0.0454118698835373,4.39089968002003,203.061519532294,0,2014,4
-133.375,32.875,17.2642345428467,0.0515532195568085,1.93126901285139,267.922825234837,0,2014,4
-137.875,45.125,10.4365139007568,0.277618497610092,6.66219183152212,15.4964897007196,0,2014,4
-131.625,39.125,14.1499242782593,0.131213575601578,3.13114994850135,346.141279680545,0,2014,4
-129.375,44.125,11.260308265686,0.297935098409653,3.2823924201716,8.05604494665204,0,2014,4
-139.625,31.875,18.2667865753174,0.0659931302070618,1.60430670384437,219.942751467441,0,2014,4
-142.625,36.875,15.5885152816772,0.103842869400978,3.27006116150753,349.961570717184,0,2014,4
-131.125,42.125,11.9298067092896,0.275101572275162,3.07527234566306,356.644479909191,0,2014,4
-128.375,42.625,11.6645488739014,0.315482556819916,2.48406924219113,350.499758684663,0,2014,4
-159.125,41.125,10.6773176193237,0.271175444126129,6.69729796261149,14.9699927668642,0,2014,4
-138.375,51.875,7.57245588302612,0.247561722993851,2.88383425321221,60.5015506437347,0,2014,4
-139.375,41.375,12.2330436706543,0.223886519670486,4.97567080904676,11.8293517990207,0,2014,4
-132.625,39.625,13.9572563171387,0.198163658380508,3.49292141337305,348.271857584483,0,2014,4
-145.375,39.625,12.6322689056396,0.195682570338249,4.50787089433582,9.19068123321,0,2014,4
-153.625,38.125,12.4223165512085,0.24931775033474,5.14965047357585,16.0065276776863,0,2014,4
-136.875,40.375,13.8998336791992,0.160317435860634,4.32380619362154,9.04840552642145,0,2014,4
-144.875,36.625,14.7390480041504,0.122632816433907,2.7754098796394,349.621295010091,0,2014,4
-138.125,33.875,17.3484115600586,0.0630292370915413,0.320156211871642,345.529705899934,0,2014,4
-138.625,52.125,7.48960542678833,0.24506464600563,2.95296461204668,61.6992442339936,0,2014,4
-138.875,32.375,18.000862121582,0.0555629767477512,1.12071405808975,214.824489156957,0,2014,4
-143.875,50.875,7.31228160858154,0.263723343610764,4.42928888197643,33.5824362571309,0,2014,4
-132.375,27.375,19.4893531799316,0.0452766977250576,4.75078940808788,220.732106699709,0,2014,4
-132.375,51.125,7.9512300491333,0.840269684791565,3.90103832331855,69.7533799244118,0,2014,4
-145.625,36.625,14.7859745025635,0.117408931255341,2.89140104447654,358.216278846144,0,2014,4
-136.625,26.125,20.3290615081787,0.0419277809560299,5.2482854343109,208.3229376385,0,2014,4
-138.125,52.125,7.59052801132202,0.249387815594673,2.69675731203236,63.8150147541587,0,2014,4
-148.125,36.625,14.8574485778809,0.118517115712166,3.39589458022477,3.37636828558817,0,2014,4
-151.625,36.375,14.4363307952881,0.13708384335041,4.0546393181145,8.5098037403298,0,2014,4
-123.625,26.875,18.4106159210205,0.049338061362505,5.78284532042834,262.248220845703,0,2014,4
-134.875,28.125,19.3010082244873,0.0450654625892639,4.07682474482286,211.66274482548,0,2014,4
-149.375,47.875,7.86067628860474,0.325728416442871,6.97929795896407,20.2005334577445,0,2014,4
-136.375,36.875,15.3104629516602,0.0955497026443481,2.22622999710273,349.649114345069,0,2014,4
-135.875,36.125,16.0302734375,0.0779331773519516,1.5756268593801,343.405246433471,0,2014,4
-127.125,26.375,19.5005664825439,0.0468605607748032,5.04821750719994,240.184730802948,0,2014,4
-136.125,41.375,12.7947912216187,0.271534025669098,4.55623748283603,10.4960566446065,0,2014,4
-126.375,27.375,19.1665287017822,0.0482203438878059,5.32245244224878,250.918245730745,0,2014,4
-124.375,45.375,10.9100294113159,1.05804872512817,2.45155052976683,22.7996440239106,0,2014,4
-152.125,48.125,7.23240613937378,0.285744428634644,6.7507925460645,16.8780897299368,0,2014,4
-130.125,44.375,11.1887941360474,0.282537847757339,3.73020106696677,13.9617366444972,0,2014,4
-153.125,48.625,6.80780029296875,0.327969998121262,6.59761320478853,16.3748377991989,0,2014,4
-139.625,41.875,11.936014175415,0.324128180742264,5.27986742257796,10.5863244017806,0,2014,4
-119.1789,28.385118,18.857332,0.07790697,6.1097054,293.33405,1,2014,5
-118.98632,28.444483,18.876368,0.08160597,6.033714,295.63074,1,2014,5
-119.31048,28.450817,18.632357,0.07807102,6.100115,291.64444,1,2014,5
-119.20646,28.500872,18.56447,0.08269012,5.9930377,295.9237,1,2014,5
-118.789246,28.506313,18.654757,0.0841997,6.0114307,297.54547,1,2014,5
-118.73928,28.518827,18.741875,0.10605266,6.1247125,298.15503,1,2014,5
-118.2295,28.536736,18.683653,0.109513626,6.0375657,298.81494,1,2014,5
-118.27097,28.542393,18.738588,0.1147652,6.1861215,299.0096,1,2014,5
-117.96192,28.711199,18.685995,0.11907774,5.78613,298.60257,1,2014,5
-117.85768,28.752747,18.63738,0.122328065,6.511436,296.64377,1,2014,5
-118.138466,28.755093,18.6526,0.11173458,6.496522,298.30075,1,2014,5
-118.54198,28.759888,18.737398,0.118246414,6.3375864,297.33325,1,2014,5
-118.7581,28.76314,18.642096,0.093498126,6.091642,297.3643,1,2014,5
-118.26428,28.78036,18.630054,0.13266918,6.205304,298.1757,1,2014,5
-117.723114,28.799356,18.705029,0.14835061,6.240521,299.1527,1,2014,5
-117.40021,28.910402,18.716139,0.1709192,6.306013,302.30396,1,2014,5
-117.38337,29.003668,18.63357,0.15033628,6.489037,305.8456,1,2014,5
-118.33333,29.00414,18.608322,0.12231505,6.6397743,299.30606,1,2014,5
-118.12586,29.015291,18.629484,0.11489228,6.698806,300.69974,1,2014,5
-117.24119,29.016459,18.60972,0.15282343,6.563025,307.88263,1,2014,5
-116.99151,29.142174,18.597641,0.14442806,6.545258,309.91766,1,2014,5
-117.99844,29.232449,18.592134,0.11765143,6.6783533,301.40515,1,2014,5
-118.245316,29.253,18.575521,0.10461286,6.523312,303.49518,1,2014,5
-117.061424,29.25431,18.590431,0.11726163,6.607753,310.82703,1,2014,5
-118.37532,29.264957,18.67856,0.10162725,6.3773427,302.64346,1,2014,5
-116.82659,29.275747,18.572731,0.11862021,6.6162376,311.56882,1,2014,5
-117.95454,29.293045,18.52871,0.12357031,6.753969,309.6535,1,2014,5
-116.74621,29.340216,18.587408,0.13107926,6.696992,311.1859,1,2014,5
-118.686935,29.342777,18.698156,0.10537426,6.0805264,302.64465,1,2014,5
-117.746765,29.374926,18.604795,0.11991821,6.4827847,308.54938,1,2014,5
-117.47876,29.427353,18.60784,0.12879191,6.517085,309.89563,1,2014,5
-116.62552,29.500067,18.48373,0.14377035,6.434788,312.29166,1,2014,5
-117.39788,29.501842,18.550531,0.1182457,6.36905,312.70938,1,2014,5
-116.78252,29.502266,18.512348,0.12720549,6.474226,311.61884,1,2014,5
-118.66215,29.506859,18.382263,0.09951648,6.084119,306.51202,1,2014,5
-117.98879,29.510925,18.269915,0.13350436,6.206013,311.47253,1,2014,5
-117.635956,29.515062,18.451885,0.13134904,6.230313,312.1376,1,2014,5
-117.19349,29.521582,18.533743,0.116232455,6.484566,312.2499,1,2014,5
-116.93544,29.750032,18.342672,0.16776946,6.2370267,312.20572,1,2014,5
-118.504135,29.750427,18.036774,0.102439664,6.1956277,308.1832,1,2014,5
-116.722115,29.752584,18.314281,0.16049159,6.0193105,313.5864,1,2014,5
-118.49994,29.7549,18.004166,0.10786329,6.130579,310.23636,1,2014,5
-117.835,29.762127,18.140583,0.15410319,5.9888062,312.293,1,2014,5
-117.47656,29.795546,18.39787,0.14870156,6.1044984,313.47336,1,2014,5
-117.12665,29.834934,18.387936,0.14650232,6.2051992,312.97556,1,2014,5
-117.7393,29.852629,18.324793,0.16051666,6.036133,312.78452,1,2014,5
-118.770615,29.879475,18.063272,0.10234341,6.2002015,306.40784,1,2014,5
-117.06389,30.001123,18.241653,0.18361014,5.9627595,313.573,1,2014,5
-116.79858,30.001762,18.17834,0.20542118,5.954914,313.91138,1,2014,5
-116.494606,30.013033,18.063051,0.24014665,5.598687,312.46643,1,2014,5
-116.50084,30.01806,18.128067,0.24190181,5.6153007,313.98984,1,2014,5
-118.81478,30.020153,17.919622,0.09786705,6.265844,308.25995,1,2014,5
-117.35681,30.042492,18.285166,0.1571702,5.9338436,313.83923,1,2014,5
-118.71817,30.120325,17.938202,0.09865503,6.29306,309.58408,1,2014,5
-117.77793,30.223003,18.121618,0.16055195,5.9425416,313.2271,1,2014,5
-118.4869,30.237988,17.93196,0.103743166,6.2369866,311.09952,1,2014,5
-117.73114,30.24258,18.278477,0.15252872,6.0063715,313.1785,1,2014,5
-117.771736,30.250404,18.140917,0.16970064,6.068311,313.79816,1,2014,5
-116.723335,30.251356,18.083105,0.27646944,5.494261,314.77878,1,2014,5
-116.82851,30.256826,18.126774,0.22897702,5.812693,315.55762,1,2014,5
-117.68604,30.258303,18.22203,0.17848864,6.012803,313.38266,1,2014,5
-118.44349,30.259983,17.928238,0.097435944,6.280836,311.96686,1,2014,5
-118.02542,30.284454,17.959103,0.1409574,6.170656,312.76712,1,2014,5
-117.06253,30.296396,18.204145,0.21105298,5.8904076,315.48148,1,2014,5
-117.35719,30.335947,18.211723,0.20000541,5.862261,314.378,1,2014,5
-117.14055,30.501303,18.283863,0.15895215,5.883961,315.96402,1,2014,5
-117.25452,30.507803,18.29834,0.13691215,6.010557,314.59558,1,2014,5
-129.625,46.875,11.9038858413696,0.513185501098633,2.62345192446898,352.333195738186,0,2014,5
-149.125,48.375,8.84747886657715,0.292105585336685,0.242074368738204,321.709836807757,0,2014,5
-135.125,44.125,12.3687896728516,0.343849092721939,3.66771045749252,5.63287237736563,0,2014,5
-156.625,45.375,8.68920516967773,0.224401131272316,1.60555286428071,242.956165152627,0,2014,5
-135.375,42.875,12.983904838562,0.246496215462685,3.41976607387114,8.74616226255523,0,2014,5
-139.625,51.375,9.43831253051758,0.226447477936745,1.60112460477003,290.472279519742,0,2014,5
-137.875,27.875,20.6695499420166,0.0472391657531261,5.69526118804046,200.344101255918,0,2014,5
-128.625,51.375,10.6491222381592,3.06747531890869,1.290736224021,49.3987053549955,0,2014,5
-134.625,28.875,20.124324798584,0.0451537407934666,5.5805734472364,211.069403209233,0,2014,5
-140.125,51.375,9.36502265930176,0.228252440690994,1.4800337833982,292.232737193889,0,2014,5
-143.875,28.625,21.5256805419922,0.0497202165424824,4.69971275717995,174.750383496625,0,2014,5
-122.875,27.875,19.2806053161621,0.0491668395698071,6.83195433240006,264.456303505268,0,2014,5
-122.875,38.375,10.7290420532227,10.6990804672241,3.08462315364454,337.508728854896,0,2014,5
-143.875,50.375,9.01752281188965,0.246284410357475,0.422018956920184,306.32682595212,0,2014,5
-155.125,46.875,8.45778560638428,0.194314569234848,1.77730132504311,250.953375702364,0,2014,5
-123.625,27.125,19.2158679962158,0.047627255320549,6.25844229820808,259.318482402512,0,2014,5
-144.375,51.625,8.8513879776001,0.256387531757355,0.532634959423431,320.33215888166,0,2014,5
-127.375,26.125,19.9065361022949,0.0435971170663834,6.57305104194392,237.929938468061,0,2014,5
-138.375,29.875,20.3233547210693,0.051263153553009,4.18861552305771,194.235301542006,0,2014,5
-138.625,27.875,21.1745471954346,0.0502214469015598,5.70322715661931,196.083391249495,0,2014,5
-141.375,46.875,10.3407459259033,0.244824051856995,1.99218473039023,6.34019174590992,0,2014,5
-139.125,26.625,21.6698265075684,0.0494308397173882,6.60900143743365,196.707547970097,0,2014,5
-142.125,46.625,10.4393939971924,0.283728063106537,2.04071066052981,8.1698083627083,0,2014,5
-133.125,48.375,10.5509214401245,0.541596949100494,2.22611769679862,8.78529871788459,0,2014,5
-147.875,48.625,8.7520751953125,0.282250612974167,0.290172362570938,358.025065989118,0,2014,5
-142.125,49.625,9.39253330230713,0.252939820289612,0.903548559846121,332.300527191945,0,2014,5
-135.125,28.375,20.1280155181885,0.0476976633071899,5.76938471589475,210.520932332969,0,2014,5
-122.875,34.375,15.5336818695068,0.384565383195877,8.74714239051817,298.3229376385,0,2014,5
-145.625,50.625,8.60904026031494,0.290018409490585,0.290172362570938,268.025065989118,0,2014,5
-147.625,49.875,8.34114456176758,0.320690900087357,0.718401002226473,253.835500847743,0,2014,5
-129.875,46.625,11.819206237793,0.468355745077133,2.81064049639935,353.051977993913,0,2014,5
-134.375,43.125,12.749077796936,0.3059943318367,3.3643127084146,5.28694085023528,0,2014,5
-149.875,48.625,8.34993267059326,0.336296796798706,0.487647413609464,285.461217740442,0,2014,5
-137.875,29.625,20.2110137939453,0.0564229562878609,4.38001141551024,197.814441175088,0,2014,5
-146.125,49.125,8.70131492614746,0.2641581594944,0.676830850360709,347.195733934713,0,2014,5
-139.125,29.375,20.2907447814941,0.0546865127980709,4.56855557041829,186.409439693233,0,2014,5
-148.875,49.125,8.42998313903809,0.318884313106537,0.414366987102013,250.253163394574,0,2014,5
-132.375,26.375,20.1257266998291,0.0472038015723228,6.66523067867872,221.654955649869,0,2014,5
-141.875,51.625,8.94923400878906,0.247089952230453,1.15433963806152,305.479978134226,0,2014,5
-143.625,28.625,21.540958404541,0.0516454502940178,4.76843789935446,173.739422532882,0,2014,5
-138.625,34.625,18.7995147705078,0.0657750144600868,0.68818602136341,54.4623222080256,0,2014,5
-128.875,49.375,11.2596817016602,1.0400367975235,1.2397580409096,12.5789352374931,0,2014,5
-135.375,46.125,11.4845676422119,0.465468525886536,3.54447457319135,5.17979397075726,0,2014,5
-157.625,38.875,12.8570127487183,0.289895683526993,0.382753184180093,70.1447856306789,0,2014,5
-145.375,48.125,9.01903343200684,0.284650564193726,1.15121674761967,11.0171116187892,0,2014,5
-134.375,45.625,11.8397493362427,0.381200432777405,3.62353418639869,8.89042325736386,0,2014,5
-128.375,50.125,11.6045694351196,1.13773941993713,0.353411940941446,64.8851651138555,0,2014,5
-122.125,36.625,12.2066946029663,2.63138222694397,4.74852608711377,317.304250270809,0,2014,5
-148.625,49.375,8.35196495056152,0.326680362224579,0.617170964968379,243.019769281777,0,2014,5
-127.875,27.375,19.5369644165039,0.0472858063876629,6.7350575350178,241.342014517634,0,2014,5
-137.125,35.375,18.2743072509766,0.0662673190236092,0.823771813064759,10.4914770123316,0,2014,5
-134.375,28.625,20.1805171966553,0.0458726473152637,6.00463987263183,213.795925658672,0,2014,5
-129.125,46.625,12.0050401687622,0.444153726100922,2.65188612123522,352.633796106774,0,2014,5
-147.875,49.875,8.27523612976074,0.383835911750793,0.74,251.075355583949,0,2014,5
-156.875,39.875,12.424783706665,0.356298327445984,0.636553218513582,46.2730300200567,0,2014,5
-129.375,28.625,19.2112941741943,0.0489692464470863,6.95586802635013,240.265335496729,0,2014,5
-127.375,26.875,19.7668266296387,0.0440842397511005,6.75763272159711,239.792387519593,0,2014,5
-149.125,46.125,9.51468276977539,0.275109618902206,0.674166151627327,32.2756443145776,0,2014,5
-133.625,40.875,14.5221710205078,0.120375387370586,2.98685453278194,348.802928403345,0,2014,5
-155.125,43.625,10.717004776001,0.174745723605156,0.607453701939498,327.094757077012,0,2014,5
-128.625,47.375,11.8399267196655,0.41963604092598,2.32551069659978,356.054813770962,0,2014,5
-126.125,25.375,20.1220932006836,0.043841578066349,6.40647328879158,241.874904705492,0,2014,5
-133.875,26.875,20.3203372955322,0.0513378120958805,6.52055979191971,213.933774178377,0,2014,5
-150.375,48.875,7.93003797531128,0.351146280765533,0.731641988953614,248.344010961578,0,2014,5
-134.125,39.125,15.3973922729492,0.114814452826977,2.96920864878169,348.538691974589,0,2014,5
-131.625,49.125,10.7212076187134,0.423103332519531,1.93018133863117,10.1455444338964,0,2014,5
-124.625,47.375,13.7067022323608,1.36562502384186,2.24356858598083,348.69006752598,0,2014,5
-116.465805,28.30145,18.589403,0.12095094,4.935433,302.33765,1,2015,3
-116.22243,28.373962,18.597155,0.13042717,4.841095,302.34412,1,2015,3
-117.32541,28.386305,19.016771,0.10520528,5.1651235,294.2328,1,2015,3
-117.671814,28.395782,19.251837,0.108182654,5.092131,293.49408,1,2015,3
-117.065,28.396637,18.766365,0.09824548,5.1921673,296.417,1,2015,3
-116.964806,28.41203,18.60599,0.10360339,5.1358833,298.11185,1,2015,3
-116.700134,28.434568,18.535591,0.108747445,5.0705423,299.80093,1,2015,3
-115.96563,28.446432,18.464016,0.15075405,4.63476,304.27295,1,2015,3
-117.75607,28.46903,19.436855,0.10547098,5.2165985,294.9439,1,2015,3
-116.0679,28.500053,18.52327,0.13150664,4.8638463,305.2912,1,2015,3
-115.86508,28.500116,18.48683,0.13708104,4.766424,308.69736,1,2015,3
-116.54824,28.500137,18.370232,0.107082844,5.1494856,302.1469,1,2015,3
-117.81939,28.501907,19.422054,0.10795695,5.4970903,294.04715,1,2015,3
-115.71254,28.504713,18.278933,0.16831031,4.434242,313.9949,1,2015,3
-116.295135,28.50509,18.46642,0.1241807,4.9230275,303.39957,1,2015,3
-118.00693,28.651072,19.664433,0.111697026,5.771248,293.81128,1,2015,3
-115.79388,28.750154,18.451527,0.14009193,5.027375,310.7249,1,2015,3
-115.70803,28.75034,18.267664,0.17142431,4.851495,316.00217,1,2015,3
-118.24929,28.750431,19.294039,0.11192931,5.6161375,294.5115,1,2015,3
-117.875595,28.752493,19.03025,0.10594374,5.991402,290.82468,1,2015,3
-116.02495,28.753733,18.41231,0.13307999,5.0801573,307.32104,1,2015,3
-116.4472,28.756845,18.328108,0.1305219,5.0261416,304.54376,1,2015,3
-117.733604,28.765068,18.76682,0.10416444,5.7884884,293.95245,1,2015,3
-118.26521,28.770113,19.460794,0.15208489,5.706356,294.3193,1,2015,3
-116.71204,28.814407,18.244677,0.11395282,5.2003174,303.62897,1,2015,3
-117.17147,28.81494,18.413002,0.09213116,5.452504,297.64597,1,2015,3
-116.77195,28.815828,18.288824,0.09962334,5.3526163,300.54153,1,2015,3
-117.48507,28.820787,18.550303,0.09887801,5.5818725,295.69284,1,2015,3
-118.3436,29.004972,19.247606,0.1669081,5.720367,295.80353,1,2015,3
-117.19414,29.005888,18.26545,0.100405276,5.4663057,300.08292,1,2015,3
-116.20594,29.006453,18.37801,0.14655362,5.2941666,307.32443,1,2015,3
-116.69253,29.013807,18.137789,0.1277445,5.236793,304.41837,1,2015,3
-116.46215,29.025974,18.241255,0.14412694,5.2509522,305.7787,1,2015,3
-117.26349,29.031315,18.315111,0.102911234,5.589007,298.53683,1,2015,3
-116.9872,29.109728,18.143587,0.11169716,5.3572845,302.2661,1,2015,3
-116.83578,29.250732,18.097925,0.13627142,5.2920036,304.1405,1,2015,3
-118.335655,29.25092,19.122318,0.13898045,5.460586,298.91193,1,2015,3
-116.71369,29.255127,18.08227,0.15724285,5.222509,303.5988,1,2015,3
-116.494965,29.277752,18.157911,0.15963496,5.2922583,302.9694,1,2015,3
-118.24468,29.36715,19.038782,0.12755948,5.508403,299.59006,1,2015,3
-116.71334,29.500528,18.062784,0.19699682,4.995448,302.9902,1,2015,3
-116.85373,29.500692,18.045753,0.16987163,5.1143427,303.59686,1,2015,3
-116.344406,29.500977,18.194742,0.1847659,5.073263,301.6223,1,2015,3
-118.053825,29.508202,18.55319,0.10640343,5.5913954,303.54797,1,2015,3
-117.95541,29.562128,18.431126,0.092163704,5.725033,304.4673,1,2015,3
-117.72923,29.698696,18.290867,0.089280464,5.5486665,305.09354,1,2015,3
-116.61343,29.760714,18.028913,0.20613812,4.7707443,303.02386,1,2015,3
-117.56415,29.766857,18.181,0.094501324,5.4928045,305.88934,1,2015,3
-117.97081,29.770172,18.249754,0.09790769,5.44486,304.4489,1,2015,3
-117.44949,29.81633,18.014307,0.10057695,5.3253074,305.60022,1,2015,3
-116.786156,29.887356,17.981394,0.1938859,4.8656344,302.57956,1,2015,3
-117.106026,29.89237,17.988579,0.14141284,5.031819,304.63754,1,2015,3
-116.59891,30.011639,18.002306,0.21896137,4.6403666,303.0394,1,2015,3
-116.96682,30.015192,17.876648,0.20765243,4.8376546,304.64273,1,2015,3
-117.536415,30.030085,18.054468,0.103605196,5.362658,305.97238,1,2015,3
-117.0158,30.037098,17.920464,0.15486068,4.953312,305.55112,1,2015,3
-117.32216,30.046112,18.019653,0.105499476,5.1834836,305.4991,1,2015,3
-117.25654,30.259312,17.847294,0.12600452,4.824106,307.24997,1,2015,3
-116.61017,30.269888,17.824854,0.23947564,4.572144,305.1152,1,2015,3
-117.20823,30.285515,17.881039,0.15888458,4.8010416,308.0634,1,2015,3
-117.241165,30.500113,17.870617,0.17351264,4.5594077,309.66077,1,2015,3
-116.97692,30.501375,17.868187,0.18734714,4.593223,308.19226,1,2015,3
-116.723236,30.551302,17.595028,0.26555112,4.3968396,304.81055,1,2015,3
-154.875,42.625,9.06027889251709,0.270271718502045,5.30574217240152,10.3145052312357,0,2015,3
-154.625,45.875,7.2729172706604,0.354723036289215,3.32254420587597,2.24236387858252,0,2015,3
-148.625,40.625,11.1178665161133,0.683555603027344,4.84830898355293,33.1328606927461,0,2015,3
-125.875,25.375,20.0351524353027,0.0481107980012894,5.15908906687993,238.312465605847,0,2015,3
-149.875,41.375,10.3828353881836,0.462562620639801,5.22885264661379,25.4869003061921,0,2015,3
-147.625,39.875,11.7559576034546,0.500871956348419,5.26307894677631,38.8298249049704,0,2015,3
-140.875,50.875,7.8893871307373,0.405924946069717,3.56585193186705,80.8018335022518,0,2015,3
-116.125,30.875,17.0565032958984,2.15933012962341,2.08614476966485,327.528807709152,0,2015,3
-145.875,50.625,6.96288442611694,0.360599786043167,3.18830676064898,85.863169129072,0,2015,3
-139.125,32.125,18.4795818328857,0.0524212718009949,1.80579622327659,107.732583908039,0,2015,3
-141.375,50.875,7.88438606262207,0.395264625549316,3.56091280432419,80.2996080560542,0,2015,3
-138.875,31.875,18.6757755279541,0.0502591468393803,1.73968387932981,116.270473929411,0,2015,3
-145.625,30.375,18.771354675293,0.0635521486401558,1.48862352527427,83.8298249049704,0,2015,3
-122.625,37.625,13.6131458282471,4.35205841064453,3.217949657779,325.124671655398,0,2015,3
-129.875,26.875,20.0246295928955,0.0433283224701881,4.99312527381399,218.086331958235,0,2015,3
-145.625,49.625,7.02904796600342,0.396242290735245,3.19324286580273,77.7047335770019,0,2015,3
-153.125,42.875,8.73288631439209,0.356451988220215,4.58293574033065,19.5024485066622,0,2015,3
-138.875,29.625,19.4848289489746,0.0499743223190308,2.19462980933004,161.399934113967,0,2015,3
-142.375,51.375,7.62862110137939,0.39679142832756,3.28146308831899,80.8821372462042,0,2015,3
-119.875,26.625,19.96337890625,0.0816969126462936,5.33738700114579,275.806726905532,0,2015,3
-134.125,28.625,19.8980655670166,0.0522653050720692,3.61067860657799,178.889140717049,0,2015,3
-122.625,33.875,15.5795669555664,0.275454431772232,7.08086152950331,292.327319783914,0,2015,3
-129.125,30.875,18.2802791595459,0.0520598441362381,3.18653416739881,238.604528864632,0,2015,3
-139.375,27.625,20.5815296173096,0.0552321597933769,3.69488836096573,177.052413923732,0,2015,3
-147.375,42.875,10.1394338607788,0.443916112184525,4.71644993612781,38.7167245726331,0,2015,3
-134.375,29.375,19.3448753356934,0.0505868196487427,3.29734741875951,176.174366606352,0,2015,3
-127.625,42.625,12.0978088378906,0.26913771033287,1.41155942134931,30.1980019165662,0,2015,3
-151.625,45.625,7.99704456329346,0.351947635412216,4.60913223937001,29.7911372983405,0,2015,3
-153.875,46.375,7.52523851394653,0.288303345441818,3.22721241941091,9.81257222830055,0,2015,3
-147.375,48.375,7.77637529373169,0.426253765821457,3.90928382187838,69.0151021641178,0,2015,3
-135.375,31.375,19.0284175872803,0.0488494113087654,2.43772434864978,154.486129572466,0,2015,3
-129.375,36.625,15.6393842697144,0.105217680335045,1.44013888219158,297.276763383114,0,2015,3
-121.875,25.125,20.4483795166016,0.050861731171608,5.53225089814264,256.089349885308,0,2015,3
-147.875,49.875,6.50998878479004,0.455137670040131,2.91233583228308,82.8993856000117,0,2015,3
-152.375,48.875,6.27858400344849,0.393009901046753,2.31870653598078,34.1012741942471,0,2015,3
-153.875,42.375,9.57116794586182,0.308098137378693,5.11989257699808,17.9748937727275,0,2015,3
-156.375,39.875,10.7894830703735,0.326823145151138,6.36962322276601,3.14989241666882,0,2015,3
-123.875,46.625,11.2059631347656,9.38795757293701,1.45065502446309,74.8141627377987,0,2015,3
-117.625,26.125,20.7576866149902,0.0831513330340385,5.03508689100794,283.787852916327,0,2015,3
-134.125,26.375,20.5270042419434,0.0518942773342133,4.57542347766849,188.927055614781,0,2015,3
-149.375,33.375,16.2190132141113,0.102215208113194,4.02889563031856,29.1098555568911,0,2015,3
-150.625,47.375,7.36782693862915,0.285410493612289,3.49322200840428,44.5360767013739,0,2015,3
-147.625,33.125,16.8547115325928,0.0826864391565323,3.5857495729624,38.6598082540901,0,2015,3
-153.875,47.375,6.53143453598022,0.341625034809113,2.9882603634891,7.88606122908953,0,2015,3
-140.875,28.875,19.6936931610107,0.0464561022818089,1.9513328778043,173.821935097872,0,2015,3
-130.375,51.375,9.53158569335938,0.968428432941437,2.39920820272022,84.9785389577982,0,2015,3
-138.125,31.875,18.5234375,0.0516756735742092,2.0294334184693,130.203201033164,0,2015,3
-124.375,26.625,19.8215408325195,0.0533907562494278,5.39645253847377,256.169762941475,0,2015,3
-151.625,36.625,13.0711030960083,0.470883458852768,5.38182125307038,15.7406645330659,0,2015,3
-153.375,47.625,6.59766006469727,0.318033367395401,2.89620441267532,13.1725534233269,0,2015,3
-157.625,41.875,9.3211669921875,0.274018973112106,5.90084739677277,359.028978068921,0,2015,3
-155.875,37.625,12.7069272994995,0.330594599246979,6.73214676013528,1.44698538665801,0,2015,3
-124.375,45.375,11.8312759399414,1.3777928352356,1.76241311842598,47.5294942048378,0,2015,3
-157.375,41.375,9.53065586090088,0.257625728845596,5.97523221306084,2.39791973832695,0,2015,3
-146.625,49.125,7.09875345230103,0.420680731534958,3.55078864479428,76.3159802477525,0,2015,3
-130.875,27.875,19.7626457214355,0.048705417662859,4.05428168730294,208.587902273622,0,2015,3
-130.875,37.125,15.7911624908447,0.069980151951313,0.670671305484289,357.436229788535,0,2015,3
-125.375,48.125,10.3290405273438,2.88363242149353,2.40054160555488,101.778024833289,0,2015,3
-137.375,26.125,21.3211059570312,0.0527791865170002,4.03060789459853,179.004888018409,0,2015,3
-143.125,29.875,19.4665813446045,0.0511113330721855,1.94123671920763,117.621074983076,0,2015,3
-150.375,36.875,13.9050369262695,0.287453174591064,6.07763934435073,26.4807307383007,0,2015,3
-138.125,31.625,18.8601226806641,0.050623070448637,1.90142052161009,130.30713749441,0,2015,3
-153.125,42.375,9.43380069732666,0.321210026741028,5.05692594369346,22.5588563832376,0,2015,3
