"longitude","latitude","sst","chlc","wind_speed","wind_direction","phoebastria_immutabilis","nyear","nmonth"
-126.99646,26.909464,19.1035,0.05496232,3.910307,220.1245,1,2014,2
-127.14219,26.909515,19.046965,0.05465147,3.827819,218.63643,1,2014,2
-127.284996,26.91123,18.958523,0.052562337,3.5924366,217.76308,1,2014,2
-126.71037,26.915653,19.134127,0.05657708,4.0569077,222.10269,1,2014,2
-127.5651,26.923962,18.943914,0.053413596,3.46013,217.36667,1,2014,2
-126.495026,26.929731,19.133635,0.05546665,4.165585,223.93008,1,2014,2
-126.20733,26.93555,19.093351,0.055716027,4.1938643,226.0627,1,2014,2
-127.77541,26.938526,18.906832,0.053748827,3.374048,216.56424,1,2014,2
-128.06604,26.959974,18.82496,0.05406108,3.3020296,216.62697,1,2014,2
-125.95345,26.964254,19.03566,0.057219107,4.2190046,227.68977,1,2014,2
-128.27101,26.987883,18.803059,0.055879492,3.19789,213.3919,1,2014,2
-125.67939,26.992289,18.918549,0.055890813,4.1749372,228.9819,1,2014,2
-128.40253,27.003107,18.70889,0.05888898,3.1016126,215.0223,1,2014,2
-125.54886,27.00625,18.62736,0.052645262,4.1901073,233.54033,1,2014,2
-125.484024,27.012917,18.595135,0.052488737,4.1935663,236.08257,1,2014,2
-128.54108,27.028053,18.71852,0.057730947,3.1230273,211.24693,1,2014,2
-125.20235,27.041582,18.687435,0.056449655,4.176985,235.92949,1,2014,2
-124.95141,27.045467,18.605503,0.053923957,4.096462,236.34872,1,2014,2
-124.732445,27.05371,18.495173,0.051100947,4.0419054,237.52881,1,2014,2
-128.79156,27.055525,18.714132,0.05641864,3.0411346,206.14377,1,2014,2
-129.02165,27.066507,18.695187,0.055298395,3.0501149,206.06099,1,2014,2
-124.48129,27.068632,18.397055,0.04965695,4.005621,241.19548,1,2014,2
-124.22259,27.108755,18.304289,0.050916124,4.038341,243.3715,1,2014,2
-123.95913,27.112303,18.269733,0.051382005,4.061182,244.3183,1,2014,2
-129.28398,27.117706,18.70478,0.0554677,3.0919573,204.65866,1,2014,2
-123.691734,27.13882,18.156618,0.054093458,4.149723,245.96742,1,2014,2
-129.55453,27.161448,18.754498,0.056909814,3.1569605,202.34065,1,2014,2
-123.45523,27.168537,17.995943,0.05800463,4.2691684,248.42288,1,2014,2
-123.239586,27.180819,17.955055,0.061762333,4.357637,251.39874,1,2014,2
-129.81364,27.18651,18.81637,0.053245094,3.1218743,199.65382,1,2014,2
-130.03268,27.205353,18.911077,0.056484465,3.0901132,201.2505,1,2014,2
-122.958565,27.215513,17.851662,0.06738852,4.393006,252.5137,1,2014,2
-130.26387,27.233202,18.985912,0.056542005,3.1777036,200.83038,1,2014,2
-130.54736,27.2437,19.019222,0.05751988,3.146824,199.29865,1,2014,2
-122.74368,27.246454,17.88605,0.08028608,4.3907175,253.05078,1,2014,2
-123.05499,27.25028,17.80287,0.0639479,4.3076906,252.57457,1,2014,2
-123.96834,27.252083,18.171125,0.053103764,4.000912,246.89543,1,2014,2
-130.7032,27.253033,18.954655,0.05792111,2.9440958,198.61957,1,2014,2
-122.68567,27.25455,17.753948,0.082853906,4.3177886,254.966,1,2014,2
-124.044685,27.256746,18.252348,0.054355294,4.0370784,245.72049,1,2014,2
-130.78499,27.257502,19.05376,0.058659628,2.871376,198.68735,1,2014,2
-131.38437,27.259485,19.094076,0.05627165,2.6511319,193.3024,1,2014,2
-122.97675,27.260338,17.715889,0.0688863,4.3228,253.7451,1,2014,2
-131.02992,27.269539,19.028072,0.056791782,2.7308056,196.3777,1,2014,2
-131.5279,27.271025,19.099577,0.055205595,2.6254523,189.42645,1,2014,2
-124.48465,27.277338,18.37669,0.053449478,4.0159807,243.37114,1,2014,2
-122.481064,27.280872,17.92287,0.0839601,4.400932,258.3326,1,2014,2
-124.50243,27.29279,18.39532,0.057070293,4.09695,240.61938,1,2014,2
-131.75026,27.299112,19.107552,0.055077095,2.6184156,186.79932,1,2014,2
-122.22882,27.326468,18.01992,0.08907207,4.414261,261.00714,1,2014,2
-132.05472,27.334192,19.079817,0.056548357,2.6062233,183.96031,1,2014,2
-132.37599,27.338945,18.95244,0.053583845,2.590695,181.32707,1,2014,2
-132.52927,27.34497,18.888718,0.05663325,2.5703113,179.1083,1,2014,2
-132.76794,27.358315,18.852139,0.053082727,2.5802712,174.88599,1,2014,2
-133.87209,27.36063,19.201271,0.05866217,2.7051249,167.40227,1,2014,2
-134.06372,27.370394,19.157696,0.059123535,2.7673995,165.56204,1,2014,2
-134.27055,27.372578,19.228947,0.06263745,2.7637112,164.25394,1,2014,2
-133.72246,27.372799,19.14386,0.05643494,2.6649203,170.7144,1,2014,2
-133.07768,27.382692,18.899418,0.053969573,2.599769,172.92966,1,2014,2
-134.63478,27.39297,19.378845,0.060704898,2.8219497,159.89546,1,2014,2
-133.32184,27.395895,18.96117,0.053929895,2.623452,172.33319,1,2014,2
-121.959785,27.396107,18.115828,0.08967353,4.4739356,262.9385,1,2014,2
-134.77333,27.408857,19.401485,0.06204813,2.6873221,159.06964,1,2014,2
-121.7243,27.44324,18.083796,0.08296368,4.5693436,264.7261,1,2014,2
-135.00616,27.472391,19.337214,0.061656512,2.730586,159.64043,1,2014,2
-124.64789,27.500013,18.305233,0.057663664,4.066362,244.82138,1,2014,2
-121.45678,27.505049,18.06603,0.077265136,4.6500106,269.87677,1,2014,2
-121.76407,27.507492,18.024273,0.083888315,4.478147,266.5434,1,2014,2
-122.54733,27.512882,17.636593,0.076319814,4.273699,257.98016,1,2014,2
-121.68984,27.519463,18.089048,0.08058215,4.5053744,267.2011,1,2014,2
-135.13681,27.521908,19.330446,0.05892724,2.4901807,158.07042,1,2014,2
-121.177826,27.549433,18.137392,0.07003406,4.702393,271.82797,1,2014,2
-122.758095,27.549812,17.658482,0.06596283,4.261385,255.73549,1,2014,2
-135.25822,27.559883,19.299746,0.060830813,2.5625963,158.24011,1,2014,2
-120.98263,27.574951,18.054731,0.06520323,4.7521787,274.10278,1,2014,2
-120.697464,27.61363,17.91437,0.0723403,4.677884,276.25903,1,2014,2
-123.03715,27.626514,17.852749,0.062208034,4.2678566,254.3681,1,2014,2
-124.761444,27.63637,18.213854,0.051676124,4.078676,243.81189,1,2014,2
-135.5195,27.653774,19.373089,0.06500339,2.6025565,161.63467,1,2014,2
-123.30352,27.67469,17.932682,0.0548661,4.238514,252.84758,1,2014,2
-120.494644,27.680784,17.892794,0.07834365,4.6330338,277.8153,1,2014,2
-123.508354,27.691353,18.000393,0.054932676,4.1336303,250.64455,1,2014,2
-123.78737,27.725782,18.002462,0.05199512,4.0156817,249.44395,1,2014,2
-135.77646,27.729517,19.44973,0.07216994,2.608927,161.9123,1,2014,2
-120.69639,27.759556,17.825312,0.0730488,4.6331844,278.68976,1,2014,2
-135.89932,27.760666,19.439548,0.07458264,2.4864633,158.28416,1,2014,2
-124.94944,27.764362,18.226978,0.05144517,3.9785926,246.91487,1,2014,2
-123.90792,27.764938,17.884687,0.055415865,4.10468,251.8299,1,2014,2
-120.25075,27.773306,17.702509,0.07743569,4.6116915,280.11594,1,2014,2
-124.0342,27.793537,18.041594,0.05349146,4.027468,249.81027,1,2014,2
-120.183044,27.803707,17.557877,0.07587108,4.7151036,282.1202,1,2014,2
-136.01697,27.807808,19.583883,0.07263462,2.475419,157.68282,1,2014,2
-125.002716,27.826061,18.066116,0.050493974,4.017412,244.96588,1,2014,2
-136.27663,27.888603,19.710405,0.06984678,2.5028384,156.20021,1,2014,2
-124.25869,27.894888,18.120747,0.053118218,4.104644,249.31325,1,2014,2
-119.993996,27.917713,17.273108,0.07871337,4.819222,283.80557,1,2014,2
-119.230606,27.952497,17.640686,0.10625083,5.0322657,289.6232,1,2014,2
-119.27071,27.959091,17.513334,0.10005965,4.984777,287.27173,1,2014,2
-136.51883,27.97148,19.85657,0.0723805,2.571867,154.43129,1,2014,2
-119.59382,27.999811,17.285833,0.08807633,4.951949,285.57986,1,2014,2
-124.92479,28.001001,17.859722,0.05428787,3.8612175,249.21817,1,2014,2
-119.61616,28.00332,17.171513,0.08875201,4.9634767,286.86508,1,2014,2
-120.00681,28.003372,17.050108,0.08652697,4.7246695,283.7127,1,2014,2
-121.23209,28.0055,17.416622,0.08048164,4.727589,276.19296,1,2014,2
-124.5315,28.007418,17.87046,0.052300252,3.886811,250.77257,1,2014,2
-119.78733,28.017122,17.006721,0.085631356,4.8117566,285.7982,1,2014,2
-136.62834,28.017563,19.826223,0.072466806,2.3836527,153.32745,1,2014,2
-121.25545,28.018429,17.59209,0.082710646,4.704572,274.5108,1,2014,2
-119.48646,28.019068,17.32561,0.107200064,5.0378666,289.1183,1,2014,2
-119.12307,28.029266,17.499641,0.117044434,5.0936236,291.78052,1,2014,2
-121.517555,28.04592,17.586395,0.08402463,4.6303887,273.83878,1,2014,2
-136.75897,28.049797,19.786139,0.07173065,2.3546762,149.07797,1,2014,2
-124.460495,28.055695,17.746046,0.051214088,4.0135894,252.6034,1,2014,2
-120.947426,28.059122,17.08941,0.08525375,4.7109766,277.5625,1,2014,2
-122.56279,28.063469,17.736652,0.062174287,4.347528,264.8533,1,2014,2
-122.47097,28.064318,17.571562,0.068854555,4.4969544,266.8131,1,2014,2
-122.8363,28.069326,17.640728,0.059278548,4.2709484,262.05963,1,2014,2
-124.22844,28.08303,17.654827,0.05012046,3.9285238,254.19484,1,2014,2
-122.18783,28.095648,17.389738,0.073584266,4.560044,269.74872,1,2014,2
-123.035416,28.096622,17.618135,0.057799276,4.2579336,260.5377,1,2014,2
-120.71865,28.098095,17.067005,0.08644806,4.5365734,280.54208,1,2014,2
-121.9916,28.1044,17.460121,0.077015266,4.5531745,272.13974,1,2014,2
-123.261765,28.110832,17.657694,0.052651502,4.197547,259.70737,1,2014,2
-118.98553,28.12925,17.68218,0.10996331,4.952595,294.96097,1,2014,2
-123.56192,28.147665,17.600073,0.054245327,4.09695,256.8796,1,2014,2
-123.99482,28.151278,17.649858,0.05365941,4.0511355,254.83171,1,2014,2
-120.25151,28.174316,17.049788,0.08771214,4.6244783,281.6015,1,2014,2
-137.04066,28.191633,19.723185,0.067392014,2.4923885,144.14165,1,2014,2
-125.01919,28.198746,17.80911,0.05287517,3.801184,248.22658,1,2014,2
-125.449,28.250557,17.599403,0.050688062,3.699081,248.4287,1,2014,2
-119.58627,28.25056,16.932074,0.09348337,4.9837537,288.36224,1,2014,2
-121.042336,28.251455,16.631256,0.09903985,4.698021,278.1991,1,2014,2
-120.192535,28.252357,16.597673,0.10545195,4.635353,284.87567,1,2014,2
-125.23073,28.25524,17.706831,0.052253686,3.706238,251.27173,1,2014,2
-120.89915,28.255623,16.546598,0.10905293,4.6788993,279.84482,1,2014,2
-125.53341,28.257116,17.589186,0.051265802,3.595386,247.42917,1,2014,2
-119.25443,28.259804,17.222631,0.10646659,5.117812,291.55194,1,2014,2
-124.41132,28.259867,17.549435,0.057461027,3.8541665,256.64883,1,2014,2
-123.27216,28.260614,17.668322,0.057756137,4.175416,263.67496,1,2014,2
-122.130806,28.260818,17.126657,0.07660954,4.490902,271.14832,1,2014,2
-123.570526,28.261963,17.553537,0.05693633,4.00476,260.51416,1,2014,2
-119.21846,28.265144,17.289295,0.12165225,5.178349,294.2883,1,2014,2
-137.21423,28.266825,19.68916,0.05851592,2.3472962,141.22583,1,2014,2
-118.8336,28.269987,17.274332,0.11740017,5.0408134,297.5309,1,2014,2
-137.26537,28.275232,19.758856,0.06323249,2.51734,134.67812,1,2014,2
-124.56054,28.29738,17.693058,0.052343138,3.7952733,254.09608,1,2014,2
-117.889244,28.305943,17.685423,0.11877988,4.8312006,297.8911,1,2014,2
-120.657936,28.326498,16.57123,0.11306395,4.481841,282.2376,1,2014,2
-119.95559,28.333742,16.645805,0.09958633,4.7945175,287.60355,1,2014,2
-121.999596,28.33454,17.072857,0.076862216,4.4769855,273.20114,1,2014,2
-117.73963,28.347933,17.698097,0.11319955,4.8345113,296.14105,1,2014,2
-124.767265,28.349089,17.689384,0.052470244,3.7320235,252.53607,1,2014,2
-125.7562,28.361797,17.566984,0.053349826,3.498471,244.9732,1,2014,2
-118.55385,28.367073,17.280727,0.11903389,5.0731153,299.39465,1,2014,2
-118.46587,28.367727,17.418453,0.12744606,4.9530797,300.44794,1,2014,2
-120.446526,28.39303,16.658548,0.109952845,4.5647783,283.4274,1,2014,2
-137.56854,28.403688,19.674074,0.05592913,2.2844913,136.24152,1,2014,2
-121.742,28.417797,16.98918,0.0836861,4.5354714,276.07513,1,2014,2
-123.21786,28.426224,17.735025,0.06267374,4.2860003,265.04764,1,2014,2
-115.08897,28.430426,17.186228,0.280125,6.0110064,314.19116,1,2014,2
-117.47889,28.449272,17.77166,0.1038848,5.040258,297.02258,1,2014,2
-126.01277,28.451317,17.593134,0.0530878,3.3948343,240.33885,1,2014,2
-137.94026,28.453184,19.576193,0.051870704,2.1936727,137.2168,1,2014,2
-118.238945,28.456303,17.565985,0.1259379,4.8782988,299.876,1,2014,2
-138.00008,28.468382,19.600008,0.055271227,2.1497908,135.75385,1,2014,2
-120.0874,28.500229,16.521,0.11705743,4.602445,287.05698,1,2014,2
-118.32906,28.500273,17.22668,0.13780542,5.0661426,301.27408,1,2014,2
-119.46161,28.500282,17.017994,0.10931987,5.1328063,293.41846,1,2014,2
-118.18612,28.500282,17.220617,0.14259736,4.94259,300.92398,1,2014,2
-125.22306,28.50057,17.569736,0.049192686,3.583769,254.29617,1,2014,2
-123.348236,28.500652,17.658846,0.062458474,4.173883,267.52832,1,2014,2
-119.9744,28.50161,16.509262,0.1108425,4.8023534,290.09525,1,2014,2
-119.54078,28.502012,16.679111,0.09731513,4.9883866,290.90558,1,2014,2
-120.38945,28.503952,16.575094,0.12170341,4.5467353,285.56458,1,2014,2
-125.262024,28.504065,17.573118,0.050633367,3.513531,250.89465,1,2014,2
-122.99521,28.504341,17.685978,0.05777486,4.3200116,269.86737,1,2014,2
-118.82281,28.504343,17.293686,0.11559181,5.238263,297.8859,1,2014,2
-117.78836,28.504505,17.22327,0.14199749,4.84285,298.89374,1,2014,2
-125.99357,28.505947,17.41162,0.05244273,3.3427086,245.42838,1,2014,2
-119.09044,28.514599,17.238338,0.12017448,5.255188,295.83365,1,2014,2
-117.275604,28.515413,17.26496,0.14303344,5.1176558,297.9671,1,2014,2
-121.89181,28.515806,16.897278,0.07730484,4.529945,276.5916,1,2014,2
-116.071266,28.516197,17.500303,0.15006293,5.755432,304.38034,1,2014,2
-138.12991,28.524048,19.411747,0.057681747,2.059733,132.4421,1,2014,2
-117.15478,28.52739,17.44947,0.13371402,5.3498597,299.20023,1,2014,2
-126.02362,28.527512,17.385895,0.05341955,3.1262279,242.77924,1,2014,2
-118.66259,28.528503,17.227066,0.12203523,5.1898746,300.32,1,2014,2
-125.5416,28.547539,17.536085,0.05167181,3.4246752,249.13065,1,2014,2
-117.69983,28.550018,17.136816,0.14279391,4.8928623,297.24585,1,2014,2
-138.25288,28.571083,19.415043,0.056739878,2.1542516,131.23596,1,2014,2
-122.722725,28.57371,17.476963,0.065721765,4.480547,270.89517,1,2014,2
-115.992455,28.578583,17.313055,0.17803976,5.7440057,306.7901,1,2014,2
-122.26096,28.58009,16.9935,0.07534989,4.472516,271.92197,1,2014,2
-122.190704,28.586966,16.912176,0.07745204,4.4494605,273.73697,1,2014,2
-121.63509,28.588573,16.693436,0.08421855,4.4774323,278.34726,1,2014,2
-116.977844,28.600655,17.652445,0.1253651,5.548342,300.30847,1,2014,2
-121.48859,28.60376,16.529434,0.09689295,4.535912,279.00546,1,2014,2
-123.01387,28.6086,17.692322,0.064408086,4.250753,268.92163,1,2014,2
-126.27834,28.61152,17.522245,0.050681096,3.0918117,241.61139,1,2014,2
-121.24469,28.614426,16.34323,0.11434514,4.574101,280.32724,1,2014,2
-120.66315,28.618362,16.505762,0.12753204,4.5751505,282.882,1,2014,2
-124.034775,28.618818,17.118124,0.06946693,3.7505467,261.56744,1,2014,2
-123.95455,28.622498,17.290308,0.06523443,3.8091075,262.9123,1,2014,2
-120.98596,28.626472,16.385807,0.12620494,4.5740356,282.2435,1,2014,2
-124.271614,28.628233,17.3239,0.06335807,3.6483696,259.7373,1,2014,2
-138.5385,28.62851,19.610725,0.060099598,2.2343903,130.46223,1,2014,2
-123.53449,28.635246,17.462088,0.06108355,3.9702015,264.21762,1,2014,2
-138.75269,28.64154,20.019293,0.061559808,2.4080074,126.727135,1,2014,2
-124.57519,28.698322,17.54356,0.053780954,3.7540646,257.85196,1,2014,2
-116.73596,28.700651,17.742502,0.12034152,5.649814,301.83337,1,2014,2
-126.52711,28.706821,17.72203,0.05020517,2.9757185,239.7297,1,2014,2
-124.89355,28.744886,17.617268,0.052304715,3.6865702,256.1899,1,2014,2
-123.038185,28.750072,17.619974,0.06544694,4.290944,271.20184,1,2014,2
-118.09552,28.750154,16.991842,0.14356965,5.4082623,297.89175,1,2014,2
-117.94119,28.75052,17.063198,0.13907191,5.3607554,298.52515,1,2014,2
-120.10441,28.75055,16.56715,0.120785944,4.704094,290.0143,1,2014,2
-119.16445,28.750555,17.090992,0.118204474,5.28214,297.38974,1,2014,2
-118.77788,28.75098,17.279287,0.11948244,5.345886,298.00314,1,2014,2
-122.79423,28.751045,17.51136,0.06610595,4.401375,271.4321,1,2014,2
-118.697525,28.751081,17.284048,0.124637865,5.3695436,298.4742,1,2014,2
-118.27643,28.751328,17.157177,0.1524628,5.2720017,300.5537,1,2014,2
-122.30924,28.751541,16.709265,0.081081085,4.522057,274.1849,1,2014,2
-119.285225,28.751682,16.855452,0.1128428,5.1132965,295.11166,1,2014,2
-126.62269,28.751938,17.499517,0.05003315,2.86681,242.80928,1,2014,2
-116.09545,28.75342,17.487564,0.1504237,5.952344,306.25385,1,2014,2
-119.923676,28.75352,16.524387,0.11575907,4.8900104,292.73703,1,2014,2
-117.109245,28.753845,17.297132,0.15388429,5.4058485,300.4548,1,2014,2
-121.90817,28.754576,16.654987,0.08560718,4.6311336,279.31995,1,2014,2
-121.689384,28.755262,16.621717,0.08516512,4.6204977,281.35858,1,2014,2
-124.975716,28.755829,17.464745,0.05306938,3.6102078,260.43332,1,2014,2
-115.97164,28.75765,17.259024,0.17015266,5.961158,308.73486,1,2014,2
-120.92167,28.757853,16.507063,0.13039139,4.509113,284.7759,1,2014,2
-119.51023,28.759266,16.590334,0.10736778,5.0080338,293.28873,1,2014,2
-117.2957,28.75954,17.066393,0.1511148,5.226825,299.7041,1,2014,2
-121.18617,28.760115,16.288944,0.12491869,4.5282335,283.668,1,2014,2
-120.41541,28.761593,16.623356,0.12636381,4.6200976,288.5526,1,2014,2
-116.631004,28.76177,17.731274,0.12332593,5.6302752,303.40784,1,2014,2
-121.28561,28.763678,16.378809,0.10353154,4.580491,282.6102,1,2014,2
-126.001724,28.763693,17.253176,0.053269893,2.982365,247.73482,1,2014,2
-125.05828,28.7707,17.402515,0.051297367,3.4439802,258.10278,1,2014,2
-138.89903,28.772486,19.668125,0.06055189,2.44804,127.19756,1,2014,2
-116.987656,28.786867,17.629261,0.12840816,5.533209,301.8517,1,2014,2
-125.98984,28.788137,17.397692,0.051742192,3.1512697,248.40117,1,2014,2
-122.52648,28.807615,17.156,0.07212649,4.533189,272.14917,1,2014,2
-116.28154,28.810328,17.630234,0.13034986,5.758055,304.24203,1,2014,2
-125.25803,28.813534,17.443693,0.049014885,3.2549808,255.40875,1,2014,2
-117.690865,28.81529,16.932968,0.14965723,5.100363,299.48013,1,2014,2
-120.707985,28.822344,16.616982,0.13232277,4.585281,285.43048,1,2014,2
-125.52323,28.86347,17.430943,0.052388325,3.2539976,251.73209,1,2014,2
-126.80064,28.867048,17.759607,0.04959687,2.836794,239.72902,1,2014,2
-139.03618,28.901468,20.051945,0.06618336,2.6683517,124.46429,1,2014,2
-126.31052,28.954767,17.272743,0.048096776,2.938605,244.39415,1,2014,2
-118.372665,29.000015,17.143293,0.13609405,5.543221,299.3859,1,2014,2
-116.26667,29.000135,17.378399,0.14160278,5.7531295,305.7345,1,2014,2
-117.94388,29.000269,16.971132,0.12707362,5.597714,300.96375,1,2014,2
-118.81085,29.000374,17.128344,0.10754763,5.162364,297.95496,1,2014,2
-119.45473,29.001383,16.864729,0.10810501,5.203585,298.33804,1,2014,2
-116.71774,29.001644,17.465834,0.13519347,5.563614,305.48978,1,2014,2
-116.206055,29.001654,17.291573,0.1512331,6.0023413,306.25897,1,2014,2
-115.988396,29.002962,17.070827,0.19165668,5.992412,308.49554,1,2014,2
-119.191284,29.003252,17.063234,0.10624562,5.2605133,299.24503,1,2014,2
-118.59883,29.003414,17.275953,0.11590464,5.276154,298.65378,1,2014,2
-117.60636,29.003578,17.03039,0.13514212,5.3342757,302.67715,1,2014,2
-119.78677,29.004578,16.626371,0.11854515,4.958195,294.54916,1,2014,2
-119.650856,29.004606,16.723804,0.11160651,5.1028323,296.16333,1,2014,2
-120.18456,29.004753,16.63063,0.123294204,4.820259,293.2142,1,2014,2
-121.06858,29.004948,16.366571,0.13217783,4.592886,287.09357,1,2014,2
-117.06427,29.005058,17.23609,0.13530655,5.394599,303.27765,1,2014,2
-118.20677,29.007013,17.069891,0.13676396,5.5893917,300.41876,1,2014,2
-120.929985,29.00745,16.603537,0.12870423,4.648548,288.43494,1,2014,2
-126.53515,29.013493,17.321758,0.050919335,2.857709,243.61427,1,2014,2
-121.51711,29.014677,16.482218,0.10228133,4.788789,282.78836,1,2014,2
-123.24657,29.015392,17.398678,0.06281758,4.4002385,273.90936,1,2014,2
-139.1939,29.015625,19.564255,0.06502386,2.8806422,117.72149,1,2014,2
-116.83923,29.020025,17.42116,0.13348503,5.444382,303.69006,1,2014,2
-117.41881,29.020617,17.150122,0.13661681,5.2868233,302.87848,1,2014,2
-127.00822,29.022953,17.525545,0.048580125,2.7167075,241.17073,1,2014,2
-120.293015,29.027147,16.684298,0.13042606,4.6963177,292.14124,1,2014,2
-121.4933,29.03258,16.28247,0.10962022,4.685403,285.72702,1,2014,2
-123.322105,29.032736,17.32861,0.06280792,4.2779083,273.48444,1,2014,2
-120.67297,29.036701,16.700369,0.12976146,4.582936,289.50244,1,2014,2
-125.70765,29.03756,17.28707,0.055779614,3.2144206,254.66672,1,2014,2
-139.25081,29.045452,19.956873,0.06818094,3.0736299,120.06858,1,2014,2
-126.75465,29.075132,17.498856,0.050538413,2.8021598,240.96526,1,2014,2
-115.748245,29.08992,16.567692,0.4226483,6.0125284,311.8314,1,2014,2
-123.53805,29.111397,17.148947,0.062644675,4.12273,272.08508,1,2014,2
-139.5058,29.125935,19.998487,0.063099995,3.2753625,118.44293,1,2014,2
-121.79091,29.175777,16.50474,0.09830016,4.740137,281.1914,1,2014,2
-123.807884,29.18053,16.93826,0.06585535,3.930318,269.2711,1,2014,2
-127.26316,29.204098,17.735046,0.051527765,2.6876383,236.84207,1,2014,2
-139.75615,29.20853,19.94637,0.060377408,2.936154,112.63487,1,2014,2
-122.034096,29.215807,16.541662,0.0907103,4.656007,278.89584,1,2014,2
-124.01829,29.23255,16.894316,0.06771776,3.8621886,268.07108,1,2014,2
-117.38471,29.250057,17.058249,0.13406742,5.226098,306.51907,1,2014,2
-118.83018,29.250072,17.079672,0.0972949,5.0258927,299.8297,1,2014,2
-120.97782,29.250101,16.600126,0.12954955,4.85965,291.8671,1,2014,2
-116.573326,29.250235,17.25016,0.1383602,5.568492,307.63132,1,2014,2
-117.747116,29.250275,17.096376,0.1167898,5.2340136,307.00125,1,2014,2
-118.46668,29.250338,17.26605,0.110317715,5.3979626,302.748,1,2014,2
-118.69517,29.250803,17.259043,0.10135089,5.2462654,301.3571,1,2014,2
-117.19745,29.250937,17.099417,0.15457527,5.37443,306.14493,1,2014,2
-116.38497,29.251503,17.278076,0.1476225,5.6781864,306.40573,1,2014,2
-117.76207,29.25181,17.086376,0.11982584,5.395869,308.3779,1,2014,2
-119.02682,29.252007,16.953964,0.10260659,5.203268,301.00153,1,2014,2
-119.89339,29.252562,16.721325,0.11680395,4.9944367,298.72034,1,2014,2
-124.08841,29.253147,16.842611,0.07071777,3.9102046,269.41388,1,2014,2
-118.07509,29.254099,17.182768,0.12502635,5.527866,303.1151,1,2014,2
-115.825806,29.254152,16.62984,0.302647,5.964,306.8891,1,2014,2
-119.5316,29.255606,16.770952,0.11459936,5.17349,299.7861,1,2014,2
-121.251236,29.257034,16.222418,0.12459375,4.7813807,288.2834,1,2014,2
-119.411194,29.257965,16.842148,0.10700486,5.210182,300.69974,1,2014,2
-122.14668,29.258087,16.507566,0.08912376,4.636723,280.43747,1,2014,2
-115.5749,29.258785,16.2926,0.57277733,6.4826694,312.62445,1,2014,2
-121.213005,29.26132,16.468794,0.13642885,4.7401686,290.49945,1,2014,2
-127.33832,29.26773,17.326687,0.05456184,2.5352712,240.19905,1,2014,2
-140.04588,29.270847,19.813318,0.0648921,2.5415154,97.46056,1,2014,2
-125.586555,29.27232,17.108213,0.05558614,3.2184625,255.79105,1,2014,2
-127.21844,29.276157,17.203949,0.054419395,2.616295,243.92464,1,2014,2
-120.22564,29.2795,16.683313,0.11700972,4.959728,296.97836,1,2014,2
-122.27749,29.281221,16.67117,0.07950007,4.5693874,278.43155,1,2014,2
-116.94645,29.293985,17.172358,0.1548486,5.418053,307.1237,1,2014,2
-120.68577,29.301592,16.712452,0.12682544,4.7875047,293.51288,1,2014,2
-140.2978,29.303423,19.874369,0.06322219,2.4747727,96.26349,1,2014,2
-120.4645,29.322582,16.716871,0.122219846,4.888783,295.56915,1,2014,2
-124.25014,29.345028,16.90292,0.0633898,3.8115876,268.34625,1,2014,2
-125.492424,29.356506,17.296068,0.053138122,3.3077486,260.2529,1,2014,2
-140.5263,29.376312,19.889973,0.061474364,2.6978695,96.598175,1,2014,2
-127.553085,29.41537,17.355042,0.051839847,2.4077582,235.3199,1,2014,2
-124.52674,29.425398,16.849648,0.06433551,3.7852874,266.9713,1,2014,2
-140.75577,29.449945,19.834576,0.057999097,2.9148757,97.49073,1,2014,2
-127.75032,29.489906,17.335396,0.052800346,2.3129418,231.49493,1,2014,2
-124.76178,29.495687,17.00248,0.061924037,3.697161,266.43332,1,2014,2
-119.1757,29.500008,16.95217,0.112866215,5.185528,302.15765,1,2014,2
-117.243286,29.500162,16.973515,0.1639289,5.3391385,309.83304,1,2014,2
-120.65499,29.500193,16.486517,0.1324407,5.098431,296.06247,1,2014,2
-118.241646,29.500359,17.067541,0.11520294,5.239275,309.8896,1,2014,2
-119.46779,29.500404,16.945835,0.11585032,5.233985,302.99173,1,2014,2
-119.94622,29.500677,16.77974,0.12808913,5.1028323,301.94586,1,2014,2
-117.26193,29.500872,16.850904,0.13825972,5.194555,310.15863,1,2014,2
-117.75267,29.501572,17.022905,0.11949903,5.151097,310.27554,1,2014,2
-118.367874,29.501968,17.23095,0.109007105,5.112113,306.48883,1,2014,2
-120.48327,29.502108,16.535906,0.12743424,5.1293764,298.91357,1,2014,2
-119.67717,29.503532,16.879583,0.12394105,5.233985,302.99173,1,2014,2
-127.54747,29.50389,17.033611,0.05452746,2.1402102,233.93326,1,2014,2
-118.50159,29.505093,17.206713,0.10570635,5.1312475,304.2785,1,2014,2
-118.963524,29.505882,17.034494,0.10806426,5.144171,302.0526,1,2014,2
-122.234055,29.506119,16.2477,0.10954057,4.6083403,283.55377,1,2014,2
-116.94177,29.506823,17.175882,0.1536445,5.394256,308.5271,1,2014,2
-121.22147,29.5077,16.32723,0.1359493,4.979257,292.80576,1,2014,2
-117.693756,29.507902,16.978237,0.12465424,5.107661,310.39444,1,2014,2
-140.93883,29.51032,19.677298,0.055870578,2.9333427,92.7356,1,2014,2
-116.29661,29.511417,17.152287,0.16288458,5.3570886,308.0251,1,2014,2
-127.81203,29.515474,17.135965,0.054118004,2.0447493,230.15855,1,2014,2
-120.0266,29.51749,16.577665,0.12403624,5.1348615,301.4613,1,2014,2
-124.82879,29.518087,17.025307,0.05927842,3.6943877,267.2073,1,2014,2
-125.36071,29.520813,17.182407,0.051202852,3.3248308,261.6993,1,2014,2
-121.30015,29.524689,16.139154,0.1292433,4.9323826,291.15427,1,2014,2
-116.64485,29.526314,17.252495,0.14267214,5.3890724,309.80557,1,2014,2
-141.02783,29.529087,19.729353,0.05480031,3.094673,93.14902,1,2014,2
-116.24713,29.555,16.856693,0.21928664,5.560189,305.26218,1,2014,2
-120.77202,29.567087,16.48459,0.12864801,5.0351763,294.27444,1,2014,2
-125.02782,29.596989,17.261583,0.05012888,3.5065224,264.43573,1,2014,2
-121.51632,29.607653,16.055214,0.1263376,4.8795185,288.0265,1,2014,2
-141.32147,29.654814,19.843431,0.054918185,3.2755153,93.32537,1,2014,2
-128.05522,29.681322,17.079512,0.06005465,1.754537,226.84761,1,2014,2
-121.760605,29.683912,16.174704,0.1283264,4.6966476,285.30862,1,2014,2
-141.53258,29.748077,20.002842,0.060977314,3.3301651,94.47788,1,2014,2
-117.92101,29.750034,16.80694,0.1277341,5.043659,310.41647,1,2014,2
-116.93834,29.750153,17.139124,0.15077595,5.335485,310.2868,1,2014,2
-116.15995,29.750282,16.593193,0.2868462,5.0341434,306.4374,1,2014,2
-122.09685,29.75037,15.802664,0.13561362,4.6168604,285.45105,1,2014,2
-125.23264,29.751513,17.274435,0.05359304,3.466367,266.52676,1,2014,2
-119.332726,29.751947,16.735731,0.12593842,5.2709394,304.9564,1,2014,2
-118.638435,29.752504,17.049921,0.11666025,5.214221,306.34244,1,2014,2
-117.51123,29.753267,16.823515,0.13105361,5.0243907,311.20737,1,2014,2
-117.22525,29.753622,16.943338,0.16867542,5.226892,311.74277,1,2014,2
-119.03126,29.754396,16.984613,0.12179999,5.1892676,303.4451,1,2014,2
-118.99438,29.755728,17.061152,0.12342475,5.2152467,304.84802,1,2014,2
-115.9989,29.756138,16.098677,1.0683964,5.0160146,306.73282,1,2014,2
-116.36532,29.756853,16.94388,0.2029369,5.028807,308.78436,1,2014,2
-119.51893,29.759657,16.465322,0.1350537,5.3037724,304.70883,1,2014,2
-117.427475,29.76124,16.80739,0.16116634,5.1049485,312.0623,1,2014,2
-118.13003,29.763205,16.83875,0.12496855,5.1716633,310.373,1,2014,2
-118.468056,29.763994,16.90196,0.11979509,5.165007,308.00146,1,2014,2
-119.973274,29.766047,16.294088,0.13590023,5.269839,304.17255,1,2014,2
-116.65181,29.76698,17.21101,0.1577237,5.124451,312.46924,1,2014,2
-128.16728,29.767323,16.85481,0.06257943,1.56285,225.77773,1,2014,2
-120.07054,29.770384,16.065197,0.14062491,5.3096986,302.46292,1,2014,2
-121.599144,29.772423,15.93923,0.13305059,4.880953,289.8828,1,2014,2
-124.99899,29.77936,17.0939,0.057266455,3.6304958,269.05304,1,2014,2
-121.96851,29.780766,15.829049,0.1461349,4.6811323,287.2737,1,2014,2
-127.745926,29.7817,16.680819,0.06402306,1.8200275,232.81529,1,2014,2
-141.6058,29.782223,19.797728,0.058374733,3.4305248,91.00216,1,2014,2
-122.313,29.79611,16.140692,0.09672628,4.5968795,282.9479,1,2014,2
-125.28859,29.823017,17.282595,0.049719214,3.2588494,263.83456,1,2014,2
-127.75556,29.832127,16.769796,0.060791,1.7200291,227.59187,1,2014,2
-128.2822,29.841581,16.906172,0.064324595,1.2734991,223.09085,1,2014,2
-122.54399,29.841661,16.489063,0.083562694,4.6224775,281.4801,1,2014,2
-141.75339,29.864054,19.808916,0.05594184,3.3303754,89.13977,1,2014,2
-122.76778,29.897833,16.70189,0.07703259,4.641228,280.05087,1,2014,2
-124.72628,29.921394,16.801231,0.062379304,3.6613657,271.56506,1,2014,2
-125.52395,29.939749,17.084166,0.05248725,3.122595,261.7142,1,2014,2
-123.01268,29.946009,16.713903,0.07725635,4.519347,279.2956,1,2014,2
-123.98371,29.983418,16.342016,0.07852154,4.031935,275.97925,1,2014,2
-128.53346,29.986534,17.00042,0.06128716,0.97616595,217.92647,1,2014,2
-124.497955,29.997355,16.604498,0.07146058,3.7453437,273.06104,1,2014,2
-118.76125,30.00027,16.724886,0.13680536,5.3149786,307.96954,1,2014,2
-124.453545,30.000412,16.603296,0.07549783,3.7204974,276.01706,1,2014,2
-122.01583,30.001116,15.53949,0.16401741,4.706846,287.04904,1,2014,2
-123.985535,30.001402,16.192163,0.08645072,4.0447497,278.53076,1,2014,2
-118.41187,30.001522,16.6027,0.15352105,5.185557,309.52264,1,2014,2
-123.30667,30.002445,16.268175,0.087411426,4.4067335,281.3864,1,2014,2
-118.60091,30.002848,16.736666,0.13655715,5.2818556,308.38873,1,2014,2
-117.73725,30.003155,16.637976,0.14605938,5.0599704,312.6774,1,2014,2
-119.36755,30.003235,16.36401,0.13502169,5.3281984,306.37524,1,2014,2
-117.27021,30.003588,16.839083,0.1737737,5.1008334,313.17288,1,2014,2
-116.72926,30.003878,16.899157,0.19771227,4.804009,313.05994,1,2014,2
-117.99018,30.006195,16.65001,0.1366685,5.021763,311.6904,1,2014,2
-116.87928,30.006268,17.037653,0.17702034,5.2313766,312.28842,1,2014,2
-116.480736,30.006927,16.545412,0.23824613,4.81292,309.94275,1,2014,2
-124.71414,30.00716,16.92434,0.061798025,3.582583,274.8035,1,2014,2
-119.90151,30.009014,15.958411,0.16135253,5.3588524,304.43143,1,2014,2
-120.07627,30.01008,15.875024,0.17839046,5.3649325,302.59406,1,2014,2
-119.05718,30.011332,16.659117,0.13401388,5.2604656,306.10745,1,2014,2
-118.179634,30.011497,16.515902,0.16955978,5.1488347,311.77216,1,2014,2
-124.78541,30.01238,17.173527,0.05935478,3.5816896,271.75992,1,2014,2
-125.68929,30.013052,17.006605,0.054747365,2.9854312,266.5434,1,2014,2
-124.247444,30.014748,16.355835,0.08167288,3.934514,277.59464,1,2014,2
-117.176346,30.015154,17.012932,0.16632314,5.124451,312.46924,1,2014,2
-128.59143,30.017876,16.98001,0.065119825,0.7140028,217.0304,1,2014,2
-116.18535,30.018883,16.243046,0.3919652,4.9897995,308.40875,1,2014,2
-119.716,30.020512,16.101551,0.13992374,5.33926,305.625,1,2014,2
-142.00053,30.032007,19.51956,0.058315862,3.2522762,83.29016,1,2014,2
-125.06416,30.032545,17.219887,0.052816745,3.4100587,270.33603,1,2014,2
-115.98152,30.036642,16.079348,0.9338986,4.23987,312.41913,1,2014,2
-127.752495,30.039568,16.653238,0.06542031,1.4442298,227.80637,1,2014,2
-125.81036,30.047054,16.700043,0.0570388,2.6935663,264.24707,1,2014,2
-123.574715,30.057102,16.20965,0.08886004,4.2137156,279.97647,1,2014,2
-125.28366,30.06652,17.243578,0.0514045,3.1710093,268.55435,1,2014,2
-126.00168,30.08245,16.539444,0.060657006,2.6371195,263.46786,1,2014,2
-121.97495,30.088202,15.615205,0.15217084,4.740306,288.7025,1,2014,2
-127.73579,30.096075,16.556223,0.069197685,1.5868522,235.00798,1,2014,2
-128.7736,30.113895,17.100012,0.06201266,0.5500909,207.03085,1,2014,2
-123.24615,30.151157,16.43321,0.0852001,4.49721,281.9346,1,2014,2
-122.25233,30.158075,15.83789,0.11684525,4.6940174,285.1909,1,2014,2
-121.74302,30.199854,15.843348,0.1390313,4.955522,290.55603,1,2014,2
-142.27351,30.203724,19.579597,0.06580924,3.2014527,83.36335,1,2014,2
-122.98183,30.221027,16.471174,0.08524421,4.667344,282.875,1,2014,2
-126.27485,30.229422,16.44837,0.06300941,2.503797,260.5753,1,2014,2
-117.273964,30.250017,16.90564,0.17909867,5.0564117,314.1186,1,2014,2
-118.42574,30.250116,16.16093,0.21465823,5.1712475,311.55072,1,2014,2
-128.96115,30.250282,16.94921,0.061287053,0.39,202.61986,1,2014,2
-117.831474,30.250307,16.464104,0.15826544,4.9869127,313.45624,1,2014,2
-119.961105,30.250675,15.746309,0.18357326,5.3480463,304.64096,1,2014,2
-116.29858,30.251497,16.320164,0.31239298,4.737098,305.6361,1,2014,2
-117.6366,30.252775,16.638485,0.15084478,5.042509,313.95544,1,2014,2
-116.5469,30.25285,16.67968,0.21887513,4.7621107,312.87262,1,2014,2
-118.032394,30.253017,16.184654,0.20551047,5.0365863,313.391,1,2014,2
-126.11655,30.255138,16.267366,0.067999594,2.4603252,269.06845,1,2014,2
-118.85462,30.256042,16.24673,0.16146159,5.3263497,309.66785,1,2014,2
-117.10947,30.25639,17.02142,0.18439329,5.077992,313.88297,1,2014,2
-126.324844,30.256903,16.16886,0.076631695,2.3394444,264.8499,1,2014,2
-122.77876,30.259655,16.040545,0.10431655,4.7472095,286.14435,1,2014,2
-142.35939,30.263824,19.4599,0.06662413,3.2170794,77.432556,1,2014,2
-121.614624,30.264978,15.55339,0.1871116,5.021434,291.25052,1,2014,2
-122.28797,30.265736,15.690206,0.13568152,4.8553576,287.12875,1,2014,2
-119.20457,30.265877,16.27275,0.14150311,5.330225,308.5255,1,2014,2
-120.11903,30.266253,15.669337,0.17471077,5.35651,302.65167,1,2014,2
-118.5821,30.267982,16.152607,0.18477164,5.280303,310.08344,1,2014,2
-116.84016,30.26867,16.95205,0.18948674,5.0632005,314.35986,1,2014,2
-120.295906,30.27056,15.693422,0.18378335,5.4125223,300.78223,1,2014,2
-122.70264,30.27196,15.89634,0.119003795,4.8188486,286.51703,1,2014,2
-119.29831,30.280376,16.250927,0.1295105,5.482062,307.14163,1,2014,2
-129.01735,30.291105,17.004185,0.059324834,0.25495097,191.30994,1,2014,2
-127.695114,30.301497,16.607182,0.067473195,1.3879842,240.66473,1,2014,2
-122.233795,30.308004,15.544476,0.16309726,4.8857446,288.62036,1,2014,2
-119.7293,30.312372,15.92739,0.16204615,5.3722715,306.29398,1,2014,2
-126.53023,30.313662,16.186945,0.079622634,2.1524405,261.71933,1,2014,2
-121.47097,30.333645,15.683914,0.16014193,5.1787257,293.19858,1,2014,2
-120.588615,30.366743,15.7158575,0.1593259,5.415025,298.69492,1,2014,2
-126.785645,30.379429,16.247053,0.0725402,1.990603,258.40784,1,2014,2
-142.50151,30.384684,19.562784,0.06388615,3.319036,77.47119,1,2014,2
-116.244026,30.399961,16.025124,1.0527239,4.7025204,314.3969,1,2014,2
-127.01694,30.413742,16.41837,0.07018918,1.7705367,256.2777,1,2014,2
-120.78604,30.426176,15.703067,0.16215028,5.3845706,296.94574,1,2014,2
-121.2243,30.433363,15.664491,0.16357298,5.3235326,295.1209,1,2014,2
-121.995445,30.441813,15.443285,0.19704744,4.8863587,289.36197,1,2014,2
-129.29655,30.453213,17.096733,0.060609765,0.29068884,153.43495,1,2014,2
-116.73437,30.500072,16.725462,0.22542416,4.8162746,313.90637,1,2014,2
-120.38025,30.500088,15.579377,0.20685375,5.427191,302.05014,1,2014,2
-117.24135,30.500088,17.023981,0.17548119,5.028131,315.88635,1,2014,2
-118.53194,30.500246,15.926653,0.23789069,5.2435865,311.28873,1,2014,2
-116.75952,30.500307,16.964228,0.17734061,4.964393,314.18387,1,2014,2
-118.3575,30.500889,15.883236,0.23478304,5.086266,313.32703,1,2014,2
-117.47843,30.501501,16.948524,0.17608406,5.013791,315.72726,1,2014,2
-126.940895,30.501541,16.103815,0.07980621,1.8677527,264.7778,1,2014,2
-121.79323,30.50292,15.562909,0.1719639,5.047336,291.37982,1,2014,2
-120.12479,30.503716,15.564233,0.20088504,5.3390355,303.9282,1,2014,2
-118.77237,30.50418,15.993436,0.2007052,5.4167886,310.8078,1,2014,2
-119.93933,30.504854,15.677885,0.19476184,5.3788567,305.84726,1,2014,2
-118.21057,30.505219,16.034815,0.23965412,4.9231086,313.51855,1,2014,2
-117.72007,30.505552,16.535683,0.16505057,4.942722,315.2459,1,2014,2
-127.020874,30.507355,16.361647,0.0704525,1.6844287,262.49527,1,2014,2
-119.61522,30.508713,15.75297,0.17719634,5.432532,307.67148,1,2014,2
-142.67804,30.509335,19.413498,0.06881224,3.3612201,73.93753,1,2014,2
-119.40644,30.50982,16.034668,0.1404974,5.5880227,309.04413,1,2014,2
-120.93454,30.511189,15.527237,0.18650049,5.4088264,298.12857,1,2014,2
-119.17883,30.514366,16.159052,0.1398167,5.4852257,310.19342,1,2014,2
-121.05497,30.517054,15.556207,0.16489033,5.3669825,295.84888,1,2014,2
-116.41366,30.519,16.182526,0.5143871,4.6600966,314.39142,1,2014,2
-122.04678,30.526388,15.552018,0.16747682,5.0339746,290.3429,1,2014,2
-121.728355,30.527437,15.53163,0.17161018,5.122353,292.86078,1,2014,2
-117.93813,30.53383,16.218094,0.20273732,4.879119,315.33215,1,2014,2
-129.41313,30.541668,17.1097,0.06138424,0.20248456,122.90524,1,2014,2
-127.65413,30.542261,16.78266,0.066547416,1.1494782,248.56883,1,2014,2
-120.54278,30.54709,15.46344,0.20535943,5.387105,300.32535,1,2014,2
-127.25357,30.556463,16.680914,0.06659004,1.4375327,258.76822,1,2014,2
-142.77599,30.56832,19.437368,0.0666981,3.479382,74.32604,1,2014,2
-116.210625,30.573483,15.852555,2.0253294,4.102743,321.03485,1,2014,2
-121.27191,30.597729,15.611427,0.16015807,5.2230353,294.30777,1,2014,2
-129.52347,30.617653,17.27621,0.0543283,0.39446166,120.465546,1,2014,2
-117.16745,30.750046,17.08783,0.1756303,4.7813807,316.35587,1,2014,2
-117.32515,30.750105,16.861923,0.17222908,4.7889977,316.60757,1,2014,2
-116.96981,30.75102,16.963617,0.17574587,4.818143,313.06564,1,2014,2
-119.21844,30.75189,16.11707,0.14367063,5.601473,311.88837,1,2014,2
-129.63326,30.75589,17.252426,0.051552363,0.32140318,95.35583,1,2014,2
-121.72423,30.756454,15.500285,0.14640966,5.2718496,294.42596,1,2014,2
-120.565445,30.75704,15.579315,0.2161303,5.5397925,302.54257,1,2014,2
-118.9712,30.757095,15.913892,0.19049583,5.505379,312.79175,1,2014,2
-118.29319,30.758497,15.744218,0.25428322,5.034779,314.51718,1,2014,2
-127.31251,30.7586,16.535765,0.07033355,1.3209466,267.83075,1,2014,2
-121.05431,30.759228,15.355055,0.20642616,5.4205904,297.22687,1,2014,2
-120.18462,30.7594,15.728648,0.18562777,5.4824996,306.09653,1,2014,2
-117.64481,30.759476,16.446768,0.20704953,4.7597165,316.10663,1,2014,2
-117.84054,30.762032,16.089853,0.235684,4.7470098,316.79257,1,2014,2
-118.16727,30.762817,15.832018,0.25051865,4.8507733,315.16705,1,2014,2
-143.03163,30.766,19.510248,0.06784277,3.9789948,72.749054,1,2014,2
-116.56701,30.771235,16.543219,0.2557154,4.4263415,318.20523,1,2014,2
-118.58783,30.771502,15.793609,0.25949773,5.271935,312.7708,1,2014,2
-127.62099,30.77536,16.726887,0.06672116,0.9472592,259.04593,1,2014,2
-120.99618,30.781847,15.513619,0.2262669,5.5369306,299.8989,1,2014,2
-121.822525,30.783825,15.52487,0.1558013,5.2194347,293.12653,1,2014,2
-119.81238,30.816988,15.741032,0.1819172,5.467742,308.31613,1,2014,2
-121.43398,30.817938,15.463636,0.17606156,5.3269224,295.6992,1,2014,2
-122.0636,30.82299,15.566187,0.14611907,5.232896,291.76074,1,2014,2
-122.26479,30.869972,15.581705,0.13846213,5.2224517,290.86423,1,2014,2
-129.7853,30.889334,17.373354,0.04929157,0.4004997,87.137596,1,2014,2
-119.31218,30.893026,16.015438,0.14501944,5.5624905,311.28284,1,2014,2
-119.74427,30.913864,15.7661705,0.16318299,5.490537,310.4202,1,2014,2
-143.2977,30.917212,19.717018,0.065755114,3.978467,72.29373,1,2014,2
-122.50831,30.938898,15.616572,0.13674796,5.154503,290.43896,1,2014,2
-120.47117,30.975378,15.648155,0.20146984,5.519574,304.29468,1,2014,2
-117.07078,31.000174,16.890728,0.16825661,4.4553337,315.9094,1,2014,2
-116.61626,31.000496,16.29822,0.4717218,3.9843318,312.6606,1,2014,2
-118.29662,31.000633,15.769241,0.27326253,4.99949,315.56726,1,2014,2
-116.84859,31.000713,16.757727,0.17390813,4.893363,314.50323,1,2014,2
-117.70797,31.00102,16.392859,0.22148836,4.4775553,319.8012,1,2014,2
-127.60481,31.001478,16.680664,0.0619799,0.8720665,273.9452,1,2014,2
-118.044586,31.003761,15.722131,0.23397762,4.720858,317.48956,1,2014,2
-118.80811,31.004263,15.743294,0.20514515,5.494224,315.07373,1,2014,2
-120.427025,31.005737,15.762949,0.17802438,5.6941547,307.2925,1,2014,2
-117.391785,31.00645,16.736887,0.17992161,4.46204,318.27048,1,2014,2
-122.78606,31.00893,15.697782,0.1485387,5.0749583,290.29178,1,2014,2
-119.72199,31.010782,15.82095,0.17603742,5.58395,312.60498,1,2014,2
-117.829765,31.012236,15.968756,0.24936955,4.5533724,319.4533,1,2014,2
-118.73466,31.018978,15.753957,0.24666776,5.239704,314.76804,1,2014,2
-143.38724,31.019613,19.4552,0.06358013,3.9983997,70.11484,1,2014,2
-127.493835,31.0205,16.44,0.06638696,1.1428035,274.0142,1,2014,2
-120.542725,31.023952,15.727054,0.17166753,5.724072,305.32822,1,2014,2
-119.021225,31.045183,15.785891,0.18523689,5.6009283,314.13196,1,2014,2
-120.78163,31.045906,15.599948,0.20759755,5.6648035,302.4557,1,2014,2
-129.9079,31.046412,17.263826,0.05330097,0.5948109,63.00416,1,2014,2
-120.182274,31.04654,15.750067,0.18589309,5.616155,309.07407,1,2014,2
-119.36032,31.049278,15.862599,0.17215015,5.553602,313.1759,1,2014,2
-130.00253,31.147736,17.251194,0.0517697,0.63694584,67.86451,1,2014,2
-123.00106,31.151243,15.822526,0.1358613,4.892167,288.84235,1,2014,2
-119.97006,31.17591,15.781327,0.17715019,5.565402,310.84695,1,2014,2
-143.52675,31.195288,19.56807,0.06189302,3.9678962,64.79119,1,2014,2
-127.791245,31.22059,16.917265,0.059866976,0.75133216,279.9638,1,2014,2
-119.84187,31.250057,15.388064,0.26639602,5.5662284,313.76254,1,2014,2
-117.08331,31.250753,16.661997,0.18620537,4.0309057,315.8041,1,2014,2
-120.038734,31.250914,15.5620775,0.2360539,5.680317,311.71732,1,2014,2
-127.4804,31.251116,16.387234,0.063817985,1.0526158,284.30026,1,2014,2
-118.41043,31.252096,15.685192,0.2836393,4.8232875,318.27768,1,2014,2
-118.204414,31.254267,15.696754,0.27294284,4.496721,320.5044,1,2014,2
-117.69142,31.255672,16.283957,0.23917598,4.1222568,322.49072,1,2014,2
-116.94281,31.258026,16.48224,0.23454821,4.054528,310.99982,1,2014,2
-120.443634,31.262936,15.659134,0.1877693,5.7565703,309.99673,1,2014,2
-118.84613,31.263315,15.502474,0.27336615,5.316136,317.6683,1,2014,2
-119.52913,31.26822,15.345832,0.2944356,5.4806294,315.81317,1,2014,2
-118.69751,31.269156,15.662438,0.27994823,5.133196,317.92154,1,2014,2
-119.41784,31.269857,15.295161,0.33395746,5.4173427,316.04706,1,2014,2
-117.44243,31.272324,16.595781,0.19581152,4.028114,320.54047,1,2014,2
-127.83609,31.272867,16.770437,0.06412701,0.7117584,294.04422,1,2014,2
-130.20953,31.274775,17.18334,0.050686076,0.9563472,68.53235,1,2014,2
-116.71933,31.301435,16.012648,1.0827371,3.116697,311.6183,1,2014,2
-143.62595,31.301628,19.381578,0.062306248,3.9220912,60.689995,1,2014,2
-127.503494,31.307318,16.50729,0.06682941,0.8477028,287.15244,1,2014,2
-130.25468,31.30991,17.265368,0.05556351,0.95854056,66.64443,1,2014,2
-120.559364,31.33085,15.623882,0.18383661,5.81437,308.50592,1,2014,2
-117.834206,31.385153,15.94613,0.2668079,4.244997,321.88824,1,2014,2
-119.24904,31.424732,15.382083,0.31274778,5.4045353,316.6494,1,2014,2
-143.76225,31.479872,19.457634,0.06496783,4.071584,58.45703,1,2014,2
-119.19505,31.500816,15.218475,0.37755576,5.159932,319.95273,1,2014,2
-127.4623,31.502972,16.34191,0.07227794,1.0570241,293.4121,1,2014,2
-117.448555,31.503838,16.407358,0.2103643,3.5600562,323.452,1,2014,2
-118.64177,31.505037,15.600082,0.34618875,4.913298,321.03058,1,2014,2
-117.06195,31.50573,16.419935,0.21542916,3.763509,316.72266,1,2014,2
-119.68857,31.507433,15.0301695,0.36450976,5.3781133,318.69382,1,2014,2
-117.66952,31.508951,16.264936,0.22590987,3.7334301,325.58633,1,2014,2
-127.59674,31.511045,16.379025,0.070913635,0.8720665,296.56506,1,2014,2
-118.82703,31.51485,15.437507,0.36811373,5.08307,320.10785,1,2014,2
-119.458496,31.518538,15.001101,0.39220938,5.221082,318.49405,1,2014,2
-119.988625,31.52358,15.122731,0.34166363,5.524138,316.39362,1,2014,2
-128.01117,31.525963,16.548862,0.07146795,0.595483,310.9144,1,2014,2
-120.039986,31.532827,15.338871,0.28497562,5.6577206,313.99744,1,2014,2
-120.649956,31.537615,15.395001,0.23603801,5.841986,310.83533,1,2014,2
-143.80705,31.540993,19.435904,0.06670685,3.9223716,53.91893,1,2014,2
-130.49872,31.555231,17.166656,0.058044188,1.2455521,57.45825,1,2014,2
-118.33001,31.558826,15.656872,0.30488244,4.6102495,321.34018,1,2014,2
-130.51634,31.57559,17.236603,0.056463435,1.2120231,56.441044,1,2014,2
-127.75289,31.667025,16.510387,0.074935615,0.6720119,306.52887,1,2014,2
-118.232155,31.69978,15.908902,0.2815563,4.2481527,323.61566,1,2014,2
-120.77322,31.70167,15.3203335,0.23824869,5.689578,308.21945,1,2014,2
-117.33795,31.751022,16.26881,0.21967946,2.9542005,325.34164,1,2014,2
-119.10849,31.752506,15.074262,0.4025621,5.040486,322.33438,1,2014,2
-119.68201,31.753307,14.958078,0.34030104,5.303961,319.28152,1,2014,2
-120.181244,31.75866,15.10297,0.33460873,5.6922493,315.21353,1,2014,2
-128.15819,31.758682,16.25222,0.08698233,0.5060632,322.2243,1,2014,2
-130.69594,31.761683,17.0148,0.06072407,1.3649908,50.94686,1,2014,2
-119.85475,31.766104,15.034261,0.34821936,5.5268526,317.27304,1,2014,2
-127.84238,31.76895,16.307566,0.07848128,0.57982755,315,1,2014,2
-143.94887,31.772753,19.44007,0.06500392,4.1076026,50.73022,1,2014,2
-118.10835,31.774508,16.132517,0.2575369,4.016167,326.78476,1,2014,2
-117.71875,31.775633,16.254276,0.22127356,3.3089273,326.8382,1,2014,2
-118.78662,31.778984,15.350818,0.38068774,4.952131,322.7136,1,2014,2
-118.74878,31.786299,15.70697,0.3351752,4.734818,324.19504,1,2014,2
-118.48017,31.788525,15.952462,0.2838181,4.4328885,325.19858,1,2014,2
-127.71812,31.790354,16.245811,0.07576392,0.82680106,302.15228,1,2014,2
-130.76175,31.795246,16.911877,0.06286433,1.4621902,49.993744,1,2014,2
-120.799095,31.807953,15.177336,0.2917421,5.748913,310.0608,1,2014,2
-144.0045,31.817247,19.455933,0.065971404,4.3072615,49.802696,1,2014,2
-119.46865,31.82138,14.8080015,0.3929155,5.144366,321.39236,1,2014,2
-117.76107,31.846062,16.259958,0.23231536,3.5986943,327.944,1,2014,2
-120.27118,31.86678,15.198719,0.30437538,5.8484955,314.09943,1,2014,2
-128.25807,31.924667,16.332434,0.072447486,0.43566042,328.13403,1,2014,2
-131.0275,31.996605,16.77599,0.062468916,1.4649233,51.095863,1,2014,2
-127.850266,32.00082,15.987311,0.10254267,0.57801384,322.7336,1,2014,2
-117.78875,32.004333,16.233553,0.2313627,3.282697,333.98135,1,2014,2
-119.24741,32.004677,14.849582,0.43437982,4.8654804,325.2974,1,2014,2
-119.635765,32.004982,14.811049,0.37382603,5.2568145,321.2551,1,2014,2
-144.1646,32.00542,19.391657,0.066923864,4.718686,48.608467,1,2014,2
-120.81421,32.018013,14.9767475,0.34004322,5.8898215,310.17923,1,2014,2
-118.96274,32.01923,15.355685,0.34264863,4.770461,326.54312,1,2014,2
-118.7023,32.019688,15.72478,0.3067731,4.570788,328.3268,1,2014,2
-118.28958,32.021122,16.051126,0.2669418,4.2656417,329.88858,1,2014,2
-120.33653,32.021416,15.076513,0.3458114,5.9489913,313.43344,1,2014,2
-119.89749,32.03485,14.867172,0.3608839,5.572477,317.9822,1,2014,2
-131.08777,32.0369,16.584532,0.06399856,1.4384019,51.775658,1,2014,2
-128.3163,32.042168,16.211857,0.083158545,0.46173584,342.34988,1,2014,2
-119.25548,32.05296,14.683046,0.40653068,5.01004,323.35883,1,2014,2
-118.24986,32.06731,16.194538,0.2450091,3.8093832,330.9454,1,2014,2
-127.702835,32.13335,15.945538,0.091573365,0.8221922,311.0548,1,2014,2
-144.28256,32.13868,19.471575,0.07176176,4.8999796,50.29923,1,2014,2
-120.18244,32.18338,14.980076,0.3697477,5.840719,315.13873,1,2014,2
-131.28522,32.24255,16.608803,0.06371172,1.3595955,62.86955,1,2014,2
-127.4572,32.243874,16.012442,0.08566537,1.1098198,302.11484,1,2014,2
-127.854,32.25199,15.73054,0.10066871,0.57939625,338.74948,1,2014,2
-119.44153,32.252514,14.558266,0.45123872,4.9127183,324.10983,1,2014,2
-120.52756,32.254066,14.779929,0.36583817,5.988155,312.42816,1,2014,2
-119.98848,32.256664,14.554325,0.42155936,5.6155944,318.1038,1,2014,2
-127.35737,32.257557,15.620096,0.10032089,0.9580188,306.51105,1,2014,2
-120.370995,32.266724,14.791652,0.3617453,6.013219,313.24796,1,2014,2
-128.44348,32.267654,16.00842,0.094519176,0.5903389,358.0585,1,2014,2
-118.69762,32.269917,15.746209,0.2885471,4.2994184,331.8256,1,2014,2
-120.86972,32.27213,14.741683,0.3672625,5.92871,310.62225,1,2014,2
-144.39717,32.284927,19.383085,0.07417917,5.159932,49.952736,1,2014,2
-119.55014,32.28818,14.491843,0.44190377,5.2713757,320.54236,1,2014,2
-131.33347,32.297016,16.55459,0.06825811,1.6099689,63.434948,1,2014,2
-127.22205,32.310623,15.594254,0.12918858,1.2677934,302.43652,1,2014,2
-117.06897,32.346783,15.625482,1.0062777,1.5546703,336.8982,1,2014,2
-127.73137,32.350666,15.693587,0.0922077,0.7310951,319.99374,1,2014,2
-118.777954,32.351658,15.207039,0.38148603,4.470895,331.2566,1,2014,2
-128.5164,32.35442,16.02845,0.091123186,0.6791171,13.626995,1,2014,2
-119.16396,32.3616,14.737922,0.44096953,4.673639,328.38446,1,2014,2
-120.028854,32.398773,14.755864,0.4117848,5.8831453,315.13773,1,2014,2
-126.99175,32.42057,15.636418,0.12350423,1.7089177,304.99203,1,2014,2
-144.51085,32.446674,19.452272,0.07557213,5.2073507,50.532536,1,2014,2
-126.81008,32.502567,15.1736355,0.1783322,1.6710775,308.92755,1,2014,2
-119.94365,32.504,14.332724,0.50262725,5.6736674,318.35806,1,2014,2
-127.44439,32.504807,15.0788145,0.16021267,0.9202174,317.64255,1,2014,2
-121.02416,32.51003,14.543755,0.4118556,5.789931,309.46347,1,2014,2
-131.52751,32.511627,16.709763,0.060372375,1.905387,59.39724,1,2014,2
-144.55186,32.51726,19.23212,0.07384797,5.251105,48.783283,1,2014,2
-120.81697,32.529392,14.507568,0.4180372,5.895507,311.2865,1,2014,2
-120.10459,32.53417,14.338991,0.4672784,5.93263,315.0683,1,2014,2
-126.718575,32.543373,15.526215,0.12988861,2.0112185,304.87534,1,2014,2
-128.60385,32.55282,15.87897,0.09650405,0.9118114,21.21797,1,2014,2
-121.25017,32.55756,14.36137,0.47653225,5.719344,308.1122,1,2014,2
-127.06055,32.56229,15.046005,0.19266021,1.2267437,310.7026,1,2014,2
-120.74549,32.609154,14.422451,0.46971253,5.966649,312.48685,1,2014,2
-126.48838,32.61946,15.799619,0.10342673,2.2996087,304.72668,1,2014,2
-120.25256,32.65482,14.406848,0.44267824,6.0403476,313.65842,1,2014,2
-126.192,32.673306,15.879373,0.092872545,2.54637,302.81635,1,2014,2
-125.99334,32.694958,15.88415,0.097174115,2.7371519,301.25095,1,2014,2
-121.55679,32.703766,14.281721,0.5413401,5.620009,306.97183,1,2014,2
-120.6722,32.752598,14.180542,0.5972885,5.953159,312.3449,1,2014,2
-121.63265,32.753113,14.051193,0.65267104,5.6317406,308.29437,1,2014,2
-125.69606,32.75669,15.902256,0.10331926,3.0066593,303.05582,1,2014,2
-126.08768,32.760017,15.693394,0.10964186,2.5052145,305.0857,1,2014,2
-120.26416,32.766186,14.110034,0.60593945,6.0124207,313.5174,1,2014,2
-120.9794,32.769398,14.215035,0.5595858,5.872146,311.61734,1,2014,2
-128.75055,32.771137,15.7527895,0.10805211,1.2913946,30.735487,1,2014,2
-125.966644,32.77987,15.851034,0.103806265,2.6792722,303.2749,1,2014,2
-131.7345,32.782722,16.646664,0.06515746,2.1041863,53.892548,1,2014,2
-120.142136,32.783577,14.135613,0.6299143,5.9044476,315.34308,1,2014,2
-125.435524,32.79857,15.943029,0.09375625,3.2787955,302.67224,1,2014,2
-144.67978,32.817776,18.861822,0.07768645,5.193419,47.0287,1,2014,2
-121.00824,32.823055,14.212115,0.5349131,5.7183566,310.31873,1,2014,2
-131.78079,32.833282,16.713501,0.059174027,2.0181675,53.868263,1,2014,2
-125.230774,32.840233,15.909299,0.092152454,3.5278463,301.43726,1,2014,2
-145.04292,32.85851,18.467585,0.07635593,4.898408,47.64763,1,2014,2
-121.816,32.859116,14.100352,0.551486,5.520009,306.9737,1,2014,2
-144.8843,32.892616,18.70135,0.076606356,5.0857053,48.347748,1,2014,2
-124.98672,32.912174,15.818617,0.103800945,3.640467,299.45206,1,2014,2
-124.718,32.95348,15.603725,0.12920298,3.74,298.07248,1,2014,2
-124.330345,32.973797,15.20418,0.16149582,3.9929564,299.06854,1,2014,2
-124.19072,32.974064,14.852963,0.2529738,4.1046557,299.00037,1,2014,2
-123.800575,32.988705,14.588125,0.3683076,4.2554083,298.49225,1,2014,2
-123.72213,32.995255,14.300779,0.43010446,4.431986,299.1676,1,2014,2
-123.98045,33.002144,14.184039,0.40293157,4.23208,299.59375,1,2014,2
-124.41686,33.006264,14.625627,0.3383332,3.8042345,300.13718,1,2014,2
-128.82817,33.009575,15.540751,0.14387831,1.395421,27.299572,1,2014,2
-120.879585,33.011204,14.065059,0.6700261,5.8655095,311.5443,1,2014,2
-121.1077,33.01275,14.044546,0.56409585,5.7085285,310.66663,1,2014,2
-123.59075,33.01609,14.029989,0.46548203,4.4623985,300.87567,1,2014,2
-123.42059,33.02459,13.878155,0.5143883,4.542092,302.0455,1,2014,2
-131.91449,33.026234,16.635014,0.060788814,2.2887769,48.719875,1,2014,2
-145.10751,33.03897,18.180445,0.07585026,4.8725867,45.914658,1,2014,2
-124.24966,33.04188,14.3813305,0.39095986,4.00451,300.792,1,2014,2
-123.24334,33.04287,13.864869,0.54439634,4.66563,304.6097,1,2014,2
-120.412735,33.04698,14.111152,0.76632947,5.922035,313.01562,1,2014,2
-122.99032,33.0564,13.8225975,0.61490446,4.803353,305.50995,1,2014,2
-122.00503,33.064194,13.941867,0.56157106,5.3422937,307.47052,1,2014,2
-120.07393,33.066463,14.173059,0.7014514,5.820455,316.04416,1,2014,2
-122.69008,33.076263,13.849067,0.6383117,4.9423175,307.5191,1,2014,2
-132.00879,33.13117,16.67304,0.05849658,2.3983536,46.8585,1,2014,2
-122.47557,33.148808,13.866098,0.61791646,5.1142645,307.45248,1,2014,2
-121.44536,33.17583,13.958278,0.5875664,5.714307,309.95963,1,2014,2
-121.54408,33.18018,13.832257,0.6390148,5.602089,309.05914,1,2014,2
-121.94098,33.181976,13.886201,0.5801129,5.425606,308.26398,1,2014,2
-120.71578,33.21794,14.117785,0.7449243,5.905472,311.98,1,2014,2
-129.02925,33.23131,15.537677,0.15422642,1.5171684,33.166355,1,2014,2
-120.98879,33.2519,14.032009,0.78238744,5.828928,310.68658,1,2014,2
-120.15011,33.252094,14.082975,0.8147433,5.8186255,317.64682,1,2014,2
-121.32272,33.257126,13.865756,0.6005402,5.7005615,309.1621,1,2014,2
-122.4633,33.25791,13.611923,0.65059286,4.992895,308.8211,1,2014,2
-145.21413,33.26621,18.063557,0.079309426,4.744734,44.743835,1,2014,2
-129.08589,33.28564,15.428932,0.17567359,1.7007351,28.825554,1,2014,2
-132.13863,33.290504,16.543081,0.061851915,2.7577527,44.706177,1,2014,2
-122.151,33.29106,13.646379,0.61872154,5.241374,308.1818,1,2014,2
-120.50631,33.291603,14.018915,0.90349805,5.901229,311.49646,1,2014,2
-121.57514,33.29191,13.740524,0.58834213,5.562913,308.72415,1,2014,2
-120.416084,33.292866,14.037433,0.80361205,5.872325,313.06787,1,2014,2
-121.79916,33.293804,13.701133,0.6161894,5.35833,308.5596,1,2014,2
-145.25026,33.442978,17.980907,0.07852076,4.5486813,46.69254,1,2014,2
-132.3427,33.44498,16.59841,0.059407454,2.949322,43.76359,1,2014,2
-122.453545,33.50143,13.524179,0.74192667,4.911833,309.13345,1,2014,2
-121.35662,33.505634,13.821308,0.65276986,5.664239,307.3959,1,2014,2
-129.24223,33.506317,15.33854,0.17101425,2.0396078,25.559965,1,2014,2
-132.29846,33.509483,16.386347,0.06180443,3.1751063,44.361988,1,2014,2
-145.27036,33.50997,17.753006,0.08089895,4.484484,46.445644,1,2014,2
-120.74058,33.524925,13.908722,1.2822851,5.95483,310.9144,1,2014,2
-120.81097,33.566948,13.968165,0.8399631,5.828619,309.1511,1,2014,2
-129.27153,33.59147,15.33057,0.18172897,2.0941825,28.523119,1,2014,2
-132.53467,33.60813,16.43599,0.06325731,3.136702,47.972057,1,2014,2
-121.055824,33.6435,13.888219,0.6229481,5.7722178,308.45828,1,2014,2
-129.41322,33.75516,15.446275,0.14615776,2.4465895,27.507675,1,2014,2
-121.44933,33.755714,13.928659,0.634663,5.60316,305.7041,1,2014,2
-122.517944,33.75712,13.582956,0.6629883,4.7233143,309.58813,1,2014,2
-121.197975,33.757526,13.963152,0.7663011,5.762022,307.029,1,2014,2
-132.6792,33.787823,16.35635,0.06306758,3.1827662,43.72697,1,2014,2
-145.34865,33.825417,17.616312,0.081784606,4.6202707,47.017242,1,2014,2
-129.50807,33.873974,15.488229,0.14469987,2.547175,32.005383,1,2014,2
-132.80232,33.89524,16.376463,0.06797308,3.4590461,48.985477,1,2014,2
-121.50497,33.914684,13.820683,0.69380283,5.576603,306.02737,1,2014,2
-121.55629,34.0001,13.902507,0.7068892,5.5054884,305.5377,1,2014,2
-122.64066,34.024647,13.60355,0.69989765,4.6695824,310.1355,1,2014,2
-121.40358,34.033516,14.032571,0.66446465,5.5266085,306.01974,1,2014,2
-145.35971,34.038025,17.575586,0.08144988,4.7658997,45,1,2014,2
-133.00066,34.041508,16.319744,0.07761501,3.512065,48.00066,1,2014,2
-129.60736,34.06005,15.462053,0.11826767,2.764634,31.390268,1,2014,2
-121.240654,34.071453,14.040457,0.75821406,5.6207204,305.95242,1,2014,2
-121.4866,34.255615,13.899237,0.883297,5.3067975,305.87656,1,2014,2
-129.6217,34.26339,15.379572,0.121729195,2.9584625,30.465546,1,2014,2
-133.24532,34.271553,16.269053,0.08526944,3.685173,43.570652,1,2014,2
-122.76649,34.27523,13.196815,0.66418666,4.364951,311.2847,1,2014,2
-121.671,34.308052,13.826294,0.7845701,5.254579,306.01935,1,2014,2
-133.29507,34.32732,16.345922,0.08733377,3.7421918,48.900494,1,2014,2
-145.22841,34.335045,17.462795,0.08277265,5.0545526,49.091328,1,2014,2
-129.77411,34.398815,15.452606,0.12505336,3.0989838,30.868633,1,2014,2
-121.77998,34.49909,13.76633,0.71672577,5.2621098,306.4997,1,2014,2
-122.84663,34.503597,13.197907,0.66579145,4.290886,310.55783,1,2014,2
-133.47015,34.519653,16.220428,0.08287777,3.8697417,46.7801,1,2014,2
-129.72354,34.55023,15.283289,0.119185805,3.1866283,30.347034,1,2014,2
-121.40461,34.560337,13.88058,0.8589537,5.02001,306.98404,1,2014,2
-121.51128,34.562523,13.811818,0.8829686,5.104596,305.99435,1,2014,2
-121.841606,34.562656,13.768124,0.71947867,5.0860004,306.84738,1,2014,2
-145.12206,34.563484,17.37906,0.08969092,5.1681523,47.823257,1,2014,2
-133.53465,34.592354,16.272491,0.07766073,4.0784554,47.98146,1,2014,2
-133.68442,34.75382,16.105053,0.08317788,4.3772707,45.647903,1,2014,2
-129.60367,34.77011,15.050613,0.14185522,3.4387352,31.56384,1,2014,2
-121.651405,34.773327,13.880413,0.97549,4.938218,308.58734,1,2014,2
-121.93236,34.77531,13.78631,1.0729407,4.9167876,307.89542,1,2014,2
-122.951225,34.776276,13.231251,0.6643681,4.194532,310.0679,1,2014,2
-121.46535,34.822594,13.920333,0.9428694,4.7809725,309.48334,1,2014,2
-144.9849,34.83522,17.067469,0.08493044,4.880041,46.162365,1,2014,2
-133.81381,34.882114,16.147245,0.084510796,4.5612826,45.799423,1,2014,2
-122.04071,34.90464,13.690479,0.8902559,4.810665,307.82275,1,2014,2
-129.45671,34.960575,14.907973,0.14963518,3.3065088,31.142063,1,2014,2
-122.95511,35.00073,13.196563,0.69956857,4.1076026,309.26978,1,2014,2
-129.41042,35.008537,14.793236,0.15384038,3.4668863,33.827576,1,2014,2
-144.90126,35.01608,16.899967,0.09032642,4.8652234,44.3338,1,2014,2
-121.48326,35.02577,13.779982,0.92124814,4.4355946,313.26428,1,2014,2
-121.69437,35.03012,13.7784815,1.0707206,4.738576,311.66367,1,2014,2
-133.97377,35.03831,16.19574,0.08625684,4.8156514,44.411076,1,2014,2
-122.06978,35.03847,13.652464,0.83639944,4.663475,309.08194,1,2014,2
-134.04,35.116364,16.277058,0.08758976,5.008313,43.381905,1,2014,2
-121.94738,35.123947,13.733653,0.9433829,4.786021,309.74426,1,2014,2
-123.00135,35.247517,13.199924,0.68962884,3.9795477,309.2894,1,2014,2
-129.26253,35.25844,14.748833,0.15794891,3.5025847,35.822918,1,2014,2
-121.66389,35.25854,13.617758,0.80220336,4.2571588,314.23865,1,2014,2
-144.79274,35.26366,16.685135,0.09693972,4.7164497,38.716724,1,2014,2
-134.0798,35.27808,16.28665,0.085624345,4.984536,42.07265,1,2014,2
-121.75295,35.29558,13.533175,0.7767023,4.6048346,313.50415,1,2014,2
-129.24364,35.29946,14.675374,0.16693863,3.3880377,36.599316,1,2014,2
-123.000534,35.31502,13.012995,0.6797092,3.7724264,310.70013,1,2014,2
-122.97091,35.379253,13.185294,0.65672004,3.9999626,309.42044,1,2014,2
-144.7088,35.431686,16.713095,0.095295295,4.725304,41.4825,1,2014,2
-129.09622,35.50739,14.504197,0.18888879,3.4220023,36.802925,1,2014,2
-121.807014,35.518307,13.309035,0.86646694,4.122924,314.11557,1,2014,2
-144.6727,35.520885,16.544764,0.10654076,4.724108,37.258007,1,2014,2
-122.0142,35.530636,13.2782,0.8054942,4.4982886,313.73898,1,2014,2
-121.66295,35.530746,13.355843,1.0093589,3.556754,315.11392,1,2014,2
-122.91507,35.533905,13.22392,0.71342474,3.891041,309.7867,1,2014,2
-134.07417,35.561695,16.241245,0.091307595,4.8963356,39.281174,1,2014,2
-128.96289,35.700325,14.210786,0.22295345,3.1922562,39.024208,1,2014,2
-122.27971,35.73559,13.312284,0.8225958,4.21114,309.70105,1,2014,2
-122.84679,35.75181,13.339519,0.7438559,3.634969,309.86612,1,2014,2
-121.98975,35.780144,13.102379,0.923182,3.527903,303.55493,1,2014,2
-122.35188,35.78575,13.146865,1.0437807,4.0818257,309.93137,1,2014,2
-144.57812,35.785812,16.451368,0.08824237,4.609642,34.0348,1,2014,2
-128.8964,35.79284,13.958031,0.2977222,3.111334,39.522633,1,2014,2
-134.31326,35.79771,16.212755,0.08835765,4.9941764,37.35175,1,2014,2
-122.05032,35.820267,13.080714,1.0935258,4.1624994,312.27368,1,2014,2
-122.53842,35.915512,13.373488,0.8564945,3.805956,308.70682,1,2014,2
-128.72943,35.939594,13.507218,0.37107494,2.8097866,42.548027,1,2014,2
-122.2902,36.014927,13.090689,0.97089875,3.6084347,305.98068,1,2014,2
-122.108826,36.02051,13.00576,1.1074909,3.41766,297.9147,1,2014,2
-128.66777,36.035076,13.280952,0.46731633,2.8551183,41.450222,1,2014,2
-144.48985,36.037323,16.448961,0.10004383,4.7289004,33.354027,1,2014,2
-122.73126,36.040897,13.208036,0.8208016,3.5124066,308.991,1,2014,2
-134.55331,36.041145,16.191675,0.094021864,5.0533257,33.78441,1,2014,2
-122.76894,36.06412,13.296102,0.7266938,3.4352584,310.04047,1,2014,2
-122.21253,36.250183,12.830402,0.83332956,2.2439697,304.4691,1,2014,2
-122.9013,36.26641,13.227643,0.82183856,3.2539976,310.88776,1,2014,2
-122.71034,36.280434,13.078965,0.79724485,3.1458702,309.71228,1,2014,2
-134.72847,36.291115,16.102633,0.10243476,4.9131866,32.363865,1,2014,2
-128.4744,36.305325,12.95774,0.69507414,2.8022313,37.60599,1,2014,2
-144.41856,36.32324,16.22793,0.09406561,4.7816734,33.2248,1,2014,2
-122.29411,36.38629,12.94334,0.78823596,2.906011,307.02762,1,2014,2
-134.75513,36.40618,16.26206,0.0935781,4.8826733,31.346125,1,2014,2
-134.76164,36.507526,16.170315,0.09570186,4.9840746,34.040787,1,2014,2
-122.970764,36.51952,13.101956,1.0976291,3.0741665,309.8533,1,2014,2
-128.33693,36.529636,13.110639,0.4902705,3.0780027,36.944355,1,2014,2
-122.46309,36.55298,12.94031,0.92478776,3.068876,314.73596,1,2014,2
-123.02177,36.55851,13.168717,0.9345773,3.394584,314.04517,1,2014,2
-144.34401,36.60152,15.976695,0.09529104,4.6238513,31.558796,1,2014,2
-122.517075,36.616047,13.018216,0.91084653,2.8439586,310.57944,1,2014,2
-128.55681,36.74552,13.416429,0.47755054,3.3062668,36.14204,1,2014,2
-128.43884,36.752316,13.273179,0.4451019,3.31074,35.658386,1,2014,2
-128.6597,36.76015,13.563421,0.44481447,3.5490422,35.481377,1,2014,2
-123.095856,36.770515,12.948144,0.933443,3.0704398,316.8476,1,2014,2
-128.18767,36.772022,12.988399,0.6995315,3.0440104,36.71932,1,2014,2
-134.77705,36.775757,16.035526,0.09546253,5.0185757,36.002193,1,2014,2
-128.75548,36.77817,14.09798,0.28441417,3.7401204,36.410316,1,2014,2
-122.67205,36.783722,12.801204,0.95795673,2.6679018,312.72153,1,2014,2
-129.5991,36.79995,14.834689,0.15510903,4.041782,38.57125,1,2014,2
-129.42897,36.81444,14.784742,0.1701725,3.944008,36.753677,1,2014,2
-144.33493,36.84281,15.662971,0.0988158,4.4573197,28.69253,1,2014,2
-129.01866,36.848797,14.583669,0.215741,3.8240423,36.6002,1,2014,2
-122.76543,36.950024,12.86568,1.0417074,2.7578614,314.41238,1,2014,2
-134.72774,36.95526,15.886272,0.095572,4.6280017,36.91942,1,2014,2
-129.45358,37.00054,14.822402,0.16696225,3.9640005,36.898808,1,2014,2
-123.26525,37.01129,13.0132475,0.76951635,3.1009836,325.64374,1,2014,2
-122.82016,37.012638,12.656707,0.9469887,2.2848413,321.57516,1,2014,2
-134.70021,37.013584,15.866057,0.10100285,4.8304553,38.696857,1,2014,2
-123.07617,37.020695,12.877471,0.79541403,2.6440122,323.30347,1,2014,2
-144.29259,37.044643,15.48163,0.104956016,4.217831,27.537102,1,2014,2
-128.40765,37.047577,13.4461565,0.34100792,3.560688,35.74344,1,2014,2
-127.97494,37.06205,13.013548,0.5865372,3.110016,39.781982,1,2014,2
-144.07953,37.10263,15.638415,0.10425531,4.4233246,27.318138,1,2014,2
-143.93094,37.1612,15.779099,0.12636912,4.6433177,25.24053,1,2014,2
-143.57625,37.211803,15.836716,0.13623443,4.7766514,25.814026,1,2014,2
-128.50035,37.241028,13.739395,0.32289588,3.7390907,34.540092,1,2014,2
-128.51021,37.250298,14.166861,0.25331825,3.8512986,35.38203,1,2014,2
-128.41405,37.2503,13.643492,0.30769226,3.6863124,37.615974,1,2014,2
-123.41957,37.258347,12.726655,0.85373574,2.8643498,331.19797,1,2014,2
-143.84528,37.26476,15.715374,0.12507713,4.597532,26.063448,1,2014,2
-134.5727,37.281967,15.835978,0.09886351,4.8500414,39.729942,1,2014,2
-123.003395,37.293884,12.605061,0.85611737,2.407073,331.73148,1,2014,2
-143.47455,37.30254,15.45523,0.15286791,4.7279806,25.426874,1,2014,2
-125.954384,37.31095,12.808226,0.7762145,2.9399319,14.981632,1,2014,2
-127.82332,37.311882,13.324344,0.37270954,3.3020751,39.716705,1,2014,2
-125.74673,37.324394,12.940111,0.743055,2.818386,10.632143,1,2014,2
-125.38155,37.36126,13.015739,0.6571082,2.7622635,5.401001,1,2014,2
-123.52099,37.39253,12.503576,0.91926,2.9068885,333.43494,1,2014,2
-127.73892,37.458057,13.206981,0.3947523,3.2330327,39.351753,1,2014,2
-128.2385,37.458447,13.358644,0.32408476,3.451449,38.53018,1,2014,2
-143.1973,37.463703,15.358045,0.15359566,4.934207,29.370405,1,2014,2
-123.1662,37.50185,12.016268,1.3935249,2.432139,342.53354,1,2014,2
-123.547485,37.50272,12.044752,1.1053627,2.723307,336.63565,1,2014,2
-125.58516,37.50566,12.739736,0.7592166,2.717131,15.366085,1,2014,2
-143.10574,37.508938,15.208697,0.1413723,4.646913,27.2819,1,2014,2
-128.17531,37.521248,13.544225,0.315618,3.4014702,38.55458,1,2014,2
-127.68859,37.5327,13.489458,0.3042745,3.3582883,37.6206,1,2014,2
-127.92163,37.547348,13.533093,0.2988016,3.337439,38.552563,1,2014,2
-123.75623,37.555878,12.131973,0.8963749,2.7062335,336.9404,1,2014,2
-142.9609,37.561012,15.235551,0.13844739,4.9511714,30.864527,1,2014,2
-125.49305,37.564064,12.752117,0.78016585,2.592952,10.443194,1,2014,2
-134.50745,37.5698,15.81062,0.10358873,4.6416483,39.14176,1,2014,2
-124.001854,37.586193,12.217083,0.708665,2.5160286,336.08374,1,2014,2
-123.28211,37.63826,12.035144,1.182091,2.7353427,336.05878,1,2014,2
-124.44858,37.661667,12.240072,0.6672947,2.376973,337.75098,1,2014,2
-142.67055,37.675293,15.260656,0.1429374,5.1951227,31.70143,1,2014,2
-124.538765,37.687626,12.267015,0.95254,2.3211205,341.40894,1,2014,2
-125.24947,37.70146,12.66572,0.8446255,2.4809878,1.6167903,1,2014,2
-134.48973,37.715244,15.554346,0.10545696,4.464661,41.185925,1,2014,2
-127.681244,37.753162,13.576212,0.2934536,3.3828094,35.616436,1,2014,2
-124.57584,37.75604,12.279139,0.8875104,2.1658485,345.83545,1,2014,2
-123.393585,37.758102,11.63225,1.1708817,2.533081,342.06577,1,2014,2
-142.53923,37.758144,15.16101,0.16608898,4.9684706,31.418633,1,2014,2
-125.1958,37.76798,12.5970745,0.90875113,2.2656567,4.0495815,1,2014,2
-134.46083,37.76817,15.510381,0.10482939,4.5609756,40.46504,1,2014,2
-124.75031,37.784008,12.411004,0.89082557,2.151023,351.9829,1,2014,2
-142.39389,37.837196,15.2181635,0.15411949,5.05831,31.993376,1,2014,2
-127.756744,37.837414,13.602334,0.30065674,3.3240488,36.559635,1,2014,2
-142.24126,37.8814,15.395739,0.13231726,5.1388717,31.958109,1,2014,2
-125.296165,37.888893,12.809554,0.72292525,2.4352617,13.294407,1,2014,2
-123.550964,37.934216,11.8155775,0.99210703,2.570992,336.62582,1,2014,2
-127.45937,37.935265,13.493714,0.30796453,3.4460557,32.07588,1,2014,2
-126.672005,37.951107,13.597091,0.2878387,3.6360006,23.674492,1,2014,2
-126.76477,37.967045,13.5217,0.32462314,3.6140282,25.572401,1,2014,2
-126.41212,37.970463,13.486531,0.29734007,3.5040834,21.953226,1,2014,2
-134.24544,37.97847,15.214184,0.11340097,4.296347,40.8472,1,2014,2
-127.21022,37.996906,13.426416,0.2842347,3.6053433,27.773344,1,2014,2
-125.55489,38.00472,13.161273,0.5157266,2.6376126,19.25929,1,2014,2
-126.22072,38.00531,13.518705,0.3342523,3.2078185,23.128231,1,2014,2
-141.97098,38.007183,15.323429,0.13574873,5.1673303,33.075,1,2014,2
-125.10693,38.007744,12.673454,0.8201256,2.1259587,7.024732,1,2014,2
-125.402435,38.007812,12.931756,0.5583891,2.3448029,16.348171,1,2014,2
-124.939156,38.007923,12.615835,0.84317726,1.9964218,355.4032,1,2014,2
-127.039345,38.022068,13.28749,0.3193234,3.4358842,28.131342,1,2014,2
-125.9004,38.033688,13.358684,0.43237162,2.907129,23.302105,1,2014,2
-127.664604,38.03879,13.494769,0.31995144,3.298257,34.750088,1,2014,2
-123.659546,38.053074,11.7279,0.8598059,2.0185392,335.7205,1,2014,2
-134.16415,38.067234,15.091913,0.1165746,4.408322,39.9387,1,2014,2
-141.67574,38.073643,15.335365,0.14455912,5.158953,33.13561,1,2014,2
-126.94908,38.094666,13.369554,0.34432468,3.4618492,25.676815,1,2014,2
-126.69108,38.157322,13.493756,0.3171248,3.458627,24.78671,1,2014,2
-141.36078,38.16165,15.316665,0.1457316,5.2534275,31.693243,1,2014,2
-141.20062,38.19784,15.270887,0.14174327,5.3064866,31.593355,1,2014,2
-123.786545,38.24878,11.920071,0.7684203,2.1140482,336.5879,1,2014,2
-125.66958,38.250557,13.21031,0.54804385,2.477761,20.556046,1,2014,2
-141.0437,38.256443,15.091748,0.14313255,5.297858,30.388777,1,2014,2
-126.65081,38.257042,13.527503,0.325288,3.1177075,27.715744,1,2014,2
-140.92838,38.273155,15.134474,0.14341448,5.429733,31.289503,1,2014,2
-133.92813,38.287537,14.771982,0.1529038,4.248341,39.460213,1,2014,2
-126.78256,38.30686,13.355863,0.34708884,3.1094213,28.213396,1,2014,2
-127.54992,38.307823,13.506935,0.31604317,3.256271,36.130867,1,2014,2
-123.83552,38.31249,11.948823,0.871606,1.2656224,333.23248,1,2014,2
-125.11183,38.334145,12.6924715,0.693295,1.9749683,10.797869,1,2014,2
-140.65604,38.377384,15.216403,0.13602145,5.5544214,32.2022,1,2014,2
-133.73994,38.434284,14.625727,0.14513129,4.2643876,41.57775,1,2014,2
-140.3442,38.444897,15.448238,0.13202688,5.487668,32.271,1,2014,2
-124.033615,38.482468,12.142946,0.804459,1.3223085,337.31348,1,2014,2
-125.752106,38.48505,13.334381,0.45398024,2.6892378,22.750977,1,2014,2
-140.19287,38.487846,15.4827795,0.1160332,5.4558682,31.73822,1,2014,2
-126.9467,38.502396,13.527938,0.28726286,2.7411675,32.182632,1,2014,2
-125.09847,38.50718,12.706022,0.541838,1.6637908,17.128048,1,2014,2
-140.02773,38.516266,15.306635,0.14071946,5.582374,31.298199,1,2014,2
-133.642,38.516613,14.567193,0.14955825,4.266169,41.19856,1,2014,2
-127.5397,38.530804,13.700446,0.2825137,3.356218,38.953083,1,2014,2
-124.11725,38.53181,12.195371,0.72761214,0.5883027,328.20108,1,2014,2
-125.77671,38.538464,13.216525,0.4684542,2.3259406,25.463345,1,2014,2
-139.86089,38.552094,15.399012,0.1329844,5.6085114,31.734663,1,2014,2
-127.48373,38.574173,13.55911,0.311292,3.3218217,38.76756,1,2014,2
-139.71272,38.58741,15.544144,0.12545031,5.4583516,33.340706,1,2014,2
-127.01108,38.589073,13.477737,0.32123142,3.0342379,36.15232,1,2014,2
-133.49208,38.604183,14.597124,0.14703394,4.171954,44.80578,1,2014,2
-124.27939,38.631683,12.328671,0.9495061,1.0143471,350.35196,1,2014,2
-124.525276,38.68426,12.447429,0.77701735,1.2432618,355.84872,1,2014,2
-139.39749,38.70877,15.636834,0.12145644,5.4399447,30.85538,1,2014,2
-124.759865,38.753777,12.43793,0.5691843,1.2007082,14.962155,1,2014,2
-127.44995,38.76405,13.665346,0.27246705,3.1532998,41.27139,1,2014,2
-125.96782,38.791397,12.807876,0.5326223,1.9363109,30.405533,1,2014,2
-139.13051,38.79213,15.352074,0.1341018,5.372197,29.189272,1,2014,2
-125.079895,38.80843,12.549074,0.5097346,1.3446189,22.750977,1,2014,2
-133.2849,38.82194,14.573607,0.14514469,4.2710185,45.379436,1,2014,2
-126.01402,38.824043,12.88119,0.48206857,1.996021,28.747913,1,2014,2
-138.99277,38.826134,15.193042,0.13996938,5.4365892,28.450651,1,2014,2
-125.260925,38.87522,12.602808,0.5426832,1.4561937,30.086504,1,2014,2
-138.66939,38.89512,15.228994,0.15398376,5.5288787,27.81646,1,2014,2
-133.18887,38.896877,14.500854,0.17393528,4.3648252,49.925514,1,2014,2
-138.32352,38.944065,15.182204,0.17162283,5.5930314,28.39789,1,2014,2
-125.70529,38.95416,12.790842,0.5062431,1.6928378,31.718369,1,2014,2
-138.20772,38.970573,15.045557,0.18487035,5.438281,31.234785,1,2014,2
-138.10944,39.001865,14.932471,0.1815656,5.359338,30.872084,1,2014,2
-127.26007,39.006653,12.947241,0.40578476,2.8798785,42.889317,1,2014,2
-126.279755,39.008137,12.617306,0.46346304,1.8660386,36.501442,1,2014,2
-126.0284,39.03934,12.578412,0.4498584,1.6164467,38.21695,1,2014,2
-125.359985,39.04028,12.341223,0.52994376,1.2963411,41.56013,1,2014,2
-132.95615,39.046967,14.243692,0.21551634,4.49,51.419907,1,2014,2
-127.20281,39.07675,12.975759,0.43834326,2.6611276,42.56335,1,2014,2
-137.91461,39.080738,14.878836,0.18694033,5.1526012,27.509949,1,2014,2
-131.11859,39.11306,14.516292,0.18374516,4.029516,49.630047,1,2014,2
-132.66292,39.11445,14.33716,0.19913974,4.4041004,51.360508,1,2014,2
-137.72035,39.1576,14.798208,0.19222625,4.9970593,28.052254,1,2014,2
-132.39233,39.194016,14.325972,0.20177002,4.2433243,51.69868,1,2014,2
-130.94942,39.250504,14.329139,0.20048618,3.9872296,49.67926,1,2014,2
-126.510086,39.251587,11.961073,0.420426,1.8680738,39.56995,1,2014,2
-127.03242,39.259403,12.498754,0.4345212,2.4242525,40.985825,1,2014,2
-137.43692,39.27973,14.693182,0.19070572,4.8538027,31.692568,1,2014,2
-126.80736,39.28883,12.225946,0.45414338,2.1600232,41.809765,1,2014,2
-131.99362,39.29112,14.407588,0.18156412,4.0725546,48.284676,1,2014,2
-125.54588,39.292233,12.097635,0.4398207,1.4120907,52.480885,1,2014,2
-132.13943,39.293163,14.397358,0.19420111,4.0707,49.38344,1,2014,2
-131.23576,39.29991,14.451449,0.19922544,4.1423783,48.033348,1,2014,2
-131.25682,39.32766,14.426495,0.19638792,4.110049,46.67599,1,2014,2
-137.2198,39.379673,14.641553,0.1739589,4.6567907,33.348824,1,2014,2
-131.73335,39.399532,14.389193,0.199494,4.1314645,46.765408,1,2014,2
-130.68231,39.465103,13.8588915,0.27247104,3.7389438,51.842773,1,2014,2
-136.90868,39.484562,14.612552,0.17273694,4.579192,33.23893,1,2014,2
-127.24715,39.504963,12.310455,0.4435477,2.4324884,44.66689,1,2014,2
-126.73581,39.512352,11.716186,0.40268773,1.8450475,49.836582,1,2014,2
-125.64963,39.515076,11.863636,0.60243773,1.3813038,55.619656,1,2014,2
-136.80424,39.52587,14.553103,0.18064943,4.581877,33.967525,1,2014,2
-126.76815,39.526962,11.968968,0.4533272,2.0942302,46.934933,1,2014,2
-130.58098,39.531677,13.481632,0.35977423,3.8193324,48.71529,1,2014,2
-127.321686,39.550465,12.364063,0.4210142,2.6518862,44.236103,1,2014,2
-136.68797,39.572002,14.507133,0.18643461,4.782102,32.792816,1,2014,2
-130.48897,39.59775,13.311417,0.36917016,3.7335775,49.997944,1,2014,2
-136.42413,39.676144,14.454474,0.16747472,4.756911,32.98852,1,2014,2
-127.51514,39.69472,12.238392,0.4911014,2.9349105,45.966343,1,2014,2
-129.45108,39.74341,13.20914,0.3369221,3.5914621,49.96974,1,2014,2
-125.70829,39.75106,11.646191,0.5664672,1.596778,64.39781,1,2014,2
-126.59047,39.759457,11.666909,0.45873836,2.1232522,58.48089,1,2014,2
-136.33011,39.760803,14.36061,0.1896831,4.8043313,32.76389,1,2014,2
-127.0285,39.77954,12.088769,0.5343544,2.556345,54.0715,1,2014,2
-130.1717,39.783844,13.3215475,0.32242796,3.5493803,48.540733,1,2014,2
-129.34819,39.792236,13.26019,0.30172405,3.4891403,50.69904,1,2014,2
-127.658035,39.808586,12.16578,0.6061795,3.1933055,49.82686,1,2014,2
-129.2364,39.83128,13.152826,0.3110164,3.5286965,50.17364,1,2014,2
-129.52682,39.831318,13.335679,0.29274356,3.6171951,50.721737,1,2014,2
-136.17842,39.852806,14.328368,0.19745277,4.906669,34.3702,1,2014,2
-129.9539,39.868732,13.334689,0.3041978,3.6102355,47.694283,1,2014,2
-134.00412,39.915527,14.099995,0.2066855,4.4313655,39.68969,1,2014,2
-127.2953,39.939575,12.249765,0.53811705,2.8257742,50.16847,1,2014,2
-125.82271,39.941753,11.510237,0.61508274,1.6144658,57.39271,1,2014,2
-126.9456,39.94571,11.844698,0.45341972,2.313266,56.9969,1,2014,2
-127.7852,39.956257,12.15497,0.50917643,3.2126312,50.81098,1,2014,2
-128.06387,39.970985,12.247688,0.43752673,3.3065088,52.125015,1,2014,2
-135.95905,39.995316,14.361687,0.19938591,4.9047427,34.95374,1,2014,2
-126.3861,40.01777,11.201541,0.5249063,2.0401225,65.06794,1,2014,2
-127.85067,40.018196,11.984532,0.49728122,3.0640006,53.092705,1,2014,2
-128.99759,40.01821,12.940532,0.34118083,3.3101358,52.61082,1,2014,2
-128.10976,40.03174,12.135274,0.41070718,3.1437876,51.197876,1,2014,2
-135.88289,40.035088,14.339209,0.19186237,4.7789645,35.71886,1,2014,2
-127.41982,40.035294,12.036347,0.54782224,2.8101602,57.49753,1,2014,2
-125.947716,40.03924,11.186934,0.6128231,1.9018412,61.413586,1,2014,2
-126.05667,40.042233,11.0872555,0.59868455,1.8252945,61.890583,1,2014,2
-134.05888,40.054752,14.099462,0.1961705,4.314221,41.52325,1,2014,2
-126.98011,40.07176,11.709509,0.45426863,2.4720235,60.42761,1,2014,2
-135.71918,40.110085,14.2779,0.1872971,4.6510754,35.63792,1,2014,2
-127.53183,40.115654,12.049833,0.55586576,3.0020328,53.3973,1,2014,2
-135.49391,40.188442,14.174955,0.19214617,4.535339,34.671185,1,2014,2
-128.73077,40.197693,12.700589,0.34946668,3.2970593,50.661686,1,2014,2
-128.28998,40.21977,12.45428,0.35996112,3.162673,50.774326,1,2014,2
-127.74719,40.2515,11.9584055,0.4243827,2.9054775,58.224552,1,2014,2
-134.29793,40.252155,14.152938,0.19509684,4.322557,40.0262,1,2014,2
-128.65344,40.263344,12.539361,0.36865517,3.0891423,51.571922,1,2014,2
-128.31772,40.27484,12.3327875,0.3745281,3.043567,49.66415,1,2014,2
-134.24336,40.282177,14.058386,0.19184211,4.3676653,42.308987,1,2014,2
-135.25005,40.28867,14.207278,0.18474606,4.551505,33.166355,1,2014,2
-127.815796,40.30083,11.97534,0.40955016,3.0288777,55.627872,1,2014,2
-126.89639,40.31805,11.421783,0.44203204,2.6156452,66.571304,1,2014,2
-133.98523,40.319344,14.031387,0.21203081,4.320706,44.343613,1,2014,2
-135.17383,40.335663,14.177315,0.19177262,4.4905457,34.291668,1,2014,2
-133.67133,40.38479,13.956363,0.2135745,4.2865605,46.51241,1,2014,2
-128.02542,40.430885,12.088172,0.4068654,3.1312938,51.483074,1,2014,2
-134.98878,40.480305,14.174546,0.20577583,4.4803796,35.002495,1,2014,2
-133.93951,40.50193,13.885616,0.2048666,4.2285933,45.383244,1,2014,2
-133.74782,40.503883,13.905106,0.21265395,4.1471195,47.345276,1,2014,2
-134.9505,40.51431,14.275957,0.18127944,4.2747865,37.96903,1,2014,2
-134.04808,40.518497,13.981347,0.20454991,4.223139,43.368904,1,2014,2
-128.1405,40.55138,11.989091,0.40120307,3.0880415,53.426968,1,2014,2
-126.93216,40.554676,11.105095,0.46138954,2.7131164,67.68878,1,2014,2
-127.03593,40.583897,11.269273,0.45969132,2.7557213,68.27581,1,2014,2
-128.27614,40.673954,12.232561,0.40137142,2.998733,50.68371,1,2014,2
-134.71947,40.7035,14.221766,0.1911836,4.246999,39.650112,1,2014,2
-133.69424,40.750164,13.95734,0.19966678,3.9216833,47.687,1,2014,2
-133.86197,40.751022,13.994938,0.1931412,4.051876,44.50005,1,2014,2
-127.16451,40.7592,10.986679,0.49031174,2.8008034,67.096886,1,2014,2
-127.250305,40.769054,11.081307,0.4220755,2.8991895,65.11443,1,2014,2
-134.62611,40.782238,14.066124,0.20195557,4.2098575,39.8927,1,2014,2
-128.4246,40.787594,11.901628,0.4962008,2.8903286,55.43022,1,2014,2
-134.46686,40.86722,14.000538,0.21247318,4.1780977,40.43768,1,2014,2
-128.54137,40.897015,11.931097,0.43935776,2.9574313,54.91275,1,2014,2
-134.1854,40.974167,14.022618,0.22347672,4.096352,43.120502,1,2014,2
-133.85544,41.0001,14.003165,0.22994024,3.8329363,44.154366,1,2014,2
-133.669,41.01195,13.91704,0.23138522,3.6928308,46.755642,1,2014,2
-127.379814,41.028374,11.111611,0.47262833,2.966968,65.5081,1,2014,2
-134.09517,41.031334,14.026922,0.22315958,3.8309398,41.93163,1,2014,2
-133.21335,41.0415,13.611198,0.25505665,3.4140005,48.32465,1,2014,2
-128.69818,41.04634,11.7672615,0.45628792,2.8853424,54.87784,1,2014,2
-133.3196,41.071762,13.708697,0.25038314,3.5373437,46.83284,1,2014,2
-128.77101,41.109264,11.699193,0.41422218,2.891107,54.71574,1,2014,2
-131.76306,41.112217,13.69799,0.24468218,3.3916516,42.012325,1,2014,2
-131.67712,41.126904,13.666623,0.23816223,3.52966,43.507664,1,2014,2
-132.07036,41.133877,13.681586,0.24139056,3.48,46.397182,1,2014,2
-132.28209,41.136017,13.652426,0.23534806,3.5295892,48.9057,1,2014,2
-132.86653,41.136406,13.700181,0.23158583,3.234455,50.89755,1,2014,2
-132.5857,41.14119,13.683542,0.23942456,3.2457511,50.375244,1,2014,2
-131.49492,41.146114,13.591485,0.26329815,3.6022353,42.637466,1,2014,2
-131.2426,41.172134,13.503129,0.2934454,3.6748333,40.364536,1,2014,2
-130.93637,41.217216,13.419779,0.32593182,3.8034852,41.69609,1,2014,2
-129.06096,41.2367,11.771041,0.39572886,2.8790276,55.75797,1,2014,2
-130.75813,41.252407,13.125852,0.28697625,3.2396605,43.499146,1,2014,2
-129.27563,41.254395,11.473463,0.6424721,2.8239157,55.240685,1,2014,2
-133.87027,41.258026,13.755629,0.25273368,3.5001857,44.88425,1,2014,2
-133.7355,41.260464,13.678849,0.22979955,3.3301651,48.65222,1,2014,2
-130.67392,41.268612,12.723884,0.28899127,3.1607752,45.128178,1,2014,2
-127.476555,41.27341,11.3872795,0.44200858,2.911941,64.57895,1,2014,2
-133.18669,41.280193,13.348218,0.2898827,3.1562636,47.31113,1,2014,2
-133.43246,41.30091,13.461961,0.23251116,3.2429924,47.999657,1,2014,2
-130.47594,41.335213,12.336401,0.30091968,2.8595455,51.246315,1,2014,2
-127.5221,41.364758,11.595937,0.42083767,2.974727,62.14278,1,2014,2
-130.23726,41.393906,12.042137,0.32351953,2.8248186,54.50948,1,2014,2
-129.97113,41.444984,11.842559,0.27593207,2.8402288,56.925392,1,2014,2
-129.71327,41.460545,11.60637,0.38132533,2.7681222,56.941425,1,2014,2
-133.44469,41.502308,13.348024,0.2696566,3.2032015,44.87352,1,2014,2
-129.50175,41.50829,10.933938,0.40874407,2.6532433,58.406647,1,2014,2
-129.36339,41.509243,10.895092,0.47940683,2.7869158,58.6484,1,2014,2
-133.2338,41.51599,13.254268,0.29248458,3.226918,42.7395,1,2014,2
-127.56821,41.55179,11.685195,0.46323082,2.9394217,61.778454,1,2014,2
-127.44651,41.774513,11.28356,0.46687722,3.0013664,64.54486,1,2014,2
-127.28274,42.07012,10.466554,0.4271295,2.9523718,64.7369,1,2014,2
-127.23654,42.219616,10.567706,0.42786583,2.920582,64.22458,1,2014,2
-127.18665,42.283512,10.12359,0.40804294,2.7103505,64.191284,1,2014,2
-127.02951,42.538708,10.190179,0.39869124,2.755449,64.643936,1,2014,2
-126.97753,42.60591,10.127246,0.3829867,2.6566896,62.663334,1,2014,2
-126.88166,42.76833,10.083768,0.3672201,2.8635643,61.64504,1,2014,2
-133.6833,42.814915,12.924716,0.33785832,3.5626535,41.700317,1,2014,2
-126.69867,43.02186,9.861507,0.36864468,2.743884,61.00624,1,2014,2
-133.6211,43.07113,12.620104,0.36842653,3.467636,40.67298,1,2014,2
-126.40239,43.18071,9.723129,0.40005204,2.6128337,65.10233,1,2014,2
-126.24767,43.2333,9.614555,0.41226545,2.6252809,64.02058,1,2014,2
-133.75429,43.266354,12.32895,0.32342446,3.288039,36.591087,1,2014,2
-126.15345,43.301506,9.561396,0.45174253,2.5312645,63.738632,1,2014,2
-126.1366,43.528786,9.619359,0.47555932,2.594706,64.916405,1,2014,2
-133.80746,43.558826,12.136725,0.3240731,3.1891065,38.379223,1,2014,2
-133.84149,43.751743,11.793096,0.35521552,3.1140006,36.906696,1,2014,2
-126.2321,43.797077,9.910387,0.35870597,2.6926754,64.481766,1,2014,2
-126.26416,43.926785,9.883176,0.33306494,2.5090635,62.720066,1,2014,2
-133.92213,44.03367,11.430547,0.37069416,3.1121857,36.243942,1,2014,2
-126.30872,44.035843,10.014106,0.36279455,2.5715754,62.936737,1,2014,2
-126.564995,44.19531,9.9621725,0.39482537,2.6117618,63.140625,1,2014,2
-126.919556,44.201008,10.001835,0.41034627,2.5556605,65.741585,1,2014,2
-127.08282,44.2026,10.142832,0.47646153,2.5500195,67.15545,1,2014,2
-127.324524,44.21966,10.274908,0.5063823,2.5246387,69.84239,1,2014,2
-127.44206,44.250023,10.121368,0.48081407,2.675556,72.3777,1,2014,2
-133.93365,44.254482,10.914059,0.3644112,3.0541284,36.34461,1,2014,2
-127.525856,44.265118,10.061379,0.5761668,2.8460498,71.56505,1,2014,2
-127.89582,44.334522,9.986823,0.62471193,2.9505422,71.012375,1,2014,2
-128.08414,44.36213,9.909483,0.5242353,2.982633,70.41078,1,2014,2
-128.26085,44.38503,9.881408,0.54045933,3.0269623,67.67134,1,2014,2
-128.50613,44.4466,9.888013,0.47047305,3.0100167,64.20112,1,2014,2
-128.67796,44.50631,9.844273,0.37046945,2.8756216,66.64443,1,2014,2
-133.96854,44.508953,10.687828,0.34746182,2.626195,36.171734,1,2014,2
-128.76419,44.54384,9.875377,0.43189836,2.978926,62.402702,1,2014,2
-134.01158,44.599808,10.642329,0.34436396,2.4760654,37.28642,1,2014,2
-129.06981,44.786827,9.782432,0.37938195,2.915956,63.962196,1,2014,2
-134.06096,44.828888,10.605277,0.3465112,2.5321138,36.326824,1,2014,2
-129.33034,44.97939,9.793524,0.38220525,2.845435,59.83053,1,2014,2
-134.0551,45.00772,10.459387,0.33796224,2.5597265,38.974426,1,2014,2
-129.42764,45.029068,9.754997,0.34909564,2.8420064,65.68952,1,2014,2
-129.50899,45.072327,9.802728,0.40930915,2.7906451,63.15949,1,2014,2
-129.78502,45.21434,9.820359,0.4738418,2.7666044,58.148285,1,2014,2
-129.88939,45.264587,9.77944,0.48128158,2.7240596,64.56378,1,2014,2
-134.0481,45.292217,10.344369,0.35672814,2.4020407,36.535954,1,2014,2
-130.10599,45.373676,9.759062,0.48563716,2.6866336,60.572544,1,2014,2
-130.30449,45.45113,9.720087,0.46117133,2.7642179,62.41523,1,2014,2
-130.34071,45.50038,9.634579,0.35543877,2.6208587,62.75056,1,2014,2
-134.02193,45.563587,10.199897,0.35349396,1.9983243,35.837654,1,2014,2
-130.53152,45.58778,9.6756525,0.4163537,2.7303114,59.396137,1,2014,2
-130.9471,45.692955,9.723564,0.3691116,2.4291768,64.91186,1,2014,2
-131.30643,45.697548,9.847052,0.34810466,2.609866,56.249043,1,2014,2
-131.06717,45.713238,9.754014,0.387221,2.41,60.137165,1,2014,2
-133.9919,45.75506,9.997631,0.33583614,1.7705367,41.794785,1,2014,2
-131.33052,45.81485,9.5907,0.39415145,2.2400892,66.868576,1,2014,2
-131.54153,45.91285,9.726541,0.39036316,2.2498446,64.460014,1,2014,2
-133.39955,45.93971,10.115906,0.32348502,1.8023596,38.01439,1,2014,2
-133.52931,45.96991,9.987888,0.323308,1.8353474,41.24466,1,2014,2
-133.77475,46.00897,9.852562,0.32481897,1.5913831,46.27303,1,2014,2
-133.27948,46.023174,10.088336,0.3263722,1.6991763,42.137596,1,2014,2
-131.77454,46.047684,9.684547,0.37258467,2.1931257,67.76197,1,2014,2
-132.03838,46.105602,9.886724,0.3672186,2.16474,64.26355,1,2014,2
-133.22527,46.178032,10.152423,0.32433596,1.830956,40.126102,1,2014,2
-132.31621,46.17823,10.072609,0.34372067,2.0663495,56.848267,1,2014,2
-132.55312,46.234215,10.122287,0.36609438,2.059733,47.557903,1,2014,2
-132.6484,46.25628,9.964756,0.34526828,1.7523699,51.952957,1,2014,2
-132.8055,46.27953,9.98566,0.35571054,1.7069856,51.18293,1,2014,2
-133.0586,46.29819,10.005421,0.33228672,1.637834,49.208984,1,2014,2
-145.125,30.625,19.6904811859131,0.0620915405452251,3.48579976475988,70.2134958714786,0,2014,2
-141.625,47.375,9.64159965515137,0.304740995168686,1.9223423212321,67.0362269401455,0,2014,2
-126.375,49.125,7.24798393249512,0.823160946369171,2.08060087474749,129.735053245394,0,2014,2
-143.625,30.625,19.9435405731201,0.0678831115365028,3.66837838833455,72.0589680756967,0,2014,2
-135.125,28.375,19.1586036682129,0.0542206354439259,2.1824756585126,153.904575842612,0,2014,2
-143.375,45.875,10.2297067642212,0.296644121408463,2.71812435329953,53.6781688852408,0,2014,2
-141.375,31.375,19.1050624847412,0.0619897544384003,3.91624820459582,65.7255588655605,0,2014,2
-155.125,46.375,8.29010963439941,0.42260667681694,2.75056357861439,14.7435628364707,0,2014,2
-130.125,28.125,18.7534217834473,0.0508699752390385,2.38516246826081,204.523476977117,0,2014,2
-155.625,45.375,8.47191429138184,0.389278948307037,2.92960748224058,20.1669068755638,0,2014,2
-134.625,51.375,7.36638689041138,0.287601679563522,1.73692256591939,159.791431662937,0,2014,2
-140.125,39.875,14.2279949188232,0.187335610389709,4.57555461119196,27.4610997923023,0,2014,2
-144.125,51.125,7.28245401382446,0.217231407761574,1.67705098312484,132.82525588539,0,2014,2
-142.125,40.625,13.9921979904175,0.246466845273972,4.92931029658308,29.2691094635364,0,2014,2
-135.125,51.375,7.25582695007324,0.280760139226913,1.25419296760905,164.744881296942,0,2014,2
-158.375,40.375,11.1471223831177,0.297060936689377,3.83725162062641,14.7967622450573,0,2014,2
-142.125,30.375,19.3538188934326,0.0675515308976173,3.29195990255045,77.1880194094451,0,2014,2
-148.375,39.625,13.7473831176758,0.318651229143143,5.14744596863338,26.4157141229481,0,2014,2
-152.625,44.125,9.46887397766113,0.247449547052383,2.82603963171078,11.42921567333,0,2014,2
-148.125,35.125,16.4416103363037,0.120771192014217,4.05177738776453,26.3753307462527,0,2014,2
-133.625,50.625,7.46508550643921,0.359457582235336,1.34825813552153,119.797591290824,0,2014,2
-131.125,47.625,9.09300899505615,0.326140761375427,2.04022057631032,72.8972710309476,0,2014,2
-142.875,30.375,19.6118183135986,0.0633384808897972,3.31058907144937,78.146995832256,0,2014,2
-151.375,38.875,13.2763175964355,0.331833779811859,4.79150289575202,23.6225307207093,0,2014,2
-123.625,25.375,19.129451751709,0.0523933880031109,4.38953300477397,234.644405640108,0,2014,2
-143.375,51.625,7.24316549301147,0.326956927776337,1.6542369842317,162.76994728606,0,2014,2
-151.625,34.375,16.4903125762939,0.0969938039779663,3.98600050175611,25.0863639254304,0,2014,2
-154.875,37.625,13.3137922286987,0.344017773866653,5.05157401212731,20.87464682645,0,2014,2
-146.375,41.625,12.6671199798584,0.237894237041473,4.92530202119626,27.969843227113,0,2014,2
-141.125,39.875,14.347071647644,0.208937510848045,4.73971518131628,24.2938876025851,0,2014,2
-152.125,36.375,14.492618560791,0.183886021375656,4.63624848341846,24.4644102524189,0,2014,2
-153.125,47.375,7.9429087638855,0.379073441028595,2.85506567350035,3.41359827477186,0,2014,2
-146.125,30.875,19.4179611206055,0.0650629624724388,3.36827849204902,62.2176917926513,0,2014,2
-142.375,27.625,20.7606792449951,0.0587025806307793,3.12699536296426,122.063650082417,0,2014,2
-142.875,38.625,15.119029045105,0.159301936626434,4.52550549662687,22.2010863238206,0,2014,2
-130.125,47.375,8.71577453613281,0.347371846437454,2.44086050400264,84.5930506295284,0,2014,2
-142.375,29.375,19.8693962097168,0.0671524554491043,3.31547884927653,95.5386375327905,0,2014,2
-141.375,48.875,9.10720539093018,0.226055577397346,1.14843371598016,106.699244233994,0,2014,2
-115.125,28.625,16.7429504394531,0.390389710664749,6.01033276948956,317.764786049911,0,2014,2
-144.125,49.125,8.50004386901855,0.223787635564804,1.34461890511773,120.379126011368,0,2014,2
-138.375,49.875,8.5217227935791,0.306454539299011,1.27882758806651,102.188633201932,0,2014,2
-150.625,40.125,12.4871168136597,0.33955454826355,4.94494691579192,24.4919010282316,0,2014,2
-140.125,29.625,19.7613182067871,0.0602870285511017,2.49513526687432,93.6766018867889,0,2014,2
-158.375,43.375,9.14874076843262,0.34273624420166,2.48573932663906,9.72757855140162,0,2014,2
-132.875,25.875,19.2460308074951,0.0578490719199181,3.39249170964352,186.601303516761,0,2014,2
-121.625,25.375,19.0785465240479,0.0489551723003387,4.23908008888721,245.913999356713,0,2014,2
-129.375,50.875,7.31265735626221,0.719284772872925,2.06649461649432,137.353296866108,0,2014,2
-142.625,50.125,7.76283359527588,0.219979017972946,1.20615090266517,130.292147755628,0,2014,2
-151.375,47.125,8.18432140350342,0.384642452001572,2.28186327373048,9.58616015534426,0,2014,2
-133.625,45.625,10.2464551925659,0.336759626865387,1.89021162836334,42.212519157968,0,2014,2
-146.125,49.125,7.77377367019653,0.278161317110062,0.93680307429043,106.113418233089,0,2014,2
-128.375,33.125,15.6238851547241,0.111216127872467,1.19251834367443,17.0674048184644,0,2014,2
-119.375,34.375,14.8032417297363,2.11050748825073,0.328937684067971,340.463345061872,0,2014,2
-126.375,41.375,10.9363775253296,0.490971148014069,2.75943834864996,63.9921025365346,0,2014,2
-128.625,49.625,7.79908037185669,0.429992347955704,2.85954541841881,100.681197443157,0,2014,2
-139.625,27.125,20.0965595245361,0.0563094094395638,2.74874516825405,150.823920932021,0,2014,2
-144.125,41.125,13.0379829406738,0.238021582365036,4.78373285207274,28.6009008106129,0,2014,2
-115.375,27.375,17.6672763824463,0.261137247085571,5.98385327360222,296.179659369345,0,2014,2
-131.625,49.625,7.73829746246338,0.360382676124573,1.67361883354604,86.2314702908646,0,2014,2
-150.125,38.125,14.0557231903076,0.326130747795105,5.09094293819917,25.1052813436286,0,2014,2
-140.125,51.625,6.9032826423645,0.337369650602341,1.27882758806651,164.116146266079,0,2014,2
-157.625,40.375,11.3927278518677,0.325427353382111,4.15617612716304,17.2142189352969,0,2014,2
-120.875,34.625,13.7126922607422,0.881021857261658,5.01881460107862,312.335123942489,0,2014,2
-149.625,43.625,10.6589336395264,0.280852496623993,3.27377457990009,5.25780916895468,0,2014,2
-140.875,49.625,8.44126987457275,0.300412833690643,0.702637886823647,114.376468616675,0,2014,2
-144.625,46.875,9.49886512756348,0.259949535131454,1.77628826489396,54.1623470457217,0,2014,2
-140.125,44.375,11.165060043335,0.335630625486374,3.2547964606101,51.8625476239297,0,2014,2
-152.875,48.625,7.29816436767578,0.336029857397079,1.82463695019037,18.5342481680656,0,2014,2
-130.625,46.625,9.29885196685791,0.333933979272842,2.43100802137714,88.3499606044221,0,2014,2
-147.375,50.125,7.40688037872314,0.25932914018631,1.6717057157287,105.615842874049,0,2014,2
-149.125,36.625,15.0395393371582,0.177447944879532,4.09088010090738,24.2469035136891,0,2014,2
-133.875,28.375,18.9901123046875,0.0514152906835079,2.02607995893548,158.881276017609,0,2014,2
-150.125,43.875,10.3183536529541,0.314681559801102,2.97188492374789,6.95762514877566,0,2014,2
-127.875,49.875,7.35856533050537,0.690763831138611,2.45422085395752,107.549002229068,0,2014,2
-119.875,33.875,14.365891456604,0.993030667304993,5.19986538287291,328.847273904063,0,2014,2
-156.375,39.125,12.4842519760132,0.370499312877655,4.28805317131213,18.3504418347717,0,2014,2
-126.875,43.875,9.89601135253906,0.437615871429443,2.40707291123472,61.7314872128709,0,2014,2
-147.375,40.375,12.8194751739502,0.280378073453903,5.22180045578151,22.0459134623715,0,2014,2
-150.375,47.125,8.13008403778076,0.459489673376083,2.05827597760844,9.5080856004609,0,2014,2
-133.125,29.875,18.3889942169189,0.0483469851315022,1.37440896388229,131.46044083145,0,2014,2
-142.875,50.125,7.84846019744873,0.218885540962219,1.30831953283592,135.929039319422,0,2014,2
-150.625,44.625,9.84529590606689,0.279985904693604,2.96588941128964,8.92241122064303,0,2014,2
-143.375,28.625,20.6969432830811,0.0644528642296791,3.42854196415911,105.738801437449,0,2014,2
-146.375,40.375,13.2742280960083,0.233864173293114,5.07424871286381,28.4842974110469,0,2014,2
-151.375,38.625,13.4477024078369,0.333455383777618,4.80360281455492,23.9503782625385,0,2014,2
-147.625,46.875,9.32273483276367,0.246205404400826,1.51647617851386,15.6859059200664,0,2014,2
-148.875,44.875,10.6689977645874,0.229548066854477,2.96386571895557,14.4582178478444,0,2014,2
-127.375,45.875,9.37743663787842,0.395476132631302,2.45099979600162,91.6365770416167,0,2014,2
-131.125,47.875,8.92834377288818,0.337085753679276,2.07077280260293,67.2737165645385,0,2014,2
-129.875,25.875,19.1255855560303,0.048066608607769,3.92475476940917,203.102746207743,0,2014,2
-124.125,38.875,12.3313627243042,0.5080925822258,0.605392434706613,22.3286563780192,0,2014,2
-143.375,29.875,19.9511299133301,0.0647673085331917,3.24211350819184,85.0455687650492,0,2014,2
-141.375,49.375,8.83231163024902,0.219150811433792,1.06174384858119,119.945683440395,0,2014,2
-144.375,30.125,20.0829601287842,0.0583272390067577,3.59489916409348,78.2837212926707,0,2014,2
-144.875,44.375,10.6428632736206,0.277629137039185,2.9698484809835,45,0,2014,2
-125.875,26.125,18.8442306518555,0.0525427721440792,4.12656031096118,217.814095491752,0,2014,2
-150.375,49.375,6.93304586410522,0.293210595846176,1.46659469520382,48.5935661878652,0,2014,2
-126.875,47.875,8.377760887146,0.395560204982758,2.39459808736247,101.075307333763,0,2014,2
-125.875,40.625,11.0911951065063,0.573373436927795,2.1971344974762,61.4519766836538,0,2014,2
-141.875,50.625,7.2800121307373,0.274852246046066,0.918368117913509,125.247575058346,0,2014,2
-139.625,39.625,14.4166765213013,0.172907054424286,4.73507127718264,28.7842875552299,0,2014,2
-138.625,27.875,19.8716564178467,0.0644275471568108,2.43446092595466,137.330518867979,0,2014,2
-134.375,44.375,10.8676357269287,0.345588952302933,2.73206881318901,33.0502427785061,0,2014,2
-133.125,45.625,10.381664276123,0.341800659894943,2.2161678636782,34.3354244825483,0,2014,2
-126.625,26.625,19.0977897644043,0.0550263673067093,4.02423905850535,220.060784457874,0,2014,2
-131.875,29.625,17.8465156555176,0.0503656305372715,1.1933147112141,140.440332031005,0,2014,2
-126.875,42.125,10.6648349761963,0.460914313793182,2.88055550198221,64.5024485066622,0,2014,2
-159.875,41.375,10.7250471115112,0.273597657680511,3.81211227536651,6.1742137063934,0,2014,2
-142.875,48.625,9.4116153717041,0.21343669295311,1.66207701385947,105.708637829016,0,2014,2
-132.625,45.875,10.2090511322021,0.377972155809402,2.07060377667964,40.6913350834751,0,2014,2
-147.375,50.625,7.51086091995239,0.223309248685837,1.91637678967368,119.374040006114,0,2014,2
-126.625,28.125,18.3480377197266,0.0519381202757359,3.4,233.130102354156,0,2014,2
-134.625,49.875,7.73885774612427,0.344002187252045,0.914822387133153,74.1406337333943,0,2014,2
-141.625,27.875,20.4221076965332,0.0624912567436695,3.31710717342687,123.69006752598,0,2014,2
-148.375,39.875,13.3865451812744,0.336631655693054,5.15023300443776,24.6741310269261,0,2014,2
-141.875,45.125,11.1610155105591,0.367683947086334,3.27262891266333,50.0823481048598,0,2014,2
-145.875,44.625,10.2223100662231,0.281605631113052,3.1815247916683,48.695485276672,0,2014,2
-130.375,28.625,18.5580787658691,0.0459714755415916,1.95920902407068,191.481991354748,0,2014,2
-158.625,43.375,9.12667274475098,0.344562768936157,2.41174210893288,9.30609688417394,0,2014,2
-157.875,41.625,11.0483312606812,0.298426508903503,3.57530418286333,13.2588721821807,0,2014,2
-125.625,41.625,10.9382438659668,0.492680042982101,2.65849581530609,58.2230676527013,0,2014,2
-139.125,39.125,15.0366821289062,0.148276299238205,5.26738075327767,28.7059525434011,0,2014,2
-139.875,30.875,19.2247829437256,0.0619190260767937,3.16332103966701,84.739977784329,0,2014,2
-127.875,48.125,8.64189910888672,0.384524196386337,2.44401309325462,93.2838622879063,0,2014,2
-155.375,41.875,10.5016403198242,0.30971097946167,3.21309819333303,17.7582584826427,0,2014,2
-128.375,51.125,7.05905151367188,1.0677934885025,3.13268255653202,135.646651769129,0,2014,2
-130.125,42.625,10.7036695480347,0.452522069215775,2.87605632768206,52.7715103633793,0,2014,2
-152.625,46.125,9.01372909545898,0.3111372590065,2.69453149916641,9.18266229585009,0,2014,2
-154.375,39.125,12.402268409729,0.327832072973251,3.89405957838346,22.0199903220375,0,2014,2
-126.625,46.125,8.6385669708252,0.435912638902664,2.14021027004358,90.8031592518103,0,2014,2
-125.125,45.875,8.73207664489746,0.534255564212799,1.71011695506477,90.6700955222245,0,2014,2
-148.625,34.125,17.4491138458252,0.0846533253788948,3.96789616799634,25.2088091960008,0,2014,2
-153.125,46.625,8.63455009460449,0.328412503004074,2.87675164030543,6.18623032892094,0,2014,2
-147.375,39.875,13.2618541717529,0.305293649435043,5.02155354447207,22.4794343971031,0,2014,2
-153.625,45.625,8.86654186248779,0.324299424886703,2.82024821602638,10.8318146749747,0,2014,2
-144.875,46.375,9.77894306182861,0.313111007213593,2.2832652057963,51.2226219119235,0,2014,2
-125.125,40.875,10.8003263473511,0.48435440659523,2.01101964187325,81.7087285083089,0,2014,2
-144.375,31.125,19.7684917449951,0.058054618537426,3.87072344659238,61.4486081270398,0,2014,2
-139.125,28.125,20.2513294219971,0.0676712095737457,2.61726956960876,130.506316233017,0,2014,2
-136.125,28.625,19.5603046417236,0.0684241205453873,1.99602104197326,151.25208570886,0,2014,2
-124.125,43.625,9.5746374130249,3.26641345024109,1.84480351257255,73.6279866704699,0,2014,2
-148.875,34.125,17.4203472137451,0.0868598446249962,3.99425837922386,27.5915174631857,0,2014,2
-127.125,49.875,6.89691972732544,2.29670882225037,1.85913958593754,139.799836113905,0,2014,2
-125.375,36.375,14.4611196517944,0.356523215770721,3.4259743139726,340.031181702121,0,2014,2
-119.375,33.875,15.2220582962036,0.342635959386826,3.1100643080168,343.37133876635,0,2014,2
-133.125,46.875,9.49039363861084,0.343559175729752,1.471665722914,64.6538240580533,0,2014,2
-150.125,49.375,6.94867610931396,0.282989591360092,1.46819617217864,52.1934700552955,0,2014,2
-151.625,39.625,12.8924283981323,0.34559690952301,4.75383003482455,21.5999798413629,0,2014,2
-146.125,38.375,14.2279443740845,0.224729254841805,4.59944561876755,28.2923187494994,0,2014,2
-143.875,45.375,10.8014688491821,0.318941295146942,3.03710388363651,49.8079539630305,0,2014,2
-127.375,47.625,8.9102611541748,0.327046304941177,2.54096438385114,88.4213820277019,0,2014,2
-158.125,42.375,10.7600212097168,0.285852909088135,3.21361167535843,13.8632756023935,0,2014,2
-147.375,45.875,9.70872020721436,0.264268159866333,1.90065778087482,17.7676404670869,0,2014,2
-146.375,44.875,10.2010612487793,0.285678148269653,2.90193039199771,42.4861897638223,0,2014,2
-140.625,46.625,10.0413064956665,0.331677794456482,2.39265542859811,51.7889745744388,0,2014,2
-143.125,31.375,19.2602405548096,0.0725756362080574,4.0000499996875,67.6666115622367,0,2014,2
-146.125,47.625,9.09504890441895,0.32922425866127,0.976165969494942,60.546327273079,0,2014,2
-147.125,46.375,9.6367130279541,0.279350578784943,1.65302752548165,33.4016683869269,0,2014,2
-146.125,42.375,12.223575592041,0.245156511664391,4.28892760489146,27.0430027975989,0,2014,2
-136.875,45.375,10.8163547515869,0.302941352128983,2.80665281073381,39.3612240466402,0,2014,2
-134.375,45.625,10.2374219894409,0.353983610868454,2.02714084365147,38.792232778338,0,2014,2
-147.875,35.875,15.7431554794312,0.136075019836426,3.81871706205108,23.9472547873506,0,2014,2
-125.375,47.875,8.06633281707764,0.793228626251221,1.87277868420163,125.217592968193,0,2014,2
-141.875,28.125,20.5657768249512,0.0606489963829517,3.28566583815214,114.068723301875,0,2014,2
-156.625,39.625,12.3534965515137,0.394455671310425,4.49197061432953,21.8250952144416,0,2014,2
-151.625,47.875,8.01149368286133,0.346348881721497,1.78058978992917,19.3507891378712,0,2014,2
-154.375,37.375,13.6320810317993,0.278298884630203,5.12890826589831,21.8636423867659,0,2014,2
-153.625,46.875,8.4188985824585,0.31772580742836,2.95332016550864,2.71708313450574,0,2014,2
-133.375,49.125,7.91060209274292,0.330747187137604,1.53687995627505,55.0690626988894,0,2014,2
-144.375,38.375,15.3563175201416,0.162206575274467,4.5936695571188,27.6249300829539,0,2014,2
-125.625,26.125,18.7844200134277,0.051383052021265,4.15270995856922,218.939928298885,0,2014,2
-132.375,28.125,18.6152191162109,0.0480161048471928,1.91062816895387,171.573030978519,0,2014,2
-143.125,45.625,10.6084547042847,0.310433924198151,3.21810503246864,53.5930165410305,0,2014,2
-133.875,48.375,8.3672981262207,0.315246522426605,1.86531498680518,62.1985412200659,0,2014,2
-140.125,30.625,19.4617671966553,0.0613985359668732,3.15006349142363,89.6362221611354,0,2014,2
-141.125,30.125,19.5877056121826,0.0639578253030777,3.25812829704418,85.9519706492578,0,2014,2
-124.875,35.875,13.6164722442627,0.753706753253937,3.2226231551331,329.615584984722,0,2014,2
-131.625,26.625,19.4436855316162,0.0621688477694988,3.29279516520539,191.20755775358,0,2014,2
-144.875,50.125,8.32250213623047,0.180339887738228,1.37320792307647,115.445406496549,0,2014,2
-129.375,28.625,18.3502998352051,0.0484918169677258,2.15081379947219,210.141385552075,0,2014,2
-149.625,45.875,9.43918609619141,0.245035633444786,2.59094577326504,1.54815769897795,0,2014,2
-145.875,39.625,13.7690324783325,0.277006715536118,4.77895386041757,28.495638618245,0,2014,2
-152.125,36.625,14.332085609436,0.196198031306267,4.70618741658256,23.6781756816991,0,2014,2
-135.625,26.375,19.9121494293213,0.0545760132372379,3.58733884655464,166.622299709637,0,2014,2
-151.125,36.125,15.2878704071045,0.144522815942764,4.46461644489199,22.6593520400058,0,2014,2
-124.625,44.875,9.00389194488525,0.623808026313782,1.94586741583285,102.464932842065,0,2014,2
-144.375,29.125,20.5101909637451,0.0573808178305626,3.55629020188173,95.4861564250043,0,2014,2
-153.375,43.625,9.96875,0.259450972080231,2.64054918530218,18.0918644233985,0,2014,2
-132.375,29.375,18.1883163452148,0.0559925734996796,1.29274900889539,145.080597987542,0,2014,2
-127.625,34.625,14.8325519561768,0.191074922680855,2.07446378613848,18.2602671095334,0,2014,2
-118.125,33.875,15.2838821411133,24.7510814666748,1.10941425986869,62.0490309721098,0,2014,2
-134.375,30.125,18.4874458312988,0.0478065982460976,1.45773797371132,104.703551823762,0,2014,2
-153.125,47.625,7.68625020980835,0.338015735149384,2.75408787078408,3.12213046211571,0,2014,2
-125.375,40.625,11.0802135467529,0.476439505815506,1.92442199114435,74.0137077609024,0,2014,2
-128.875,51.375,6.97848272323608,1.06954443454742,3.23,151.927513064147,0,2014,2
-122.125,36.625,12.9461145401001,0.860056042671204,2.13321353830319,333.555065585132,0,2014,2
-152.125,43.625,9.79838466644287,0.275885760784149,2.67807766877662,12.9465095156369,0,2014,2
-157.625,40.875,11.3168525695801,0.313181191682816,4.03342286402009,16.8625183952487,0,2014,2
-150.625,42.625,11.3572578430176,0.320569694042206,3.3380832823643,15.285226834555,0,2014,2
-151.625,36.125,14.9360065460205,0.142152935266495,4.51220566907139,24.0656315805573,0,2014,2
-150.125,36.625,14.9437685012817,0.168272376060486,4.41891389370737,25.7532219945414,0,2014,2
-157.625,43.375,9.30692768096924,0.330355823040009,2.62488094968134,12.7655657810586,0,2014,2
-136.125,51.125,7.29146146774292,0.294211536645889,1.13991227732664,172.438571572333,0,2014,2
-144.375,48.625,8.67772769927979,0.252755582332611,1.25542821379799,108.579270380445,0,2014,2
-128.375,46.375,8.81986999511719,0.326075941324234,2.30488611432322,93.7313969991604,0,2014,2
-129.875,49.875,7.78121757507324,0.429090827703476,2.22092323145128,95.6849229871057,0,2014,2
-145.375,31.625,19.1883010864258,0.0737420171499252,4.52951432275029,58.450506188746,0,2014,2
-149.625,35.125,17.0100440979004,0.109115161001682,4.13769259370485,27.8036858479749,0,2014,2
-127.375,44.625,10.019100189209,0.378608137369156,2.70913270254523,76.1176391867265,0,2014,2
-152.375,46.875,8.3095006942749,0.383935868740082,2.65505178857212,9.32041344677646,0,2014,2
-143.125,29.375,19.880708694458,0.0671419575810432,3.04029603821733,94.7166907756578,0,2014,2
-144.125,47.875,9.11928558349609,0.246933743357658,1.11220501707194,86.3915311474337,0,2014,2
-153.875,40.625,11.4532346725464,0.330958038568497,3.62714763967501,20.8333701570145,0,2014,2
-156.375,44.375,8.76035404205322,0.349802821874619,2.9684002425549,16.2370424216692,0,2014,2
-157.875,43.875,9.23834323883057,0.344273149967194,2.84401125173583,12.1791810525241,0,2014,2
-140.375,45.875,10.4679355621338,0.350648313760757,2.51382179161531,48.0636116595517,0,2014,2
-128.875,48.625,7.79043436050415,0.397771626710892,2.14002336435844,90.2677353387022,0,2014,2
-129.375,31.125,17.1887912750244,0.0546385236084461,0.30886890422961,60.9453959009228,0,2014,2
-140.625,51.625,6.92703437805176,0.334047734737396,1.35771867483658,157.023055496811,0,2014,2
-147.125,42.875,11.7933406829834,0.260058432817459,4.01164554765248,23.8174733907558,0,2014,2
-130.625,45.125,9.67680263519287,0.406979143619537,2.74823579774371,53.8806591505203,0,2014,2
-159.875,41.625,10.4369020462036,0.279063403606415,3.68480664350248,5.13811857744901,0,2014,2
-150.375,38.125,13.9591398239136,0.342363446950912,5.03830328582947,23.5121686622855,0,2014,2
-155.875,37.625,13.4472484588623,0.380076736211777,4.88649158394855,20.7344506630444,0,2014,2
-156.625,44.625,8.69750499725342,0.347188860177994,2.9890466707631,15.5241109967542,0,2014,2
-144.625,29.625,20.3331546783447,0.0546076111495495,3.53748498230028,86.272116570438,0,2014,2
-146.875,44.875,10.069411277771,0.277900904417038,2.65186726666325,29.8520762691827,0,2014,2
-153.125,35.375,15.3851451873779,0.128532156348228,4.57450543774953,13.3982998579858,0,2014,2
-130.125,46.625,9.17215347290039,0.312688887119293,2.4299794237812,84.8055710922652,0,2014,2
-146.875,45.875,10.054874420166,0.274397671222687,1.99849943707773,22.9727213308287,0,2014,2
-143.375,48.875,8.96299266815186,0.240113735198975,1.42442971044555,105.890144443109,0,2014,2
-151.375,34.875,16.0135059356689,0.10183496773243,4.16472087900258,27.9187274446917,0,2014,2
-147.625,43.125,11.1482801437378,0.235425665974617,3.46353865288089,24.5671713206013,0,2014,2
-129.875,44.875,9.89107608795166,0.494341552257538,2.823915721122,55.2406854882918,0,2014,2
-137.875,26.875,20.3244895935059,0.0557132288813591,3.2698012171996,161.454227757232,0,2014,2
-131.125,44.375,10.3267765045166,0.40663480758667,2.94375610402764,40.453516617282,0,2014,2
-138.875,48.875,8.90838241577148,0.281830549240112,1.37032842778657,103.934835114501,0,2014,2
-125.125,35.125,14.1162080764771,0.507571935653687,3.05286750449475,328.392497753751,0,2014,2
-132.375,44.125,11.2140378952026,0.335506200790405,3.35529432390066,42.3426093170945,0,2014,2
-144.625,32.125,19.454833984375,0.0738488882780075,4.95071711977164,51.2317456050401,0,2014,2
-147.875,45.375,9.82569313049316,0.231832697987556,2.52509405765409,14.9168009081707,0,2014,2
-156.375,41.875,9.95866298675537,0.294268548488617,2.92482478107664,8.85041753002389,0,2014,2
-117.375,33.375,15.4074678421021,2.1657862663269,0.624819974072532,39.8055710922652,0,2014,2
-137.375,49.875,8.57315826416016,0.318266957998276,1.10022724925353,101.00354085175,0,2014,2
-129.375,44.375,10.3808908462524,0.364422202110291,3.01623938042059,52.4082441238342,0,2014,2
-142.875,39.375,14.7413749694824,0.199208498001099,4.8614606858433,25.9852608716444,0,2014,2
-129.125,47.875,8.77724838256836,0.344143003225327,2.13974297521922,82.2107145220383,0,2014,2
-134.875,28.375,19.1526718139648,0.0498508475720882,2.28078933704979,153.434948822922,0,2014,2
-150.375,37.375,14.5007047653198,0.220556378364563,4.66469720346348,27.1692987406259,0,2014,2
-151.875,47.625,7.82202577590942,0.330083876848221,2.14009345590327,15.7247457227474,0,2014,2
-127.375,47.875,8.83754920959473,0.387441724538803,2.50241882985243,92.5193892912063,0,2014,2
-114.625,25.875,19.281665802002,0.104077242314816,5.90870544197289,302.560437981153,0,2014,2
-146.375,44.375,10.24782371521,0.265734910964966,3.35037311355019,37.7249950421107,0,2014,2
-152.125,37.125,13.9866333007812,0.291149020195007,4.69835077447395,24.6558987440816,0,2014,2
-139.375,48.125,9.83077049255371,0.28999337553978,1.44055544842953,88.4088597288054,0,2014,2
-148.125,40.125,13.1384906768799,0.361676961183548,5.20499759846246,23.3142226059288,0,2014,2
-142.375,47.375,9.7054967880249,0.300953209400177,2.08865985742054,64.1710425344797,0,2014,2
-134.375,44.875,10.5845184326172,0.347290307283401,2.53314034352619,38.5891599797675,0,2014,2
-127.375,45.375,9.49064922332764,0.34518763422966,2.31002164492024,90.2480321281565,0,2014,2
-148.375,40.125,13.2334585189819,0.360293567180634,5.19077065569266,22.6623188373613,0,2014,2
-149.375,38.625,13.795313835144,0.357617884874344,4.99960998478881,24.2068439857256,0,2014,2
-149.875,39.125,13.39453125,0.391148835420609,5.05356309943786,26.311531683306,0,2014,2
-140.125,50.125,8.05117511749268,0.283896654844284,0.957183368012629,122.195733934713,0,2014,2
-141.375,49.125,8.98451995849609,0.215399622917175,1.00284595028349,106.808691626207,0,2014,2
-148.625,50.625,7.24897527694702,0.267048329114914,1.91671594139559,107.300527191945,0,2014,2
-137.875,38.875,14.9094104766846,0.182118311524391,5.22429899603765,27.5950869173181,0,2014,2
-115.375,26.875,18.4481544494629,0.178741544485092,6.04728038046856,297.582029207797,0,2014,2
-154.625,38.625,12.7100028991699,0.331493318080902,4.41583514185029,21.8014094863518,0,2014,2
-142.375,47.625,9.6685209274292,0.240464672446251,1.74545123105746,78.4325601384009,0,2014,2
-141.625,51.125,7.08333587646484,0.259061127901077,1.16619037896906,157.833654177918,0,2014,2
-140.125,51.375,7.17890167236328,0.31441342830658,1.09731490466502,161.399934113967,0,2014,2
-145.625,29.875,19.9426555633545,0.0560661368072033,3.23484157262763,74.0302746824872,0,2014,2
-130.625,28.875,18.3537120819092,0.0454653389751911,1.75011428198275,179.345219597732,0,2014,2
-152.625,41.375,11.5860891342163,0.375169515609741,3.55647297192036,25.1239518849558,0,2014,2
-151.125,36.875,14.4206285476685,0.212247386574745,4.29470604349122,25.0733107417053,0,2014,2
-137.125,29.375,19.1242790222168,0.0546635873615742,1.98297755912668,114.109175237592,0,2014,2
-145.875,50.125,8.05870532989502,0.192393451929092,1.48246416482828,113.452334556739,0,2014,2
-133.625,26.375,19.536657333374,0.0674152448773384,3.19025077384208,179.281595273951,0,2014,2
-144.875,39.875,13.9085779190063,0.28279572725296,4.67471924290647,27.9355021948776,0,2014,2
-140.375,28.875,20.1127738952637,0.0606853514909744,2.823915721122,108.370787842448,0,2014,2
-146.875,47.625,8.83720016479492,0.317056953907013,1.00498756211209,47.4195092166564,0,2014,2
-155.125,43.875,9.65534019470215,0.315821379423141,2.74492258542932,18.0389013553671,0,2014,2
-146.875,39.625,13.4768409729004,0.297785460948944,4.80360281455492,23.9503782625385,0,2014,2
-153.375,44.125,9.62838745117188,0.278064221143723,2.77654461516468,18.0434120053313,0,2014,2
-143.125,48.625,9.25507259368896,0.21804390847683,1.61817798773806,105.41039143815,0,2014,2
-147.875,41.625,12.2172050476074,0.320606261491776,4.30308029206986,23.7056195745629,0,2014,2
-154.625,37.875,13.0866994857788,0.364308506250381,4.83230793720764,22.6381062016467,0,2014,2
-115.125,25.625,18.8490962982178,0.120120413601398,5.72787045942905,298.578526672469,0,2014,2
-147.125,48.625,7.94212675094604,0.301750391721725,1.05361283211624,73.4570165954375,0,2014,2
-154.875,43.625,9.76688289642334,0.329864740371704,2.7144981119905,15.1625569426889,0,2014,2
-124.375,40.375,10.7665729522705,1.37011086940765,1.09786155775671,131.676879554865,0,2014,2
-124.125,44.625,9.38764476776123,1.96890354156494,2.72405947071645,78.5663187345733,0,2014,2
-151.625,37.125,14.1855735778809,0.241544634103775,4.58331757573049,24.21634544156,0,2014,2
-130.375,27.875,18.7801876068115,0.0523118302226067,2.58017441270934,203.286064918224,0,2014,2
-145.125,50.375,8.04817962646484,0.205622300505638,1.4996666296214,114.001280965613,0,2014,2
-117.875,32.625,16.0744667053223,0.219368189573288,2.73358738656733,346.675468738109,0,2014,2
-155.375,40.375,11.5064668655396,0.317136824131012,3.94417291710189,14.9875619710568,0,2014,2
-141.125,36.375,16.9861793518066,0.0986727848649025,5.70688181058623,39.2399591548173,0,2014,2
-147.875,47.375,9.08480358123779,0.288598418235779,1.61136588023949,28.9509952074668,0,2014,2
-126.625,44.625,10.1471033096313,0.535663306713104,2.54880364092646,71.7072240354349,0,2014,2
-146.875,38.375,14.4076480865479,0.239338397979736,4.8657579060204,26.8810173463664,0,2014,2
-149.125,36.125,15.4769458770752,0.138237491250038,4.12310562561766,22.8336541779175,0,2014,2
-115.375,25.875,18.9815406799316,0.126784577965736,5.6807129834203,297.692775202937,0,2014,2
-148.375,39.125,14.0879068374634,0.297045856714249,5.19270642343663,27.4039475153568,0,2014,2
-149.125,43.875,10.9194889068604,0.265742003917694,3.40365979498539,12.7296525125787,0,2014,2
-147.375,36.125,15.644082069397,0.123313829302788,3.92745464645997,23.5625507838344,0,2014,2
-158.625,42.125,10.6743545532227,0.27325028181076,3.42052627529741,15.2551187030577,0,2014,2
-126.625,49.375,7.07608652114868,1.04786443710327,2.12800375939518,126.977596352672,0,2014,2
-139.625,28.375,20.3099403381348,0.0626966953277588,3.09536750645218,128.573084133368,0,2014,2
-136.125,47.375,9.13091850280762,0.309529811143875,1.44450683625935,63.2575630753897,0,2014,2
-159.625,41.875,10.3335075378418,0.280385315418243,3.25041535807349,4.58797812407249,0,2014,2
-144.125,30.125,20.0972900390625,0.058589480817318,3.70567132919259,80.9952208747227,0,2014,2
-141.125,41.125,13.4924030303955,0.232885137200356,4.74958945594248,29.1014718019269,0,2014,2
-139.625,46.375,10.4013109207153,0.309985607862473,2.33482333378781,51.6084643383169,0,2014,2
-138.125,26.375,20.7646770477295,0.0548701286315918,3.3918726391184,159.641661999558,0,2014,2
-138.875,39.125,14.8303556442261,0.161190882325172,5.31000941618751,27.9645854070802,0,2014,2
-154.375,42.375,10.4853057861328,0.384867250919342,2.71648670160559,18.9018423957594,0,2014,2
-147.875,34.125,18.0507106781006,0.0852181166410446,4.44110346648218,27.1997216671678,0,2014,2
-150.375,35.625,15.8051500320435,0.118925787508488,4.15033733568731,26.009398322122,0,2014,2
-132.875,30.625,17.9098434448242,0.0475787222385406,0.939414711402797,101.668774000369,0,2014,2
-143.625,49.375,8.23387908935547,0.224456176161766,1.23822453537313,121.122470196792,0,2014,2
-144.875,46.625,9.65905570983887,0.251823753118515,2.12868504011279,51.6764800604021,0,2014,2
-136.625,49.125,8.55646228790283,0.300026416778564,0.961353212924365,71.1881106974809,0,2014,2
-131.375,46.375,9.33000469207764,0.362791001796722,2.12849712238471,82.4409330189588,0,2014,2
-125.875,40.875,10.9281005859375,0.563951969146729,2.42843571049349,63.8570095460191,0,2014,2
-148.625,40.625,13.0166635513306,0.316946744918823,5.20954892481105,20.8006224378727,0,2014,2
-126.625,34.625,14.7627210617065,0.206315323710442,2.59855729203726,348.906276988442,0,2014,2
-141.125,46.375,9.99670505523682,0.328334391117096,2.51467691761785,50.4861564250043,0,2014,2
-136.125,27.375,19.4949989318848,0.064410038292408,2.71162313015655,163.503141994251,0,2014,2
-143.125,30.625,19.5959320068359,0.0722721144556999,3.64694392608387,74.248826336547,0,2014,2
-126.875,47.625,8.5611629486084,0.383770167827606,2.45985771946265,95.1311652828963,0,2014,2
-139.125,51.125,7.72609949111938,0.382964819669724,1.03077640640442,149.703551823762,0,2014,2
-146.375,50.625,7.84715843200684,0.19858218729496,1.67430582630534,127.965024089569,0,2014,2
-144.875,44.875,10.515887260437,0.302265554666519,2.83862642839807,49.8584629190343,0,2014,2
-145.375,51.625,7.08796358108521,0.201645791530609,1.95256241897666,146.065775800577,0,2014,2
-145.375,51.375,7.21885299682617,0.178836986422539,1.87277868420163,144.782407031807,0,2014,2
-116.125,30.875,15.6822719573975,3.5270836353302,2.76284273891946,329.07180881377,0,2014,2
-149.875,38.875,13.4365682601929,0.405493289232254,4.98663213000518,27.0789008934321,0,2014,2
-138.875,47.875,9.71770668029785,0.270620435476303,1.74928556845359,84.0938588862295,0,2014,2
-147.875,41.125,12.3902168273926,0.321487367153168,4.72851985297725,23.6918216409806,0,2014,2
-156.375,41.125,10.7025957107544,0.334985762834549,3.62640317670278,16.3360428897184,0,2014,2
-124.875,47.375,7.91294574737549,0.89309698343277,2.82072685668074,103.740653074843,0,2014,2
-136.875,48.125,8.86860275268555,0.385260015726089,1.34212518045077,82.292514277035,0,2014,2
-128.875,29.125,17.9600696563721,0.0504983626306057,1.77867928531256,211.902947477809,0,2014,2
-156.375,43.625,9.83875751495361,0.350255161523819,2.91912658170214,23.8429153474515,0,2014,2
-148.375,42.625,11.8574676513672,0.333777338266373,3.64540807043601,22.4143312756002,0,2014,2
-153.375,43.125,10.5563411712646,0.321726381778717,2.71116211245289,21.644435140714,0,2014,2
-157.875,39.625,11.7951946258545,0.3143310546875,4.31792774372152,16.9661481085362,0,2014,2
-131.625,48.875,8.36303424835205,0.358016788959503,1.87882942280559,64.7988763545249,0,2014,2
-153.125,39.125,12.9633665084839,0.479335427284241,4.26550114289048,21.4522013971955,0,2014,2
-153.375,48.125,7.39367246627808,0.365424364805222,2.41033192734943,0.950879985936524,0,2014,2
-129.875,28.125,18.6787948608398,0.0511319898068905,2.37918053119136,206.45735247025,0,2014,2
-134.875,47.375,9.07683658599854,0.309434801340103,1.62289864132052,57.5829624940769,0,2014,2
-145.625,46.375,9.93914794921875,0.257432043552399,1.92587642386525,47.9464473800123,0,2014,2
-150.625,36.625,14.771842956543,0.173997893929482,4.19869027197768,21.3706222693432,0,2014,2
-128.375,45.625,9.62531661987305,0.351481288671494,2.76,90,0,2014,2
-141.875,49.625,8.1905403137207,0.252392441034317,1.2300406497348,115.523424501068,0,2014,2
-146.125,32.125,19.1827335357666,0.0728515908122063,4.61841964312469,50.623305302054,0,2014,2
-125.125,43.375,9.74996089935303,0.766554892063141,2.85819873346834,64.5107994437133,0,2014,2
-132.875,26.875,19.098274230957,0.0604978166520596,2.94027209625232,179.220513678882,0,2014,2
-144.375,40.125,13.8609886169434,0.251849561929703,4.8710265858441,29.248826336547,0,2014,2
-152.125,47.125,8.09041881561279,0.425763934850693,2.46789383888367,8.62260408791929,0,2014,2
-141.625,39.625,14.5184850692749,0.220543339848518,4.74016877336662,23.1033621589307,0,2014,2
-130.625,45.875,9.68081569671631,0.380497604608536,2.60353605698097,62.0569655766171,0,2014,2
-141.875,47.375,9.59182262420654,0.302843391895294,2.02081666659794,66.9875549636962,0,2014,2
-124.875,37.625,12.4179592132568,0.93418425321579,2.38436574375661,351.801931153984,0,2014,2
-153.625,43.375,10.2081489562988,0.263393849134445,2.75465061305422,19.2900462191888,0,2014,2
-142.375,28.875,20.3777523040771,0.0645048320293427,3.45244840656598,102.546808267627,0,2014,2
-146.625,38.625,14.2842702865601,0.243196979165077,4.61091097289896,26.1204759713036,0,2014,2
-115.125,28.125,17.1858730316162,0.295072108507156,5.82241358888219,310.611968225267,0,2014,2
-148.875,35.125,16.7397422790527,0.0902898535132408,4.02087055250477,27.3935197231164,0,2014,2
-124.375,41.625,10.4891843795776,1.22117340564728,2.09861859326558,84.8055710922652,0,2014,2
-132.125,50.875,7.48849248886108,0.501418173313141,1.5566630977832,137.082565279731,0,2014,2
-114.125,28.625,17.1548500061035,0.755306303501129,2.22427516283395,331.245633045474,0,2014,2
-134.375,52.125,7.35516214370728,0.314996182918549,1.74631039623545,159.904768808095,0,2014,2
-148.375,33.875,17.6860904693604,0.081408903002739,4.16004807664527,27.7970285797177,0,2014,2
-140.375,50.625,7.89379692077637,0.252116352319717,0.509215082258961,160.497551493338,0,2014,2
-141.375,39.375,14.5924005508423,0.202313959598541,4.73273705164358,25.2655588179429,0,2014,2
-141.375,45.125,11.0722532272339,0.362876683473587,3.03448512930942,46.4688007143858,0,2014,2
-137.875,47.125,9.50150680541992,0.24191252887249,1.65873445734994,84.1175544099046,0,2014,2
-154.875,45.875,8.47334480285645,0.426072031259537,2.7144981119905,15.1625569426889,0,2014,2
-130.625,25.875,19.1920223236084,0.0545540526509285,3.7095147930693,197.897663997122,0,2014,2
-124.875,42.875,10.1640186309814,0.72892564535141,2.96121596645702,69.8515858597121,0,2014,2
-131.375,49.875,7.41975545883179,0.432155668735504,1.55029029539632,99.2800456877097,0,2014,2
-128.125,45.375,9.64141178131104,0.355410069227219,2.72341697137989,84.3103406502108,0,2014,2
-134.875,48.125,8.33142375946045,0.271889120340347,1.72235304162648,56.1254056417587,0,2014,2
-153.625,36.875,14.7135286331177,0.16397750377655,5.03075541047267,21.2092261342228,0,2014,2
-136.375,51.125,7.32488584518433,0.347976088523865,1.26146739949949,167.175601897765,0,2014,2
-148.125,42.875,11.206805229187,0.310072034597397,3.66885540734437,24.8187695567923,0,2014,2
-131.375,45.125,10.0427284240723,0.336334735155106,2.95381109754839,50.2192645279882,0,2014,2
-154.125,43.125,10.4707059860229,0.325526893138885,2.65650145868584,17.7528884297494,0,2014,2
-134.875,45.875,10.1653156280518,0.314092814922333,1.83251193720532,43.0098277502451,0,2014,2
-152.125,46.375,8.74357891082764,0.320727348327637,2.66992509258219,9.92096089317164,0,2014,2
-124.625,40.125,11.2564430236816,0.706416010856628,0.794040301244213,143.70737027152,0,2014,2
-137.625,47.125,9.3380651473999,0.236717090010643,1.55167651267911,82.9665835403051,0,2014,2
-145.125,45.375,10.3215293884277,0.301485151052475,2.35076583265965,50.3504627799309,0,2014,2
-135.625,32.125,17.5990657806396,0.0496837273240089,2.66046988331009,69.9984940633461,0,2014,2
-145.125,47.875,8.84041213989258,0.311336994171143,0.93680307429043,73.8865817669107,0,2014,2
-133.375,48.875,8.1005687713623,0.342908412218094,1.70880074906351,57.4259428654275,0,2014,2
-124.625,25.625,18.802885055542,0.0532741621136665,4.24662218710353,227.481264801196,0,2014,2
-134.625,46.375,9.78995132446289,0.256095826625824,1.69425499851705,40.9314203231546,0,2014,2
-153.875,40.125,11.7749929428101,0.309357672929764,3.80159177187662,20.9617659408245,0,2014,2
-139.375,51.375,7.38426876068115,0.268188685178757,1.16056020955399,161.40893227322,0,2014,2
-122.375,37.125,12.5653896331787,1.42156445980072,1.58518137763475,330.524110996754,0,2014,2
-144.375,45.625,10.0842714309692,0.278540939092636,2.78289417693163,48.0586975740958,0,2014,2
-123.875,39.625,11.2540607452393,1.08804416656494,0.208806130178211,163.300755766006,0,2014,2
-143.375,30.625,19.8404808044434,0.0682936981320381,3.83240133597722,73.7876364491435,0,2014,2
-133.875,26.625,19.6622886657715,0.0619248785078526,3.15634282041733,176.367049260512,0,2014,2
-150.875,44.625,9.79021072387695,0.281958013772964,2.88683217385424,11.387779952629,0,2014,2
-125.625,40.875,10.9643898010254,0.518435776233673,2.20483559477799,63.8998131011835,0,2014,2
-150.375,41.125,11.9591388702393,0.328368723392487,4.57517212790951,20.3361852875365,0,2014,2
-132.375,31.125,17.6287746429443,0.0504534877836704,1.06042444332446,74.128821388543,0,2014,2
-148.125,44.625,10.4964456558228,0.24142761528492,2.84200633356085,16.1392426511932,0,2014,2
-132.875,45.875,10.2509813308716,0.3388711810112,2.09153054005912,32.70230712634,0,2014,2
-139.875,29.625,19.6346702575684,0.0605863779783249,2.70325729445053,105.887168502764,0,2014,2
-146.125,47.375,9.50616550445557,0.295373052358627,1.10208892563168,53.8579587636283,0,2014,2
-132.375,48.125,8.44063377380371,0.271954506635666,1.45578157702315,50.2952129366171,0,2014,2
-156.625,41.375,10.4177122116089,0.298634141683578,3.40766782418709,13.7507864301093,0,2014,2
-139.875,49.625,8.17995262145996,0.329023003578186,1.01242283656583,110.224859431168,0,2014,2
-148.125,33.625,17.925365447998,0.0906682759523392,4.29773195999937,26.6842930018283,0,2014,2
-131.625,30.375,17.8043479919434,0.0525786094367504,0.6847627326308,118.810793742973,0,2014,2
-128.875,30.875,16.8266906738281,0.0654696002602577,0.0412310562561766,284.036243467926,0,2014,2
-147.125,37.375,15.683856010437,0.109615437686443,4.61182176585349,27.7874720162506,0,2014,2
-141.625,49.875,7.94984102249146,0.249507814645767,1.01355808910984,120.866809451137,0,2014,2
-145.625,46.125,9.83493804931641,0.279889136552811,2.07819633336218,49.4884168362443,0,2014,2
-142.125,51.625,7.06681394577026,0.298592001199722,1.42874070425672,164.991086323341,0,2014,2
-137.875,46.625,9.88662052154541,0.229481846094131,2.05275424734672,63.0604719361992,0,2014,2
-133.375,28.625,18.8457202911377,0.0489501133561134,1.9948182874638,152.535761538446,0,2014,2
-138.375,46.375,10.0960865020752,0.245227247476578,2.26101747007846,57.645420396533,0,2014,2
-128.125,47.875,8.7571964263916,0.369250446557999,2.47455046422578,86.5247672232699,0,2014,2
-159.625,40.875,11.1530876159668,0.287003606557846,3.8751774152934,8.75740334138158,0,2014,2
-141.125,51.875,6.66415214538574,0.296458125114441,1.61297861114151,165.27451724482,0,2014,2
-154.625,36.875,14.3545618057251,0.214803069829941,5.20254745293111,19.3056383213564,0,2014,2
-126.875,33.375,14.1741390228271,0.312247037887573,1.57543644746464,326.915147071265,0,2014,2
-151.875,37.625,13.7589569091797,0.302936673164368,4.83438724141954,26.6710561986108,0,2014,2
-133.125,28.625,18.7063159942627,0.0470769107341766,2.01725060416399,154.451175364593,0,2014,2
-125.875,43.125,9.71716117858887,0.483919650316238,2.7147191383272,64.0012807526614,0,2014,2
-137.625,49.375,8.68334197998047,0.313002794981003,1.21264174429219,93.7826454465963,0,2014,2
-146.875,45.125,10.1962671279907,0.264633238315582,2.33122285506985,28.4339241014903,0,2014,2
-156.875,42.375,9.83793640136719,0.287543803453445,2.81469358900751,12.3080158174279,0,2014,2
-129.625,30.125,17.2486305236816,0.0574929527938366,0.54230987451825,157.217594269518,0,2014,2
-143.625,47.125,9.57425498962402,0.259212553501129,1.73219513912261,65.8024182904795,0,2014,2
-129.125,41.875,10.8267812728882,0.551424980163574,2.79293752167856,56.5375212651703,0,2014,2
-130.875,50.125,7.24988174438477,0.474363893270493,1.51241528688386,106.51781425296,0,2014,2
-146.375,42.625,12.0908975601196,0.240725547075272,4.14730032671858,24.9584709992083,0,2014,2
-131.375,45.375,9.96561050415039,0.375962436199188,2.60464968853779,57.2251226757357,0,2014,2
-145.875,40.125,13.7856769561768,0.263612806797028,5.00243940493036,28.4093585215617,0,2014,2
-150.125,46.125,8.83439826965332,0.25521445274353,2.31088727548533,7.7093330800339,0,2014,2
-131.875,46.375,9.63998985290527,0.35878199338913,2.07694487168052,79.1769887737929,0,2014,2
-144.375,39.125,14.6643362045288,0.236560136079788,4.5690480408943,28.6404836524816,0,2014,2
-150.875,34.375,17.1150074005127,0.101480588316917,4.11885906532379,26.3784206335124,0,2014,2
-143.125,28.875,20.341890335083,0.0627367869019508,3.20851990799496,100.959718134399,0,2014,2
-128.875,44.375,9.98031806945801,0.367997527122498,3.08876998172412,59.4498093746201,0,2014,2
-135.875,46.125,10.0853652954102,0.301127582788467,1.69177421661403,42.3648154175486,0,2014,2
-139.875,45.125,10.9867267608643,0.320721954107285,2.52382645996114,50.950189369181,0,2014,2
-141.625,38.625,14.7886085510254,0.156918570399284,4.72547352124631,28.571752845633,0,2014,2
-126.875,44.875,9.69860363006592,0.449387341737747,2.35594991457798,79.9779322274845,0,2014,2
-149.625,41.625,11.721118927002,0.286823570728302,4.14366987102013,17.1230610404179,0,2014,2
-147.375,37.875,14.985279083252,0.182777836918831,4.78139101099251,27.5297158912898,0,2014,2
-143.625,45.375,10.8867130279541,0.355991661548615,3.13600063775504,51.0833896728918,0,2014,2
-153.625,41.875,10.7384672164917,0.371436327695847,3.25682360590806,25.0700336775847,0,2014,2
-134.125,49.375,7.87809705734253,0.311989575624466,1.20415945787923,48.3664606634298,0,2014,2
-143.125,47.875,9.62538719177246,0.239407882094383,1.53182897217672,82.8749836510982,0,2014,2
-138.125,38.375,15.2059993743896,0.158091112971306,5.4974903365081,29.1760790679785,0,2014,2
-138.875,49.125,8.6136646270752,0.270246148109436,1.24326183887386,106.831668758242,0,2014,2
-158.375,40.875,11.2890396118164,0.306009531021118,3.74541052489577,12.9602186894774,0,2014,2
-153.625,37.625,13.5260791778564,0.337707668542862,4.90036733317003,23.3214108603856,0,2014,2
-157.625,40.125,11.348611831665,0.326726227998734,4.19318494703012,18.3485299148305,0,2014,2
-129.375,32.125,16.2779369354248,0.0828014463186264,1.11664676599182,51.1799242491831,0,2014,2
-128.125,34.625,15.0871257781982,0.156395077705383,2.46856233463933,23.1376375797136,0,2014,2
-148.125,48.875,8.27364635467529,0.285335063934326,1.27632284317096,66.4477363271054,0,2014,2
-129.375,48.375,8.00614166259766,0.381711035966873,2.13354165649513,83.5411836212813,0,2014,2
-130.375,50.625,7.47092485427856,0.40122127532959,1.71863317784802,133.821240830089,0,2014,2
-138.625,40.625,13.6114311218262,0.302255213260651,4.36497422672803,29.2075964711427,0,2014,2
-152.625,37.625,13.5624914169312,0.389484345912933,4.7589599704137,25.6496889763966,0,2014,2
-146.375,37.125,15.872296333313,0.133182138204575,4.58009825222123,25.6139390853473,0,2014,2
-145.375,30.625,19.6178379058838,0.0598185285925865,3.42616403576945,68.6022939323843,0,2014,2
-136.625,45.375,10.7332925796509,0.285385459661484,2.75510435374053,35.2475750583462,0,2014,2
-132.125,45.125,10.3146190643311,0.407538682222366,2.74972725920227,41.1663234629119,0,2014,2
-141.375,47.875,9.59016990661621,0.225185185670853,1.57028659804508,88.905309408147,0,2014,2
-132.375,46.375,9.92760753631592,0.386660754680634,1.96697737658571,66.9544018584174,0,2014,2
-141.875,29.625,20.1047801971436,0.0555033981800079,3.37783954621885,93.9043398710942,0,2014,2
-155.375,38.625,13.1419906616211,0.364205241203308,4.63953661479247,19.2550777892839,0,2014,2
-145.625,47.125,9.64769649505615,0.260632991790771,1.28082004981184,47.2147551273192,0,2014,2
-129.875,29.625,17.6554775238037,0.0534437112510204,1.01,168.578813725001,0,2014,2
-123.875,45.375,8.99423789978027,2.76354265213013,1.57257750206468,93.2808807726094,0,2014,2
-121.875,25.375,19.0873565673828,0.0489996857941151,4.27235298167181,244.9344958609,0,2014,2
-131.375,48.125,8.86136150360107,0.366037160158157,1.80853531898053,60.8838537339211,0,2014,2
-154.875,46.125,8.41483497619629,0.385992616415024,2.74346496241523,14.9986815044943,0,2014,2
-133.125,32.875,16.8282890319824,0.0530288480222225,2.53970470724453,46.7550318877443,0,2014,2
-141.875,27.625,20.5184879302979,0.0581831037998199,3.25084604372462,124.472213880036,0,2014,2
-131.875,44.875,10.3762283325195,0.405627936124802,3.00562805416771,40.9527980848778,0,2014,2
-151.625,40.875,12.0404529571533,0.326607197523117,3.96678711301728,19.8967248392132,0,2014,2
-126.875,49.125,7.51915836334229,0.52824079990387,2.90022412927001,121.607502246249,0,2014,2
-154.375,42.125,10.4489526748657,0.372962594032288,2.9982661656364,17.4680232512777,0,2014,2
-134.875,29.375,18.7885360717773,0.0531607158482075,1.47922276888912,137.465758994998,0,2014,2
-134.875,26.625,19.5041522979736,0.0641231536865234,3.37712895815366,168.556976523746,0,2014,2
-134.875,31.125,18.1074676513672,0.0486592501401901,1.98224620065218,83.6278886030675,0,2014,2
-153.875,47.625,7.5667028427124,0.382253378629684,2.6747897113605,356.570646080258,0,2014,2
-136.625,49.625,8.36473655700684,0.277772575616837,0.961301201497221,92.9814612199822,0,2014,2
-153.375,47.375,7.91745615005493,0.357318729162216,2.84028167617228,0.806929455102363,0,2014,2
-142.375,38.125,15.1876182556152,0.160940885543823,4.83020703490026,29.1122109362042,0,2014,2
-130.875,46.875,9.36149311065674,0.35255378484726,2.35936432116789,84.8935154276716,0,2014,2
-134.375,30.625,18.3155918121338,0.0493349321186543,1.59003144622992,90.3603460633872,0,2014,2
-127.625,49.375,7.64965534210205,0.510652303695679,3.12136188225589,109.073477173803,0,2014,2
-122.125,26.125,18.5078620910645,0.0526449605822563,4.24513839585943,253.016347644086,0,2014,2
-143.875,28.375,20.8576488494873,0.0695115625858307,3.61658678867244,110.389164780282,0,2014,2
-151.875,39.125,13.1820850372314,0.339081257581711,4.70511423878316,23.9501247582157,0,2014,2
-127.875,47.375,8.75668430328369,0.338385432958603,2.56035153836343,84.8460914387722,0,2014,2
-143.375,31.875,19.2418193817139,0.0753125920891762,3.85793986474647,56.3099324740202,0,2014,2
-154.875,37.125,13.9123554229736,0.228989914059639,5.24081100594173,19.5067424160118,0,2014,2
-114.875,26.375,18.4179058074951,0.215188458561897,5.96154342431555,300.436307409064,0,2014,2
-128.125,30.625,16.7979564666748,0.0620510168373585,0.778973683766018,240.802513953936,0,2014,2
-154.125,43.375,10.3223695755005,0.282990455627441,2.73835717173637,14.5944663489992,0,2014,2
-154.625,44.625,9.02202415466309,0.313681274652481,2.72926730094361,17.7046829523811,0,2014,2
-139.625,51.625,6.91754007339478,0.363038569688797,1.47800541270998,171.047526665846,0,2014,2
-152.375,36.375,14.5475425720215,0.187001541256905,4.65481471167221,23.1501032647042,0,2014,2
-136.375,46.875,9.61455059051514,0.291268616914749,1.4996666296214,60.871178611457,0,2014,2
-148.125,38.125,14.5944404602051,0.226702570915222,4.79533106260663,27.8475782597882,0,2014,2
-139.625,48.625,9.1105899810791,0.295329451560974,1.24169239346949,97.8690755517905,0,2014,2
-129.125,51.625,6.9260458946228,0.851487159729004,2.94363720590701,159.102234501161,0,2014,2
-139.625,45.625,10.5797119140625,0.305609673261642,2.44806045676981,46.9863406958822,0,2014,2
-147.125,43.375,11.3600101470947,0.276254653930664,3.55562933951221,25.8443875545603,0,2014,2
-146.875,38.125,14.6850366592407,0.244022279977798,4.83802645714138,28.79004004307,0,2014,2
-146.375,50.375,7.86851739883423,0.181051284074783,1.66481230173254,118.720326797869,0,2014,2
-150.625,45.625,9.77254962921143,0.228607267141342,2.81128084687389,9.83088646621792,0,2014,2
-146.375,43.375,11.7539510726929,0.270410478115082,3.54248500349684,27.5777498904914,0,2014,2
-135.875,26.375,20.3290824890137,0.057253647595644,3.4562551989111,166.446235902268,0,2014,2
-113.875,27.625,17.9669609069824,17.2460384368896,4.04467551232481,314.799665922992,0,2014,2
-147.625,38.875,14.3832426071167,0.232674121856689,5.12539754555683,25.9151269303293,0,2014,2
-134.625,48.375,8.21220111846924,0.275072783231735,1.74152232256724,60.7856200197316,0,2014,2
-137.375,44.875,10.6543846130371,0.29914253950119,2.95513113076222,39.5076754428725,0,2014,2
-140.375,47.875,9.64981365203857,0.267365992069244,1.33304163475864,86.1287437680144,0,2014,2
-147.125,38.125,14.7395391464233,0.23594057559967,4.93413619593136,27.9153815917752,0,2014,2
-151.375,42.875,10.823148727417,0.305831640958786,3.24450304361084,18.323261285024,0,2014,2
-149.625,46.625,8.48013401031494,0.337427049875259,2.05766858361593,15.7924035288573,0,2014,2
-128.875,47.125,8.93110275268555,0.333459883928299,2.37592087410334,81.5288553669852,0,2014,2
-143.625,46.125,10.0810308456421,0.277828395366669,2.68067155765118,54.4126294368662,0,2014,2
-135.625,51.875,7.1341700553894,0.298275500535965,2.00897984061563,170.256358712963,0,2014,2
-124.875,46.375,8.39709568023682,0.684949219226837,2.18341475675145,102.699584489597,0,2014,2
-143.375,45.125,11.13210105896,0.32236835360527,3.21885072657929,51.8127808593524,0,2014,2
-156.125,45.125,8.2212553024292,0.421320348978043,2.79016128566074,16.8762646167112,0,2014,2
-133.125,44.375,11.1457500457764,0.343137741088867,2.94164919730412,41.0026965625923,0,2014,2
-138.375,45.625,10.668607711792,0.272740453481674,2.64560012095555,38.862744050738,0,2014,2
-151.625,42.625,10.7102041244507,0.305110245943069,3.00308175046901,22.7225980491631,0,2014,2
-148.125,39.875,13.3548774719238,0.348435610532761,5.19570976864567,24.4439547804166,0,2014,2
-137.875,52.125,7.14686393737793,0.317080467939377,1.82016482770105,190.445622056525,0,2014,2
-154.625,38.375,12.7853355407715,0.320951670408249,4.46413485459389,21.9682436473685,0,2014,2
-136.625,50.875,7.54753684997559,0.287590980529785,1.0340696301507,161.389835272173,0,2014,2
-134.125,28.375,18.9276905059814,0.0491958372294903,2.12906082581029,159.947917853901,0,2014,2
-145.375,50.875,7.38340330123901,0.190639153122902,1.46454771175268,136.936800386221,0,2014,2
-152.125,42.625,10.4992904663086,0.250238478183746,2.64578910724192,29.1808060524999,0,2014,2
-138.875,26.625,20.6182804107666,0.0536792799830437,3.2432237048961,159.609369779555,0,2014,2
-137.375,52.125,7.09547710418701,0.380812704563141,1.8409236811992,193.507838875273,0,2014,2
-155.375,42.625,10.1091728210449,0.342756181955338,2.5106572844576,10.3252582169275,0,2014,2
-156.625,42.375,9.84096622467041,0.30786007642746,2.82113452355608,9.79620991747453,0,2014,2
-133.875,27.625,19.0332908630371,0.0528255142271519,2.59347257552495,164.570494951551,0,2014,2
-149.375,33.375,17.4371376037598,0.0871066600084305,3.6412085905644,27.831827564818,0,2014,2
-139.125,49.125,8.54264259338379,0.283132761716843,1.29120099132552,106.189206257027,0,2014,2
-129.625,42.875,10.3768177032471,0.513836145401001,3.04428973653954,52.3396062800312,0,2014,2
-127.875,42.125,10.367374420166,0.502742409706116,2.98303536687046,63.950339235047,0,2014,2
-132.625,26.875,19.1763687133789,0.0606227107346058,2.90084470456452,181.382733071098,0,2014,2
-153.125,46.125,8.74122619628906,0.325388044118881,2.89772324420397,6.34019174590992,0,2014,2
-127.625,28.375,18.272331237793,0.0495881997048855,2.88918673678252,221.913510736219,0,2014,2
-140.625,48.375,9.25405502319336,0.262987822294235,1.04004807581188,90.5509039792186,0,2014,2
-127.375,49.375,7.61516189575195,0.440446943044662,3.02909227327264,114.788351493088,0,2014,2
-127.375,48.125,8.56259632110596,0.392053455114365,2.44049175372506,102.783453941424,0,2014,2
-127.125,49.625,7.09602117538452,0.916334748268127,2.27923232690307,121.179315257383,0,2014,2
-145.875,31.375,19.1374111175537,0.0701452568173409,4.10572770650953,58.7490489834193,0,2014,2
-137.625,46.625,9.85199546813965,0.235716044902802,2.17754448863852,55.2882052320824,0,2014,2
-158.625,43.625,9.28614139556885,0.327966332435608,2.49903981560919,10.1407931461128,0,2014,2
-149.375,36.125,15.6669292449951,0.13308110833168,4.06926283250419,22.8473139176785,0,2014,2
-147.625,40.875,12.5002450942993,0.278108954429626,5.03667549083718,25.3948738257362,0,2014,2
-143.875,40.125,13.98756980896,0.246183916926384,5.2517901709798,29.2983242730416,0,2014,2
-132.625,45.625,10.2468433380127,0.324833959341049,2.45703072833858,39.7159998580227,0,2014,2
-142.875,46.875,9.95596313476562,0.281583398580551,2.36072022908264,57.4543492981585,0,2014,2
-144.875,36.375,16.1744136810303,0.0932293087244034,4.40868461108299,28.8905055978533,0,2014,2
-150.125,36.875,14.749945640564,0.178178980946541,4.45839657276021,24.0929733299843,0,2014,2
-150.875,45.875,9.22944355010986,0.263152956962585,2.60499520153109,7.94347181059044,0,2014,2
-150.125,34.875,17.2292537689209,0.106874704360962,4.30967516177264,28.7059525434011,0,2014,2
-147.125,31.625,19.3019905090332,0.0743798315525055,3.45775939012535,45.1171691199249,0,2014,2
-149.375,42.875,11.3923635482788,0.352867782115936,3.6580049207184,16.3541834860001,0,2014,2
-158.375,41.125,11.2348985671997,0.290454983711243,3.8320751558392,13.8911911714549,0,2014,2
-147.375,48.875,7.84597778320312,0.31770858168602,1.06920531236989,82.4761795613614,0,2014,2
-132.625,47.375,9.25188064575195,0.456801176071167,1.17,67.3801350519595,0,2014,2
-136.875,50.125,8.48195743560791,0.302517026662827,0.853814968245462,108.434948822922,0,2014,2
-118.375,33.375,15.6556186676025,0.26433452963829,2.1627991122617,357.084677883357,0,2014,2
-153.625,40.625,11.570140838623,0.320540755987167,3.56395847338321,20.8759198113976,0,2014,2
-151.125,37.625,13.8251237869263,0.32477656006813,4.84731884653774,24.2385243187701,0,2014,2
-131.875,50.875,7.487135887146,0.449587553739548,1.60704698126719,141.061788788729,0,2014,2
-148.875,45.375,10.1497745513916,0.215597584843636,2.71346641770264,5.71059313749964,0,2014,2
-145.625,51.625,7.27988719940186,0.219497978687286,2.03577994881569,146.62216796357,0,2014,2
-141.875,27.375,20.5097637176514,0.0534874647855759,3.22578672574614,130.851745347651,0,2014,2
-144.875,44.625,10.5083112716675,0.310327261686325,2.90814373785066,47.0901591537107,0,2014,2
-145.125,44.375,10.6381969451904,0.276000887155533,2.91327993848858,45,0,2014,2
-155.625,43.375,9.64162349700928,0.279965817928314,2.6271086768537,12.9782699223135,0,2014,2
-142.125,50.625,7.41260623931885,0.254197269678116,0.868389313614579,125.154177632147,0,2014,2
-145.375,48.625,8.34177398681641,0.265159666538239,0.875956619930462,108.641791893699,0,2014,2
-150.125,37.375,14.5102005004883,0.249036237597466,4.76366455578056,25.4892005562867,0,2014,2
-154.375,46.125,8.54339599609375,0.341379702091217,2.71060878770803,12.1390465138335,0,2014,2
-132.875,50.625,7.41144323348999,0.469162225723267,1.28362767187374,117.363546927392,0,2014,2
-138.625,48.125,9.65316772460938,0.245118528604507,1.58455040942218,85.6567600483106,0,2014,2
-150.875,46.375,8.60419368743896,0.366174101829529,2.31613902864228,11.4554760547375,0,2014,2
-137.875,45.875,10.474066734314,0.303446292877197,2.59786450762929,42.3478678609628,0,2014,2
-149.875,47.875,7.78174209594727,0.34953784942627,1.5965587994183,26.4045592172434,0,2014,2
-150.625,48.625,7.35497713088989,0.343732178211212,1.63266653055668,30.9637565320735,0,2014,2
-142.625,29.125,20.0757179260254,0.0601167343556881,3.19263214291907,99.3738118054466,0,2014,2
-118.375,33.875,15.2980756759644,1.1150461435318,1.06831643252362,43.1034816967907,0,2014,2
-150.125,41.125,11.9252815246582,0.31940546631813,4.52216762183801,18.0342855671299,0,2014,2
-132.375,45.125,10.3543825149536,0.404215097427368,2.7170756338387,40.3725701932793,0,2014,2
-155.875,42.375,10.0697498321533,0.330548584461212,2.90511617667865,10.1108036223846,0,2014,2
-138.125,46.625,9.95532131195068,0.238826304674149,1.97800404448525,69.2744411344395,0,2014,2
-124.875,26.875,18.5750198364258,0.0525826178491116,4.12603926302211,232.88014658863,0,2014,2
-133.125,29.375,18.5307331085205,0.0533953756093979,1.55589202710214,136.04162667601,0,2014,2
-138.875,41.125,13.2720718383789,0.300611108541489,3.76575357664306,27.177453051931,0,2014,2
-133.875,49.375,7.91323471069336,0.2811518907547,1.3189389675038,49.304468960508,0,2014,2
-131.375,49.625,7.84251165390015,0.403933852910995,1.79002793274295,89.6799151762183,0,2014,2
-131.875,28.375,18.6040649414062,0.0460045151412487,1.65773942463826,174.461362467209,0,2014,2
-128.625,43.125,10.3366956710815,0.420337438583374,3.0004166377355,54.0849436080282,0,2014,2
-143.125,48.875,8.99465656280518,0.202984690666199,1.52777616161531,107.130301526844,0,2014,2
-139.125,30.375,19.3126316070557,0.0612184293568134,3.04765483609939,101.162453315781,0,2014,2
-147.125,41.125,12.6212615966797,0.264501631259918,5.17556760172254,25.277722235553,0,2014,2
-141.125,30.625,19.3332042694092,0.0636530071496964,3.64485939372152,80.0466569711073,0,2014,2
-143.875,44.125,11.1575231552124,0.326201319694519,3.17510629743321,44.3619887380412,0,2014,2
-130.375,52.125,6.92658472061157,0.707950532436371,2.6747897113605,152.381131926234,0,2014,2
-144.375,51.125,7.16450691223145,0.195913136005402,1.70590152119048,132.386653724691,0,2014,2
-126.375,38.125,13.5521221160889,0.282488644123077,3.37203202831764,23.6001898679178,0,2014,2
-136.125,51.625,7.16232109069824,0.280227810144424,1.58003164525271,180.362626673963,0,2014,2
-131.125,29.625,17.8360538482666,0.0500343181192875,0.796115569499806,147.308015817428,0,2014,2
-143.875,47.875,9.21399593353271,0.230436459183693,1.25003999936002,90.4583564580004,0,2014,2
-148.125,50.875,7.14253377914429,0.260656207799911,1.96824795185972,117.867003849657,0,2014,2
-144.375,46.875,9.48884105682373,0.245319381356239,1.8422811946063,57.8627510189582,0,2014,2
-142.875,46.125,10.5670547485352,0.307451397180557,2.99132077851908,58.1164361253915,0,2014,2
-127.375,32.875,14.7321977615356,0.20976448059082,0.932952303175248,329.036243467926,0,2014,2
-156.375,40.375,11.4698429107666,0.291615605354309,4.06601770778239,20.4405961943106,0,2014,2
-152.375,39.375,13.0864534378052,0.369581520557404,4.62385120867876,21.5713071912546,0,2014,2
-120.625,34.375,13.7318124771118,1.84893679618835,5.56644410732741,310.701774280036,0,2014,2
-126.375,36.625,13.4854230880737,0.59747713804245,2.7518175811634,12.1674674180727,0,2014,2
-131.625,26.125,19.5875396728516,0.0612076558172703,3.59869420762587,189.436147801663,0,2014,2
-137.875,39.625,14.5939350128174,0.203220084309578,4.85004123693809,28.3087568523268,0,2014,2
-128.375,32.875,15.7664079666138,0.096470057964325,0.970154626850792,14.3227199782036,0,2014,2
-148.125,42.625,11.6103143692017,0.320127695798874,3.77524833620253,25.4111452999668,0,2014,2
-134.375,31.125,18.0512180328369,0.0488033629953861,1.56016024817965,80.7791759593621,0,2014,2
-154.625,39.875,11.7529392242432,0.323217809200287,3.61872905866134,17.0328844938806,0,2014,2
-155.875,42.625,9.96379947662354,0.355833530426025,2.81623862625311,11.4695303328669,0,2014,2
-157.125,43.125,9.62403583526611,0.30262753367424,2.45936983798696,13.6407167562914,0,2014,2
-125.875,41.375,11.1836547851562,0.486897468566895,2.64886768261459,61.5966950066041,0,2014,2
-131.375,50.875,7.3422269821167,0.474816054105759,1.70581358887775,146.962051397666,0,2014,2
-115.125,28.875,16.4918785095215,0.462200105190277,5.74913036902104,321.993904954155,0,2014,2
-140.625,27.375,20.1866664886475,0.0564559437334538,3.0649306680576,146.983969372005,0,2014,2
-142.125,44.875,11.1521396636963,0.354230135679245,3.22691803428597,47.2605019111413,0,2014,2
-157.375,39.125,12.0824947357178,0.337022453546524,4.56127175248307,17.0842583766835,0,2014,2
-137.625,50.625,8.05801486968994,0.337953716516495,0.834505841801003,135.971021931079,0,2014,2
-151.875,42.875,10.2615346908569,0.233451515436172,2.79830305721164,23.8169629970242,0,2014,2
-118.625,32.875,15.5197954177856,0.315865248441696,3.5066365651433,332.484978313051,0,2014,2
-130.375,47.125,9.11428737640381,0.369981378316879,2.52556924276489,83.6347554443561,0,2014,2
-151.125,38.625,13.4749088287354,0.342785179615021,4.83820214542551,24.287141543463,0,2014,2
-140.375,28.625,20.1775569915771,0.0632810518145561,2.96096268129134,113.274815452509,0,2014,2
-142.375,49.125,8.94677066802979,0.201900988817215,1.58404545389329,114.623564786164,0,2014,2
-157.625,39.375,11.9438323974609,0.343177258968353,4.48625679158026,15.6471658166465,0,2014,2
-125.125,30.625,17.0207576751709,0.0483857318758965,3.35216348050032,279.0970279258,0,2014,2
-152.375,43.625,9.73003959655762,0.258233517408371,2.51103564291708,15.4752550891639,0,2014,2
-142.875,47.875,9.69716453552246,0.24736051261425,1.6729913329124,86.5732068427095,0,2014,2
-136.375,27.375,19.6482524871826,0.0672175213694572,2.76219115920676,159.662454575265,0,2014,2
-124.625,46.375,8.39162921905518,0.897223353385925,2.52970353994297,104.420773127511,0,2014,2
-125.875,37.875,13.0990524291992,0.490131348371506,2.97060599878207,20.0819774841808,0,2014,2
-145.375,51.125,7.26594209671021,0.177337318658829,1.5684705926475,139.913798762375,0,2014,2
-124.375,38.375,12.369722366333,0.671599626541138,1.5057224179775,343.009176708014,0,2014,2
-149.875,45.875,9.43371200561523,0.291614323854446,2.55327241006517,5.84456587738686,0,2014,2
-156.875,41.875,10.1886434555054,0.292950987815857,3.15762569029326,11.879312781268,0,2014,2
-129.875,30.375,17.2972087860107,0.0573457702994347,0.380131556174964,125.362461887069,0,2014,2
-153.875,36.375,15.1950597763062,0.138155728578568,5.17811741852191,17.0701884190863,0,2014,2
-138.375,48.625,9.17440986633301,0.309727907180786,1.59078596926174,91.8011605157224,0,2014,2
-137.375,26.375,20.3905410766602,0.0657466873526573,3.30841351708035,165.291696100317,0,2014,2
-133.625,30.375,18.1892890930176,0.0491807796061039,1.30545011394538,112.045913462372,0,2014,2
-139.875,45.625,10.5568513870239,0.278602302074432,2.4738633753706,50.9061411137705,0,2014,2
-149.875,44.625,10.4411401748657,0.251098930835724,3.0448152653322,5.6544208226407,0,2014,2
-158.125,39.625,11.7364377975464,0.306490212678909,4.21645585770799,17.1027289690524,0,2014,2
-152.375,45.625,9.14676570892334,0.348833411931992,2.6888101457708,10.9338167857558,0,2014,2
-126.375,34.875,14.7947063446045,0.177636474370956,2.59788375413528,345.054376082874,0,2014,2
-151.625,44.375,9.70819091796875,0.277651607990265,2.79302703173457,12.1950496618987,0,2014,2
-149.375,41.875,11.5797672271729,0.284962952136993,3.88108232327015,13.1052689902187,0,2014,2
-143.375,39.125,14.6501150131226,0.21173007786274,4.5487250961121,25.6637170089066,0,2014,2
-142.125,50.375,7.63324642181396,0.234401732683182,1.04403065089105,126.430858120162,0,2014,2
-153.875,42.875,10.7467098236084,0.325416386127472,2.80572628743433,19.7911908039992,0,2014,2
-149.875,38.125,14.2207221984863,0.288935750722885,5.07268173651768,23.8363375421905,0,2014,2
-147.375,42.625,11.5529651641846,0.262630522251129,3.95236637977807,22.9321004375898,0,2014,2
-129.125,42.125,10.7954139709473,0.574786126613617,2.76003623164624,55.3311048443397,0,2014,2
-155.125,38.875,12.8461990356445,0.348958104848862,4.32394495802155,19.7340452277265,0,2014,2
-124.625,41.375,10.648814201355,0.733513355255127,2.10009523593574,70.5296979905331,0,2014,2
-150.625,43.625,10.2333135604858,0.284342855215073,2.93833286065415,12.3807569288072,0,2014,2
-150.875,39.875,12.7275218963623,0.334703266620636,5.02871753034509,24.9342951025766,0,2014,2
-155.375,43.125,9.80912590026855,0.276610612869263,2.47935475476988,10.2221686336361,0,2014,2
-126.875,47.375,8.60562610626221,0.420332372188568,2.54001968496309,89.774427230366,0,2014,2
-129.375,26.125,18.9548683166504,0.0532551966607571,3.60455267682413,206.707224035435,0,2014,2
-136.875,27.875,19.8850402832031,0.0746790766716003,2.63129245808975,151.389540334035,0,2014,2
-133.125,31.125,17.5314807891846,0.0532769523561001,1.18088949525347,82.2129820453675,0,2014,2
-150.625,35.875,15.5090255737305,0.136133536696434,4.52541710784763,24.1296065472564,0,2014,2
-153.375,36.625,15.128942489624,0.145272597670555,5.13928010522875,20.6212874818808,0,2014,2
-151.875,40.875,12.0201396942139,0.354202330112457,3.92444900591153,18.1117689654531,0,2014,2
-129.125,43.375,10.112886428833,0.470428764820099,3.0705862632403,55.4818668514836,0,2014,2
-129.125,43.125,10.0400476455688,0.487786650657654,2.9910700426436,54.6627341445139,0,2014,2
-155.875,45.375,8.42499732971191,0.438449651002884,2.88729977660789,18.9997301086457,0,2014,2
-157.375,40.375,11.6087322235107,0.326317429542542,4.21352583948408,16.9727614492224,0,2014,2
-136.375,46.375,10.1767539978027,0.326033622026443,1.69011833905203,52.4520774434047,0,2014,2
-154.875,45.125,8.58266162872314,0.423269659280777,2.7701624501101,18.3041367682173,0,2014,2
-129.875,26.125,19.0593318939209,0.0498242601752281,3.7054824247323,203.036164926041,0,2014,2
-151.625,48.625,7.78242540359497,0.386495023965836,1.6100310556011,22.2639951174186,0,2014,2
-130.875,44.875,9.86347103118896,0.381085872650146,2.89663597989116,48.218622110899,0,2014,2
-152.875,36.625,14.7432308197021,0.165821924805641,4.89248403165509,23.1063268582716,0,2014,2
-148.625,50.375,7.2162880897522,0.266401141881943,1.69434353069264,97.4605661261684,0,2014,2
-133.875,46.375,9.79084205627441,0.296811521053314,1.59455322896415,51.620776082315,0,2014,2
-153.375,38.875,12.9110460281372,0.461360245943069,4.31083518590076,22.936808389881,0,2014,2
-117.625,32.125,16.2535438537598,0.220310375094414,2.85954541841881,331.37354932705,0,2014,2
-134.625,30.875,18.22340965271,0.0516176372766495,1.90444217554643,86.0858627813876,0,2014,2
-141.125,27.625,20.2787685394287,0.0656328499317169,3.40164666007509,131.18592516571,0,2014,2
-148.875,39.375,13.7449417114258,0.364468723535538,5.25038093856055,26.22342792002,0,2014,2
-144.625,51.875,6.97451210021973,0.303622722625732,1.90779977985112,159.760308630382,0,2014,2
-152.375,35.375,15.4741106033325,0.11929278075695,4.59830403518515,17.7256837949275,0,2014,2
-137.375,27.125,20.2362632751465,0.0671651884913445,3.26349505898201,161.787126729771,0,2014,2
-132.875,48.125,8.56411838531494,0.316858291625977,1.6682026255824,54.0231297128907,0,2014,2
-141.625,29.125,20.1650905609131,0.0607629492878914,3.33016516106934,101.782325134462,0,2014,2
-136.875,48.875,8.87744808197021,0.305153638124466,0.980815986819138,73.4126614430726,0,2014,2
-138.125,51.125,7.75637626647949,0.326794981956482,1.00224747442934,155.224859431168,0,2014,2
-140.125,46.875,10.3207445144653,0.329692304134369,2.29943471314147,57.0701454893879,0,2014,2
-131.625,44.875,10.2220335006714,0.377324044704437,3.11332619556641,42.9174347202691,0,2014,2
-136.375,26.125,20.4828701019287,0.0600094832479954,3.38864279616486,166.865977693604,0,2014,2
-125.875,44.125,9.832350730896,0.384263962507248,2.66737698872881,65.6449309371584,0,2014,2
-128.875,46.625,9.12977695465088,0.345984190702438,2.28008771761088,90.502581666721,0,2014,2
-126.875,48.375,8.06885719299316,0.397534638643265,2.43353652119708,117.93399124351,0,2014,2
-127.125,26.125,19.1966304779053,0.0517925620079041,3.99110260454426,213.451170594155,0,2014,2
-157.875,41.125,11.1368570327759,0.302518248558044,3.80569310375916,14.7665516460622,0,2014,2
-139.625,50.375,8.09741497039795,0.2905592918396,0.698355210476732,119.134292197226,0,2014,2
-138.625,51.125,7.80152797698975,0.324140310287476,1.0295630140987,155.924501744921,0,2014,2
-125.375,40.875,10.9637746810913,0.485216379165649,2.02385770250776,71.565051177078,0,2014,2
-137.125,26.625,20.3658542633057,0.0624219924211502,3.42165164796184,164.054604099077,0,2014,2
-129.625,49.375,7.90404987335205,0.329397529363632,2.23181540455298,87.6888685472386,0,2014,2
-150.125,44.375,10.2325420379639,0.267701834440231,2.97311284683242,7.1489194678793,0,2014,2
-130.875,28.375,18.6855602264404,0.0520791076123714,2.05506690888642,188.958132362862,0,2014,2
-143.375,37.125,15.7872972488403,0.142622053623199,4.90683197185312,25.468365282617,0,2014,2
-129.625,47.125,8.84732246398926,0.352311700582504,2.35766833969496,85.3776297583158,0,2014,2
-143.125,29.625,19.8919124603271,0.0711379870772362,3.27001529048413,89.8247840950947,0,2014,2
-140.875,49.875,8.24918174743652,0.314569711685181,0.629682459657247,122.680554743363,0,2014,2
-124.875,41.875,10.4854831695557,0.570436298847198,2.15824002372303,69.3818118768955,0,2014,2
-137.125,27.125,20.2244415283203,0.0700285956263542,3.25405900376745,161.17528998176,0,2014,2
-130.875,26.875,19.1107730865479,0.0547805726528168,3.22691803428597,196.750264505026,0,2014,2
-151.375,41.875,11.1083240509033,0.341385871171951,3.12187443693689,19.6538240580533,0,2014,2
-140.125,29.875,19.7738018035889,0.0633930489420891,2.86973866405985,105.150053210468,0,2014,2
-139.875,45.875,10.4181566238403,0.281186461448669,2.44989795705862,47.9780206519497,0,2014,2
-127.375,44.875,9.71483421325684,0.38189223408699,2.65731067058408,81.7784196296194,0,2014,2
-148.125,50.625,7.20780515670776,0.272188276052475,1.80499307477896,111.447736327105,0,2014,2
-134.875,49.875,7.74665355682373,0.370282977819443,0.810431983574192,74.248826336547,0,2014,2
-147.875,36.125,15.4511461257935,0.144627273082733,3.92390112005896,22.3165966477167,0,2014,2
-152.625,42.375,10.9655723571777,0.314574539661407,2.75855034393067,29.5387822595581,0,2014,2
-139.375,51.125,7.64345169067383,0.360199898481369,0.975089739459913,154.486129572466,0,2014,2
-120.875,34.125,13.8322811126709,1.0789247751236,5.72294504604054,305.828634967493,0,2014,2
-144.125,48.375,8.7433557510376,0.228775978088379,1.21630588258053,111.713935081776,0,2014,2
-124.875,46.625,8.22971630096436,0.816361010074615,2.49649754656399,110.394876082048,0,2014,2
-126.125,40.625,10.9260063171387,0.565292000770569,2.29941296856393,61.9861426466642,0,2014,2
-150.875,46.625,8.47522449493408,0.371389091014862,2.31814581077205,11.6977152466858,0,2014,2
-139.125,38.625,15.6501502990723,0.121304675936699,5.26945917528545,27.8294386480619,0,2014,2
-142.875,46.375,10.3420515060425,0.273276180028915,2.75283490242332,58.2152386492093,0,2014,2
-130.125,44.375,10.6855764389038,0.359610974788666,2.97391997202346,47.9984671396945,0,2014,2
-158.125,42.625,10.4548530578613,0.29338937997818,2.98303536687046,11.7996280671495,0,2014,2
-152.125,35.625,15.2210321426392,0.124221034348011,4.55992324496806,20.5413389109965,0,2014,2
-148.125,43.875,10.5577116012573,0.275094211101532,3.09302440986165,19.2550777892839,0,2014,2
-138.625,45.625,10.7433128356934,0.309990495443344,2.59453271322602,40.936634007067,0,2014,2
-146.125,49.625,7.93443202972412,0.227251395583153,1.162454300177,111.709882759871,0,2014,2
-143.375,47.875,9.48593997955322,0.237546369433403,1.38101412013057,79.9920201985586,0,2014,2
-149.625,37.625,14.4316730499268,0.252311885356903,4.89295411791282,23.998157643666,0,2014,2
-150.625,48.375,7.36718511581421,0.338671505451202,1.64754362612952,33.111341960372,0,2014,2
-150.125,38.875,13.4234666824341,0.367437392473221,5.08552848777784,27.5224113327282,0,2014,2
-139.625,44.875,11.2271900177002,0.323280096054077,2.75494101570251,51.6325146151385,0,2014,2
-129.375,42.625,10.5083961486816,0.556871473789215,2.98211334459306,52.6305542253828,0,2014,2
-125.125,41.125,10.8201370239258,0.508132100105286,2.16205920362972,74.1638081209321,0,2014,2
-137.375,27.875,19.8678894042969,0.0681952312588692,2.74934537663059,144.922616665089,0,2014,2
-149.375,45.375,10.470775604248,0.22278605401516,2.89126269992887,6.95295746817391,0,2014,2
-141.625,45.125,11.1665592193604,0.369846671819687,3.18452508233174,47.2906100426385,0,2014,2
-148.125,34.125,17.872974395752,0.0875184237957001,4.14614278577089,27.4302938266013,0,2014,2
-149.875,45.125,10.5773677825928,0.229400008916855,3.00815558108287,6.29812436762973,0,2014,2
-148.625,49.125,7.91178941726685,0.307530492544174,1.16777566338745,65.1905916245404,0,2014,2
-149.625,39.625,13.3470668792725,0.363939106464386,5.18767770779951,26.565051177078,0,2014,2
-156.125,43.375,9.85610485076904,0.366052955389023,2.85700892543233,20.274380403723,0,2014,2
-152.625,40.125,12.5971183776855,0.398563921451569,4.02243707222375,18.2547740095538,0,2014,2
-129.375,34.125,15.3842039108276,0.114958725869656,2.72946881279124,28.4429286243633,0,2014,2
-132.125,47.625,9.11853408813477,0.336357623338699,1.76173210222213,70.4336837463956,0,2014,2
-126.125,40.375,11.013298034668,0.57230269908905,2.14366508578183,61.2828841290221,0,2014,2
-132.125,28.125,18.7255935668945,0.0473962649703026,1.88247177933694,171.138135593602,0,2014,2
-151.125,42.875,11.0263891220093,0.319143235683441,3.46301891418456,17.6501242199301,0,2014,2
-151.375,41.625,11.3471078872681,0.354414105415344,3.1648064711764,20.7255588655605,0,2014,2
-145.125,48.625,8.38566970825195,0.273915439844131,0.844334057112468,108.649538754051,0,2014,2
-126.375,36.375,13.7714099884033,0.389181226491928,2.57629579047127,4.00639147162724,0,2014,2
-149.625,40.625,12.5929689407349,0.364107608795166,4.87692526085853,19.4009339838051,0,2014,2
-148.625,41.375,12.2160177230835,0.341806769371033,4.40190867692641,18.2703062315146,0,2014,2
-141.125,48.125,9.39942359924316,0.244190633296967,1.37014597762428,90.8363753254224,0,2014,2
-145.625,48.375,8.40200614929199,0.320983380079269,0.724430811050993,83.6598082540901,0,2014,2
-148.625,50.125,7.13899087905884,0.279421031475067,1.43422452914458,94.3987053549955,0,2014,2
-150.125,44.625,10.2079763412476,0.261772960424423,3.07117241456744,6.73163470646296,0,2014,2
-143.875,45.625,10.2879619598389,0.275694787502289,2.94105423275396,50.5186941150562,0,2014,2
-140.625,47.375,9.81951904296875,0.31379696726799,1.8609674903125,69.2277453179541,0,2014,2
-144.625,46.375,9.72677707672119,0.273462563753128,2.28127157524044,48.5541782355321,0,2014,2
-117.625,33.125,15.8513622283936,0.230431601405144,1.1933147112141,13.5704343851615,0,2014,2
-147.125,36.875,15.7545623779297,0.112967774271965,4.40511066830335,26.8558901994285,0,2014,2
-130.125,41.875,11.1436853408813,0.35802635550499,2.39008368054342,52.6506509553594,0,2014,2
-120.625,35.125,13.2093515396118,2.24802160263062,1.30923641868075,302.840404271473,0,2014,2
-149.375,46.375,8.65301895141602,0.257696062326431,1.97772596686194,9.60520415501293,0,2014,2
-147.625,35.375,16.1126003265381,0.121561899781227,3.88397991755879,24.6515030419526,0,2014,2
-145.375,29.625,20.3713130950928,0.052202045917511,3.43821174449742,79.4417659397446,0,2014,2
-136.375,27.125,19.7133293151855,0.0591468065977097,2.80203497479956,162.341018803867,0,2014,2
-145.625,51.375,7.26304006576538,0.189758509397507,1.93214906257255,143.841814560192,0,2014,2
-135.875,49.625,7.93791913986206,0.32005313038826,0.844807670419723,83.8844964337146,0,2014,2
-135.875,52.125,6.99584865570068,0.299151629209518,1.89525723847714,172.724995042111,0,2014,2
-125.625,34.375,14.7493877410889,0.241103425621986,2.85567855333894,328.313632312143,0,2014,2
-127.625,35.125,14.9057340621948,0.165817752480507,2.26002212378552,22.3663454542684,0,2014,2
-150.375,38.875,13.3935804367065,0.354661405086517,5.01599441785973,28.4554833928819,0,2014,2
-141.875,40.625,14.0987281799316,0.249756708741188,4.95081811421102,27.030860259843,0,2014,2
-147.625,42.375,11.5347442626953,0.28557276725769,3.81693594392151,24.6178789888702,0,2014,2
-141.375,41.125,13.4335012435913,0.243949607014656,4.77099570320494,28.8213163837203,0,2014,2
-148.875,36.875,14.9314804077148,0.198345199227333,4.24530328716336,27.953402073008,0,2014,2
-156.625,45.375,8.00601577758789,0.413768231868744,2.44773364564039,17.842765470793,0,2014,2
-147.125,49.375,7.59327459335327,0.249193087220192,1.08466584716216,108.267906207241,0,2014,2
-125.625,41.375,11.0588369369507,0.496344715356827,2.57782854356142,61.2476315727856,0,2014,2
-147.375,37.375,15.5749530792236,0.127862155437469,4.60253191189371,27.5672075009156,0,2014,2
-130.625,31.125,17.3951721191406,0.0516838505864143,0.737360156233031,69.3530091750296,0,2014,2
-127.875,28.125,18.4153919219971,0.0535600818693638,2.7864852413031,215.800610270244,0,2014,2
-129.375,45.875,9.65291213989258,0.387781471014023,2.68990706159153,81.4481697661799,0,2014,2
-152.875,37.375,13.8194627761841,0.280102401971817,4.80459155392006,25.1249578152818,0,2014,2
-134.375,26.875,19.5359878540039,0.0693609267473221,3.13600063775504,169.155876608745,0,2014,2
-154.625,47.125,7.99150228500366,0.419334381818771,2.49649754656399,4.13467137373641,0,2014,2
-146.875,31.375,19.582914352417,0.0766918435692787,3.53836120259083,47.2906100426385,0,2014,2
-132.375,26.875,19.2289047241211,0.0604134984314442,2.8637213551601,185.611052272544,0,2014,2
-145.125,48.375,8.50133800506592,0.270968049764633,0.741484996476665,100.097504384075,0,2014,2
-155.125,42.625,10.1374959945679,0.329196482896805,2.40470372395437,12.2445278702498,0,2014,2
-155.875,45.875,8.29857063293457,0.433250665664673,2.81888275740585,16.6992442339936,0,2014,2
-133.375,31.625,17.1248321533203,0.055658433586359,1.32853302555864,70.2011236454751,0,2014,2
-135.625,27.375,19.4208965301514,0.0665837377309799,2.76524863258261,163.399986320608,0,2014,2
-147.625,34.875,17.2171459197998,0.0931815430521965,4.32463871323374,26.2095493513087,0,2014,2
-126.125,36.875,12.9913063049316,0.784631609916687,2.99487896249581,11.9477766217569,0,2014,2
-140.125,50.875,7.73677968978882,0.352797210216522,0.799061950038919,134.492970939085,0,2014,2
-156.125,43.875,9.39657878875732,0.342480331659317,2.86,22.6198649480405,0,2014,2
-154.875,46.625,8.40278053283691,0.401251077651978,2.67366789261494,12.5288077091515,0,2014,2
-151.875,46.125,8.94921398162842,0.311532258987427,2.72737969487198,9.49685853869101,0,2014,2
-130.375,48.125,8.33451080322266,0.31720381975174,2.1973848092676,75.7740361012482,0,2014,2
-133.125,28.375,18.6792011260986,0.0460465885698795,2.17706224072717,156.732295189943,0,2014,2
-146.875,37.625,15.5184326171875,0.115458473563194,4.71858029496161,27.3796282268377,0,2014,2
-145.375,37.625,15.0277614593506,0.184802293777466,4.27562860875451,29.2628568103943,0,2014,2
-142.875,29.875,19.5631351470947,0.0703798979520798,3.37535183351306,86.7730903677133,0,2014,2
-143.125,49.875,8.00796318054199,0.211496219038963,1.27003936946852,127.321036192631,0,2014,2
-131.375,28.375,18.6379566192627,0.048610869795084,1.85,180,0,2014,2
-142.125,29.625,19.9662685394287,0.0565346963703632,3.20351369592827,92.683775159469,0,2014,2
-144.875,40.125,13.6753244400024,0.253371745347977,4.58835482498902,29.0788614132557,0,2014,2
-155.375,37.875,13.5219297409058,0.36903578042984,4.81159017373675,22.3542269463263,0,2014,2
-148.375,40.875,12.6769380569458,0.325826108455658,4.86042179239621,18.4722264881325,0,2014,2
-141.125,50.375,7.68134117126465,0.293117076158524,0.802620707432845,149.281095735971,0,2014,2
-132.875,47.875,8.64142608642578,0.299154460430145,1.4058449416632,50.1944289077348,0,2014,2
-133.625,51.625,7.41021490097046,0.51320892572403,1.70698564727417,156.889556769905,0,2014,2
-144.875,31.875,19.3343524932861,0.0711831301450729,4.69655192667983,54.0085037420251,0,2014,2
-129.875,31.375,17.1936588287354,0.0523717254400253,0.886397202161649,66.0375110254218,0,2014,2
-152.875,39.875,12.7253093719482,0.381229162216187,4.1573549283168,20.2656974709475,0,2014,2
-136.125,45.375,10.4906988143921,0.282481998205185,2.55726416312433,33.1929365784014,0,2014,2
-129.125,42.875,10.0877275466919,0.423253744840622,3.0688923083093,51.7483990441695,0,2014,2
-157.375,40.625,11.5316028594971,0.334190785884857,4.14421283237239,15.6795241224193,0,2014,2
-129.375,47.625,8.83151721954346,0.351011097431183,2.20635445928346,81.1353766115892,0,2014,2
-144.625,47.125,9.30200958251953,0.245562061667442,1.51476070717457,57.6738600056231,0,2014,2
-145.625,37.375,15.3407640457153,0.197546154260635,4.60253191189371,27.5672075009156,0,2014,2
-143.875,45.125,10.9704084396362,0.335103809833527,3.11295679378947,49.298887024775,0,2014,2
-134.875,44.625,10.9395732879639,0.331602722406387,2.72968862693165,34.8544555661036,0,2014,2
-128.125,34.875,14.8932218551636,0.172282502055168,2.56253780459918,26.6650437099648,0,2014,2
-148.125,35.375,16.0278091430664,0.125655919313431,3.86865609740644,25.9027017297058,0,2014,2
-141.625,45.375,11.1157693862915,0.390657663345337,2.9376351032761,51.2183508248102,0,2014,2
-148.875,34.625,17.2491340637207,0.0965261533856392,4.30889777089223,28.4088268975347,0,2014,2
-130.875,49.625,8.11108207702637,0.371367245912552,1.80136059688226,87.7729530325864,0,2014,2
-129.375,44.125,10.7909278869629,0.320970386266708,3.04080581425385,51.8110247386475,0,2014,2
-137.625,45.625,10.686411857605,0.34647998213768,2.7081543530604,39.1554341226131,0,2014,2
-142.375,46.125,10.6685600280762,0.384140938520432,3.07587385957227,56.6715782182364,0,2014,2
-134.125,49.125,8.04908180236816,0.29429629445076,1.33225372958757,52.0118582744751,0,2014,2
-124.875,45.625,8.86776924133301,0.545498609542847,1.59028299368383,88.9190758133393,0,2014,2
-149.375,49.875,6.76211929321289,0.253979086875916,1.27577427470537,76.3994574833413,0,2014,2
-139.125,40.625,13.6613492965698,0.223577082157135,4.33391278177123,29.2857377693617,0,2014,2
-142.125,38.625,14.8456172943115,0.168590560555458,4.85687142098697,26.1429904539809,0,2014,2
-147.125,45.125,10.1229419708252,0.279003173112869,2.24082574065901,25.65022625865,0,2014,2
-129.875,43.375,10.8504724502563,0.368393957614899,3.21908372056397,46.888188006741,0,2014,2
-133.625,27.625,18.9164657592773,0.0494813434779644,2.56195238050983,167.374163121093,0,2014,2
-134.375,44.625,10.6881971359253,0.382163286209106,2.56970815463546,39.9483106562376,0,2014,2
-154.875,47.125,8.0569372177124,0.430329948663712,2.40133296316858,1.90915243299639,0,2014,2
-146.375,48.875,7.86561870574951,0.290645182132721,0.930591209930547,98.6525417911147,0,2014,2
-135.375,44.875,10.8619070053101,0.328329592943192,2.71679958775026,31.7594800848128,0,2014,2
-126.875,41.375,11.0277853012085,0.4956334233284,2.79830305721164,66.1830370029758,0,2014,2
-125.375,42.375,10.3249397277832,0.499266922473907,2.47412610834614,61.7776670970281,0,2014,2
-144.875,51.375,6.96804189682007,0.238811030983925,1.77504929509014,146.488981202159,0,2014,2
-122.625,37.625,12.0329675674438,2.63872861862183,2.14002336435844,0.267735338702209,0,2014,2
-152.375,44.375,9.49793148040771,0.282811880111694,2.9404931559179,12.5710768121531,0,2014,2
-146.125,39.875,13.5970897674561,0.238230422139168,5.03160014309563,27.328949638008,0,2014,2
-153.125,37.875,13.5229911804199,0.42471519112587,4.69162018923101,22.9580554888214,0,2014,2
-141.875,51.125,7.07632875442505,0.347391188144684,1.21078486941323,157.671343621981,0,2014,2
-124.125,26.625,18.2930927276611,0.0520170256495476,4.16572922787836,239.248536450983,0,2014,2
-118.375,25.375,19.1452503204346,0.0788465887308121,4.60014130217758,275.36357557098,0,2014,2
-126.125,42.125,10.6404390335083,0.488854110240936,2.83989436423259,62.9838102761347,0,2014,2
-143.875,40.875,13.4417791366577,0.230301320552826,5.0606916523337,28.438780663789,0,2014,2
-136.375,48.625,8.42186641693115,0.35162428021431,0.814370922860093,65.3231368296629,0,2014,2
-125.125,34.625,14.4752216339111,0.39273402094841,3.15919293491233,325.70631182697,0,2014,2
-144.375,44.125,10.826849937439,0.312195628881454,3.14663312129012,45.1287543439731,0,2014,2
-138.625,49.125,8.67754936218262,0.275148630142212,1.25319591445233,101.040940180324,0,2014,2
-156.375,39.375,12.4539794921875,0.36824843287468,4.33073896696626,19.9831065219,0,2014,2
-142.125,49.625,8.11818218231201,0.244350552558899,1.44627106726229,119.400914197161,0,2014,2
-119.125,33.875,15.4714574813843,0.266195952892303,1.86335718529755,339.911811927852,0,2014,2
-127.125,42.875,10.2711420059204,0.361907541751862,3.05895406961268,63.6024798645239,0,2014,2
-139.125,47.875,9.82979774475098,0.254519879817963,1.67361883354604,86.2314702908646,0,2014,2
-143.375,30.375,19.8066253662109,0.0704151913523674,3.49496781101057,78.111341960372,0,2014,2
-134.875,27.625,19.3346328735352,0.0572306774556637,2.51246890528022,158.029202154188,0,2014,2
-115.375,26.125,18.7960090637207,0.165388882160187,5.8077276106925,298.374254684833,0,2014,2
-138.375,41.375,13.2576913833618,0.283321648836136,3.6053432568897,27.773343799158,0,2014,2
-124.875,36.875,13.3551807403564,0.615823745727539,3.05764615349782,344.054604099077,0,2014,2
-141.875,46.375,10.3763637542725,0.320867121219635,2.79087799805008,51.6928753578341,0,2014,2
-152.875,36.375,14.9569854736328,0.161845430731773,4.96934603343337,22.2296210912378,0,2014,2
-131.875,31.125,17.5943660736084,0.0514798760414124,1.13159179919262,78.7893668711233,0,2014,2
-124.875,25.625,18.7711353302002,0.0519103407859802,4.24285281385061,224.427061302317,0,2014,2
-148.875,41.375,12.098614692688,0.315791964530945,4.32411840725945,15.8361918790679,0,2014,2
-159.125,43.125,9.02826881408691,0.32480451464653,2.50449595727364,3.43363036245051,0,2014,2
-139.625,27.625,20.0452976226807,0.0647630766034126,2.76626101443808,142.343008117007,0,2014,2
-154.125,40.875,11.2642297744751,0.326084971427917,3.69676885942305,18.7780332224455,0,2014,2
-147.375,34.375,18.0516586303711,0.0939957648515701,4.42326802262761,25.8698887740871,0,2014,2
-123.875,36.625,13.2516117095947,0.648254632949829,3.1090995481007,326.412154987349,0,2014,2
-149.375,44.375,10.7717876434326,0.244574636220932,3.35596483890997,8.39569403576968,0,2014,2
-130.875,49.875,7.64912128448486,0.445821791887283,1.5174320413119,95.6730221399253,0,2014,2
-149.625,36.375,15.2112703323364,0.142415195703506,4.04619574415277,24.2212887279981,0,2014,2
-141.625,50.125,7.69221639633179,0.254035651683807,1.0893117092917,133.512132471172,0,2014,2
-137.625,51.875,7.23688745498657,0.297164410352707,1.65193825550473,182.775803448783,0,2014,2
-143.625,36.875,15.9503040313721,0.137490198016167,4.87483333048423,26.0394165706204,0,2014,2
-159.625,40.625,11.4282197952271,0.270941019058228,3.94897455043711,9.0329696989711,0,2014,2
-151.125,35.125,15.9584350585938,0.109811469912529,4.1547683449261,27.0584364368711,0,2014,2
-137.875,49.125,8.73780632019043,0.281627029180527,1.32098448136229,97.3940086425983,0,2014,2
-156.375,39.625,12.4226970672607,0.379289150238037,4.42549432267176,21.0561014788619,0,2014,2
-132.125,50.375,7.30549812316895,0.479709595441818,1.18595952713404,118.726130665304,0,2014,2
-123.875,26.875,18.2593441009521,0.0535125844180584,4.1553940848011,242.324943439128,0,2014,2
-130.875,25.625,19.4257774353027,0.0559937432408333,3.74606460168535,196.596695006604,0,2014,2
-150.875,39.625,12.9123039245605,0.351619184017181,4.91211766960035,25.0521263967393,0,2014,2
-140.625,30.375,19.4467258453369,0.0690942406654358,3.06491435443146,82.6894860247855,0,2014,2
-153.125,36.375,15.1010465621948,0.15035443007946,5.04581014307911,21.0212060231548,0,2014,2
-134.875,51.375,7.31951236724854,0.285012543201447,1.4991330828182,162.531976748722,0,2014,2
-149.625,36.875,14.951491355896,0.168704971671104,4.52306312138135,24.9786299740294,0,2014,2
-129.125,48.125,8.27355575561523,0.33638259768486,2.14755675128738,85.1920460369695,0,2014,2
-155.875,43.875,9.28029918670654,0.328140646219254,2.74344673722673,20.4827144837959,0,2014,2
-140.875,40.125,14.1932983398438,0.190960273146629,4.58393935387457,22.9852299605859,0,2014,2
-138.125,52.125,7.14804887771606,0.30274423956871,1.92093727122985,181.789910608246,0,2014,2
-127.125,33.125,14.3059797286987,0.300855934619904,1.28502918254801,330.642246457209,0,2014,2
-129.625,25.625,19.1320171356201,0.0483921729028225,4.0749110419738,205.43311939496,0,2014,2
-153.625,43.875,9.90676021575928,0.278586179018021,2.7459060435492,20.018760393784,0,2014,2
-143.125,49.625,8.0164270401001,0.240589663386345,1.31015266286032,125.995220874723,0,2014,2
-125.375,35.875,14.3166351318359,0.403080582618713,3.14402608131676,332.945949775734,0,2014,2
-146.625,37.625,15.54625415802,0.141439393162727,4.76743117412302,26.1350721608721,0,2014,2
-153.875,36.625,15.0037326812744,0.141498208045959,5.12621692869118,18.8944362786525,0,2014,2
-130.625,50.125,7.30241346359253,0.433129370212555,1.73657709301948,107.078471654874,0,2014,2
-144.875,48.625,8.53176784515381,0.261289358139038,1.00806745806022,100.864059922088,0,2014,2
-128.875,41.875,10.9206981658936,0.51586502790451,2.86790864568591,56.808625891724,0,2014,2
-143.125,47.625,9.58415031433105,0.257281273603439,1.76139149538085,71.4621863333539,0,2014,2
-151.625,41.125,11.7353038787842,0.346017569303513,3.79096293835748,20.5383558779062,0,2014,2
-125.875,27.375,18.5414810180664,0.0537667237222195,4.22403835209862,233.374259027599,0,2014,2
-149.375,41.375,11.8709363937378,0.332099497318268,4.15463596479884,14.0696910878941,0,2014,2
-143.125,51.875,7.26330852508545,0.284585893154144,1.75353927814577,165.805262387209,0,2014,2
-141.875,28.375,20.5175552368164,0.0585200786590576,3.33042039388423,109.468663629681,0,2014,2
-156.125,44.875,8.20965099334717,0.401249051094055,2.85308604847453,15.4488632995682,0,2014,2
-150.625,42.875,11.0595331192017,0.269595086574554,3.31633834220816,11.4793458759656,0,2014,2
-147.625,45.625,9.64860820770264,0.242453500628471,2.08146582964986,24.1022345011611,0,2014,2
-137.125,49.625,8.41284561157227,0.309160500764847,1.08779593674549,96.8636919146271,0,2014,2
-146.375,36.875,15.9460906982422,0.111110046505928,4.48175188960746,23.8197041377099,0,2014,2
-146.375,50.125,7.87023687362671,0.183819219470024,1.62483845350853,111.670447932676,0,2014,2
-125.125,34.875,14.2693319320679,0.508984625339508,3.10394909752077,327.23150092123,0,2014,2
-138.625,49.625,8.5037145614624,0.30999231338501,1.28160056179763,106.313852426261,0,2014,2
-128.125,42.625,10.1377973556519,0.372913897037506,3.12493199926014,58.3444509897403,0,2014,2
-158.375,43.125,9.32390213012695,0.332839757204056,2.461483292651,10.5338618096845,0,2014,2
-139.125,50.125,8.16734409332275,0.311341792345047,1.01079176886241,115.804532399947,0,2014,2
-156.625,44.875,8.27718353271484,0.368876576423645,2.82688874913747,15.8061936006785,0,2014,2
-156.125,42.125,10.0152645111084,0.290431708097458,2.87569122125447,5.98814837577549,0,2014,2
-131.875,49.875,7.45593500137329,0.398285746574402,1.55157984003402,92.5857943424245,0,2014,2
-142.125,47.375,9.67988204956055,0.287277787923813,2.05104851234679,66.4346041294181,0,2014,2
-141.125,49.875,8.26749801635742,0.284729331731796,0.748131004570724,127.942153350119,0,2014,2
-138.125,45.125,10.7966842651367,0.286385089159012,2.86810041665211,37.3493490446406,0,2014,2
-157.125,43.875,9.33889961242676,0.331540197134018,2.84763059402023,16.5257963899256,0,2014,2
-150.875,38.375,13.5731296539307,0.332560688257217,4.93393352204912,25.3185581963207,0,2014,2
-145.125,47.375,9.2450475692749,0.282614290714264,1.16400171821179,53.0316560944838,0,2014,2
-154.625,44.875,8.80900764465332,0.418338447809219,2.6850884529192,17.5576968448487,0,2014,2
-132.375,52.125,7.04235982894897,0.511038184165955,2.46840029168691,159.362453015312,0,2014,2
-129.125,45.875,9.60278987884521,0.444646656513214,2.71661554144123,83.6598082540901,0,2014,2
-148.875,44.125,10.9361190795898,0.233165577054024,3.21361167535843,13.8632756023935,0,2014,2
-134.125,45.875,10.057936668396,0.358326852321625,1.79769296599837,39.356681719466,0,2014,2
-151.125,45.875,9.2730655670166,0.256422281265259,2.66360657755608,10.3818051592382,0,2014,2
-147.125,34.625,17.7994766235352,0.0985197648406029,4.50014444212627,25.2553360759089,0,2014,2
-131.875,47.375,9.44574928283691,0.32229471206665,1.86271307506014,76.3367706598715,0,2014,2
-125.625,25.375,18.8769626617432,0.0509620346128941,4.31074239545812,217.933270283599,0,2014,2
-145.375,29.875,20.0552558898926,0.0570227466523647,3.45172420682765,78.2994205371842,0,2014,2
-141.375,38.875,14.6629152297974,0.158104553818703,5.06235123238204,28.9446737283803,0,2014,2
-142.375,29.875,19.7482929229736,0.0622271634638309,3.24260697587605,87.7023277387958,0,2014,2
-132.625,50.375,7.47505807876587,0.341248154640198,1.23369364106329,109.903749537308,0,2014,2
-128.375,47.875,8.77601432800293,0.381494134664536,2.43115199031241,82.4365041029328,0,2014,2
-137.125,49.125,8.69929122924805,0.3362195789814,1.03237590053236,86.1120904391669,0,2014,2
-150.125,42.125,11.4031572341919,0.283526569604874,3.74562411354904,21.2901072284417,0,2014,2
-150.375,42.625,11.2157049179077,0.309205144643784,3.49070193514141,15.1111597609858,0,2014,2
-151.375,36.625,14.5195112228394,0.17616380751133,4.2639183857105,24.8220658486865,0,2014,2
-131.375,29.875,17.7360992431641,0.0569660328328609,0.750066663703967,137.161079488226,0,2014,2
-152.625,44.625,9.38467884063721,0.288842678070068,2.91054977624503,13.5110468657614,0,2014,2
-155.375,46.625,8.33055114746094,0.382749766111374,2.70680623613882,8.07023217791806,0,2014,2
-156.625,38.625,12.3951539993286,0.384219497442245,4.48625679158026,15.6471658166465,0,2014,2
-150.875,35.125,16.0246067047119,0.116397954523563,4.07423612472326,27.0052954839592,0,2014,2
-134.375,50.125,7.46610641479492,0.364556580781937,1.04393486386843,80.6279072914209,0,2014,2
-147.625,38.625,14.4980936050415,0.222137123346329,5.02813086544095,25.1889937039789,0,2014,2
-158.875,39.875,11.1789636611938,0.311698615550995,3.97416657929685,12.4975327234405,0,2014,2
-118.375,33.625,15.4604597091675,0.451861143112183,1.74562309792234,18.0197692817771,0,2014,2
-142.625,47.875,9.69704341888428,0.236705273389816,1.77721692542019,84.8347589550042,0,2014,2
-143.125,46.125,10.3553638458252,0.29289498925209,2.86818758103441,55.3680170931289,0,2014,2
-151.625,41.625,11.3212375640869,0.335223197937012,3.04356698628435,21.5916638234945,0,2014,2
-138.875,50.375,8.08240127563477,0.295357316732407,0.93637599285757,109.9831065219,0,2014,2
-137.625,48.875,8.78132915496826,0.308723986148834,1.29003875910765,90.4441444331119,0,2014,2
-154.125,47.625,7.49387836456299,0.354033917188644,2.68262930722826,354.438171534356,0,2014,2
-133.375,27.125,19.3856868743896,0.0652411580085754,2.77317507561279,174.412756035796,0,2014,2
-146.125,30.625,19.5009860992432,0.0640574395656586,3.10807014077868,66.4867336753614,0,2014,2
-143.125,39.375,14.6033487319946,0.210380285978317,4.81203699071402,26.405304993852,0,2014,2
-154.375,45.625,8.61799049377441,0.380154699087143,2.7236923467969,14.2403237429406,0,2014,2
-150.625,44.875,9.94270610809326,0.300825744867325,2.99666481275434,11.1599438650327,0,2014,2
-156.875,42.125,10.0088901519775,0.278053641319275,2.91430952371226,11.0785914182181,0,2014,2
-144.125,30.375,20.1327877044678,0.0606954507529736,3.88336194553122,76.7510318720293,0,2014,2
-132.375,26.125,19.2976722717285,0.0560123436152935,3.26974005082973,187.733598099023,0,2014,2
-149.375,43.375,10.7844495773315,0.324525773525238,3.63038565444499,8.55417712301994,0,2014,2
-130.375,29.875,17.5526275634766,0.0595241114497185,0.932952303175248,149.036243467927,0,2014,2
-146.375,51.125,7.74414014816284,0.194066643714905,1.86002688152618,133.910857830104,0,2014,2
-155.125,44.625,8.85359287261963,0.292969107627869,2.76081509703203,19.0256060375687,0,2014,2
-151.875,43.125,10.1147880554199,0.251007556915283,2.77346353861016,17.8469854082928,0,2014,2
-155.375,44.625,8.79696559906006,0.347497820854187,2.80178514522438,18.3056131971992,0,2014,2
-144.625,45.625,10.1018571853638,0.291312634944916,2.54568261965234,49.3010560596595,0,2014,2
-148.625,48.875,8.17117118835449,0.343636035919189,1.27769323391806,59.420773127511,0,2014,2
-144.875,48.875,8.51135540008545,0.221829935908318,0.952942810456115,118.178590109959,0,2014,2
-152.125,38.875,13.3303213119507,0.412178218364716,4.90209139041695,23.9506215804826,0,2014,2
-137.875,44.625,10.881555557251,0.333783477544785,3.04699852313715,38.3367703778794,0,2014,2
-126.375,42.625,9.892014503479,0.412941545248032,2.6343310346272,62.6567857452475,0,2014,2
-145.875,30.625,19.373140335083,0.0585307888686657,3.1607752213658,67.4916866842169,0,2014,2
-136.875,47.625,8.92349147796631,0.380879491567612,1.45134420452214,78.0706778227617,0,2014,2
-139.625,28.625,20.2320308685303,0.0645721778273582,3.32777703580033,130.246468734352,0,2014,2
-138.625,27.375,19.9377288818359,0.0604675635695457,2.61583638632083,145.277140581412,0,2014,2
-114.875,28.625,16.8000602722168,0.387397080659866,5.77234787586473,320.906141113771,0,2014,2
-143.375,46.125,10.2245922088623,0.302912205457687,2.69696125296601,54.6598930784423,0,2014,2
-126.875,36.625,13.3947763442993,0.465610563755035,2.50439613479976,26.565051177078,0,2014,2
-146.875,50.125,7.68993043899536,0.198400899767876,1.63193137110603,109.323184318162,0,2014,2
-149.375,47.125,8.33264255523682,0.351291626691818,1.72812036617824,23.8951614150704,0,2014,2
-131.875,27.875,18.926176071167,0.0517220608890057,2.15148785727459,177.869047112895,0,2014,2
-152.125,43.125,10.0434074401855,0.260141044855118,2.52388589282479,19.4400348281762,0,2014,2
-135.375,45.625,10.2514944076538,0.361789703369141,1.7821616088335,36.098283967108,0,2014,2
-128.875,28.875,18.205286026001,0.0488047711551189,2.14394496198013,213.393584896643,0,2014,2
-134.875,26.375,19.7093734741211,0.0607647597789764,3.5468577642753,171.732826664489,0,2014,2
-144.125,51.625,7.13186311721802,0.234785526990891,1.76264006535651,159.405909779691,0,2014,2
-139.375,48.875,8.83623504638672,0.283935576677322,1.36132288601933,100.1542665802,0,2014,2
-145.625,44.125,10.9617052078247,0.280123740434647,3.37912710622137,41.520891107152,0,2014,2
-129.125,31.125,17.0817966461182,0.0608749650418758,0.201246117974981,26.565051177078,0,2014,2
-149.125,40.875,12.760217666626,0.334345817565918,4.8237433596741,17.1201945315393,0,2014,2
-139.125,41.125,13.2535562515259,0.287904918193817,3.73363094051889,29.1738459238275,0,2014,2
-153.125,38.375,13.1688632965088,0.418215185403824,4.58495365298277,21.3605029159491,0,2014,2
-126.125,41.875,11.1325368881226,0.497083365917206,2.90688837074973,63.434948822922,0,2014,2
-144.375,45.375,10.4930734634399,0.319822400808334,2.87215946632495,49.3770679770539,0,2014,2
-147.875,38.375,14.5951614379883,0.223659187555313,4.91047859174643,26.8781397520987,0,2014,2
-142.375,45.375,10.9863166809082,0.34921583533287,3.27001529048413,55.9697579668006,0,2014,2
-126.125,38.625,13.253321647644,0.432738304138184,2.52285552499544,25.3461759419467,0,2014,2
-136.625,48.625,8.569993019104,0.311976075172424,0.888875694346515,72.9920530445927,0,2014,2
-139.625,27.875,20.038423538208,0.062219750136137,2.89587637857696,137.939256000003,0,2014,2
-129.375,49.625,7.874596118927,0.372788190841675,2.3336237914454,93.1934492732833,0,2014,2
-144.125,51.375,7.16134405136108,0.258335262537003,1.61644672043343,141.783048855201,0,2014,2
-142.625,48.375,9.61531543731689,0.214685410261154,1.61805438721942,100.684912400003,0,2014,2
-130.625,28.375,18.660530090332,0.0503336675465107,2.14667184264386,193.194671075003,0,2014,2
-126.625,45.375,9.2393102645874,0.307976335287094,1.82989070711887,84.0401608892869,0,2014,2
-127.625,46.625,8.72821521759033,0.318524211645126,2.28790296997054,85.2363583092738,0,2014,2
-124.625,47.125,8.01143836975098,1.52852702140808,2.3513613078385,91.9497416721069,0,2014,2
-122.125,25.375,18.9291667938232,0.0509849973022938,4.24876452630644,244.038040017303,0,2014,2
-139.375,49.625,8.3741979598999,0.304147809743881,1.04694794521982,114.851585859712,0,2014,2
-130.125,48.875,8.13547420501709,0.44157487154007,2.14394496198013,79.7907659239393,0,2014,2
-142.125,47.125,9.80407810211182,0.293776005506516,2.24588512618077,61.8374726256764,0,2014,2
-132.375,26.625,19.2144737243652,0.0548081248998642,3.02654919008431,187.594643368591,0,2014,2
-146.875,40.875,12.757025718689,0.243496775627136,5.16093983689018,26.2175073836463,0,2014,2
-139.875,40.375,13.5871057510376,0.235000386834145,4.38790382756961,25.5138704275342,0,2014,2
-144.125,47.375,9.31880950927734,0.206022053956985,1.38827230758234,71.9565879946687,0,2014,2
-119.625,33.625,14.8641881942749,0.445564478635788,4.63435000836147,328.230508421402,0,2014,2
-129.375,29.375,17.7710723876953,0.0500940009951591,1.33454111963626,197.891877129198,0,2014,2
-140.875,47.125,9.78714942932129,0.346874475479126,2.04611827615121,53.7461622625552,0,2014,2
-148.625,43.875,10.8383274078369,0.265044003725052,3.32674014614908,18.2170951978248,0,2014,2
-151.125,43.125,10.8909225463867,0.30274373292923,3.36154726279432,14.1189213030564,0,2014,2
-143.875,46.875,9.52352523803711,0.236247345805168,2.00412075484488,62.0284154186186,0,2014,2
-150.125,48.125,7.78872299194336,0.322601020336151,1.6103726276859,31.0247743785618,0,2014,2
-132.125,49.875,7.50416040420532,0.338675975799561,1.47054411698527,88.4413157937892,0,2014,2
-147.875,48.875,8.26798534393311,0.282110214233398,1.26178445068879,71.9958383940866,0,2014,2
-143.625,48.875,8.83175086975098,0.21999928355217,1.41989436226784,108.05213193924,0,2014,2
-132.375,46.875,9.67609119415283,0.341400384902954,1.66652332716947,71.4563306633281,0,2014,2
-149.375,40.375,13.2079401016235,0.355255484580994,5.16079451247577,22.4405226555617,0,2014,2
-146.375,49.125,7.76580190658569,0.28709864616394,0.955667306126981,103.3091786954,0,2014,2
-142.375,51.625,7.1736536026001,0.302503138780594,1.45344418537486,169.695153531234,0,2014,2
-136.625,51.625,7.13457632064819,0.323828041553497,1.65003030275204,180.347242897086,0,2014,2
-131.625,45.375,10.0832748413086,0.3671535551548,2.65663320765212,51.8791132256311,0,2014,2
-151.375,36.125,15.1581344604492,0.140774682164192,4.48937634867027,23.0812843141179,0,2014,2
-144.875,31.125,19.6102428436279,0.0626568198204041,3.49721317623047,63.5082170432314,0,2014,2
-149.875,46.375,8.63027477264404,0.367346107959747,2.23606797749979,10.304846468766,0,2014,2
-127.125,44.875,9.71620178222656,0.404268324375153,2.50319795461725,82.1935991707642,0,2014,2
-133.125,47.625,8.74930953979492,0.299575924873352,1.19364986491014,58.7069610040798,0,2014,2
-139.375,30.625,19.3371620178223,0.068001925945282,3.18234190494988,95.0477259521898,0,2014,2
-138.625,48.625,9.24289894104004,0.302002280950546,1.61523992025953,94.616352093551,0,2014,2
-131.125,49.875,7.53686332702637,0.434097737073898,1.52453271529344,97.9175030348283,0,2014,2
-146.625,30.875,19.5901050567627,0.0660263821482658,3.26165602110339,56.5048153262588,0,2014,2
-145.375,44.625,10.4933824539185,0.303137689828873,2.83656482386707,46.5713106258615,0,2014,2
-152.375,42.125,10.920726776123,0.281537652015686,2.79546060605404,31.2449605540051,0,2014,2
-153.875,37.125,14.2986907958984,0.219031453132629,5.04905931832851,21.738192395955,0,2014,2
-132.625,30.375,18.0054740905762,0.0507897473871708,0.716100551598726,125.909723079178,0,2014,2
-146.625,40.875,12.9105815887451,0.229740172624588,5.15637469546192,26.6147439482374,0,2014,2
-132.875,51.125,7.25163173675537,0.479959964752197,1.54159008818817,140.527540151656,0,2014,2
-143.375,28.125,20.8476982116699,0.0577104613184929,3.43547667726038,111.336859291806,0,2014,2
-149.875,44.375,10.4342699050903,0.248765289783478,3.12745903250546,6.05695220530953,0,2014,2
-135.875,47.125,9.62550830841064,0.272293239831924,1.44779142144164,55.9806500101735,0,2014,2
-158.375,40.625,11.295786857605,0.323738187551498,3.80320917121317,13.3785401950715,0,2014,2
-132.625,29.625,18.2773036956787,0.0553363040089607,1.14021927715681,138.199539709563,0,2014,2
-150.625,37.875,13.9442224502563,0.324764728546143,4.97864439380842,25.3297541081994,0,2014,2
-155.875,42.875,9.86410522460938,0.343775600194931,2.54691970819655,13.1632324896995,0,2014,2
-153.125,39.875,12.4323453903198,0.369884222745895,4.08129881287808,20.2109930762807,0,2014,2
-151.625,48.875,7.59748363494873,0.380417078733444,1.50376194924596,24.3493553404888,0,2014,2
-148.625,42.875,11.5375604629517,0.323283523321152,3.68001358693144,16.4158993781097,0,2014,2
-144.125,50.125,8.21723747253418,0.204965472221375,1.25399362039845,119.631536678204,0,2014,2
-154.625,42.875,10.3688831329346,0.366784334182739,2.48213617676388,15.6600291318435,0,2014,2
-130.125,29.625,17.6774921417236,0.0522044561803341,1.15433963806152,160.780226574086,0,2014,2
-151.375,45.375,9.82933235168457,0.253267347812653,2.92061637330205,15.0830598223299,0,2014,2
-156.375,45.125,8.0585823059082,0.387810826301575,2.70490295574536,16.7601108323928,0,2014,2
-154.875,42.625,10.2431697845459,0.3600113093853,2.42720003295979,16.2696469922596,0,2014,2
-133.875,51.625,7.39486265182495,0.516139924526215,1.68656455553886,159.523476977117,0,2014,2
-152.875,43.875,9.67041969299316,0.263306319713593,2.73835717173637,14.5944663489992,0,2014,2
-146.875,35.875,16.0549545288086,0.0999465435743332,4.04949379552556,23.272904064082,0,2014,2
-151.125,35.875,15.3393630981445,0.136540904641151,4.42540393636558,22.4505575576883,0,2014,2
-153.375,44.875,9.2447509765625,0.297633707523346,2.90869386495038,10.4986506418813,0,2014,2
-125.125,47.375,8.10758018493652,0.824662864208221,2.90077575831018,104.371582829989,0,2014,2
-135.375,26.625,19.6634750366211,0.0579053796827793,3.40066170031657,166.740185329013,0,2014,2
-145.875,39.875,13.8620729446411,0.271980375051498,4.92530202119626,27.969843227113,0,2014,2
-140.625,46.125,10.2384901046753,0.390738219022751,2.52051582022411,47.8945126923575,0,2014,2
-151.375,34.375,16.4767284393311,0.0965961292386055,4.01063585981076,24.1365515667228,0,2014,2
-138.375,26.875,20.2375869750977,0.0583788603544235,3.18554547919191,155.12436266159,0,2014,2
-137.375,50.625,7.97687149047852,0.307425558567047,0.97082439194738,145.491477012332,0,2014,2
-150.875,45.375,10.0257024765015,0.236361607909203,3.04630924234556,13.6713071321958,0,2014,2
-145.625,47.375,9.58337497711182,0.275269687175751,1.13811247247361,53.9356138425817,0,2014,2
-125.375,25.875,18.7700786590576,0.0487275198101997,4.20220180381666,221.237230976499,0,2014,2
-146.875,43.625,11.3172655105591,0.264275223016739,3.40414453277178,27.8447703313653,0,2014,2
-132.125,48.625,8.11337852478027,0.29326194524765,1.53456834321577,45.7920570921624,0,2014,2
-125.125,27.375,18.3889274597168,0.0509625338017941,4.11428000991668,238.821295741183,0,2014,2
-140.875,39.125,14.7149848937988,0.149905487895012,5.14606645895678,28.5571447500444,0,2014,2
-151.625,46.125,8.92392921447754,0.34394583106041,2.72737969487198,9.49685853869101,0,2014,2
-155.125,41.375,11.3180150985718,0.314203083515167,3.64671084677686,17.3915157347961,0,2014,2
-126.375,26.375,19.0058307647705,0.0520603060722351,4.11096095821889,221.054813770962,0,2014,2
-146.375,47.375,9.34848117828369,0.311124593019485,1.01513545894132,55.8403054543306,0,2014,2
-136.625,28.375,19.773458480835,0.068943627178669,2.22434259951115,149.168770092446,0,2014,2
-141.375,29.875,19.7516403198242,0.0655450448393822,3.37013352851189,90.5100379769667,0,2014,2
-139.125,30.125,19.3174495697021,0.0565792061388493,3.11194472958631,104.706077869943,0,2014,2
-148.875,33.375,17.3931980133057,0.0865862891077995,4.20672081317503,24.432682740524,0,2014,2
-147.625,35.875,15.8471832275391,0.127135097980499,3.87156299186775,24.2479887912066,0,2014,2
-153.625,35.875,15.2111101150513,0.145437583327293,4.93770189460644,17.0771352634081,0,2014,2
-144.875,37.375,15.1575336456299,0.145279809832573,4.2173451364573,29.2393434204612,0,2014,2
-146.625,41.625,12.608850479126,0.259224414825439,4.97304735549542,26.7711502144621,0,2014,2
-125.375,44.625,9.18943977355957,0.454936891794205,2.00927847746399,67.7749695488864,0,2014,2
-154.875,45.625,8.47256755828857,0.413370043039322,2.70053698363862,15.6831077963896,0,2014,2
-135.875,26.875,19.8492298126221,0.0679480284452438,2.96219513199249,167.324334151604,0,2014,2
-148.625,48.125,8.35864925384521,0.352737784385681,1.42126704035519,39.2894068625004,0,2014,2
-148.625,38.125,14.4226236343384,0.233068987727165,4.92395166507552,26.1487403962919,0,2014,2
-139.125,48.125,9.8231840133667,0.2496397793293,1.54081147451594,88.1404006612544,0,2014,2
-155.625,39.125,12.7402763366699,0.366646945476532,4.08936425376855,17.5044727268436,0,2014,2
-124.375,25.375,18.90891456604,0.0533601529896259,4.33767218678406,228.925907703684,0,2014,2
-134.625,25.875,20.2008171081543,0.0659516826272011,3.66492837583492,177.028296512519,0,2014,2
-157.125,43.375,9.58892822265625,0.335706293582916,2.63205243108871,15.1978420348533,0,2014,2
-144.125,44.625,10.9050092697144,0.357302576303482,3.1338315206788,46.680883602843,0,2014,2
-131.625,47.125,9.52754211425781,0.34924528002739,1.87259178680245,81.0909999880583,0,2014,2
-117.625,33.375,15.5750713348389,0.73204642534256,0.622012861603359,36.5014411205063,0,2014,2
-128.125,46.125,8.81707000732422,0.329943239688873,2.29836898691224,97.2486983575739,0,2014,2
-138.375,39.125,15.0211591720581,0.18326535820961,5.41590251020086,28.9312991685338,0,2014,2
-148.875,32.875,17.8623352050781,0.0858908221125603,4.15419065522997,29.0947928552964,0,2014,2
-155.625,43.875,9.20733451843262,0.340907752513885,2.7227375929384,18.6345848774464,0,2014,2
-152.375,47.625,7.61636018753052,0.338663458824158,2.47315587862957,11.9005896886669,0,2014,2
-138.125,46.875,9.75989246368408,0.24396014213562,1.81201545247274,74.9667418706117,0,2014,2
-144.875,43.875,10.9641237258911,0.275119364261627,3.21958071804389,42.8602738593964,0,2014,2
-129.625,50.125,7.74804401397705,0.445146769285202,2.46981780704569,105.499275376501,0,2014,2
-141.125,29.125,19.9970951080322,0.0564315170049667,2.91880112374927,102.464932842065,0,2014,2
-153.625,40.125,11.8735389709473,0.302164405584335,3.82256458415028,20.5209590148369,0,2014,2
-134.125,46.625,9.51260375976562,0.284307360649109,1.36693086877135,48.2620334773968,0,2014,2
-150.625,33.625,17.5689125061035,0.0898403599858284,3.97102002009559,23.9185392673864,0,2014,2
-128.125,32.625,15.7512760162354,0.101796321570873,0.732461603089199,355.301319482701,0,2014,2
-133.375,44.625,10.9134979248047,0.323802024126053,2.72082708013574,39.4820218942352,0,2014,2
-138.625,38.625,15.4634037017822,0.109893776476383,5.45154106652422,26.4710467011101,0,2014,2
-148.375,36.625,15.1760311126709,0.161062985658646,4.23670862816881,24.9923836637474,0,2014,2
-148.125,34.625,17.501127243042,0.0906057134270668,4.15075896674331,27.5528115767178,0,2014,2
-148.375,43.625,10.7875623703003,0.249089971184731,3.3687534786624,17.0902244342197,0,2014,2
-129.625,44.625,10.1170063018799,0.478896707296371,2.89705022393468,51.5872879153987,0,2014,2
-125.125,41.375,10.6912107467651,0.463759750127792,2.24610774452162,69.9515122441968,0,2014,2
-130.875,29.875,17.7097930908203,0.0522932633757591,0.71028163428319,144.743641287037,0,2014,2
-146.625,47.875,8.50963497161865,0.31844437122345,0.893588272080604,58.2664808465837,0,2014,2
-136.875,50.375,8.19398975372314,0.277689397335052,0.688839603971781,129.699073483474,0,2014,2
-149.875,48.625,7.46613883972168,0.297496616840363,1.44941367455948,39.4006606634794,0,2014,2
-141.625,47.125,9.69055843353271,0.304998606443405,2.15603803305971,58.0791237800668,0,2014,2
-134.125,51.125,7.38658857345581,0.398244172334671,1.38924439894498,149.743562836471,0,2014,2
-134.875,32.125,17.2413196563721,0.0526349283754826,2.16538680147451,67.4615499591719,0,2014,2
-146.125,35.875,16.4107646942139,0.10697939991951,4.32670775532621,21.7030477297407,0,2014,2
-155.125,38.375,13.1773996353149,0.355926036834717,4.56483296518065,19.9831065219,0,2014,2
-146.875,36.625,15.9216995239258,0.108598679304123,4.19039377624586,26.5039030898208,0,2014,2
-147.875,36.875,14.9497575759888,0.177764371037483,4.2639183857105,24.8220658486865,0,2014,2
-145.625,46.875,9.80480003356934,0.267519444227219,1.48273396130257,49.6501848498863,0,2014,2
-153.875,39.125,12.6535768508911,0.411848485469818,4.09547311064302,22.9965222348384,0,2014,2
-133.375,31.125,17.7091617584229,0.053622592240572,1.36718689285701,84.1226073933569,0,2014,2
-150.375,38.375,13.6894245147705,0.362778633832932,5.13778162245146,24.3701200538738,0,2014,2
-126.125,45.625,8.91696071624756,0.409803092479706,1.57028659804508,91.094690591853,0,2014,2
-133.625,48.125,8.64276027679443,0.311703413724899,1.73080905937079,62.842765470793,0,2014,2
-133.125,47.375,8.91684818267822,0.316609919071198,1.162454300177,68.2901172401288,0,2014,2
-132.125,27.125,19.2416305541992,0.058624517172575,2.74432140974777,185.856013585429,0,2014,2
-131.125,30.875,17.7183666229248,0.0537065789103508,0.65924198895398,67.7144123531672,0,2014,2
-149.375,34.875,16.9659538269043,0.0957828834652901,4.21722657679191,26.6258101993854,0,2014,2
-151.625,43.375,10.2982149124146,0.286354273557663,3.07314171492302,13.3579510111706,0,2014,2
-133.625,28.375,18.9218673706055,0.0497138351202011,2.16157350094786,157.706370840306,0,2014,2
-139.625,47.375,10.0996370315552,0.292253077030182,1.77552809045647,69.2173411452861,0,2014,2
-128.625,33.125,15.6394691467285,0.102867297828197,1.29096862858863,20.4002093948425,0,2014,2
-129.875,44.125,11.0115938186646,0.357332795858383,3.09594896598765,48.5355196080636,0,2014,2
-127.875,45.875,9.24795532226562,0.39435151219368,2.55237144632203,92.4700512959608,0,2014,2
-144.125,47.125,9.43089389801025,0.220955699682236,1.58823801742686,65.0484877558032,0,2014,2
-133.875,44.875,10.7013206481934,0.328582763671875,2.56017577521544,37.541301828694,0,2014,2
-130.375,46.875,9.23619842529297,0.339371919631958,2.36662206530743,83.2053015714831,0,2014,2
-137.375,51.375,7.49667453765869,0.332812488079071,1.31244047484067,162.255328374943,0,2014,2
-138.125,50.625,8.09180927276611,0.329852700233459,0.964261375354214,130.794642998291,0,2014,2
-134.625,27.875,19.1793632507324,0.0532337203621864,2.39370006475331,158.687526336721,0,2014,2
-145.625,35.875,16.8006267547607,0.0979420468211174,4.58872531319973,27.2351466993025,0,2014,2
-133.625,46.125,9.91102886199951,0.294706881046295,1.69,45.2397298960809,0,2014,2
-118.79901,28.653257,19.289892,0.17366175,5.107837,293.0513,1,2015,2
-115.932884,28.677128,18.195173,0.16586198,5.032236,300.18268,1,2015,2
-118.742325,28.681793,19.347807,0.17866047,5.284326,294.72214,1,2015,2
-119.012764,28.748554,19.197805,0.1726861,4.854204,291.38495,1,2015,2
-115.79954,28.750185,18.152105,0.15675382,5.1924944,302.89435,1,2015,2
-119.07799,28.755438,19.08131,0.17343655,4.861481,294.0343,1,2015,2
-116.062775,28.755512,18.302872,0.1620654,5.252904,299.54193,1,2015,2
-118.54361,28.766905,19.10004,0.17336418,5.4120235,295.6181,1,2015,2
-118.220276,28.779623,18.961351,0.15333775,5.1733646,294.43478,1,2015,2
-118.4769,28.78847,19.045929,0.19779287,5.617304,295.97205,1,2015,2
-117.98694,28.81014,18.90373,0.15793848,5.793531,295.0169,1,2015,2
-118.76265,28.835876,19.148058,0.17373472,5.1042433,295.1593,1,2015,2
-117.74569,28.856083,18.715496,0.15739727,5.591583,292.3913,1,2015,2
-119.258224,28.864594,18.987701,0.16195256,4.69422,293.34283,1,2015,2
-115.74659,28.91293,17.894855,0.21900818,4.9948473,307.9253,1,2015,2
-117.427505,28.916758,18.4249,0.13901074,5.4626,293.74948,1,2015,2
-117.228714,28.967222,18.233368,0.11364876,5.3579845,295.8955,1,2015,2
-119.28426,29.000017,18.905144,0.1564287,4.633271,296.12262,1,2015,2
-118.400314,29.00054,18.780773,0.17911693,5.250295,296.46744,1,2015,2
-118.5031,29.00055,18.925076,0.17639664,5.0881233,294.49988,1,2015,2
-117.71032,29.005312,18.652622,0.15160261,5.83618,296.34552,1,2015,2
-117.41309,29.005444,18.363773,0.12737183,5.564288,297.62427,1,2015,2
-117.08688,29.012625,18.14159,0.10340888,5.3906956,299.32303,1,2015,2
-115.7913,29.018465,18.058647,0.15833601,5.333676,304.22635,1,2015,2
-115.729774,29.020876,17.809933,0.26386103,5.262737,310.53046,1,2015,2
-118.00485,29.022682,18.887688,0.1653621,5.3133793,297.33667,1,2015,2
-116.946785,29.059338,18.023352,0.11100006,5.2131853,299.6631,1,2015,2
-117.95671,29.063353,18.80358,0.16593693,5.282509,297.63226,1,2015,2
-119.50164,29.137589,18.872,0.13537666,4.521471,296.1117,1,2015,2
-116.688675,29.150034,18.041435,0.1344595,5.1884584,300.0736,1,2015,2
-118.77534,29.202724,19.01673,0.18796787,4.857036,297.19812,1,2015,2
-116.48299,29.245033,18.15895,0.14651515,5.2915783,299.18082,1,2015,2
-118.52117,29.250298,18.75267,0.14537801,4.68031,300.56485,1,2015,2
-118.43697,29.251202,18.640516,0.14384328,5.0235944,300.24002,1,2015,2
-117.424866,29.251371,18.21139,0.113676645,5.5375085,302.31247,1,2015,2
-116.44423,29.255358,17.944414,0.1329664,5.277092,301.2803,1,2015,2
-117.20397,29.25644,18.047594,0.10419186,5.328311,302.97427,1,2015,2
-117.72837,29.259062,18.355036,0.12965389,5.6328325,301.9407,1,2015,2
-119.55702,29.260347,18.710888,0.112106055,4.586611,298.52072,1,2015,2
-118.833725,29.267008,18.84137,0.16387835,4.657521,299.5923,1,2015,2
-119.46501,29.278194,18.779572,0.1433017,4.6089587,298.51126,1,2015,2
-115.839874,29.283968,17.914297,0.19025747,5.4474673,304.30267,1,2015,2
-116.1806,29.349236,17.99809,0.13433585,5.404119,301.45468,1,2015,2
-118.23149,29.355553,18.602669,0.14690548,5.143277,300.7536,1,2015,2
-119.04749,29.37523,18.719383,0.14324237,4.6253433,299.39148,1,2015,2
-117.1496,29.501642,17.94995,0.11634811,5.23087,303.9331,1,2015,2
-118.38743,29.50324,18.405025,0.1081458,4.7238226,304.56476,1,2015,2
-117.39947,29.503975,18.031242,0.10086964,5.3480463,304.64096,1,2015,2
-118.60846,29.505838,18.50276,0.1103358,4.67335,303.65607,1,2015,2
-119.606255,29.507242,18.596388,0.07738909,4.68855,299.51752,1,2015,2
-115.8459,29.519588,17.667883,0.3228258,5.087475,304.75214,1,2015,2
-118.116066,29.519882,18.320795,0.10941118,4.9540386,304.55618,1,2015,2
-116.99899,29.52393,17.84729,0.1356988,5.1534066,304.24512,1,2015,2
-119.126625,29.5241,18.460682,0.104599945,4.7248387,301.23413,1,2015,2
-117.98156,29.532927,18.252779,0.11294185,5.2324467,305.1176,1,2015,2
-119.47915,29.533817,18.528152,0.09487301,4.716312,300.58875,1,2015,2
-118.78002,29.555872,18.530672,0.11783189,4.689435,301.92767,1,2015,2
-117.740776,29.732977,18.148975,0.10586334,5.27532,305.5882,1,2015,2
-118.50609,29.750786,18.309874,0.099590674,4.8417454,305.33133,1,2015,2
-117.1111,29.751366,17.845556,0.13770172,5.0800986,305.22302,1,2015,2
-117.71118,29.753122,18.073526,0.096907154,5.0820665,307.16302,1,2015,2
-119.61514,29.754082,18.55144,0.07204838,4.747231,300.5084,1,2015,2
-117.97873,29.75427,18.14493,0.10047268,4.9460793,307.19424,1,2015,2
-118.43894,29.755812,18.23401,0.103104234,4.816804,307.91672,1,2015,2
-119.17386,29.758385,18.341503,0.09242287,4.832649,302.40753,1,2015,2
-118.16741,29.76788,18.222158,0.105271764,4.8222194,307.41647,1,2015,2
-119.279434,29.768032,18.388288,0.08502247,4.8125253,301.5763,1,2015,2
-117.2738,29.775433,17.995937,0.10817786,5.110039,306.64566,1,2015,2
-116.877396,29.794628,17.85436,0.1559788,5.0514255,304.7597,1,2015,2
-118.74953,30.001545,18.200516,0.09232984,5.0140004,306.89276,1,2015,2
-118.22705,30.001783,18.120491,0.09500367,4.869579,308.32904,1,2015,2
-117.32541,30.003592,17.898642,0.12792143,4.902132,307.29068,1,2015,2
-117.62359,30.005577,18.05522,0.1034575,4.9960184,308.49863,1,2015,2
-116.74725,30.006615,17.747583,0.17732799,4.649183,304.74973,1,2015,2
-116.81085,30.009922,17.746365,0.18179755,4.792202,306.3438,1,2015,2
-119.51994,30.01755,18.449268,0.073532246,4.73354,300.46555,1,2015,2
-119.2434,30.018787,18.382782,0.07986665,4.9590826,303.40167,1,2015,2
-118.36693,30.04459,18.147837,0.09335559,4.935271,308.17026,1,2015,2
-119.401146,30.045723,18.462748,0.078173295,4.8708315,301.56897,1,2015,2
-118.75836,30.070763,18.330492,0.0837957,4.983543,305.44412,1,2015,2
-117.21213,30.185602,17.771986,0.16585065,4.88001,306.7525,1,2015,2
-118.3059,30.250439,17.981564,0.09348286,5.0180573,307.14392,1,2015,2
-117.38415,30.251633,17.693367,0.15553264,4.770377,307.59058,1,2015,2
-118.58508,30.251795,18.109182,0.09051145,5.0580034,306.80194,1,2015,2
-118.040726,30.25433,17.977322,0.0945951,4.910112,308.55048,1,2015,2
-119.53821,30.254581,18.366083,0.07513435,4.6922064,301.04752,1,2015,2
-116.885,30.257593,17.620686,0.20476158,4.652139,307.3133,1,2015,2
-117.21907,30.264132,17.725903,0.18646272,4.7362432,307.4506,1,2015,2
-118.78737,30.268606,18.264374,0.08252534,4.99813,306.4572,1,2015,2
-117.50443,30.275005,17.81651,0.11615915,4.8414874,308.29016,1,2015,2
-116.50664,30.285627,17.647087,0.21399997,4.54437,306.1386,1,2015,2
-119.338875,30.28586,18.39806,0.076464705,4.821048,301.51407,1,2015,2
-119.056244,30.397144,18.349985,0.077079944,4.9257383,303.6578,1,2015,2
-117.99823,30.435747,17.925077,0.09941218,4.8195953,308.34418,1,2015,2
-119.60783,30.501966,18.28172,0.07789512,4.71505,303.31934,1,2015,2
-118.649284,30.502151,17.912262,0.09544407,4.9571767,308.1183,1,2015,2
-119.3849,30.50306,18.181463,0.080615215,4.7843285,303.92258,1,2015,2
-118.34811,30.510105,17.845612,0.09980809,4.8836255,308.34833,1,2015,2
-118.94083,30.511513,17.981451,0.09026986,4.8484225,307.62622,1,2015,2
-117.37268,30.513617,17.647495,0.20159681,4.6664762,308.7365,1,2015,2
-117.97646,30.520393,17.696922,0.11039991,4.7668962,309.467,1,2015,2
-116.82335,30.522633,17.456871,0.22919257,4.5680847,308.60104,1,2015,2
-119.126785,30.52338,18.075203,0.0853655,4.812733,305.8698,1,2015,2
-117.066925,30.527418,17.622408,0.20012558,4.7071433,308.96396,1,2015,2
-117.56055,30.606302,17.623251,0.14907476,4.7105947,309.40067,1,2015,2
-118.23226,30.645721,17.765198,0.1042222,4.8539057,308.47546,1,2015,2
-119.20426,30.752172,17.73384,0.101795696,4.7571106,308.94196,1,2015,2
-117.45531,30.753677,17.646578,0.20819147,4.601141,310.8579,1,2015,2
-117.92891,30.754263,17.685797,0.14791542,4.694646,311.97815,1,2015,2
-118.57847,30.756092,17.650816,0.12013775,4.7746205,309.39072,1,2015,2
-117.22052,30.757013,17.613026,0.19232322,4.5729313,310.83234,1,2015,2
-118.23172,30.758047,17.66361,0.13150561,4.755334,310.0524,1,2015,2
-117.65184,30.761465,17.691341,0.20828861,4.5850735,311.1977,1,2015,2
-118.773865,30.763107,17.687246,0.106582366,4.7028713,309.478,1,2015,2
-119.66626,30.766691,18.029495,0.08598709,4.775458,305.45398,1,2015,2
-119.381645,30.768454,17.857584,0.09340404,4.8002605,306.2731,1,2015,2
-118.39732,30.779388,17.676666,0.13150911,4.701532,309.64954,1,2015,2
-119.78849,30.897873,18.202087,0.07805435,4.776704,305.88626,1,2015,2
-118.39747,31.000038,17.584236,0.1613475,4.676345,311.35883,1,2015,2
-119.44124,31.00241,17.722391,0.09830228,4.8745255,309.33902,1,2015,2
-118.1517,31.002897,17.58975,0.16270065,4.699362,312.58536,1,2015,2
-117.5578,31.003363,17.688698,0.19385287,4.440991,314.27017,1,2015,2
-117.36121,31.006132,17.60094,0.19096757,4.4424543,313.35822,1,2015,2
-119.18697,31.017403,17.575655,0.10578799,4.8334255,311.14133,1,2015,2
-117.95408,31.025118,17.70169,0.18498176,4.5965424,314.29486,1,2015,2
-118.95561,31.044289,17.485872,0.11471349,4.7311096,311.74417,1,2015,2
-119.99956,31.047358,18.053013,0.08526431,4.7712684,308.19095,1,2015,2
-120.06155,31.111242,18.08908,0.08088022,4.816399,308.67838,1,2015,2
-119.55482,31.120049,17.971504,0.09251379,4.8507733,308.80737,1,2015,2
-117.831245,31.25103,17.649326,0.18219154,4.546702,314.9109,1,2015,2
-118.14125,31.253124,17.54722,0.17860796,4.659839,314.91306,1,2015,2
-119.69214,31.258095,17.869938,0.09537322,4.824987,311.387,1,2015,2
-118.472565,31.259245,17.497654,0.18255049,4.681389,314.30765,1,2015,2
-117.52437,31.265001,17.502945,0.1748009,4.470011,316.269,1,2015,2
-119.215355,31.265503,17.48394,0.106983654,4.9155364,313.76358,1,2015,2
-118.503746,31.292337,17.419157,0.16212633,4.5824013,314.2927,1,2015,2
-120.305885,31.297453,18.029617,0.08550868,5.00025,310.53915,1,2015,2
-118.98653,31.305378,17.382519,0.12055374,4.723473,315,1,2015,2
-117.47731,31.37823,17.361843,0.1798962,4.3064256,315.4704,1,2015,2
-119.7947,31.39418,17.956738,0.090805836,4.7724733,310.6664,1,2015,2
-119.385086,31.426577,17.640818,0.09825743,4.902183,311.52676,1,2015,2
-118.17398,31.50229,17.545649,0.18744627,4.523063,317.59848,1,2015,2
-118.952614,31.503048,17.32376,0.12165789,4.672387,317.77582,1,2015,2
-117.581665,31.503202,17.455963,0.17639694,4.383081,319.44125,1,2015,2
-118.309006,31.50658,17.418507,0.18133561,4.61296,316.93256,1,2015,2
-119.882866,31.5251,17.527357,0.0997778,4.791503,312.54718,1,2015,2
-118.63875,31.53208,17.33507,0.16783088,4.632764,316.3119,1,2015,2
-119.20512,31.536257,17.423906,0.109026656,4.8391113,316.84222,1,2015,2
-120.46886,31.53743,17.83366,0.09006099,5.1006665,311.50293,1,2015,2
-117.46664,31.55043,17.355776,0.1842163,4.133594,317.54916,1,2015,2
-120.583885,31.579275,17.736181,0.08928952,5.187138,311.24826,1,2015,2
-120.01723,31.716173,17.688446,0.10040172,4.87155,312.0047,1,2015,2
-119.0887,31.752937,17.206005,0.119524576,4.7507896,319.26788,1,2015,2
-118.87048,31.7543,17.251165,0.12950589,4.629352,319.1168,1,2015,2
-118.38032,31.757277,17.446545,0.18259029,4.453583,319.3708,1,2015,2
-117.48111,31.770784,17.288082,0.1863346,3.8329363,315.84564,1,2015,2
-117.562675,31.787376,17.45178,0.18454233,4.0309057,315.8041,1,2015,2
-118.19472,31.800798,17.576033,0.18457106,4.27619,317.84348,1,2015,2
-120.099045,31.80751,17.441624,0.10537908,4.960494,312.79425,1,2015,2
-120.65142,31.809278,17.483595,0.10300733,5.2261076,311.89758,1,2015,2
-119.93549,31.813887,17.312069,0.1121921,4.809075,313.989,1,2015,2
-119.28865,31.81631,17.187735,0.11995615,4.8025203,318.37637,1,2015,2
-119.52147,31.98592,17.268557,0.115777776,4.737953,315.68408,1,2015,2
-120.265236,31.990183,17.429956,0.104036994,5.130078,312.86722,1,2015,2
-119.32786,32.00297,16.942522,0.14910336,4.7388816,319.62164,1,2015,2
-119.54418,32.0071,16.904184,0.14996481,4.6778736,317.33908,1,2015,2
-118.16346,32.016106,17.47866,0.17277569,4.016964,321.87482,1,2015,2
-119.96727,32.031544,16.963657,0.1461592,4.7875357,314.23837,1,2015,2
-120.32425,32.05039,17.090605,0.1153826,5.1149683,313.17792,1,2015,2
-120.614006,32.073048,17.211119,0.10843383,5.2295413,312.75275,1,2015,2
-120.033226,32.18563,17.020508,0.12886868,4.9327984,312.61746,1,2015,2
-119.56303,32.250233,16.794432,0.17218895,4.725304,318.51752,1,2015,2
-119.784744,32.253815,16.673641,0.20905146,4.7947054,315.845,1,2015,2
-120.560005,32.25472,17.019964,0.13001262,5.1767173,314.06082,1,2015,2
-119.36418,32.267063,16.859549,0.16265376,4.685307,320.97733,1,2015,2
-120.4986,32.29914,16.944311,0.13723011,5.1072693,313.41327,1,2015,2
-120.0915,32.31496,16.770626,0.17389897,4.9013977,313.76004,1,2015,2
-119.6983,32.50022,16.9708,0.1595795,4.8475356,318.84744,1,2015,2
-120.01194,32.505604,16.6051,0.1936663,4.985148,314.7562,1,2015,2
-119.976006,32.520103,16.723972,0.20737213,4.9017243,316.40524,1,2015,2
-120.387054,32.52323,16.809767,0.1455495,5.1345496,313.89526,1,2015,2
-120.69132,32.550636,16.956083,0.13580328,5.204613,314.37726,1,2015,2
-120.757805,32.597984,16.650873,0.15168878,5.2690134,313.84656,1,2015,2
-121.0565,32.733494,16.446037,0.16258483,5.1913967,313.75125,1,2015,2
-120.03511,32.769665,16.554977,0.20177644,5.0488214,315.32098,1,2015,2
-120.61523,32.776566,16.788248,0.1393768,5.2265954,313.8372,1,2015,2
-121.11964,32.781124,16.578445,0.16631857,5.2476664,313.91907,1,2015,2
-120.40852,32.785557,16.644146,0.15370113,5.1695356,314.13788,1,2015,2
-121.3086,32.907066,16.194033,0.20138508,5.115946,312.86133,1,2015,2
-121.29178,33.010487,16.307623,0.18378156,5.1829915,312.0283,1,2015,2
-121.53591,33.032352,16.067923,0.21626164,4.9354734,311.96133,1,2015,2
-120.288734,33.03266,16.595562,0.17013901,5.10862,312.93762,1,2015,2
-120.76994,33.039963,16.776628,0.13775325,5.2603135,312.14914,1,2015,2
-120.09866,33.046577,16.344185,0.29728422,4.9921937,314.83768,1,2015,2
-120.52675,33.1862,16.746744,0.1384457,5.1911945,311.79852,1,2015,2
-120.56726,33.25766,16.698345,0.14411704,5.165191,310.28848,1,2015,2
-120.45852,33.270702,16.47741,0.2503644,5.079065,311.56796,1,2015,2
-120.99398,33.28203,16.67978,0.13153687,5.244521,311.13455,1,2015,2
-121.79792,33.28855,15.784432,0.27401507,4.7183156,310.272,1,2015,2
-120.13351,33.297546,16.128721,0.34729597,4.8510823,315.66815,1,2015,2
-121.00733,33.308533,16.641808,0.13410099,5.2269397,310.5775,1,2015,2
-120.21906,33.500443,16.130154,0.34077677,4.7474732,316.96317,1,2015,2
-120.57257,33.504253,16.492525,0.17013592,5.1470866,309.87683,1,2015,2
-121.18962,33.504753,16.570795,0.14979303,5.118916,309.84857,1,2015,2
-120.48201,33.53141,16.134853,0.30438146,5.0667543,312.76053,1,2015,2
-122.00053,33.55976,15.675051,0.34359622,4.612082,309.28067,1,2015,2
-121.2767,33.576916,16.265299,0.18257184,5.1011863,310.3089,1,2015,2
-120.75407,33.692436,16.60218,0.14435028,5.207475,310.3268,1,2015,2
-121.546776,33.760944,15.880994,0.24828827,4.8705235,309.8357,1,2015,2
-122.121445,33.76952,15.694429,0.34286177,4.6446204,308.79468,1,2015,2
-120.72133,33.790966,16.097382,0.2234225,5.077263,308.92416,1,2015,2
-120.856445,33.795135,16.209719,0.1861104,5.098431,309.74802,1,2015,2
-121.01165,33.888958,16.326689,0.17921394,5.0037284,310.0548,1,2015,2
-121.78415,33.94317,15.712473,0.32718453,4.7118573,310.17923,1,2015,2
-121.92742,34.007866,15.837933,0.23505783,4.641401,310.10587,1,2015,2
-121.17598,34.011658,15.934297,0.22935186,4.726066,309.24677,1,2015,2
-122.005295,34.03658,15.717471,0.2817979,4.638362,308.6984,1,2015,2
-121.29793,34.095406,16.109016,0.22336328,4.6695824,310.1355,1,2015,2
-122.26655,34.13011,15.635073,0.29769826,4.414306,307.54486,1,2015,2
-122.29855,34.281963,15.592286,0.28560576,4.3900456,307.13092,1,2015,2
-121.18716,34.305386,15.616915,0.2948673,4.404089,306.5056,1,2015,2
-121.2658,34.413242,15.812816,0.3141266,4.408832,308.92365,1,2015,2
-121.62095,34.45525,15.996687,0.25829738,4.4940963,309.85455,1,2015,2
-122.419846,34.502544,15.441107,0.2988034,4.2960563,306.57648,1,2015,2
-121.654015,34.53133,15.753081,0.30385828,4.2012024,309.1071,1,2015,2
-122.51815,34.642754,15.193455,0.2921359,4.1977735,305.20447,1,2015,2
-122.60269,34.76343,15.098628,0.3086275,4.2209597,305.64813,1,2015,2
-122.41358,34.80026,15.203894,0.31931698,4.1420045,306.95288,1,2015,2
-121.59447,34.838837,15.334605,0.33747658,3.937334,309.22797,1,2015,2
-122.61665,35.004204,14.966765,0.396676,4.160048,306.59445,1,2015,2
-121.56217,35.060318,15.108517,0.31905618,3.661912,310.1261,1,2015,2
-123.8406,35.118996,15.930609,0.16116305,4.384632,299.66385,1,2015,2
-121.88217,35.1597,15.082381,0.3216256,3.9003205,307.60443,1,2015,2
-123.735985,35.16034,15.797403,0.16743359,4.411077,300.51822,1,2015,2
-123.41339,35.17103,15.495965,0.19730158,4.2760377,301.90598,1,2015,2
-122.76682,35.181458,15.065495,0.30547556,4.1552377,304.60794,1,2015,2
-123.19751,35.23102,15.286491,0.22658941,4.199905,302.5549,1,2015,2
-123.12688,35.252735,15.167832,0.22817564,4.1318884,301.8437,1,2015,2
-123.68057,35.262733,15.431159,0.22488806,4.2767396,299.5621,1,2015,2
-122.834175,35.263428,14.951843,0.3276648,4.160433,304.22482,1,2015,2
-121.93798,35.263866,14.964558,0.32657093,3.6341848,308.85678,1,2015,2
-123.3317,35.358864,15.203418,0.22852552,4.1824875,299.507,1,2015,2
-122.101326,35.37557,14.944455,0.33817005,3.8745968,305.8643,1,2015,2
-123.78139,35.419716,15.617281,0.21888919,4.3368306,298.8108,1,2015,2
-124.024864,35.454994,15.687761,0.23090932,4.2601876,298.61047,1,2015,2
-124.26798,35.491535,15.577934,0.20899245,4.2746344,298.96347,1,2015,2
-124.354805,35.50289,15.133219,0.32544106,4.1891885,298.82877,1,2015,2
-123.49736,35.50547,15.119081,0.24617836,4.0312033,298.2815,1,2015,2
-124.50872,35.51224,15.042859,0.32377797,4.1788516,298.2822,1,2015,2
-122.210526,35.524544,14.869022,0.42606863,3.820013,307.0199,1,2015,2
-122.269554,35.53874,14.788575,0.49381053,3.8718083,303.7311,1,2015,2
-123.50073,35.543243,15.080857,0.28211787,4.1677933,299.14807,1,2015,2
-124.82407,35.547073,14.970513,0.30962062,4.088826,298.00653,1,2015,2
-125.06924,35.574673,14.833689,0.33744755,3.9202042,298.6571,1,2015,2
-122.5767,35.602436,14.786908,0.53409404,4.064148,302.43875,1,2015,2
-125.30668,35.606705,14.669204,0.41680592,3.6481502,299.0241,1,2015,2
-125.52864,35.64926,14.685359,0.40063614,3.3924918,300.2686,1,2015,2
-125.79613,35.68608,14.724088,0.386229,3.309275,299.50867,1,2015,2
-126.01756,35.735943,14.782521,0.33263984,3.252353,298.06213,1,2015,2
-126.105,35.752235,14.806777,0.2669819,3.261932,301.20474,1,2015,2
-123.534424,35.77017,14.990057,0.30129862,4.0806494,298.38635,1,2015,2
-131.50688,35.778294,16.341568,0.09811475,1.118794,82.81146,1,2015,2
-128.75023,35.785927,16.1775,0.12910514,0.813941,312.51044,1,2015,2
-128.67912,35.78958,16.214273,0.13118716,0.998599,302.73523,1,2015,2
-126.261345,35.798393,14.903208,0.25098777,3.1013706,298.71365,1,2015,2
-122.68758,35.818474,14.728752,0.55235696,3.8726218,300.40555,1,2015,2
-128.48148,35.8301,16.171837,0.15618482,1.2617844,298.393,1,2015,2
-129.06848,35.832073,16.183159,0.122980796,0.61400324,322.94348,1,2015,2
-131.49709,35.858917,16.268995,0.109194934,1.1822859,81.73283,1,2015,2
-129.28357,35.861736,16.156609,0.119958155,0.57939625,338.74948,1,2015,2
-126.53574,35.87707,14.91694,0.26315778,2.9570594,298.0383,1,2015,2
-128.23062,35.916077,15.864178,0.2000236,1.531829,299.74487,1,2015,2
-129.56123,35.918846,16.16385,0.12012375,0.5223983,354.5077,1,2015,2
-127.8623,35.94013,15.572054,0.21768302,1.7270784,298.3457,1,2015,2
-127.63586,35.94935,15.211572,0.2312516,1.968248,297.867,1,2015,2
-129.83347,35.94959,16.180758,0.12100574,0.5661272,17.474773,1,2015,2
-127.44117,35.976074,14.986684,0.23812859,2.223016,297.60248,1,2015,2
-126.78455,35.97697,14.9109955,0.2618389,2.7247202,298.25803,1,2015,2
-130.02403,35.977688,16.186678,0.12473912,0.67119294,24.6559,1,2015,2
-127.135796,35.99478,14.928401,0.25098532,2.4964776,298.2075,1,2015,2
-126.874596,36.001896,15.002577,0.2544878,2.9362051,298.92194,1,2015,2
-123.680336,36.0022,15.04978,0.2874525,3.908657,296.43393,1,2015,2
-127.071846,36.00441,15.041893,0.23699099,2.7079513,298.9313,1,2015,2
-130.2787,36.00448,16.159988,0.11928268,0.8348653,34.261105,1,2015,2
-130.56908,36.005905,16.209272,0.11595566,0.8668333,50.61758,1,2015,2
-131.33218,36.026043,16.347467,0.09319425,1.1696581,82.63195,1,2015,2
-122.68747,36.034176,14.757574,0.62683254,3.4712102,297.82004,1,2015,2
-131.1953,36.051476,16.339268,0.09969542,1.1292918,73.00918,1,2015,2
-130.8163,36.081264,16.29484,0.1079204,0.93193346,56.821487,1,2015,2
-123.75039,36.157104,15.035392,0.31716883,3.922155,296.17307,1,2015,2
-123.938866,36.2695,14.928285,0.31532723,3.8237417,296.22998,1,2015,2
-124.057365,36.3023,14.882221,0.33430365,3.9533782,296.43542,1,2015,2
-122.46028,36.324615,14.839872,0.58027536,2.7106457,297.69946,1,2015,2
-124.26308,36.392227,14.784763,0.37455192,4.0524683,297.64,1,2015,2
-124.51896,36.469353,14.777385,0.41444254,4.0307074,295.10278,1,2015,2
-122.384224,36.5143,14.72472,0.5673644,2.235576,316.81256,1,2015,2
-124.645,36.525673,14.644774,0.42858893,3.9267416,295.97775,1,2015,2
-124.77604,36.598587,14.602942,0.4620386,3.8371866,296.96573,1,2015,2
-123.21473,36.71176,14.595065,0.50561786,3.19401,295.2011,1,2015,2
-123.34069,36.73803,14.69983,0.4031994,3.3882444,294.22003,1,2015,2
-122.558754,36.740234,14.620673,0.590242,2.6394129,298.02142,1,2015,2
-122.9242,36.747326,14.517136,0.6165137,2.934212,297.61304,1,2015,2
-122.73203,36.7535,14.510058,0.6253583,2.41168,294.75854,1,2015,2
-122.83026,36.75665,14.49639,0.67214817,2.6488676,298.4033,1,2015,2
-125.04146,36.76025,14.401908,0.59936607,3.5415957,301.4909,1,2015,2
-123.48367,36.791332,14.522234,0.6560612,3.198828,294.9628,1,2015,2
-124.47611,36.87943,14.501115,0.5050511,3.8483763,298.56293,1,2015,2
-125.25346,36.9028,14.472635,0.5307802,3.35872,303.832,1,2015,2
-124.1914,36.91518,14.463946,0.46344116,3.676316,297.19235,1,2015,2
-123.976456,36.96247,14.499627,0.56003976,3.4796696,297.3751,1,2015,2
-125.48931,37.004093,14.441658,0.54969,3.3147097,304.55304,1,2015,2
-123.28589,37.007004,14.348229,0.85095054,3.0641475,297.8195,1,2015,2
-123.75182,37.00833,14.287287,0.6928072,3.431807,298.3573,1,2015,2
-123.67711,37.019917,14.320657,0.73570377,3.2472296,299.723,1,2015,2
-125.54946,37.02796,14.640159,0.4295395,3.2089407,303.69006,1,2015,2
-124.321434,37.03359,14.259916,0.76589966,3.6952944,298.09073,1,2015,2
-123.19101,37.06881,14.394427,0.94277424,2.7782369,298.13315,1,2015,2
-124.22368,37.107067,14.269502,0.7214794,3.5243864,297.3648,1,2015,2
-125.76821,37.1354,14.887386,0.26845688,3.0974183,301.5348,1,2015,2
-126.020775,37.26171,14.977066,0.2138588,2.9570255,300.0333,1,2015,2
-123.99108,37.274193,14.182818,0.57100475,3.3675659,299.53384,1,2015,2
-126.2632,37.322735,15.064979,0.19272475,2.790842,297.29956,1,2015,2
-126.516014,37.421097,15.120788,0.1986056,2.6075659,295.68063,1,2015,2
-123.85343,37.50156,14.0669,0.5103517,3.1815877,300.19162,1,2015,2
-126.60491,37.504864,15.094691,0.17254865,2.6519804,296.66168,1,2015,2
-123.7364,37.672077,14.056734,0.5539379,2.9658895,302.18967,1,2015,2
-126.48876,37.690395,15.006263,0.18251447,2.850772,298.72275,1,2015,2
-123.67085,37.753895,13.96645,0.5496492,2.8714108,305.07376,1,2015,2
-126.45012,37.778206,14.96979,0.17357263,2.808505,296.65628,1,2015,2
-126.51633,37.85694,15.103696,0.15842485,2.652037,296.1786,1,2015,2
-123.47707,37.932796,14.028421,0.80901074,2.4882324,310.926,1,2015,2
-126.227554,37.979004,14.975657,0.19431403,3.0335622,298.33914,1,2015,2
-126.149994,38.001984,14.774368,0.18930252,3.0634947,296.14685,1,2015,2
-123.42105,38.005684,13.896487,0.78210163,2.276071,322.67697,1,2015,2
-125.95912,38.07089,14.807425,0.18833101,3.2246084,295.92935,1,2015,2
-123.70142,38.134293,13.957439,0.6131677,2.8608565,305.46783,1,2015,2
-123.87706,38.13719,14.047385,0.5618525,3.25,300.51022,1,2015,2
-124.07622,38.147648,14.128715,0.47762647,3.4197075,294.16663,1,2015,2
-125.73559,38.18598,14.848415,0.19675517,3.3991175,295.8112,1,2015,2
-124.08484,38.256447,14.019897,0.50554174,3.293873,294.38638,1,2015,2
-125.58705,38.276962,14.508389,0.23151794,3.381893,295.2011,1,2015,2
-125.47083,38.346798,14.525772,0.23164277,3.3930812,292.7108,1,2015,2
-123.962296,38.358864,13.999109,0.6781511,3.228653,299.50275,1,2015,2
-125.25489,38.51016,13.983423,0.42566252,3.201406,293.7626,1,2015,2
-123.748474,38.516193,13.640667,0.9810126,2.0479257,301.82745,1,2015,2
-125.24503,38.537632,13.828121,0.5475896,3.135554,290.34216,1,2015,2
-125.77426,38.565826,14.237561,0.31356198,3.0947697,296.89624,1,2015,2
-125.72417,38.567783,14.234226,0.33290362,3.17989,295.9204,1,2015,2
-123.76567,38.61498,13.847959,0.8565816,2.792132,301.52686,1,2015,2
-124.013214,38.636253,13.872984,0.5939308,3.2051208,291.60223,1,2015,2
-124.315834,38.738686,13.910869,0.54932374,3.103063,291.35568,1,2015,2
-124.584984,38.751583,13.48996,0.7126603,2.9588003,290.5787,1,2015,2
-124.494965,38.751663,13.702554,0.7084801,2.9378903,291.14954,1,2015,2
-125.95638,38.756157,14.147635,0.39767957,2.8429737,299.26993,1,2015,2
-124.83241,38.789333,13.472828,0.7769308,2.8727164,291.65326,1,2015,2
-125.7247,38.95378,13.9412155,0.5130564,2.9249957,297.26587,1,2015,2
-125.664604,39.02007,13.889734,0.5860457,2.571867,297.5614,1,2015,2
-124.226135,39.023632,13.49849,0.9515516,2.5762377,300.0483,1,2015,2
-125.10805,39.097977,13.64807,0.7329349,2.6800187,292.83365,1,2015,2
-125.47603,39.101616,13.769857,0.6909671,2.6666083,294.83517,1,2015,2
-123.9705,39.11455,13.471177,1.1906257,1.106752,302.82855,1,2015,2
-124.9749,39.14755,13.481366,0.80383444,2.8117788,289.53046,1,2015,2
-124.71732,39.18065,13.491883,0.7472378,2.926568,291.65598,1,2015,2
-124.49342,39.21145,13.544367,0.8354592,2.7891576,293.8999,1,2015,2
-124.27595,39.250397,13.325841,0.86762875,2.6392803,292.97055,1,2015,2
-124.24905,39.25379,13.336651,0.9259312,2.142265,301.8353,1,2015,2
-125.27016,39.26423,13.648731,0.64141273,2.416154,292.6381,1,2015,2
-123.99759,39.264553,13.312116,1.1431911,0.71589106,294.77515,1,2015,2
-125.03227,39.267384,13.545535,0.64932704,2.5904632,289.62405,1,2015,2
-143.625,33.125,17.3529529571533,0.105118878185749,3.84419042192241,75.9999052840677,0,2015,2
-135.625,47.125,10.1013097763062,0.375603854656219,3.1100643080168,89.6315434746623,0,2015,2
-136.875,48.875,9.42617130279541,0.374050408601761,3.16191397732449,88.0063316749585,0,2015,2
-142.125,33.125,17.7543487548828,0.10164026170969,3.87072344659238,84.0684730750802,0,2015,2
-143.625,28.875,19.9790325164795,0.0749252885580063,3.49692722257699,86.3930043117434,0,2015,2
-133.875,45.625,11.5765972137451,0.370647609233856,2.63210942021794,106.782644145271,0,2015,2
-134.625,26.125,20.893741607666,0.0541804172098637,4.14030192135791,160.383411211774,0,2015,2
-129.875,33.875,17.0901145935059,0.0740539580583572,0.120415945787923,41.6335393365702,0,2015,2
-147.125,46.125,8.62905216217041,0.525076329708099,4.45926002830066,112.827421633668,0,2015,2
-136.125,28.625,20.3150119781494,0.0618723332881927,3.62659620029581,131.646659505682,0,2015,2
-142.625,45.125,10.0973358154297,0.395809173583984,4.40614343842776,107.160091652553,0,2015,2
-132.875,51.375,9.55532073974609,0.514960110187531,2.82177249260106,87.9690857631469,0,2015,2
-149.375,40.375,11.0269804000854,0.526525616645813,4.64321009647421,85.6770075570138,0,2015,2
-142.625,51.125,7.74860382080078,0.296187490224838,3.34623669216629,115.109989986823,0,2015,2
-156.875,41.125,9.89033317565918,0.451367616653442,4.38590925578722,46.6629587413423,0,2015,2
-128.625,26.375,19.9752254486084,0.0506592318415642,3.69054196561968,198.974995875382,0,2015,2
-133.375,51.375,9.56036567687988,0.477015107870102,2.72016543614538,90.631913121821,0,2015,2
-148.125,41.125,10.9405193328857,0.574528098106384,4.93016226913476,90.4648642782615,0,2015,2
-147.875,32.625,16.9439563751221,0.109127320349216,3.78133574282951,61.4016331535076,0,2015,2
-153.875,40.125,10.7278451919556,0.359869688749313,5.12534876862053,62.8350149426681,0,2015,2
-142.875,43.875,10.4869232177734,0.358637720346451,4.1642526340269,99.2587454825459,0,2015,2
-152.125,35.875,13.9976243972778,0.257650136947632,5.35994402955852,45.3023495919767,0,2015,2
-142.875,50.375,8.14821338653564,0.404540210962296,3.21636440721508,115.210604992321,0,2015,2
-125.125,47.375,11.3932361602783,0.658257603645325,1.91887988159759,117.633380116742,0,2015,2
-148.375,32.625,17.7183609008789,0.121846958994865,3.71140135258907,57.2091197584962,0,2015,2
-149.125,39.375,12.1727085113525,0.358822762966156,4.89470121662191,82.25064989381,0,2015,2
-124.125,26.875,19.7156600952148,0.0507202185690403,2.84191836617451,238.37928987489,0,2015,2
-143.375,51.625,7.36204433441162,0.294186770915985,3.32453004197586,114.714955948622,0,2015,2
-152.875,35.375,14.4581146240234,0.210429430007935,5.56594107047497,43.9080906666564,0,2015,2
-145.375,38.125,14.5186395645142,0.18134517967701,4.76608854302981,77.8884504910205,0,2015,2
-125.625,42.125,12.5251884460449,0.734823822975159,1.10113577727726,256.342357494188,0,2015,2
-150.875,40.375,11.1061525344849,0.494171112775803,4.91906495179724,81.1121483087803,0,2015,2
-122.125,37.125,14.1860179901123,1.52470469474792,0.672309452558864,329.620873988632,0,2015,2
-147.625,47.125,7.6170825958252,0.389168739318848,4.4657474178462,113.350210864113,0,2015,2
-143.375,33.375,17.2154769897461,0.105217643082142,3.91563532520586,70.4544482017703,0,2015,2
-138.875,28.375,19.8820114135742,0.0690787211060524,3.54355753445602,118.300755766006,0,2015,2
-157.625,38.875,11.1588544845581,0.322384595870972,5.22843188728705,29.0652479368728,0,2015,2
-154.875,46.875,6.81394195556641,0.314151585102081,4.65996781104763,116.510064841259,0,2015,2
-146.875,30.875,17.8888854980469,0.0920044183731079,3.39983823144573,80.1775059725757,0,2015,2
-148.125,48.625,6.84317016601562,0.461368799209595,4.27018734951992,126.333184731242,0,2015,2
-135.125,29.125,19.7752113342285,0.058697272092104,3.35359508587426,133.066699305082,0,2015,2
-130.375,49.125,10.4169588088989,0.570404827594757,1.72490579452908,85.6777229405089,0,2015,2
-146.875,49.625,6.81229829788208,0.489229589700699,4.00431017779592,128.816231600477,0,2015,2
-124.875,40.875,13.085823059082,0.71184366941452,1.07079409785448,281.30993247402,0,2015,2
-147.375,31.375,17.8069610595703,0.106932558119297,4.02514596008642,77.5175106150455,0,2015,2
-141.125,43.375,11.2937755584717,0.426118969917297,4.56711068401019,99.0704565360683,0,2015,2
-133.625,27.125,20.6046600341797,0.0527756847441196,3.26559336109075,156.732295189943,0,2015,2
-125.375,25.125,20.3267650604248,0.048667598515749,3.58602844383588,221.155864423708,0,2015,2
-139.625,50.625,8.25913906097412,0.349290639162064,3.56545929720141,104.620873988632,0,2015,2
-150.375,49.875,6.13100242614746,0.511760771274567,4.86187206742423,129.156739592765,0,2015,2
-143.875,46.875,9.15399074554443,0.438333094120026,4.17124681600118,107.870262684146,0,2015,2
-152.125,45.125,8.10500621795654,0.527951538562775,4.89396567213134,102.389124126262,0,2015,2
-132.875,49.125,10.0346546173096,0.356637805700302,2.72264577203866,92.5261169116196,0,2015,2
-146.875,34.625,16.3746376037598,0.146015539765358,4.47394680343877,60.3980798745276,0,2015,2
-143.125,35.375,16.5038528442383,0.125608429312706,4.11111906906137,75.4905278164172,0,2015,2
-129.375,26.125,20.2233600616455,0.0548241212964058,4.03767259693007,189.695609923382,0,2015,2
-127.125,25.375,20.3474960327148,0.0475038625299931,3.60090266461064,212.41017444436,0,2015,2
-141.375,41.875,12.0176696777344,0.489461153745651,4.09312838792042,92.2402573541448,0,2015,2
-139.375,49.375,8.95839691162109,0.351274162530899,3.53035408988957,100.609685591287,0,2015,2
-126.625,28.125,19.0582752227783,0.0481533706188202,2.62373779177722,236.188799928252,0,2015,2
-150.375,41.625,10.2146654129028,0.362965136766434,4.69001066096869,89.8778343439528,0,2015,2
-129.375,28.125,19.4753074645996,0.0522305704653263,2.69466138874627,191.560130794218,0,2015,2
-142.125,49.375,8.25010967254639,0.397074192762375,3.33,108.924644416051,0,2015,2
-130.125,38.625,14.9451417922974,0.140311762690544,0.595399025864168,7.721825800131,0,2015,2
-139.875,51.625,8.26971340179443,0.365084409713745,3.00842151301974,101.30993247402,0,2015,2
-147.875,41.125,11.0224695205688,0.642945766448975,4.91146617620441,91.400025478444,0,2015,2
-117.875,26.125,20.729549407959,0.0790757685899734,5.04289599337524,275.461875846314,0,2015,2
-121.125,35.625,14.9177026748657,1.1234564781189,0.563560112144215,297.474431626277,0,2015,2
-122.125,25.625,19.8824272155762,0.0585362985730171,4.31335136523794,251.481039830374,0,2015,2
-151.625,43.375,9.01492118835449,0.371498584747314,5.2437867996325,94.1556795189143,0,2015,2
-150.375,49.375,6.17971324920654,0.641940891742706,4.79453855965306,128.734460693296,0,2015,2
-136.125,46.625,10.6027393341064,0.415213972330093,3.3538187190127,92.7344369021645,0,2015,2
-157.875,43.875,7.88127326965332,0.233795881271362,2.98412466227535,61.8032764020357,0,2015,2
-132.125,48.625,10.4557151794434,0.374201834201813,2.38537208837531,93.8460300900474,0,2015,2
-155.375,46.125,7.33762884140015,0.348217636346817,4.6964028787999,106.196765066945,0,2015,2
-120.375,26.125,19.8678169250488,0.102591380476952,4.32585251713463,265.093366643451,0,2015,2
-133.375,50.125,9.13821887969971,0.386112928390503,2.78258872275441,87.5283352383666,0,2015,2
-149.875,37.125,13.7757577896118,0.279442995786667,5.01941231619798,61.9543715079845,0,2015,2
-142.375,28.875,19.928373336792,0.0638758391141891,3.94807548053479,100.655314695552,0,2015,2
-146.875,43.625,9.91453552246094,0.277726590633392,4.43401623812994,98.9524733341541,0,2015,2
-136.625,49.625,9.40817928314209,0.42971733212471,2.92027395975104,89.2151753970081,0,2015,2
-141.625,35.125,16.2535648345947,0.129632368683815,4.03936876256675,80.1645725766101,0,2015,2
-155.625,39.625,11.1258707046509,0.362029999494553,5.08062988220949,49.7901307223632,0,2015,2
-129.875,43.625,12.751070022583,0.288090616464615,0.713442359269479,121.239214888209,0,2015,2
-157.125,40.875,10.1550855636597,0.577380061149597,4.46229761445827,45.8171585609099,0,2015,2
-142.625,46.875,9.2308177947998,0.482400417327881,3.84438551656828,104.614603931805,0,2015,2
-142.125,31.875,18.4566135406494,0.0822008103132248,4.15813660189273,86.4150703986175,0,2015,2
-127.375,50.125,9.91198062896729,4.81378316879272,1.53169840373358,148.07391885825,0,2015,2
-157.875,44.125,7.63084554672241,0.241824254393578,2.88461435897418,63.8790932560339,0,2015,2
-139.375,29.375,19.6417121887207,0.0751019939780235,3.65625491452661,107.34467632838,0,2015,2
-155.875,40.875,10.0306148529053,0.401655226945877,4.80408159797479,53.4640456639627,0,2015,2
-149.625,39.125,12.3192672729492,0.311686456203461,4.71301389770919,77.9986414138584,0,2015,2
-138.125,46.625,10.1362752914429,0.438995659351349,3.47070598005651,98.7838155624007,0,2015,2
-133.125,26.875,20.4386348724365,0.0514564588665962,3.55574183539807,168.152836579068,0,2015,2
-157.375,44.375,7.44235849380493,0.271124213933945,3.26938832199542,75.8362438801761,0,2015,2
-147.125,45.375,8.99051284790039,0.392820984125137,4.33169712699307,104.16456526796,0,2015,2
-128.375,47.625,10.9167728424072,0.558940410614014,1.16017240098185,90.9877603996398,0,2015,2
-123.875,25.625,19.9930610656738,0.0499766990542412,3.5981800955483,233.7033595068,0,2015,2
-156.125,39.125,11.359504699707,0.26272040605545,5.29008506547863,43.9277442957251,0,2015,2
-140.875,32.125,17.6631813049316,0.086250513792038,3.32543230272396,86.7245973590799,0,2015,2
-116.125,27.125,18.9921436309814,0.176578626036644,5.34753214109088,285.621611228139,0,2015,2
-126.875,49.375,10.3239870071411,5.35084629058838,2.03590274816849,139.581855864408,0,2015,2
-146.625,32.375,17.7219200134277,0.102155521512032,4.24736388834298,70.754517155891,0,2015,2
-124.375,44.125,12.5999822616577,2.42277002334595,0.63702433234532,137.544804379813,0,2015,2
-139.625,27.125,21.0367183685303,0.0806149989366531,3.93732142452201,130.364536573097,0,2015,2
-136.875,49.375,9.30470943450928,0.445313274860382,2.98001677847626,89.8077330052014,0,2015,2
-153.375,47.375,6.66734886169434,0.395823240280151,4.87056464899092,120.88305830443,0,2015,2
-150.375,41.125,10.4361991882324,0.430258601903915,4.85037111982166,89.2912223896319,0,2015,2
-130.125,50.625,9.94951629638672,0.454888999462128,1.64012194668567,105.561510325328,0,2015,2
-147.875,40.125,11.6757593154907,0.528567492961884,4.71128432595614,88.6621252133109,0,2015,2
-127.625,28.625,18.8732471466064,0.0500744022428989,2.44806045676981,226.986340695882,0,2015,2
-156.375,43.875,8.05941581726074,0.285858452320099,3.98322733471239,78.2669158435878,0,2015,2
-151.625,45.125,8.20595169067383,0.482095897197723,4.97925697268177,104.064151785015,0,2015,2
-131.375,27.625,19.9055862426758,0.0549265742301941,3.33054049667618,172.234833981575,0,2015,2
-140.375,31.375,18.3518352508545,0.0870408043265343,3.96126242503574,88.5534443134261,0,2015,2
-141.375,42.375,11.6585369110107,0.498884528875351,4.16082924427331,94.1346713737364,0,2015,2
-157.125,41.875,9.32196521759033,0.35490608215332,3.96988664825584,49.0856167799749,0,2015,2
-148.375,48.375,6.91839838027954,0.467690140008926,4.3633129615007,124.637018972753,0,2015,2
-153.375,45.375,7.87706184387207,0.745875120162964,5.31492238889713,100.844810902109,0,2015,2
-137.375,50.625,8.62164115905762,0.3642618060112,3.09556133843282,95.7474274490521,0,2015,2
-133.875,28.625,20.0433712005615,0.0543244779109955,3.37515925550188,140.650872730199,0,2015,2
-142.875,49.625,7.97595357894897,0.318835347890854,3.17970124382779,104.385870124554,0,2015,2
-131.375,28.625,19.3944358825684,0.0541034825146198,2.73016483018883,167.94921511659,0,2015,2
-158.875,40.375,9.95280838012695,0.363160222768784,4.17278084734868,30.3750413332892,0,2015,2
-150.875,44.625,8.67355823516846,0.415261626243591,5.0785923246506,100.092939831982,0,2015,2
-153.375,44.125,8.46753978729248,0.372037798166275,4.96789693934969,93.2310099003682,0,2015,2
-138.625,29.125,19.6858711242676,0.0735972225666046,3.53362420186414,110.024665348881,0,2015,2
-132.625,26.125,20.6199703216553,0.0545839257538319,4.17432629294836,173.811384036758,0,2015,2
-141.375,43.375,11.222601890564,0.394848048686981,4.43806264038713,97.5093310738173,0,2015,2
-144.125,42.125,11.1411981582642,0.569452583789825,4.39004555785017,89.7389731976346,0,2015,2
-159.375,41.875,9.09546947479248,0.347576767206192,3.15673882353292,29.4071890607336,0,2015,2
-154.625,39.375,11.2097291946411,0.380138128995895,5.13585435930576,54.6698207287149,0,2015,2
-119.375,33.375,16.2618656158447,0.288933306932449,3.69622780683226,328.158928872336,0,2015,2
-129.375,47.875,10.6798763275146,0.423630207777023,1.08466584716216,77.7576688011256,0,2015,2
-124.625,42.375,12.5639266967773,1.70673716068268,0.294278779391243,170.217592968193,0,2015,2
-142.625,50.875,7.8560266494751,0.262158542871475,3.39948525515261,117.695742128316,0,2015,2
-159.375,42.625,8.52737045288086,0.347232669591904,2.94006802642388,37.2596588411621,0,2015,2
-141.875,45.875,9.94091510772705,0.475524753332138,4.10757836200358,102.513678113645,0,2015,2
-152.875,39.625,11.6213865280151,0.330917954444885,5.2595151867829,65.8715970697322,0,2015,2
-128.625,26.125,20.049409866333,0.0510485358536243,3.93395475317142,198.066492297584,0,2015,2
-148.625,45.625,8.44061851501465,0.491685777902603,4.65816487471193,108.00708605362,0,2015,2
-144.875,45.375,9.20344066619873,0.3687983751297,4.39996590895884,109.793975509484,0,2015,2
-141.125,35.375,16.4921188354492,0.0972433686256409,4.3882684512231,84.7701084727913,0,2015,2
-144.625,46.375,8.8784351348877,0.391779810190201,4.0932383268019,109.851557269721,0,2015,2
-156.875,40.375,10.6035432815552,0.405345857143402,4.71238792970188,42.936180271543,0,2015,2
-140.875,45.375,10.2314739227295,0.735020697116852,4.59364778797853,103.854736853833,0,2015,2
-131.625,46.125,11.6530122756958,0.472278863191605,2.06060670677352,88.609598735956,0,2015,2
-129.125,27.375,19.4996757507324,0.0489414297044277,3.12878570694767,194.435974978975,0,2015,2
-149.625,41.375,10.5442371368408,0.536543548107147,4.94004048566406,89.7680345487018,0,2015,2
-115.125,27.125,19.1986675262451,0.234777048230171,5.63773003965248,294.746748212626,0,2015,2
-142.125,33.625,17.5498828887939,0.0902330875396729,3.77597669484334,82.0844875769734,0,2015,2
-115.375,28.875,18.1615867614746,0.258332341909409,4.81727101168286,316.598146072608,0,2015,2
-130.125,29.375,19.1066112518311,0.0523953251540661,1.98,180,0,2015,2
-141.875,43.375,11.228497505188,0.324620306491852,4.24577436988825,97.4430439944717,0,2015,2
-141.625,35.375,16.1767406463623,0.120915353298187,4.18316865545725,78.5557598031272,0,2015,2
-135.625,49.625,9.74672889709473,0.408754289150238,2.7518175811634,87.9174347202691,0,2015,2
-142.625,36.875,15.1543159484863,0.148963361978531,4.03982672895757,83.0333074776692,0,2015,2
-141.125,35.125,16.5948371887207,0.0954091474413872,4.17642191355232,84.9173554758207,0,2015,2
-125.125,46.625,11.8398990631104,1.23758471012115,1.44668586776812,111.065945653119,0,2015,2
-136.625,49.375,9.5174560546875,0.413165658712387,3.0501475374152,89.436453129186,0,2015,2
-156.625,40.125,10.7896413803101,0.343545734882355,4.9862310415784,43.7811247648687,0,2015,2
-124.125,38.875,13.7263956069946,0.756990015506744,3.13121382214629,295.337472344943,0,2015,2
-128.375,45.125,11.394868850708,0.360765337944031,0.689492567037528,109.486129572466,0,2015,2
-124.875,26.875,19.5823955535889,0.0532934293150902,2.77521170363632,231.436920600855,0,2015,2
-152.375,47.125,7.25452661514282,0.355267435312271,5.16705912487945,118.052918705906,0,2015,2
-152.375,42.625,9.21059226989746,0.319992274045944,5.18078179428549,89.0046136356745,0,2015,2
-136.625,45.625,11.7716398239136,0.256287306547165,4.16058890062453,89.0359793046214,0,2015,2
-154.875,44.375,7.91168546676636,0.355251669883728,4.65618942913623,92.9545798240597,0,2015,2
-135.375,46.375,10.8040533065796,0.330251395702362,3.34023951237033,90.6861441978352,0,2015,2
-130.125,33.875,17.0705223083496,0.0753719881176949,0.22561028345357,77.1957339347132,0,2015,2
-141.375,47.375,9.4665002822876,0.377092719078064,4.15115646537203,105.509334522675,0,2015,2
-136.625,46.125,11.2078695297241,0.34528374671936,3.93062336023181,91.0204276095412,0,2015,2
-140.125,42.625,11.7095041275024,0.431435614824295,4.24643379790619,99.3514129785452,0,2015,2
-153.375,44.875,7.81739377975464,0.548622310161591,5.21123785678604,95.1745207155154,0,2015,2
-152.375,45.125,8.05504131317139,0.584009766578674,4.87659717425994,102.554295153873,0,2015,2
-151.875,36.375,13.6611375808716,0.257106453180313,5.22609797076174,53.4809332057293,0,2015,2
-150.375,47.375,7.05958557128906,0.470560491085052,4.53224006425079,119.619439177695,0,2015,2
-128.875,28.875,19.2580890655518,0.0474263466894627,2.28473193175917,203.198590513648,0,2015,2
-144.125,40.375,12.3907079696655,0.564565718173981,4.52866426223009,93.5447664555949,0,2015,2
-152.875,47.625,6.60153675079346,0.375203102827072,4.89866308292375,122.749281412145,0,2015,2
-146.875,37.875,13.7066373825073,0.331930816173553,4.53877736841101,74.8002395207918,0,2015,2
-139.125,27.375,20.7718696594238,0.0807585716247559,3.73654921016705,124.753341506672,0,2015,2
-142.375,46.625,9.24666500091553,0.367825537919998,3.81451176430222,105.821602547613,0,2015,2
-144.625,48.875,8.24291706085205,0.297510474920273,3.91318284775961,116.237650286234,0,2015,2
-156.375,38.625,11.9310960769653,0.277757555246353,5.6042216230267,39.569948926988,0,2015,2
-114.375,25.875,20.7534523010254,0.121270000934601,4.92793060016068,299.946778501354,0,2015,2
-139.375,28.625,20.0839462280273,0.0770924240350723,3.82278694148654,114.084232811571,0,2015,2
-128.625,45.375,11.4498739242554,0.379282593727112,0.996092365195116,96.3401917459099,0,2015,2
-135.125,48.125,10.128134727478,0.395847171545029,2.9737854663711,87.1087304037794,0,2015,2
-118.625,33.125,16.7588043212891,0.199301317334175,2.82794978739015,335.338064084083,0,2015,2
-143.375,32.375,18.4867858886719,0.0906191468238831,4.16192263263026,76.0973128857794,0,2015,2
-147.375,36.375,14.5804224014282,0.238772332668304,4.96729302538113,61.3711290944651,0,2015,2
-133.625,27.625,20.3628749847412,0.0539875105023384,3.19953121566269,151.432415691095,0,2015,2
-130.625,50.125,9.78111171722412,0.634252429008484,1.72838074509062,95.6446222057861,0,2015,2
-138.125,29.125,19.7695503234863,0.0687445849180222,3.56977590333063,115.201123645475,0,2015,2
-140.125,45.625,10.3215131759644,0.677804350852966,4.22035543526846,98.8597008591465,0,2015,2
-151.125,40.125,11.3153133392334,0.455790609121323,4.82270670889284,78.1541730562587,0,2015,2
-154.375,37.125,13.2685623168945,0.315932184457779,5.51804313140084,46.7623910236605,0,2015,2
-120.625,26.125,19.861644744873,0.100706614553928,4.32348239270151,264.025676713519,0,2015,2
-154.375,36.625,13.3134565353394,0.361525505781174,5.53903421184596,43.3174660209848,0,2015,2
-133.375,44.375,12.6962118148804,0.260451555252075,3.1607752213658,98.0019240903325,0,2015,2
-132.375,30.625,18.8026962280273,0.0514750070869923,2.53805043291106,143.491300276946,0,2015,2
-155.875,43.375,8.62539386749268,0.319596588611603,4.12283882779815,77.8178870673116,0,2015,2
-146.625,30.625,18.0117607116699,0.092661440372467,3.17320027732256,74.6498635075756,0,2015,2
-140.625,35.625,16.236743927002,0.093512624502182,4.68209354883048,88.2865346826342,0,2015,2
-130.375,35.125,16.1536426544189,0.15082636475563,0.580775343829264,87.0390638658363,0,2015,2
-116.875,32.375,16.6666965484619,2.14412307739258,0.916787870774914,333.434948822922,0,2015,2
-148.625,47.375,7.54474306106567,0.377173393964767,4.66244571013969,118.43392410149,0,2015,2
-149.625,41.125,10.634651184082,0.531901776790619,4.92122952116643,88.7192101795962,0,2015,2
-146.875,51.125,7.02320337295532,0.2681645154953,3.7344879167029,133.698047327421,0,2015,2
-131.125,37.125,16.1770267486572,0.0883239954710007,0.760591874792257,61.7502645050257,0,2015,2
-153.875,43.375,8.46639823913574,0.357793003320694,4.79004175347147,89.7607705780464,0,2015,2
-141.625,41.625,12.3297204971313,0.488297492265701,3.94670748852762,93.3408859978854,0,2015,2
-129.375,42.875,12.5344638824463,0.266002357006073,0.82975900115636,130.601294645004,0,2015,2
-122.125,36.875,14.4653577804565,0.954331159591675,1.33093951778434,329.774550275047,0,2015,2
-151.625,37.125,12.9239549636841,0.379677921533585,4.59634637511143,58.523160650416,0,2015,2
-139.875,43.375,11.4166564941406,0.451368242502213,4.40818556778183,98.4793504542477,0,2015,2
-132.125,51.125,9.64997959136963,0.554721713066101,2.66422596639249,93.2275467688476,0,2015,2
-149.875,48.375,6.69395351409912,0.537224233150482,4.57552182816343,125.392109559673,0,2015,2
-149.875,45.875,8.22605323791504,0.504864394664764,4.63320623326871,112.191795529994,0,2015,2
-134.375,26.875,20.762601852417,0.0574042163789272,3.7387297308043,153.640554804646,0,2015,2
-138.375,49.625,8.83101272583008,0.381239920854568,3.31493589681611,98.3256503304268,0,2015,2
-119.125,34.125,16.3618106842041,0.837464451789856,0.778781098897501,24.2612908524778,0,2015,2
-153.375,35.875,13.9915933609009,0.260701239109039,5.68515611043356,45.1425265207266,0,2015,2
-141.375,44.125,10.6689968109131,0.566241085529327,4.46171491693497,101.637333364865,0,2015,2
-141.375,46.625,9.67538356781006,0.43194717168808,4.10160944020759,106.137276561718,0,2015,2
-131.375,31.125,18.6029529571533,0.0545881390571594,1.88533816595326,150.443590982188,0,2015,2
-143.875,47.625,8.889817237854,0.430645734071732,4.22167028556234,108.220358891793,0,2015,2
-141.125,41.375,12.7567682266235,0.339625954627991,3.95237903040688,96.1000599603217,0,2015,2
-137.375,44.125,12.2009773254395,0.268189489841461,4.63158720094958,96.6953827769049,0,2015,2
-156.625,43.625,8.30784320831299,0.290755242109299,3.69676885942305,71.2219667775545,0,2015,2
-128.875,45.625,11.5295124053955,0.372754603624344,1.25143917151414,92.7480881800537,0,2015,2
-133.375,48.375,10.2698259353638,0.359221994876862,2.7864852413031,93.9098184683982,0,2015,2
-146.625,33.375,16.4620208740234,0.106539115309715,4.41077090767589,67.330173624517,0,2015,2
-141.125,51.625,7.905846118927,0.438646137714386,3.04921301322161,111.347798297832,0,2015,2
-151.875,42.875,9.31855964660645,0.296606421470642,5.2204693275605,90.7682881572347,0,2015,2
-139.125,26.875,21.0294971466064,0.0693943873047829,3.69541607941514,130.500392290533,0,2015,2
-140.375,44.625,11.4087085723877,0.352700620889664,4.69220630407488,102.555296740789,0,2015,2
-147.125,42.125,10.6711072921753,0.375121831893921,4.94737304031139,93.1284380228601,0,2015,2
-130.625,38.625,15.0118942260742,0.132532626390457,0.380788655293195,76.3286928678042,0,2015,2
-146.125,38.125,14.2179679870605,0.255045533180237,4.78769255487442,75.7315560626267,0,2015,2
-131.875,44.375,12.6824569702148,0.341350525617599,1.84783657286027,95.2786460634189,0,2015,2
-143.375,31.625,19.0218162536621,0.0853296667337418,4.0329145788127,74.1716934037476,0,2015,2
-155.125,44.375,7.80710458755493,0.393804997205734,4.53004414989523,90.2529598553709,0,2015,2
-152.625,36.125,13.6690406799316,0.32368478178978,5.57625322237073,49.6550356675546,0,2015,2
-155.125,46.125,7.39767599105835,0.338681727647781,4.77765632920577,106.538430519713,0,2015,2
-136.375,45.625,11.7491807937622,0.268842071294785,4.09059897814489,89.019483366959,0,2015,2
-152.375,48.625,6.2091703414917,0.445707559585571,5.00384851889024,128.427336017412,0,2015,2
-143.375,35.875,15.6875371932983,0.15849581360817,3.88329756778952,78.111341960372,0,2015,2
-140.875,43.125,11.4632301330566,0.451648771762848,4.53045251602972,100.813877513625,0,2015,2
-138.375,44.375,11.629584312439,0.344678342342377,4.61042297408817,98.4816057940293,0,2015,2
-130.125,27.875,20.0118465423584,0.0536681972444057,3.0216551755619,181.896518303209,0,2015,2
-154.125,43.875,8.29219627380371,0.349901705980301,4.64569693372265,92.8377698285057,0,2015,2
-146.375,48.625,7.2703218460083,0.394414842128754,4.13672575837461,119.229490884817,0,2015,2
-145.375,35.875,15.8578414916992,0.178918421268463,4.49677662331586,71.7262203146131,0,2015,2
-130.625,43.875,12.7094316482544,0.327228277921677,1.1485643212289,97.0012675574953,0,2015,2
-119.625,34.375,16.2319774627686,0.623195469379425,0.699213844256534,343.379243086108,0,2015,2
-132.875,45.125,12.2398319244385,0.264417737722397,2.6734434723779,100.343184221166,0,2015,2
-125.375,42.375,12.6717615127563,1.38004899024963,0.958592718520227,249.863696571752,0,2015,2
-150.125,34.625,14.8401489257812,0.193924009799957,4.67333927721923,59.0993213648424,0,2015,2
-146.375,49.625,6.93641948699951,0.484735310077667,3.86203314330677,127.107268755986,0,2015,2
-151.875,43.875,8.75240325927734,0.423694908618927,5.28867658304041,95.9693117381334,0,2015,2
-146.375,39.875,12.5903120040894,0.51541006565094,4.9000918358741,90.3507861038586,0,2015,2
-126.125,47.625,11.2495718002319,0.556434035301208,1.3708391590555,113.198590513648,0,2015,2
-142.875,28.875,20.2284622192383,0.0876588150858879,3.70001351348884,90.1548530810975,0,2015,2
-131.375,37.875,15.549129486084,0.115815579891205,0.808084154033477,77.855721950433,0,2015,2
-147.375,47.375,7.33869028091431,0.433105736970901,4.43708237471427,113.792044366686,0,2015,2
-153.875,47.375,6.56990718841553,0.402110725641251,4.80679727053264,123.028864571266,0,2015,2
-117.875,25.625,20.8480606079102,0.0734706595540047,4.85148430895123,271.41733835956,0,2015,2
-125.375,44.125,12.2131805419922,0.597786545753479,0.664906008395172,167.845058302778,0,2015,2
-149.875,37.625,13.2998914718628,0.369654893875122,5.09098222350069,66.2546260234521,0,2015,2
-139.125,47.875,9.51908683776855,0.364766001701355,3.83719949963512,98.9959144253657,0,2015,2
-158.375,40.625,9.95387172698975,0.478403687477112,4.21295620675079,33.5769094515531,0,2015,2
-137.375,47.125,10.1834020614624,0.477087289094925,3.27391203302716,92.8012291577499,0,2015,2
-143.875,44.375,10.2836446762085,0.347180634737015,4.50344312720834,100.361743947097,0,2015,2
-142.875,44.875,10.3001050949097,0.343301981687546,4.46161405771499,106.404034586069,0,2015,2
-118.875,27.375,19.830982208252,0.121128983795643,5.06174870968522,285.821009058046,0,2015,2
-158.625,40.625,9.87031745910645,0.433003515005112,4.13174297361295,30.2264916368937,0,2015,2
-148.375,39.125,12.3033447265625,0.310616105794907,4.64307010500595,81.328893570737,0,2015,2
-149.125,39.625,11.9088439941406,0.411590397357941,4.79670720390561,85.2165190512326,0,2015,2
-147.875,49.875,6.45657444000244,0.683858871459961,4.08447058992962,132.320869314528,0,2015,2
-127.125,49.125,10.5159378051758,1.52052044868469,1.4560219778561,127.184706453233,0,2015,2
-138.625,50.625,8.47921752929688,0.340766996145248,3.40324844817419,95.0572485325591,0,2015,2
-156.375,39.125,11.3660898208618,0.27417054772377,5.3844684045874,42.9680191601552,0,2015,2
-115.375,26.375,19.8454875946045,0.150434643030167,5.34124517317825,287.993959820219,0,2015,2
-152.875,39.125,11.760781288147,0.37044084072113,4.93821830218147,64.5765614470945,0,2015,2
-130.125,27.375,20.1936721801758,0.051284421235323,3.51411439768258,182.772842477596,0,2015,2
-127.375,26.625,19.4073963165283,0.0455104783177376,3.22769267434184,210.537547117829,0,2015,2
-138.125,47.375,9.84666633605957,0.376454472541809,3.42835237395458,97.3737663613302,0,2015,2
-126.875,27.375,19.3360748291016,0.0479198358952999,2.83804510182626,222.572455473178,0,2015,2
-139.125,51.125,8.39378929138184,0.3650022149086,3.22299550108281,98.2055245741016,0,2015,2
-141.375,51.375,7.97179651260376,0.313926041126251,3.07548370179391,113.981404714899,0,2015,2
-143.625,32.125,18.8655471801758,0.0890254825353622,4.03447642204041,74.620325450735,0,2015,2
-129.125,29.625,19.1345405578613,0.0535352975130081,1.8534832073693,197.261820371613,0,2015,2
-149.875,41.875,10.3729085922241,0.457722634077072,4.88025614081884,90.5870263800992,0,2015,2
-152.625,37.375,12.7242736816406,0.350520968437195,5.00716486646885,55.1673426515649,0,2015,2
-142.875,30.875,18.860143661499,0.0893173888325691,3.69423875784985,81.1241294645554,0,2015,2
-131.375,50.125,9.99302005767822,0.402892917394638,2.27079281309414,88.4859266393649,0,2015,2
-118.625,26.125,20.220006942749,0.0951216444373131,4.71611068572399,272.917007286628,0,2015,2
-154.125,40.375,10.3109693527222,0.32627934217453,4.97352993355826,64.2592916437671,0,2015,2
-115.625,29.875,17.0090999603271,2.95441055297852,2.53396921843972,312.440997682301,0,2015,2
-141.875,47.375,9.53165912628174,0.417579054832458,3.79511528151649,100.628929439155,0,2015,2
-153.875,43.625,8.37149620056152,0.363029807806015,4.77302838876955,92.0411240516326,0,2015,2
-152.375,40.125,10.8184509277344,0.358793765306473,5.09778383221572,72.0626446922396,0,2015,2
-143.375,43.875,10.4443893432617,0.263294577598572,4.24123802680302,97.9963678665802,0,2015,2
-148.875,48.375,6.81416320800781,0.496026247739792,4.47465082436608,124.897611273452,0,2015,2
-126.875,42.125,12.4674110412598,0.384126991033554,0.876413144584219,253.425992243091,0,2015,2
-143.125,38.375,14.31955909729,0.246896550059319,4.68308658899235,87.9196577271553,0,2015,2
-118.875,26.875,20.2967586517334,0.0971873924136162,5.01000998002998,282.566020810336,0,2015,2
-116.625,27.375,18.9330978393555,0.172505855560303,5.38924855615326,284.397238201945,0,2015,2
-121.375,25.375,19.9718780517578,0.0543770007789135,4.35160889786755,253.855661219717,0,2015,2
-152.875,48.375,6.0395131111145,0.498139441013336,4.97036215984308,127.561563596636,0,2015,2
-156.875,43.375,8.49437999725342,0.311803609132767,3.41281408810969,64.4861295724658,0,2015,2
-149.125,40.875,10.7495346069336,0.605644941329956,4.85065974894137,89.055000676001,0,2015,2
-138.375,44.125,11.6917114257812,0.301998376846313,4.58180095595608,99.4212057604635,0,2015,2
-149.375,37.625,13.1836109161377,0.371990084648132,4.90079585373641,67.5689919052379,0,2015,2
-141.375,28.375,20.1917724609375,0.0630082488059998,3.29802971484491,106.016985758936,0,2015,2
-134.875,50.375,9.22670936584473,0.377122431993484,2.50049995001,88.8542371618249,0,2015,2
-147.375,34.375,16.4632511138916,0.131034195423126,4.60300988484709,60.5947825087061,0,2015,2
-144.875,41.125,11.7505683898926,0.685558438301086,4.55800394909877,93.3959869579112,0,2015,2
-145.875,36.875,14.5739641189575,0.289715737104416,4.22995271841187,69.8085881887995,0,2015,2
-143.125,47.125,9.21009159088135,0.414938002824783,3.86762200841809,107.919628642824,0,2015,2
-140.875,44.125,10.8447284698486,0.469744771718979,4.62031384215402,104.156549389836,0,2015,2
-128.875,38.875,14.1386413574219,0.339081019163132,0.754718490564528,327.994616791916,0,2015,2
-152.375,36.625,13.1411714553833,0.392425119876862,5.40786464327649,54.6347509465415,0,2015,2
-135.375,27.125,20.9475479125977,0.0593502037227154,3.98598795783429,147.187043595354,0,2015,2
-119.125,25.625,19.988410949707,0.0953366160392761,4.41004535124073,269.740156976388,0,2015,2
-147.625,39.625,12.1357173919678,0.513680279254913,4.75012631410997,86.2581365846409,0,2015,2
-146.625,43.625,9.99329376220703,0.322404980659485,4.45071904303114,98.658075209371,0,2015,2
-149.625,36.625,14.0511426925659,0.269734859466553,5.06475073424152,58.3183860637255,0,2015,2
-126.125,42.625,12.3917436599731,0.650250673294067,0.973087868591527,247.651891652091,0,2015,2
-137.625,49.125,8.97474670410156,0.363276422023773,3.08016233338439,94.6555074280136,0,2015,2
-127.625,29.125,18.6317710876465,0.0545340366661549,2.11851362988299,228.63598017847,0,2015,2
-130.625,47.125,11.0880689620972,0.530876696109772,1.69239475300534,86.9516250597017,0,2015,2
-129.125,42.375,12.5747909545898,0.270318567752838,0.461735855224608,184.96974072811,0,2015,2
-146.375,32.375,17.8487377166748,0.099403090775013,4.21028502598102,70.1447856306789,0,2015,2
-149.625,41.625,10.4197034835815,0.496949583292007,4.88001024589088,90.1174092199091,0,2015,2
-127.125,46.125,11.4057521820068,0.389900952577591,0.920869154657707,87.5104470780009,0,2015,2
-134.375,26.625,20.7803592681885,0.0554229430854321,3.86627727924421,158.611377172181,0,2015,2
-122.625,26.125,19.5896034240723,0.062020555138588,3.66509208615554,251.71335743649,0,2015,2
-154.375,39.375,11.2477407455444,0.388200998306274,5.11783157206253,55.3473297379304,0,2015,2
-146.875,42.625,10.3850021362305,0.344115406274796,4.73646492650373,96.0596597442872,0,2015,2
-140.375,35.375,16.4619045257568,0.0952805653214455,4.45449211470848,87.4266405368232,0,2015,2
-143.125,36.375,15.1882705688477,0.151912972331047,4.03767259693007,80.3043900766176,0,2015,2
-147.625,32.875,16.6662883758545,0.106856681406498,4.20475920832573,62.2160735877907,0,2015,2
-130.125,49.375,10.0771532058716,0.523403823375702,1.54012986465428,90.7440592028887,0,2015,2
-139.625,46.375,10.1925172805786,0.733011305332184,3.82341470416171,102.691348491593,0,2015,2
-147.875,48.875,6.87160730361938,0.349054425954819,4.19661768570834,125.886844424925,0,2015,2
-153.375,45.875,7.83333206176758,0.43937873840332,5.42197381033881,105.292191347197,0,2015,2
-150.375,41.375,10.2327613830566,0.382492035627365,4.75004210507654,89.7587560382035,0,2015,2
-159.875,41.125,9.34395122528076,0.27328422665596,3.68513229070545,29.4170396201678,0,2015,2
-130.625,35.625,16.1636810302734,0.157866805791855,0.71028163428319,54.7436412870372,0,2015,2
-127.875,46.125,11.4609842300415,0.371753185987473,1.09370928495647,85.2798630689564,0,2015,2
-128.125,26.625,19.6740608215332,0.0495105348527431,3.39911753253694,205.811202844007,0,2015,2
-141.625,33.125,17.6469306945801,0.0992433130741119,3.90662258223136,84.7126232116716,0,2015,2
-151.875,47.125,7.3245701789856,0.351185441017151,5.05475024110984,117.832450162311,0,2015,2
-122.375,25.375,20.0244808197021,0.0510821714997292,4.37617412816263,249.535897648027,0,2015,2
-135.625,51.125,8.80999755859375,0.384067535400391,2.47977821588948,95.0898365092879,0,2015,2
-136.375,50.625,8.89091396331787,0.398519933223724,2.70185121722126,92.1210963966615,0,2015,2
-153.125,44.375,8.3352108001709,0.380947887897491,5.00296911843357,94.1264141096743,0,2015,2
-145.125,51.625,7.57434844970703,0.239538371562958,3.19375954010317,128.771878095545,0,2015,2
-146.125,51.375,7.0953164100647,0.176727026700974,3.52018465424756,128.888583442732,0,2015,2
-145.625,33.125,17.0690498352051,0.0991533473134041,4.3435584490139,69.9380047678037,0,2015,2
-147.375,39.375,12.31174659729,0.494958519935608,4.61913411799225,84.7831109681655,0,2015,2
-136.625,47.625,9.89631843566895,0.359899252653122,3.2100623046913,90.3569784307323,0,2015,2
-152.875,41.625,10.1939563751221,0.324827134609222,5.22804934942278,80.0872485532761,0,2015,2
-125.125,41.875,12.6019592285156,0.813222408294678,1.11305884839931,278.785298717885,0,2015,2
-148.125,46.875,7.82568597793579,0.369218081235886,4.74266802548945,111.913578057838,0,2015,2
-136.125,47.875,9.76193428039551,0.349287569522858,3.10058059079263,88.8911878722401,0,2015,2
-118.239655,28.867825,17.930979,0.15283859,5.6215034,286.85544,1,2016,2
-118.300835,28.878868,17.792955,0.16245656,5.694989,285.7934,1,2016,2
-118.67967,28.966513,17.871119,0.102367,5.951571,288.00873,1,2016,2
-118.804695,28.969116,17.92499,0.09505971,5.824929,288.31052,1,2016,2
-118.97929,29.010212,17.866604,0.09384059,5.8408303,288.77618,1,2016,2
-119.00606,29.027613,17.924997,0.08808911,5.9265165,289.10754,1,2016,2
-119.27221,29.195442,17.893663,0.08571097,5.967219,288.4653,1,2016,2
-119.31548,29.258669,17.863869,0.08549145,5.998483,290.18713,1,2016,2
-119.524666,29.380062,17.87847,0.0900991,6.0861893,290.78745,1,2016,2
-119.64189,29.50187,17.731878,0.091767415,6.0892773,292.39548,1,2016,2
-120.159485,29.585554,17.435114,0.108519144,5.9612164,291.14102,1,2016,2
-119.75746,29.631489,17.614286,0.09986291,6.0481153,291.94214,1,2016,2
-120.28108,29.633207,17.102337,0.108171955,5.833558,290.05023,1,2016,2
-120.48615,29.757696,16.805336,0.10424449,5.8069787,292.36942,1,2016,2
-151.125,34.125,14.8371534347534,0.234476119279861,7.27925820396557,21.7721769483204,0,2016,2
-141.125,47.125,7.94614839553833,0.281380295753479,6.20691549805538,69.930141503837,0,2016,2
-139.125,48.875,7.94122123718262,0.212811529636383,6.2082284107465,79.7942096714359,0,2016,2
-149.875,34.125,15.4286203384399,0.268888920545578,6.61891229734916,26.1779234229271,0,2016,2
-116.375,30.875,16.5652713775635,0.827163279056549,3.48381974275363,311.974988092436,0,2016,2
-144.375,45.625,8.00293350219727,0.337649196386337,6.32710044175055,60.5583870033815,0,2016,2
-114.125,26.875,20.5515651702881,0.517744183540344,4.09414215678938,293.308845245127,0,2016,2
-127.875,35.125,15.688684463501,0.109127514064312,0.782432105680742,308.774170935574,0,2016,2
-155.125,46.125,6.06847667694092,0.350943207740784,5.66364723477725,25.0718974095354,0,2016,2
-130.625,30.375,18.2997035980225,0.0668598264455795,2.2489108474993,174.897834747642,0,2016,2
-150.625,45.125,7.42297887802124,0.37535098195076,7.6928343281264,42.6294032487984,0,2016,2
-132.125,51.375,8.39535617828369,0.307165890932083,7.10157728958856,103.684019752248,0,2016,2
-143.375,40.875,11.0459690093994,0.349403142929077,8.07381570262785,42.8417588568321,0,2016,2
-141.125,51.125,6.80793285369873,0.28570568561554,5.3302345164167,89.4625319051189,0,2016,2
-117.41094,28.175764,17.151134,0.13449314,6.091543,292.69223,1,2017,2
-115.86651,28.178568,16.548235,0.36041823,6.25519,299.39267,1,2017,2
-117.53132,28.182783,17.216116,0.120198674,5.7974133,291.87482,1,2017,2
-117.242195,28.194014,17.101398,0.15832995,6.16709,292.1982,1,2017,2
-116.932014,28.230862,17.046036,0.19807248,6.3712244,291.935,1,2017,2
-115.90347,28.253796,16.475508,0.31367123,6.3558555,302.3398,1,2017,2
-115.73378,28.256119,16.413,0.35321423,6.200073,301.61356,1,2017,2
-117.84919,28.256296,17.219484,0.10529508,5.4574904,293.88788,1,2017,2
-116.48198,28.339909,16.601707,0.28393334,6.5409784,301.11398,1,2017,2
-118.04374,28.356754,17.344267,0.09499761,5.1931686,295.43015,1,2017,2
-116.13645,28.449865,16.565073,0.30925977,6.4110217,301.6075,1,2017,2
-115.765465,28.501255,16.445974,0.3055969,6.549763,304.92752,1,2017,2
-115.72061,28.50899,16.42642,0.3184497,6.54606,307.11496,1,2017,2
-115.48951,28.529936,16.236374,0.45432597,6.6643906,310.06976,1,2017,2
-118.145935,28.540052,17.153717,0.1063222,5.34,295.98923,1,2017,2
-118.81415,28.552322,16.846142,0.1367011,4.3852596,300.7173,1,2017,2
-118.32505,28.56792,17.095636,0.106984496,4.974706,298.05893,1,2017,2
-118.71766,28.589231,16.995152,0.121870056,4.693485,299.62375,1,2017,2
-118.73257,28.75265,16.80988,0.14731511,4.7609243,300.55096,1,2017,2
-118.20074,28.758894,16.88678,0.1316395,5.473655,299.7968,1,2017,2
-115.740425,28.766005,16.388773,0.3241964,6.9045277,308.94492,1,2017,2
-115.754005,28.76834,16.245525,0.35382357,6.722217,306.40964,1,2017,2
-118.39406,28.768871,16.75653,0.17401117,5.3835397,300.47095,1,2017,2
-117.93236,28.773722,17.0247,0.12510611,5.8098536,294.18277,1,2017,2
-119.47904,28.792883,16.809525,0.11991393,4.21578,303.38852,1,2017,2
-116.38242,28.795559,16.565567,0.2457127,6.7432485,304.60916,1,2017,2
-119.524925,28.80635,16.816114,0.11817893,4.138792,304.7652,1,2017,2
-118.783485,28.812487,16.763052,0.13815622,4.2936697,303.02386,1,2017,2
-119.22363,28.812895,16.797806,0.123324975,4.2767396,303.65292,1,2017,2
-120.04268,28.8264,16.988361,0.090733334,3.9215431,308.47726,1,2017,2
-119.93726,28.83088,16.84834,0.10213724,4.0606036,305.88214,1,2017,2
-116.12091,28.856947,16.271374,0.35381028,6.7414613,305.03378,1,2017,2
-117.59091,28.93568,17.176153,0.13347858,6.1051207,297.40448,1,2017,2
-116.531815,28.961874,16.780775,0.1775193,6.698007,303.73752,1,2017,2
-117.367195,28.961933,17.175539,0.15282747,6.282555,300.19736,1,2017,2
-117.24285,28.985645,17.028088,0.16094054,6.450341,301.49695,1,2017,2
-118.700745,29.00353,16.723719,0.13704863,4.3989205,304.1597,1,2017,2
-116.40679,29.009975,16.708853,0.20158981,6.816018,304.9025,1,2017,2
-118.38307,29.01456,16.647099,0.19001213,5.3727555,302.92105,1,2017,2
-117.47314,29.017248,17.07968,0.16282015,6.3834553,302.39548,1,2017,2
-120.13058,29.019209,17.010818,0.089423366,3.9768329,309.6949,1,2017,2
-117.11302,29.02257,17.010757,0.15909462,6.5483203,303.98126,1,2017,2
-116.144775,29.031805,16.238174,0.41162848,6.6912627,305.75665,1,2017,2
-116.501915,29.032606,16.928871,0.1615147,6.750563,305.29102,1,2017,2
-117.66673,29.050716,17.124866,0.14239226,6.354353,299.51,1,2017,2
-116.967125,29.069828,17.014263,0.15089752,6.483402,305.01373,1,2017,2
-119.96397,29.159584,17.066568,0.09405675,4.113636,308.48578,1,2017,2
-119.574554,29.240555,17.060717,0.10347465,4.1582327,307.47617,1,2017,2
-116.69774,29.250095,16.95657,0.14880781,6.7544503,306.20822,1,2017,2
-116.47049,29.251085,16.759893,0.17844829,6.2542543,303.58844,1,2017,2
-118.57961,29.255331,16.785948,0.11464461,4.1820807,307.2261,1,2017,2
-118.35243,29.261442,16.753857,0.13311891,5.146047,306.62494,1,2017,2
-118.80634,29.272915,16.846214,0.10247159,4.060049,306.58765,1,2017,2
-117.24821,29.273619,16.996044,0.1573581,6.2553096,305.6974,1,2017,2
-116.86605,29.279516,16.957,0.14715146,6.598015,306.9915,1,2017,2
-119.206856,29.306488,17.021116,0.09270698,4.2826743,307.88672,1,2017,2
-118.19469,29.335209,16.861868,0.15216704,5.399713,305.42667,1,2017,2
-116.01209,29.380117,16.330128,0.35434338,6.514599,305.2514,1,2017,2
-117.87779,29.473104,16.941397,0.14181921,6.379859,300.6249,1,2017,2
-117.95679,29.509306,16.86741,0.15138103,5.481104,305.71994,1,2017,2
-116.54094,29.515135,16.945354,0.14595936,6.612186,305.39667,1,2017,2
-119.08042,29.52794,16.95282,0.08794173,4.239304,309.73636,1,2017,2
-116.04808,29.540077,16.406317,0.29678836,6.2271423,302.87344,1,2017,2
-117.44186,29.553885,16.99566,0.13434912,6.295983,305.4319,1,2017,2
-118.922874,29.573017,16.872059,0.096862905,4.0844216,309.53616,1,2017,2
-118.12696,29.58495,16.734482,0.13921483,4.9825697,305.0297,1,2017,2
-117.09208,29.605032,17.028461,0.13732044,6.17013,306.49844,1,2017,2
-116.38088,29.60509,16.749857,0.173112,6.126092,301.3808,1,2017,2
-117.71333,29.606693,16.939028,0.1345462,5.9066825,305.143,1,2017,2
-116.77782,29.642006,17.0012,0.1354583,6.58411,306.5392,1,2017,2
-115.958374,29.687273,15.46582,0.95672387,6.2930837,303.79108,1,2017,2
-119.34459,29.739162,17.129519,0.086271755,4.302046,309.9079,1,2017,2
-116.917816,29.778732,16.932655,0.14945242,6.2002015,306.40784,1,2017,2
-119.129906,29.782219,16.879543,0.09605435,4.073389,311.51672,1,2017,2
-117.07128,29.78821,16.906551,0.15604822,6.026384,307.51642,1,2017,2
-116.40318,29.789776,16.64483,0.18466127,6.0386176,300.55695,1,2017,2
-119.56984,29.804329,17.279545,0.08123645,4.158389,314.02567,1,2017,2
-117.86515,29.806034,16.633007,0.14138083,5.0420036,306.93808,1,2017,2
-119.25297,29.834772,17.116692,0.08261539,4.2454915,312.9001,1,2017,2
-116.50973,29.85159,16.847588,0.15901908,6.370432,305.28674,1,2017,2
-117.34357,29.858768,16.821983,0.15948398,6.066119,307.22882,1,2017,2
-118.855896,29.909445,16.764057,0.106695004,4.06016,311.3054,1,2017,2
-119.88461,29.923306,17.302544,0.081787266,4.0383286,316.10364,1,2017,2
-116.21633,29.937973,16.287989,0.3334112,5.999083,303.71655,1,2017,2
-119.26182,30.002857,16.8814,0.091333956,4.1225843,315.49136,1,2017,2
-116.22609,30.010792,15.885984,0.5047522,5.5744147,306.17096,1,2017,2
-117.59106,30.02187,16.408905,0.18374407,5.4684734,309.65802,1,2017,2
-119.199425,30.025911,16.592258,0.11400184,4.1731043,313.6407,1,2017,2
-116.526855,30.051174,16.62363,0.18285191,6.110401,306.2135,1,2017,2
-119.614426,30.052214,17.136755,0.082682334,4.0717688,318.086,1,2017,2
-117.46058,30.073475,16.422922,0.1880112,5.8271947,309.2894,1,2017,2
-120.08668,30.103624,17.18147,0.08498709,3.9557805,319.10022,1,2017,2
-119.78126,30.183176,17.217379,0.08088515,4.0056586,319.15048,1,2017,2
-116.34307,30.239498,16.38056,0.23651177,5.9743786,304.22205,1,2017,2
-120.285,30.253353,16.93559,0.09099369,4.0362854,322.44873,1,2017,2
-116.44011,30.271648,16.070734,0.33840066,5.023644,302.64615,1,2017,2
-119.24461,30.28373,16.416763,0.13777293,4.0992804,317.86734,1,2017,2
-119.35103,30.287603,16.637115,0.11680384,4.140169,319.1135,1,2017,2
-117.47382,30.303118,16.286112,0.19721891,5.500418,311.01935,1,2017,2
-120.19281,30.446981,16.9413,0.08995147,3.985574,321.5198,1,2017,2
-116.55552,30.490349,16.43069,0.22698921,5.87218,308.43124,1,2017,2
-116.85543,30.494942,16.479311,0.17469227,6.128825,311.36182,1,2017,2
-116.75312,30.504356,16.254568,0.24029993,5.861672,312.23425,1,2017,2
-117.292755,30.521463,16.190336,0.22253561,5.3461947,314.24216,1,2017,2
-120.68182,30.527182,16.672598,0.0988993,3.97,324.94885,1,2017,2
-117.18852,30.527649,16.158342,0.2209646,5.5682044,313.0351,1,2017,2
-119.46004,30.543335,16.394388,0.13819644,4.184459,322.28113,1,2017,2
-121.06097,30.561058,16.460026,0.09576746,3.7193682,326.73718,1,2017,2
-117.661476,30.596754,16.150814,0.23896404,5.0487623,314.8395,1,2017,2
-120.08442,30.645336,16.767883,0.1029305,4.070012,322.98932,1,2017,2
-120.36181,30.670937,16.750223,0.09971255,4.0642834,323.8068,1,2017,2
-119.073845,30.714565,16.187115,0.16565874,4.160769,322.02838,1,2017,2
-120.903404,30.721188,16.523977,0.09971245,3.791385,326.1842,1,2017,2
-119.60163,30.772583,16.463806,0.12790108,4.052086,326.27072,1,2017,2
-117.83583,30.778763,15.967143,0.3148069,4.7927966,317.79065,1,2017,2
-117.02161,30.781345,16.043634,0.2767515,5.3342853,313.17688,1,2017,2
-119.396164,30.802689,16.241854,0.14397945,4.133098,325.3487,1,2017,2
-117.33529,30.844759,15.949041,0.2726323,5.1761956,315.46964,1,2017,2
-121.07723,30.861687,16.415983,0.100993484,3.7366562,327.45825,1,2017,2
-121.646164,30.928537,15.83949,0.12989567,3.4618204,330.39883,1,2017,2
-120.52231,30.98387,16.663477,0.10742988,4.1135144,325.49866,1,2017,2
-119.174225,30.999352,16.07845,0.16508396,4.2981505,323.61,1,2017,2
-119.71321,31.016636,16.280378,0.14378358,4.074911,327.3239,1,2017,2
-117.56185,31.026333,15.797992,0.39620548,4.775144,318.56573,1,2017,2
-118.01524,31.032795,15.890734,0.3590458,4.5661035,317.75165,1,2017,2
-118.8878,31.05194,15.952322,0.19889192,4.412811,325.8058,1,2017,2
-119.4408,31.06467,16.172112,0.15470485,4.180072,327.1083,1,2017,2
-119.2185,31.136818,16.085512,0.16762574,4.3183446,326.23633,1,2017,2
-121.3805,31.14283,15.840663,0.13318901,3.582178,330.57254,1,2017,2
-117.84285,31.207537,15.870032,0.38596246,4.890828,318.97937,1,2017,2
-120.84222,31.21073,16.284521,0.11145508,3.894663,327.37085,1,2017,2
-121.915726,31.212343,15.383669,0.16586289,3.0634947,333.01672,1,2017,2
-119.82348,31.240108,16.35696,0.13583411,4.0887284,327.28162,1,2017,2
-119.37359,31.257133,16.04792,0.17334563,4.153697,328.98892,1,2017,2
-119.52377,31.2594,16.209787,0.14612664,4.0958514,328.17255,1,2017,2
-121.492256,31.29822,15.378808,0.14930302,3.477269,331.2975,1,2017,2
-118.615906,31.36132,15.825998,0.3423589,4.6040525,326.06833,1,2017,2
-118.321915,31.365717,15.814914,0.41107467,4.526743,324.16806,1,2017,2
-122.18377,31.38913,15.011424,0.17026228,3.023326,338.86725,1,2017,2
-122.49709,31.449675,15.219941,0.1588343,3.0454721,342.21948,1,2017,2
-121.61527,31.465948,15.060889,0.17879762,3.3184333,333.89825,1,2017,2
-122.64627,31.47431,15.426102,0.14355753,3.0341556,345.68896,1,2017,2
-119.9433,31.516138,16.153591,0.14816472,4.398966,329.23727,1,2017,2
-119.51743,31.524946,15.941568,0.17276965,4.249847,329.45242,1,2017,2
-122.83356,31.61379,15.470559,0.13461405,3.20852,349.04028,1,2017,2
-121.7378,31.633095,14.7245035,0.22990906,3.3294594,335.5133,1,2017,2
-120.160164,31.638803,16.22551,0.13884182,4.4205995,330.30334,1,2017,2
-118.3807,31.649412,15.834235,0.38491738,4.529249,325.88892,1,2017,2
-120.963425,31.72606,15.520929,0.15997273,3.7375526,328.01086,1,2017,2
-119.71362,31.781479,15.514886,0.2228683,4.40822,330.06168,1,2017,2
-121.89316,31.784126,14.788251,0.22820352,3.2815392,337.42044,1,2017,2
-120.42216,31.794128,15.699664,0.17513625,4.3603325,333.43494,1,2017,2
-118.17706,31.890577,15.8567505,0.36171502,4.3406568,326.74927,1,2017,2
-120.55241,31.963745,15.395036,0.20862976,4.114365,333.43494,1,2017,2
-120.920456,31.993456,15.133048,0.23367134,3.7756193,330.31158,1,2017,2
-119.955345,31.993645,15.858996,0.1677301,4.5747566,330.96973,1,2017,2
-120.602165,32.016853,15.178528,0.25930402,4.2143564,335.01596,1,2017,2
-119.726585,32.042023,15.190288,0.299503,4.3995566,329.99667,1,2017,2
-123.0145,32.059917,15.236444,0.15357251,2.9849288,348.9912,1,2017,2
-118.023796,32.084805,15.779706,0.37835422,4.3375683,328.28867,1,2017,2
-120.82009,32.112415,15.032696,0.30392393,3.9533782,333.56458,1,2017,2
-119.75218,32.136192,15.433661,0.2112626,4.600174,331.4293,1,2017,2
-120.108376,32.187946,15.537005,0.19162211,4.570558,333.2107,1,2017,2
-122.21109,32.19062,14.7065,0.18955112,3.2864115,342.8332,1,2017,2
-118.39667,32.203983,15.799842,0.39922127,4.267177,332.35403,1,2017,2
-123.038345,32.281246,15.173039,0.16238272,2.960017,347.51318,1,2017,2
-119.78591,32.30222,15.12109,0.28206694,4.515584,331.27814,1,2017,2
-120.78056,32.31715,15.071982,0.3039421,4.193149,337.7165,1,2017,2
-122.31348,32.324604,14.747162,0.1699472,3.3434114,344.38416,1,2017,2
-121.187195,32.33689,14.962911,0.3372429,4.1323237,337.22015,1,2017,2
-118.80367,32.362392,15.703332,0.31545097,4.2705503,335.95578,1,2017,2
-121.31269,32.37958,14.858383,0.40664414,3.964669,338.54745,1,2017,2
-120.30631,32.467224,15.193754,0.2829304,4.455435,334.7578,1,2017,2
-119.8937,32.53839,14.841106,0.38758183,4.405962,332.27173,1,2017,2
-120.58872,32.551426,14.966097,0.36057255,4.488942,335.66168,1,2017,2
-121.693016,32.58167,14.600617,0.2812711,3.9253662,335.78555,1,2017,2
-119.43547,32.60605,15.13517,0.34528014,4.4553337,332.1696,1,2017,2
-122.48742,32.61515,14.699904,0.16066584,3.4282503,338.9745,1,2017,2
-119.627975,32.63228,15.008406,0.36717266,4.4766617,330.85837,1,2017,2
-121.82121,32.663822,14.555219,0.19194517,3.6332493,336.8221,1,2017,2
-123.19646,32.665752,15.091717,0.1684401,2.9757185,341.3824,1,2017,2
-122.54498,32.704517,14.901819,0.16949654,3.3021507,340.35785,1,2017,2
-120.15846,32.710674,14.799844,0.41508892,4.391913,334.07672,1,2017,2
-121.97618,32.75583,14.643255,0.17439853,3.7431805,333.5034,1,2017,2
-120.41064,32.7681,14.999882,0.3813787,4.442724,335.10776,1,2017,2
-122.12032,32.782936,14.576468,0.16041897,3.5921302,334.79037,1,2017,2
-120.0716,32.784584,14.5717325,0.45002416,4.324558,333.4942,1,2017,2
-122.614,32.795998,14.833317,0.17615007,3.3703709,338.23016,1,2017,2
-120.60488,32.813683,15.174,0.3700033,4.575172,333.939,1,2017,2
-123.31628,32.888836,15.006488,0.13899732,2.9093127,344.24396,1,2017,2
-122.41856,32.901318,14.648213,0.17749381,3.4993286,336.9519,1,2017,2
-122.84326,32.928684,14.960685,0.1730838,3.1543145,339.78412,1,2017,2
-120.382256,33.00786,14.966358,0.33576372,4.3379717,333.43494,1,2017,2
-120.852036,33.017315,15.310367,0.31111947,4.4856324,333.0922,1,2017,2
-123.3577,33.027176,14.665368,0.15329874,3.0513768,346.73798,1,2017,2
-120.527214,33.075443,15.230847,0.3127674,4.472639,332.57556,1,2017,2
-120.95835,33.256042,14.875705,0.28624707,4.186036,333.00647,1,2017,2
-123.527695,33.314564,14.287634,0.19608283,3.1524594,354.9043,1,2017,2
-120.71171,33.391273,14.876628,0.36392683,4.266427,333.55505,1,2017,2
-121.00055,33.52023,14.627212,0.35952094,3.7534118,334.937,1,2017,2
-120.83111,33.531147,14.689771,0.35681254,3.8150492,332.69614,1,2017,2
-121.28555,33.719887,14.440869,0.3386733,3.678709,335.59473,1,2017,2
-121.396194,33.770157,14.461214,0.35200986,3.4167235,333.58493,1,2017,2
-121.10914,33.78162,14.526326,0.40773022,3.340928,332.74466,1,2017,2
-121.55194,33.90637,14.165691,0.25137413,3.4061708,337.19897,1,2017,2
-121.16462,34.013344,14.088074,0.6493653,2.7772107,327.7978,1,2017,2
-121.43847,34.030087,14.306456,0.46013883,3.0064764,331.8154,1,2017,2
-121.71291,34.057987,14.1332,0.3376736,3.104094,336.65598,1,2017,2
-121.62315,34.289425,14.092,0.39325133,2.630076,336.94443,1,2017,2
-121.39624,34.296642,14.103392,0.5337987,2.4018743,332.47476,1,2017,2
-123.8522,34.34059,13.94134,0.28398162,3.087588,10.072478,1,2017,2
-121.997284,34.37524,13.959088,0.303591,2.7710288,343.0037,1,2017,2
-122.00239,34.397614,13.679946,0.36064333,2.8223572,347.9336,1,2017,2
-121.023,34.475376,13.831621,0.6556777,2.0602183,322.29575,1,2017,2
-122.11171,34.50048,13.721038,0.3795385,2.5401182,351.1681,1,2017,2
-121.49712,34.52383,13.831264,0.55366874,1.7400287,337.7094,1,2017,2
-121.68342,34.526417,13.862697,0.48864496,2.1132202,338.04755,1,2017,2
-121.81537,34.5273,13.910499,0.3830843,2.3889956,346.19644,1,2017,2
-123.77844,34.649326,14.004192,0.28354105,3.0923455,9.492783,1,2017,2
-121.74816,34.800625,13.769517,0.518783,1.5936437,345.09174,1,2017,2
-121.83107,34.800945,13.8074045,0.4370772,1.9630588,351.20944,1,2017,2
-123.71049,34.89503,13.696905,0.28352538,2.964355,8.731467,1,2017,2
-122.00089,34.976578,13.748698,0.42408806,2.2340322,353.57483,1,2017,2
-123.393776,35.03694,13.496383,0.3805621,2.763657,8.951071,1,2017,2
-122.92593,35.050556,13.547341,0.42893457,2.4350154,6.366176,1,2017,2
-121.705154,35.051666,13.577142,0.5054563,1.3006152,358.2376,1,2017,2
-122.68429,35.053345,13.713609,0.40583295,2.2949073,3.747645,1,2017,2
-123.182915,35.055294,13.438667,0.4444898,2.6407006,7.1788406,1,2017,2
-122.35398,35.060356,13.738031,0.40528142,2.110853,1.628825,1,2017,2
-122.1055,35.067158,13.788182,0.4246516,1.8552897,355.67236,1,2017,2
-121.977974,35.09862,13.707613,0.43800884,1.6070158,354.64417,1,2017,2
-123.65408,35.1695,13.872743,0.2503022,2.9105327,10.692212,1,2017,2
-123.76418,35.22416,14.173129,0.18496384,2.963461,11.8787,1,2017,2
-122.26985,35.283936,13.625595,0.41390806,1.7118703,2.6785512,1,2017,2
-123.74717,35.308453,14.005786,0.22389461,2.8419185,11.982109,1,2017,2
-122.47066,35.57536,13.407947,0.4923287,1.1672617,9.865807,1,2017,2
-122.564255,35.75152,13.186014,0.5459809,1.1072489,20.071526,1,2017,2
-122.79655,36.06463,13.232152,0.51855606,1.190798,7.7218256,1,2017,2
-122.72838,36.133923,13.100819,0.5552107,0.94847244,24.943905,1,2017,2
-122.80761,36.27126,13.181764,0.42143795,1.1524756,15.603947,1,2017,2
-123.03984,36.591316,13.497137,0.25520992,1.5666844,24.11102,1,2017,2
-122.51654,36.602234,13.106312,0.39482176,1.1101801,35.837654,1,2017,2
-122.41772,36.71617,13.10625,0.4628885,2.0586646,46.77147,1,2017,2
-122.51389,36.81695,12.9745245,0.52479756,1.3598897,25.245974,1,2017,2
-123.26503,36.848263,13.525038,0.2914454,1.6584631,30.430511,1,2017,2
-124.12542,37.006157,12.80671,0.2824972,1.9382982,24.05253,1,2017,2
-123.37729,37.01324,13.2678795,0.42976058,1.7364331,32.774876,1,2017,2
-122.72343,37.025257,12.852418,0.73599076,1.7749648,45.684776,1,2017,2
-123.94139,37.115658,13.200307,0.28999394,1.9060168,24.817131,1,2017,2
-123.733086,37.127903,13.338322,0.4328952,1.7803651,25.269638,1,2017,2
-123.49029,37.276024,12.996435,0.5381931,1.6397561,30.004921,1,2017,2
-124.27866,37.29189,12.541134,0.3503539,2.0041208,27.971584,1,2017,2
-123.54734,37.30639,13.153334,0.37887168,1.713301,25.218924,1,2017,2
-124.00182,37.322556,12.846821,0.33085153,1.8816216,29.971495,1,2017,2
-122.946594,37.34956,12.69652,1.021767,1.61149,56.901608,1,2017,2
-123.17394,37.432995,12.827027,0.7228764,1.5205262,35.36246,1,2017,2
-124.12091,37.501015,12.841225,0.511802,1.8531055,34.8907,1,2017,2
-116.375,31.375,14.7104196548462,3.30160140991211,1.99649693212887,312.157862116344,0,2017,2
-148.125,47.375,6.35058116912842,0.311728358268738,1.65680415257809,222.064326553579,0,2017,2
-129.875,49.125,7.38344955444336,0.338263720273972,2.38449156006055,287.827058853083,0,2017,2
-146.625,31.125,18.5233631134033,0.152152627706528,4.96813848438225,9.50024131533729,0,2017,2
-132.125,27.625,19.4902610778809,0.08550925552845,1.49264865256362,72.0505970070861,0,2017,2
-123.875,46.125,9.06104946136475,6.6579384803772,1.66300932047899,93.4473868518652,0,2017,2
-149.625,32.875,17.5002479553223,0.167835831642151,4.32417622212601,2.51833030758189,0,2017,2
-132.625,46.625,8.45491886138916,0.252749592065811,2.70558681250482,276.153104151197,0,2017,2
-129.125,27.375,19.2987976074219,0.0728248506784439,0.842021377400835,74.148071845713,0,2017,2
-138.625,45.625,8.48896312713623,0.201146319508553,3.40801995299323,264.105391852964,0,2017,2
-135.125,51.375,6.88422298431396,0.329290807247162,3.96056814106259,280.033120554331,0,2017,2
-139.375,41.875,9.45229530334473,0.296106606721878,2.76181100005051,272.075026361417,0,2017,2
-142.875,51.125,5.94407272338867,0.267400979995728,2.39301065605651,297.635875631865,0,2017,2
-139.875,42.375,9.25351524353027,0.259045243263245,2.64092786724666,271.518850397435,0,2017,2
-135.625,51.375,6.78201961517334,0.317489117383957,3.93153913881065,278.33620139154,0,2017,2
-132.125,42.375,9.76807022094727,0.264085829257965,2.2360008944542,351.253837737445,0,2017,2
-140.875,30.125,19.6091842651367,0.111168652772903,4.68249933262141,27.0575529108413,0,2017,2
-155.625,41.625,9.01615905761719,0.219903945922852,3.560631966379,152.211481230577,0,2017,2
-149.375,44.375,7.4127721786499,0.277662426233292,1.78600111982048,204.12535317355,0,2017,2
-144.125,36.625,13.4676856994629,0.174320429563522,0.380131556174964,268.492564241225,0,2017,2
-130.125,50.625,7.69686651229858,0.40275502204895,2.76001811588258,269.792407504354,0,2017,2
-136.125,47.625,7.41483354568481,0.308719366788864,3.71841364025037,266.144926403825,0,2017,2
-145.625,30.125,19.2263526916504,0.144955217838287,4.00371077876512,8.47415623771707,0,2017,2
-144.875,41.125,9.54800891876221,0.24788698554039,1.63376864947275,230.463842813237,0,2017,2
-144.375,51.625,5.67082023620605,0.249106243252754,2.41979337960909,312.990446186979,0,2017,2
-146.125,36.125,13.6612329483032,0.178006246685982,0.910823802938856,351.158185439808,0,2017,2
-150.875,39.875,9.87878227233887,0.302850335836411,1.49271564606257,199.163245775998,0,2017,2
-150.625,42.875,8.42473793029785,0.213318422436714,2.43148103015426,189.229886243728,0,2017,2
-140.375,41.875,9.46555805206299,0.319743126630783,2.56780061531265,265.532840938611,0,2017,2
-148.625,37.625,12.286732673645,0.273167431354523,0.980051019080129,261.787219810714,0,2017,2
-129.125,47.625,7.81954336166382,0.269303560256958,1.34182711255959,297.51989243095,0,2017,2
-146.875,31.875,18.157096862793,0.161071226000786,4.79642575257868,7.06574998316279,0,2017,2
-132.125,27.125,19.5498790740967,0.0816543847322464,1.42214626533279,100.124671655398,0,2017,2
-131.375,40.875,10.8249759674072,0.353414326906204,2.41298570240273,354.053136946026,0,2017,2
-137.625,47.375,7.63284730911255,0.276879340410233,3.68021738488367,269.377244312794,0,2017,2
-140.875,28.375,20.1398601531982,0.0941518023610115,3.05915020879982,27.2351466993025,0,2017,2
-142.875,48.875,7.03578901290894,0.232588395476341,2.60094213699575,268.457793872572,0,2017,2
-141.875,27.625,21.0580902099609,0.0888992547988892,2.80608267875343,28.7571208973024,0,2017,2
-150.125,49.125,5.25035619735718,0.337850242853165,0.260768096208106,212.471192290848,0,2017,2
-139.875,49.875,6.68467044830322,0.263883590698242,3.35049250111084,276.34019174591,0,2017,2
-137.125,42.125,10.0546092987061,0.223072364926338,2.74171479187752,295.723901146532,0,2017,2
-137.625,28.625,19.3096027374268,0.104216434061527,2.42621103781184,43.4969570787165,0,2017,2
-153.875,43.875,7.41949272155762,0.312996327877045,2.82603963171078,168.57078432667,0,2017,2
-115.125,25.875,18.83811378479,0.0868141278624535,6.27085321148566,297.545767591074,0,2017,2
-123.125,25.375,19.2726631164551,0.063227541744709,3.01877458582121,243.010543403561,0,2017,2
-147.125,50.625,5.40208101272583,0.277164608240128,1.09836241741968,326.888658039628,0,2017,2
-140.875,50.125,6.28004598617554,0.2323077917099,3.17455508693738,279.610679669093,0,2017,2
-126.375,47.375,8.70801544189453,0.214644864201546,0.765767588763066,40.7636052009412,0,2017,2
-148.125,45.625,6.94235229492188,0.262068450450897,1.90142052161009,220.30713749441,0,2017,2
-126.625,49.375,8.32498550415039,1.56782293319702,1.03768974168583,152.447188423282,0,2017,2
-124.125,34.375,14.2676420211792,0.224897280335426,3.18698917475413,10.8515760160198,0,2017,2
-147.625,35.625,13.9602890014648,0.186708226799965,1.47217526130553,356.884935240095,0,2017,2
-128.875,42.875,9.88240623474121,0.338357210159302,2.21110831937289,358.18580809097,0,2017,2
-131.625,49.625,7.28784704208374,0.330891042947769,2.7342640691784,280.323588954036,0,2017,2
-136.125,26.625,20.3036231994629,0.0776254385709763,1.76229963400098,87.0726520082591,0,2017,2
-147.625,42.625,8.41902160644531,0.302299916744232,2.03216633177503,217.602972930499,0,2017,2
-139.125,26.625,20.9370975494385,0.0649627596139908,1.77158121462156,67.7781887746114,0,2017,2
-135.125,49.625,7.15673685073853,0.25760355591774,3.83255789258297,274.639490683486,0,2017,2
-153.875,40.375,9.91993808746338,0.273818343877792,1.94095337398918,164.460087630366,0,2017,2
-140.875,51.625,6.13369750976562,0.21998342871666,3.06584409257875,291.627891605222,0,2017,2
-131.875,42.375,9.77584171295166,0.275200635194778,2.25503880232691,353.379223917685,0,2017,2
-146.875,36.125,13.0574350357056,0.215320020914078,0.87091905479212,325.762537223142,0,2017,2
-131.625,44.125,9.25964832305908,0.260157972574234,1.81463494951464,324.645844256612,0,2017,2
-142.875,49.625,6.84187316894531,0.21355365216732,2.65022640542275,279.995456133988,0,2017,2
-125.625,47.125,9.31249618530273,0.395587891340256,1.1906720791217,88.0748162916768,0,2017,2
-131.125,44.625,9.11662006378174,0.279119849205017,1.75171344688565,319.398705354996,0,2017,2
-127.875,48.875,8.24345016479492,0.276109099388123,1.02019605958855,268.876697285925,0,2017,2
-141.125,46.625,7.5726261138916,0.290717422962189,3.43918595019228,256.206191387823,0,2017,2
-145.625,50.125,5.70791101455688,0.261408418416977,1.57695909902572,285.446316367693,0,2017,2
-139.625,37.875,12.1042261123657,0.31458455324173,1.21198184804889,351.936753834303,0,2017,2
-131.125,27.625,19.4009056091309,0.0852368772029877,1.50632001911944,69.3994359241751,0,2017,2
-153.875,44.125,7.11238670349121,0.311460137367249,2.71459020848451,169.600761887613,0,2017,2
-130.125,49.875,7.524498462677,0.382788211107254,2.64427683875951,289.66839942775,0,2017,2
-151.625,34.875,14.1935377120972,0.17659892141819,2.46203168135587,2.32781508904117,0,2017,2
-146.625,41.375,9.61850357055664,0.308486223220825,1.83447540185198,221.685414179357,0,2017,2
-144.375,44.125,8.01901340484619,0.30542853474617,2.0666155907667,239.464170793526,0,2017,2
-154.375,42.125,8.98707389831543,0.194213435053825,3.39159254628265,164.611532167241,0,2017,2
-125.125,47.375,9.52324485778809,0.459161281585693,1.76028406798448,96.1964134291043,0,2017,2
-135.375,28.875,19.229959487915,0.0934170708060265,2.73001831495688,53.3399760657235,0,2017,2
-141.125,50.125,6.36885929107666,0.224532127380371,3.1224669734042,280.518207021828,0,2017,2
-134.625,44.875,9.0480489730835,0.223728373646736,2.61398163727292,275.928695546215,0,2017,2
-134.125,27.875,19.6538848876953,0.0828826799988747,1.565407295243,72.1437767426858,0,2017,2
-153.625,42.125,8.74869632720947,0.220125034451485,3.25510368498455,170.450866071264,0,2017,2
-149.125,40.875,9.53025531768799,0.237618312239647,2.49775899557984,204.102234501161,0,2017,2
-127.375,47.125,8.33176898956299,0.2225381731987,1.16275534829989,356.054813770962,0,2017,2
-131.375,45.125,9.08642673492432,0.256184190511703,2.10983411670207,299.845931949687,0,2017,2
-141.625,45.875,7.98163461685181,0.28748619556427,3.19419786487938,256.050766001274,0,2017,2
-136.125,47.875,7.33613634109497,0.341571003198624,3.73483600710928,267.083968575268,0,2017,2
-124.625,25.875,19.4754867553711,0.0567927658557892,1.70293863659264,236.496563017586,0,2017,2
-155.375,40.875,9.64014911651611,0.28354474902153,2.85490805456148,141.684965251145,0,2017,2
-125.875,29.125,17.4998092651367,0.0690663605928421,1.64076201808794,358.253718379714,0,2017,2
-145.875,49.375,5.68616676330566,0.311818420886993,1.49030198282093,268.846549548895,0,2017,2
-126.625,29.625,17.2401905059814,0.0742942541837692,1.62003086390352,6.37924816761313,0,2017,2
-132.625,44.625,9.08485507965088,0.259213179349899,2.34360832905159,295.799695067905,0,2017,2
-128.875,49.625,7.82857370376587,0.255159854888916,1.92106741162303,293.629377730657,0,2017,2
-132.375,47.875,7.83144426345825,0.24993397295475,2.85012280437177,274.83041995829,0,2017,2
-134.375,42.375,10.0970869064331,0.23289492726326,2.46602919690745,323.408911732601,0,2017,2
-138.875,50.625,6.8643102645874,0.248452737927437,3.68911913605403,279.360190801913,0,2017,2
-148.875,41.625,8.95413780212402,0.204124107956886,2.47541915642584,202.317186517066,0,2017,2
-140.125,27.125,20.4465198516846,0.0826776623725891,2.2914187744714,46.0609116902642,0,2017,2
-129.625,44.625,8.99999618530273,0.242672681808472,1.59423963067037,340.201123645475,0,2017,2
-147.375,45.625,6.5326189994812,0.261356115341187,2.06867107100186,221.472531949626,0,2017,2
-124.125,26.375,18.9893589019775,0.0616491287946701,1.61993827042885,258.967526759102,0,2017,2
-133.625,28.625,19.190601348877,0.0800528451800346,2.16621790224345,55.7230564102632,0,2017,2
-143.875,43.125,8.36910343170166,0.261163353919983,2.33565836542933,235.2893317712,0,2017,2
-146.125,42.875,8.23622131347656,0.312955439090729,2.17221085532689,222.947934629591,0,2017,2
-146.625,48.625,5.99163627624512,0.270166605710983,1.6502424064361,243.745492012428,0,2017,2
-146.125,45.875,6.69566631317139,0.314049392938614,2.17623528139767,233.972626614896,0,2017,2
-144.875,50.625,6.00516510009766,0.204213604331017,2.01258540191466,297.201644753041,0,2017,2
-126.625,27.375,19.0170116424561,0.063801109790802,0.39446165846632,30.4655449194599,0,2017,2
-136.375,49.875,6.99848651885986,0.306773245334625,4.00281151192509,274.585335898561,0,2017,2
-116.875,27.375,17.8409290313721,0.112240999937057,6.25798689675841,291.563386845782,0,2017,2
-147.375,41.875,9.06671142578125,0.219524443149567,2.07407810846168,216.372646855935,0,2017,2
-124.375,45.375,9.98945713043213,0.69451504945755,2.44204832057025,64.2743873566343,0,2017,2
-128.875,44.875,8.89795589447021,0.246131762862206,1.58685223004538,347.627844749482,0,2017,2
-116.125,27.875,17.0830230712891,0.227729335427284,6.30124590854856,296.483722942823,0,2017,2
-154.625,43.875,7.74502897262573,0.29328191280365,2.95880043260778,163.708812042301,0,2017,2
-157.375,42.875,8.58795833587646,0.261719435453415,4.02246193269744,161.294790070584,0,2017,2
-148.375,42.875,8.25309753417969,0.285472571849823,2.07761882933323,214.607945410583,0,2017,2
-150.875,41.125,9.57192802429199,0.276446133852005,2.36516384210481,191.214914684654,0,2017,2
-146.875,31.625,18.2982292175293,0.138985887169838,4.91717398512601,9.48147826866693,0,2017,2
-133.125,48.125,7.61358785629272,0.283153265714645,3.22307306774141,275.162240270945,0,2017,2
-136.625,43.125,9.22806930541992,0.220706969499588,2.77461709069918,292.683403352283,0,2017,2
-147.125,50.875,5.48316097259521,0.264178425073624,1.22967475374588,328.63669778605,0,2017,2
-149.875,43.375,7.89723634719849,0.218186408281326,2.11624667749296,199.89058212996,0,2017,2
-131.875,46.375,8.31189727783203,0.239619836211205,2.23221862728542,282.417445790076,0,2017,2
-144.125,41.375,9.48364639282227,0.270657151937485,2.05119477378429,238.557192929536,0,2017,2
-138.875,46.125,8.42214202880859,0.214255198836327,3.38141982013473,263.547537111997,0,2017,2
-140.125,45.875,7.84351778030396,0.248283907771111,3.51489686904182,260.832461708527,0,2017,2
-144.875,35.625,14.4201011657715,0.165962487459183,1.72939295708061,5.97432328648063,0,2017,2
-131.625,46.875,8.06460666656494,0.24495555460453,2.29688920063637,280.282535029273,0,2017,2
-146.375,41.875,9.5136022567749,0.264577269554138,1.95897932607774,220.03025927189,0,2017,2
-135.625,45.875,8.12680149078369,0.290896892547607,3.37179477430048,268.130475112962,0,2017,2
-154.375,46.375,6.30639839172363,0.369865506887436,2.03066491573573,162.814293855775,0,2017,2
-153.375,42.375,8.45495319366455,0.211584806442261,3.32640947569598,174.306545892654,0,2017,2
-145.125,32.625,16.5704593658447,0.167239725589752,4.36766528021551,10.8211163991851,0,2017,2
-141.125,27.375,20.7031917572021,0.0938838198781013,2.37760383579771,32.286367836727,0,2017,2
-127.875,27.875,18.8788013458252,0.0657491162419319,0.711196175467782,27.6459753637387,0,2017,2
-155.125,43.875,8.01564311981201,0.259967505931854,3.33624039901204,161.293509231394,0,2017,2
-145.375,35.625,14.3582849502563,0.17495533823967,1.77132718603876,6.48307369289722,0,2017,2
-129.375,49.875,7.7520227432251,0.300877749919891,2.23080702885749,290.465863059775,0,2017,2
-154.875,37.375,11.6250562667847,0.251838356256485,0.196977156035922,156.037511025422,0,2017,2
-150.875,34.875,14.3194627761841,0.185372859239578,2.26433213111505,3.54476645559487,0,2017,2
-144.625,46.875,7.00349235534668,0.27996090054512,2.35535559947962,237.65940678502,0,2017,2
-128.625,49.625,7.84736728668213,0.244541719555855,1.60729586573226,293.853905820592,0,2017,2
-158.375,41.625,8.55712413787842,0.222379416227341,2.73585452829642,168.40256423538,0,2017,2
-147.375,40.625,9.9226016998291,0.316533148288727,1.80424499445059,222.978635059644,0,2017,2
-126.125,45.625,9.4288969039917,0.21663224697113,1.59176003216565,20.5981744616329,0,2017,2
-132.625,47.625,7.92287635803223,0.235295966267586,2.92441447130874,275.691098146924,0,2017,2
-144.625,43.375,8.24726676940918,0.256026178598404,2.09804671063349,232.747772036108,0,2017,2
-126.375,46.125,9.03282451629639,0.244727060198784,1.14725759966975,14.6418845412334,0,2017,2
-128.125,45.125,8.9483470916748,0.253883183002472,1.63477827242718,346.558795162901,0,2017,2
-151.125,46.625,6.20854663848877,0.297057062387466,1.61111762450791,189.286927512497,0,2017,2
-149.875,32.875,17.5597019195557,0.174525022506714,4.48001116070038,0.127892152578909,0,2017,2
-150.375,47.625,5.79483604431152,0.288462787866592,1.19100797646363,203.767107704582,0,2017,2
-124.625,46.625,9.41471576690674,1.50967764854431,1.83635508548864,99.7187922028256,0,2017,2
-134.125,43.375,9.71753406524658,0.246578887104988,2.80401497856199,303.803412144718,0,2017,2
-152.125,45.375,6.85688161849976,0.274698138237,2.08038457983133,178.898293884794,0,2017,2
-148.375,45.625,7.09464740753174,0.249397575855255,1.85698680663057,221.069824454275,0,2017,2
-144.625,37.125,13.4116992950439,0.181794062256813,0.691158447825099,266.682218831665,0,2017,2
-130.625,47.875,7.66761684417725,0.266627639532089,2.29085137012422,282.094757077012,0,2017,2
-115.875,27.625,16.8358592987061,0.278930157423019,6.3420580255939,295.79738215841,0,2017,2
-129.875,41.875,9.94737911224365,0.301392197608948,2.11532503412596,355.933681225194,0,2017,2
-126.625,48.125,8.69164562225342,0.231503054499626,0.0824621125123532,255.963756532074,0,2017,2
-156.875,39.125,11.2086305618286,0.223918557167053,0.93,90,0,2017,2
-131.375,47.125,7.96679735183716,0.252967178821564,2.34183688586545,282.077669162364,0,2017,2
-138.125,49.125,6.88061046600342,0.2569739818573,3.79021107591649,270.604682346023,0,2017,2
-145.375,40.625,9.85585784912109,0.295552164316177,1.66832251078741,230.106484572328,0,2017,2
-131.625,25.875,20.1101303100586,0.0699137896299362,1.57384878562078,139.122297811784,0,2017,2
-135.875,27.375,20.2017631530762,0.0872699618339539,1.74040225235432,73.6476164568089,0,2017,2
-123.875,45.875,9.36938285827637,3.60071659088135,1.84002717371239,90.3113870402748,0,2017,2
-139.125,48.375,6.88749885559082,0.2338857203722,3.8408332429305,268.806510576018,0,2017,2
-146.875,30.875,18.8148460388184,0.153141126036644,4.88942736933478,8.94216634157624,0,2017,2
-142.625,29.375,19.2391262054443,0.104398891329765,3.85810834477209,33.1546085404153,0,2017,2
-140.625,37.125,13.3342704772949,0.192511647939682,1.02004901843,322.568397021589,0,2017,2
-126.875,26.375,19.0427303314209,0.0621023923158646,0.942549733435854,162.718501628183,0,2017,2
-142.875,50.125,6.6709771156311,0.21948079764843,2.57846853771769,286.677960513014,0,2017,2
-115.625,27.875,16.3691844940186,0.535581171512604,6.30353075664742,298.109914184784,0,2017,2
-128.375,46.125,8.88094806671143,0.236347690224648,1.42762039772483,335.589260160508,0,2017,2
-152.375,41.625,8.97542381286621,0.209319531917572,2.8202304870347,175.11825763537,0,2017,2
-153.125,37.875,12.755051612854,0.206672921776772,0.87783825389419,222.2297842028,0,2017,2
-116.375,26.375,17.7715740203857,0.168764755129814,6.09330780446877,290.159845606487,0,2017,2
-147.125,37.375,12.0325651168823,0.240355938673019,0.795110055275369,263.500653720345,0,2017,2
-141.625,44.875,8.02948760986328,0.327140867710114,3.01935423559409,262.00407955396,0,2017,2
-123.875,28.375,17.8245258331299,0.0602781027555466,1.48492424049175,315,0,2017,2
-136.625,44.125,8.70405864715576,0.246808111667633,3.08734513781663,277.631434317846,0,2017,2
-132.625,28.375,19.2875957489014,0.0823438167572021,2.06634943801865,56.8482662384145,0,2017,2
-151.625,36.125,12.3640956878662,0.201302424073219,0.807217442824423,318.012787504183,0,2017,2
-148.625,34.875,14.8060445785522,0.164171040058136,2.55706863419815,355.738776755501,0,2017,2
-126.375,29.375,17.4706535339355,0.0714279636740685,1.61027947884831,358.93250031626,0,2017,2
-128.625,47.875,7.85880327224731,0.259991765022278,1.25936491931449,302.680554743363,0,2017,2
-133.375,42.375,10.0900850296021,0.250285685062408,2.49721845259881,331.279673202131,0,2017,2
-147.375,51.125,5.40363454818726,0.285518407821655,1.25706006220864,332.007946955407,0,2017,2
-154.875,37.625,11.3872509002686,0.254973083734512,0.322800247831379,163.810793742973,0,2017,2
-135.375,44.125,9.10306835174561,0.261390626430511,2.869651546791,286.603623862966,0,2017,2
-138.125,42.625,9.30964374542236,0.236363232135773,2.86122351451263,286.027914969426,0,2017,2
-157.375,43.375,8.56136512756348,0.246310725808144,3.87056843370583,159.270699247068,0,2017,2
-147.625,37.375,12.1442289352417,0.216768503189087,0.93,270,0,2017,2
-141.875,37.875,12.5764684677124,0.275946348905563,0.855102333057278,259.215702132437,0,2017,2
-153.375,43.875,7.42339897155762,0.286222457885742,2.64092786724666,174.785929070576,0,2017,2
-135.625,51.125,6.84951782226562,0.320706903934479,4.00262413923666,277.320321937245,0,2017,2
-147.875,48.625,5.48477745056152,0.276596218347549,1.19854077944808,243.221159593045,0,2017,2
-139.375,46.375,8.32830619812012,0.264042586088181,3.3694213153003,259.223656565194,0,2017,2
-131.625,49.875,7.24642324447632,0.341169595718384,2.83282544467533,278.730784973737,0,2017,2
-148.125,33.375,15.1074810028076,0.182833090424538,3.53033992697587,355.613742131125,0,2017,2
-145.625,36.625,13.7634325027466,0.197141200304031,1.01607086367044,306.193207305565,0,2017,2
-150.625,44.625,6.82172298431396,0.243517741560936,1.8534832073693,197.261820371613,0,2017,2
-130.625,47.125,8.03650569915771,0.23523373901844,2.23651514638287,285.030430523433,0,2017,2
-142.375,28.375,20.3152713775635,0.104121334850788,3.59984721898027,30.5543129575409,0,2017,2
-148.625,47.875,5.86606359481812,0.26369833946228,1.36488094718917,225.890536253361,0,2017,2
-146.125,42.375,8.82814025878906,0.303061336278915,2.06867107100186,221.472531949626,0,2017,2
-145.875,44.625,7.60596942901611,0.27106648683548,1.91175312213685,227.968234029872,0,2017,2
-131.875,44.375,9.29692363739014,0.265072911977768,1.9975234666957,309.107772382681,0,2017,2
-152.125,45.875,6.45435857772827,0.343222260475159,1.97124326251227,177.96496554314,0,2017,2
-133.875,48.625,7.45126914978027,0.286777049303055,3.50291307342903,276.556946498163,0,2017,2
-125.375,32.125,14.9837064743042,0.184240415692329,2.42596372602725,11.1709777435888,0,2017,2
-141.375,51.625,5.97858905792236,0.226319864392281,2.92318319644869,294.022192787126,0,2017,2
-140.125,43.625,8.85747051239014,0.247561901807785,2.88027776438315,270.795723552739,0,2017,2
-146.375,45.125,7.07497501373291,0.312328398227692,2.07530720617455,228.320605707623,0,2017,2
-124.625,43.125,10.552960395813,1.29626619815826,3.40113216444172,59.8163193427777,0,2017,2
-154.125,40.375,10.0116958618164,0.260385692119598,2.08923430950193,157.485613171965,0,2017,2
-151.625,39.875,9.7294750213623,0.288244515657425,1.55167651267911,187.033416459695,0,2017,2
-140.125,44.875,8.26663398742676,0.255114555358887,2.96952858211535,263.425427421404,0,2017,2
-142.875,28.625,19.6057872772217,0.10498720407486,3.54870398878238,30.1053533080947,0,2017,2
-128.375,45.125,8.86433982849121,0.241304397583008,1.56518369528947,347.828541791413,0,2017,2
-146.625,36.875,12.5606689453125,0.198748677968979,0.774661216274573,281.164880177549,0,2017,2
-140.625,46.625,7.76421165466309,0.295381963253021,3.46930828840563,258.528123978953,0,2017,2
-126.125,46.125,9.17524242401123,0.254600614309311,1.11359777298628,26.1048540090993,0,2017,2
-145.375,48.875,5.85301637649536,0.303623139858246,1.84791774708725,260.027942312669,0,2017,2
-153.625,36.375,13.2315683364868,0.190240874886513,0.760065786626395,302.644640134916,0,2017,2
-156.375,43.625,7.96589851379395,0.260341107845306,3.77809475794348,159.550452389207,0,2017,2
-146.875,44.875,7.17454385757446,0.304465621709824,2.02970441197727,224.001916656592,0,2017,2
-127.375,44.625,9.39681625366211,0.327060580253601,2.19228191617775,2.61442959659547,0,2017,2
-141.375,48.875,7.24896287918091,0.227462396025658,3.1975772078247,273.945186229038,0,2017,2
-125.375,36.625,12.9927282333374,0.253093004226685,2.59478322794025,10.6603482945353,0,2017,2
-140.125,44.375,8.80669116973877,0.290331453084946,3.04113465667011,265.095544279401,0,2017,2
-118.125,33.875,14.7300109863281,6.82087802886963,0.670522184569608,72.6459753637387,0,2017,2
-129.875,45.625,8.70914077758789,0.237472280859947,1.23709336753537,304.460816271372,0,2017,2
-137.625,43.125,9.20990085601807,0.212967038154602,2.8969811873742,285.619392138711,0,2017,2
-148.625,34.375,14.9156360626221,0.171466812491417,3.07026057526067,359.253517425311,0,2017,2
-139.125,49.875,6.88317728042603,0.276309907436371,3.53735777099235,275.678359228375,0,2017,2
-124.875,44.625,10.1231174468994,0.409570813179016,2.32948492160821,47.9579415290594,0,2017,2
-154.875,41.375,9.38679027557373,0.236652791500092,3.17397227461111,156.019182241814,0,2017,2
-134.375,47.875,7.56508779525757,0.252358049154282,3.58113110622887,268.559906638204,0,2017,2
-131.625,27.625,19.3651847839355,0.0853541269898415,1.3641847382228,64.3741397686576,0,2017,2
-133.375,39.125,12.9639453887939,0.181543752551079,2.96057426861749,4.84400037508067,0,2017,2
-127.375,47.875,8.61516857147217,0.22443662583828,0.896270048590267,324.536635758459,0,2017,2
-132.875,47.875,7.73909091949463,0.234397396445274,2.958192015404,274.265010493777,0,2017,2
-131.375,25.625,20.0298023223877,0.0619292221963406,1.94825563004448,138.537419429987,0,2017,2
-133.625,44.625,8.88930892944336,0.273090779781342,2.50145957392879,287.927919762007,0,2017,2
-156.625,38.625,11.8562574386597,0.218321606516838,0.779294552784761,81.1420412363717,0,2017,2
-143.125,48.125,6.86648941040039,0.199385017156601,2.46908890078912,256.414008792111,0,2017,2
-132.125,42.125,9.79946613311768,0.304164350032806,2.27721320916598,349.627640860775,0,2017,2
-149.125,47.375,5.8805456161499,0.30895808339119,1.3189389675038,220.695531039492,0,2017,2
-150.875,44.875,6.70691823959351,0.244036093354225,1.85722911887575,196.58104784774,0,2017,2
-144.625,45.375,7.61209058761597,0.306209564208984,1.95233193898988,240.546327273079,0,2017,2
-132.375,42.125,9.88720417022705,0.272265434265137,2.31311478314415,350.29334759066,0,2017,2
