"longitude","latitude","sst","chlc","phoebastria_immutabilis","nyear","nmonth"
-121.19608,28.178852,17.68666,0.08886911,1,2014,1
-123.930664,28.181969,17.671152,0.07555614,1,2014,1
-123.969376,28.187796,17.709072,0.07318659,1,2014,1
-123.07174,28.188366,17.941795,0.06861771,1,2014,1
-121.14406,28.190739,17.697165,0.090409935,1,2014,1
-122.93415,28.191471,18.02894,0.064928845,1,2014,1
-123.13113,28.19315,17.887074,0.06734109,1,2014,1
-123.01704,28.19419,18.004688,0.06317473,1,2014,1
-123.28787,28.196276,17.86081,0.06190752,1,2014,1
-123.24685,28.197462,17.876646,0.06959467,1,2014,1
-123.32619,28.197914,17.83578,0.06407646,1,2014,1
-121.27027,28.19843,17.780989,0.095323555,1,2014,1
-122.96793,28.198912,18.035786,0.0663132,1,2014,1
-122.86922,28.199442,18.057072,0.063649684,1,2014,1
-122.817505,28.199652,18.08854,0.06509787,1,2014,1
-123.914894,28.200212,17.632729,0.07663213,1,2014,1
-122.943886,28.200281,17.995506,0.06665944,1,2014,1
-122.759964,28.200697,18.109526,0.06544877,1,2014,1
-121.21224,28.200756,17.637918,0.08756267,1,2014,1
-124.03548,28.20168,17.684944,0.075354606,1,2014,1
-123.17242,28.20223,17.898241,0.06404473,1,2014,1
-122.9218,28.203876,18.003736,0.066553816,1,2014,1
-123.19191,28.204937,17.911,0.070198834,1,2014,1
-123.36488,28.205297,17.820007,0.068836905,1,2014,1
-122.64865,28.20539,18.16869,0.07310373,1,2014,1
-121.56238,28.205667,17.85707,0.084078394,1,2014,1
-122.704346,28.207064,18.137856,0.06528058,1,2014,1
-121.611336,28.208506,17.822493,0.08695617,1,2014,1
-124.11138,28.208576,17.79462,0.065496475,1,2014,1
-122.58666,28.20877,18.1996,0.062485196,1,2014,1
-123.40004,28.20915,17.8017,0.070848346,1,2014,1
-123.871765,28.211739,17.601667,0.078822725,1,2014,1
-123.761314,28.212673,17.562283,0.079024866,1,2014,1
-121.67192,28.212755,17.826565,0.08494718,1,2014,1
-123.815994,28.214891,17.582497,0.08067009,1,2014,1
-123.4325,28.215574,17.772045,0.07335428,1,2014,1
-123.457794,28.21598,17.734142,0.0721605,1,2014,1
-123.73164,28.21669,17.55004,0.082755335,1,2014,1
-123.49793,28.217377,17.70222,0.07134832,1,2014,1
-122.52048,28.219757,18.20882,0.065965034,1,2014,1
-124.178406,28.221107,17.841663,0.06531187,1,2014,1
-121.0895,28.22373,17.60133,0.09484175,1,2014,1
-121.30252,28.22518,17.718777,0.08837793,1,2014,1
-121.490524,28.225185,17.919657,0.084987864,1,2014,1
-121.71206,28.22615,17.834862,0.08287565,1,2014,1
-124.25948,28.227657,17.84572,0.06444473,1,2014,1
-124.344536,28.230503,17.860518,0.06349908,1,2014,1
-121.34081,28.230667,17.77172,0.09155346,1,2014,1
-124.41611,28.235521,17.911114,0.06345566,1,2014,1
-123.56041,28.235983,17.656187,0.08328744,1,2014,1
-123.73877,28.237555,17.543243,0.08355691,1,2014,1
-121.4287,28.239853,17.915684,0.08484192,1,2014,1
-123.57373,28.240753,17.591585,0.07900442,1,2014,1
-122.456024,28.240852,18.302376,0.066536546,1,2014,1
-123.50707,28.242058,17.686867,0.07298865,1,2014,1
-121.37969,28.243692,17.832727,0.0905783,1,2014,1
-122.43528,28.246824,18.295006,0.07226663,1,2014,1
-124.48562,28.249216,17.939022,0.06159168,1,2014,1
-123.619995,28.255531,17.579218,0.083786994,1,2014,1
-122.37678,28.256231,18.266624,0.07168218,1,2014,1
-124.56627,28.25863,18.001907,0.06488257,1,2014,1
-121.02982,28.25877,17.492514,0.094215825,1,2014,1
-123.69664,28.259579,17.556465,0.08635621,1,2014,1
-123.654434,28.260668,17.564293,0.08516692,1,2014,1
-121.74081,28.26098,17.830608,0.08197969,1,2014,1
-124.62643,28.26348,18.030098,0.06239591,1,2014,1
-124.69904,28.269756,18.142042,0.061612315,1,2014,1
-121.96585,28.269814,18.118536,0.070645005,1,2014,1
-121.90974,28.27081,18.008564,0.07009752,1,2014,1
-121.799736,28.27222,17.841524,0.07821508,1,2014,1
-122.310974,28.273235,18.229147,0.07275528,1,2014,1
-121.84982,28.277817,17.900795,0.073201165,1,2014,1
-121.00102,28.278753,17.423061,0.09344623,1,2014,1
-124.78164,28.284637,18.128439,0.06223685,1,2014,1
-124.8398,28.292288,18.151117,0.06373566,1,2014,1
-120.97045,28.293406,17.452847,0.09245921,1,2014,1
-122.257996,28.295715,18.226969,0.07177021,1,2014,1
-121.96657,28.298595,18.057833,0.07128237,1,2014,1
-122.20939,28.307356,18.255777,0.06735674,1,2014,1
-124.93436,28.320637,18.071476,0.06455018,1,2014,1
-121.98799,28.321562,18.095263,0.07167541,1,2014,1
-122.14259,28.32501,18.22209,0.069209285,1,2014,1
-122.04127,28.337393,18.169699,0.07020229,1,2014,1
-120.88598,28.340597,17.42709,0.09736227,1,2014,1
-122.07512,28.341105,18.206253,0.06676353,1,2014,1
-124.97689,28.348185,18.07353,0.063872054,1,2014,1
-122.05,28.350216,18.118507,0.073598675,1,2014,1
-121.984856,28.35518,18.004345,0.069876686,1,2014,1
-125.01844,28.360506,18.016008,0.06320953,1,2014,1
-121.93279,28.361769,17.935318,0.07515987,1,2014,1
-120.135574,28.363977,17.576561,0.10387156,1,2014,1
-121.86817,28.365232,17.770144,0.08186915,1,2014,1
-121.82937,28.372084,17.722248,0.08746684,1,2014,1
-120.09749,28.37374,17.622686,0.097731076,1,2014,1
-125.084694,28.379892,18.021778,0.068915,1,2014,1
-120.84153,28.381157,17.358849,0.11246872,1,2014,1
-122.11368,28.381693,18.130138,0.06764215,1,2014,1
-121.76307,28.382809,17.713049,0.08940996,1,2014,1
-120.138336,28.388454,17.490866,0.10341682,1,2014,1
-121.69602,28.397858,17.646688,0.08059146,1,2014,1
-120.02965,28.402542,17.595835,0.09777809,1,2014,1
-121.63141,28.403599,17.66206,0.08212463,1,2014,1
-120.63489,28.4051,17.356234,0.1133725,1,2014,1
-125.13159,28.405485,17.96068,0.065300666,1,2014,1
-121.565475,28.413307,17.65453,0.08487974,1,2014,1
-120.79492,28.416204,17.223022,0.122908734,1,2014,1
-120.557526,28.416363,17.342966,0.11363819,1,2014,1
-125.20378,28.42288,17.994936,0.0618203,1,2014,1
-120.585945,28.423782,17.364576,0.11825357,1,2014,1
-120.61156,28.426456,17.296947,0.11520825,1,2014,1
-120.579025,28.429142,17.277637,0.11163357,1,2014,1
-121.50408,28.429716,17.611782,0.083708584,1,2014,1
-120.65236,28.433317,17.284294,0.11355178,1,2014,1
-119.961174,28.436592,17.509901,0.11170985,1,2014,1
-125.26883,28.438227,17.952028,0.06967375,1,2014,1
-120.75716,28.442738,17.11307,0.12462429,1,2014,1
-120.49701,28.443058,17.228222,0.117025636,1,2014,1
-120.558815,28.44498,17.233343,0.11446953,1,2014,1
-122.10796,28.446821,17.919104,0.06982871,1,2014,1
-121.43111,28.45156,17.571556,0.08605255,1,2014,1
-120.43467,28.458994,17.355091,0.116263136,1,2014,1
-120.13509,28.460962,17.393309,0.10183525,1,2014,1
-125.32608,28.461552,17.963669,0.06951047,1,2014,1
-125.32553,28.463156,17.904707,0.060468737,1,2014,1
-119.86315,28.470392,17.404501,0.11240347,1,2014,1
-120.3888,28.472265,17.305246,0.11285333,1,2014,1
-120.28105,28.472935,17.329445,0.11601971,1,2014,1
-121.360435,28.477165,17.508146,0.087274574,1,2014,1
-119.84957,28.477222,17.392328,0.11846355,1,2014,1
-120.34194,28.478857,17.353758,0.11375166,1,2014,1
-120.3045,28.479523,17.351604,0.11185627,1,2014,1
-125.37455,28.482391,17.921053,0.06832521,1,2014,1
-120.715225,28.484447,17.07137,0.124559425,1,2014,1
-119.811615,28.487297,17.399883,0.11572238,1,2014,1
-120.68013,28.488476,17.148718,0.13271411,1,2014,1
-121.31397,28.488792,17.445597,0.08741906,1,2014,1
-120.23054,28.492044,17.318037,0.11796482,1,2014,1
-125.43506,28.497982,17.933931,0.06593914,1,2014,1
-121.25267,28.503862,17.333902,0.09740784,1,2014,1
-120.16093,28.508945,17.190758,0.11512429,1,2014,1
-119.75322,28.511845,17.369822,0.11811774,1,2014,1
-122.1085,28.514862,17.662708,0.082132496,1,2014,1
-120.08938,28.524006,17.267708,0.113867775,1,2014,1
-125.49229,28.525082,17.97097,0.06759734,1,2014,1
-121.1871,28.526136,17.250881,0.10191666,1,2014,1
-119.68251,28.536264,17.431063,0.11243263,1,2014,1
-120.04651,28.537733,17.1151,0.12151488,1,2014,1
-120.10932,28.546312,17.117498,0.115130804,1,2014,1
-125.55374,28.550028,17.97568,0.07308632,1,2014,1
-121.11598,28.553164,17.088043,0.11071264,1,2014,1
-119.99671,28.556442,17.137264,0.11932607,1,2014,1
-119.61129,28.559715,17.466179,0.115334824,1,2014,1
-121.06803,28.568932,17.048965,0.103711225,1,2014,1
-119.94544,28.571423,17.208893,0.12459799,1,2014,1
-120.19557,28.572905,17.082169,0.1288785,1,2014,1
-121.13171,28.575453,17.08345,0.10760651,1,2014,1
-119.93012,28.576235,17.07296,0.11807013,1,2014,1
-118.83577,28.577137,17.829533,0.10231033,1,2014,1
-125.6128,28.57924,17.985344,0.070979305,1,2014,1
-119.918335,28.579891,17.155487,0.12911685,1,2014,1
-119.996574,28.582495,16.99742,0.119577244,1,2014,1
-122.10887,28.583183,17.597324,0.087037265,1,2014,1
-121.0231,28.584707,16.964798,0.12780634,1,2014,1
-119.541115,28.584967,17.528887,0.11113914,1,2014,1
-125.64098,28.592102,18.043549,0.07201529,1,2014,1
-125.66305,28.601933,18.067173,0.07205872,1,2014,1
-120.96999,28.604443,16.907381,0.13544363,1,2014,1
-119.466095,28.608583,17.561775,0.109345764,1,2014,1
-121.17989,28.612528,17.063433,0.110452265,1,2014,1
-119.846664,28.61273,17.158878,0.12821074,1,2014,1
-120.95201,28.613792,16.889658,0.13454084,1,2014,1
-118.77939,28.617676,17.808653,0.10612418,1,2014,1
-119.60281,28.617844,17.424704,0.11595669,1,2014,1
-125.705605,28.618616,18.062796,0.069090426,1,2014,1
-119.88627,28.619967,17.122179,0.12495027,1,2014,1
-119.78473,28.625492,17.204464,0.12605572,1,2014,1
-119.7564,28.626137,17.217598,0.120535724,1,2014,1
-119.69776,28.62733,17.300547,0.11937908,1,2014,1
-119.575,28.628523,17.435333,0.121605046,1,2014,1
-119.64422,28.629057,17.379555,0.11918769,1,2014,1
-119.39313,28.62934,17.580969,0.105113804,1,2014,1
-120.2375,28.632933,16.91562,0.1319029,1,2014,1
-120.898346,28.636156,16.836212,0.14904165,1,2014,1
-120.90088,28.636831,16.876013,0.14344646,1,2014,1
-122.11387,28.642384,17.58397,0.090363994,1,2014,1
-119.328476,28.650942,17.51242,0.109247044,1,2014,1
-119.50489,28.65272,17.392357,0.10554814,1,2014,1
-119.75947,28.654457,17.201109,0.121485144,1,2014,1
-121.24899,28.656425,17.08726,0.108106464,1,2014,1
-125.763725,28.656492,18.037813,0.06320741,1,2014,1
-118.63902,28.660997,17.794025,0.118770316,1,2014,1
-118.72337,28.6615,17.804224,0.112179995,1,2014,1
-121.21152,28.662207,17.041927,0.11031152,1,2014,1
-122.12108,28.667677,17.60704,0.09273489,1,2014,1
-121.29465,28.668701,17.12894,0.10626172,1,2014,1
-120.82895,28.669512,16.763351,0.16085088,1,2014,1
-119.68514,28.670813,17.288498,0.12453285,1,2014,1
-119.442894,28.672817,17.420876,0.10458276,1,2014,1
-119.24232,28.6742,17.678461,0.10367478,1,2014,1
-125.78886,28.674524,18.049112,0.0629831,1,2014,1
-120.267365,28.684809,16.856493,0.1445709,1,2014,1
-120.58525,28.685577,16.792347,0.15797977,1,2014,1
-119.61557,28.686413,17.356676,0.11677588,1,2014,1
-125.791855,28.68777,17.99262,0.058979787,1,2014,1
-119.16219,28.693913,17.61602,0.114305824,1,2014,1
-120.63643,28.694412,16.785946,0.1631981,1,2014,1
-120.76418,28.698286,16.655243,0.14964025,1,2014,1
-121.344246,28.698717,17.142344,0.10866378,1,2014,1
-119.54152,28.705063,17.318684,0.11337735,1,2014,1
-119.38037,28.711103,17.379906,0.104623415,1,2014,1
-118.5863,28.71385,17.79266,0.124833114,1,2014,1
-122.14153,28.71458,17.653572,0.08592437,1,2014,1
-119.46328,28.717527,17.36468,0.10674203,1,2014,1
-119.09609,28.717573,17.71147,0.106676,1,2014,1
-120.719444,28.717962,16.668882,0.15820913,1,2014,1
-120.52732,28.720087,16.750282,0.15396826,1,2014,1
-118.65023,28.72145,17.78095,0.11913324,1,2014,1
-121.43012,28.726818,17.260355,0.104766294,1,2014,1
-119.06496,28.729357,17.660906,0.11599651,1,2014,1
-119.38295,28.731873,17.316944,0.108230986,1,2014,1
-125.79066,28.73573,17.890884,0.060257867,1,2014,1
-121.39138,28.736265,17.231388,0.103062816,1,2014,1
-120.66694,28.738075,16.72344,0.15718788,1,2014,1
-120.675995,28.738157,16.68162,0.15742725,1,2014,1
-119.3247,28.738232,17.373543,0.10496107,1,2014,1
-120.29483,28.742624,16.781652,0.14542757,1,2014,1
-122.15262,28.744143,17.652586,0.08600507,1,2014,1
-119.02116,28.74623,17.656073,0.11572165,1,2014,1
-118.54052,28.753328,17.830107,0.122888274,1,2014,1
-120.46252,28.757969,16.687735,0.15876348,1,2014,1
-118.602425,28.761045,17.81744,0.11621474,1,2014,1
-120.614426,28.76264,16.70825,0.16631742,1,2014,1
-119.217606,28.765762,17.373629,0.11440432,1,2014,1
-121.4674,28.769117,17.261875,0.099866405,1,2014,1
-118.919014,28.770098,17.61817,0.10789961,1,2014,1
-120.57684,28.772812,16.715708,0.16266534,1,2014,1
-119.13348,28.783358,17.472841,0.12123025,1,2014,1
-120.55913,28.784323,16.71537,0.16279452,1,2014,1
-121.525154,28.786089,17.276714,0.101325065,1,2014,1
-125.77917,28.787647,17.744236,0.06478308,1,2014,1
-118.49709,28.787724,17.78384,0.11575411,1,2014,1
-122.14067,28.789274,17.631256,0.08632146,1,2014,1
-118.83461,28.790659,17.743649,0.10403778,1,2014,1
-118.5512,28.790762,17.839792,0.11178869,1,2014,1
-119.05872,28.79631,17.586395,0.11181681,1,2014,1
-118.14637,28.798185,17.73008,0.13364446,1,2014,1
-120.562584,28.80077,16.692987,0.1715019,1,2014,1
-120.40084,28.801493,16.694916,0.16871855,1,2014,1
-118.46972,28.80327,17.754213,0.110420495,1,2014,1
-120.32558,28.803604,16.723886,0.16198263,1,2014,1
-119.19725,28.804148,17.336407,0.119531974,1,2014,1
-120.55835,28.804262,16.717392,0.16661051,1,2014,1
-118.7502,28.809177,17.773438,0.111054,1,2014,1
-125.77641,28.81105,17.651403,0.06109052,1,2014,1
-118.50671,28.811398,17.790012,0.11585219,1,2014,1
-118.461845,28.81181,17.73061,0.11338815,1,2014,1
-118.18723,28.813091,17.64962,0.12494703,1,2014,1
-118.96185,28.818472,17.610102,0.10888214,1,2014,1
-122.147575,28.81873,17.631392,0.08424023,1,2014,1
-118.20982,28.820747,17.630388,0.12350842,1,2014,1
-121.588905,28.822123,17.327816,0.10271427,1,2014,1
-120.343376,28.825428,16.713835,0.16065766,1,2014,1
-118.40807,28.825502,17.717556,0.12716427,1,2014,1
-118.66448,28.826355,17.76425,0.117419966,1,2014,1
-125.75264,28.834383,17.621834,0.06458679,1,2014,1
-118.63218,28.834776,17.769722,0.11882324,1,2014,1
-118.58529,28.836792,17.805183,0.11549085,1,2014,1
-120.576035,28.83758,16.661762,0.16566513,1,2014,1
-118.49838,28.837683,17.727495,0.110334784,1,2014,1
-118.40091,28.838446,17.693201,0.12170314,1,2014,1
-119.14085,28.83995,17.30703,0.111523144,1,2014,1
-118.873436,28.840755,17.705664,0.112944745,1,2014,1
-118.37705,28.843323,17.666685,0.12229435,1,2014,1
-118.43529,28.849205,17.703035,0.10885023,1,2014,1
-122.16787,28.850595,17.603691,0.08991926,1,2014,1
-119.09279,28.8511,17.362572,0.113670126,1,2014,1
-120.540855,28.854988,16.694084,0.16878557,1,2014,1
-118.50015,28.855679,17.757345,0.11520765,1,2014,1
-118.800705,28.857546,17.726185,0.117537506,1,2014,1
-125.76456,28.859922,17.565346,0.062256053,1,2014,1
-118.327705,28.863682,17.598215,0.1364649,1,2014,1
-118.76104,28.86485,17.744884,0.11795697,1,2014,1
-122.17512,28.866175,17.60363,0.08445875,1,2014,1
-119.0332,28.869576,17.433027,0.11573931,1,2014,1
-121.62721,28.871021,17.360365,0.102483384,1,2014,1
-122.240746,28.873407,17.622635,0.08311662,1,2014,1
-118.71526,28.873999,17.735514,0.11619809,1,2014,1
-118.31105,28.874573,17.56763,0.147065,1,2014,1
-118.362854,28.87515,17.646868,0.12397581,1,2014,1
-118.5245,28.87555,17.716934,0.107596844,1,2014,1
-120.54547,28.875927,16.643772,0.16211365,1,2014,1
-118.69475,28.875998,17.712984,0.11951632,1,2014,1
-118.342384,28.876757,17.551355,0.12736532,1,2014,1
-118.30191,28.877846,17.504414,0.2194732,1,2014,1
-118.44707,28.881483,17.67536,0.1173291,1,2014,1
-125.75296,28.883577,17.54287,0.060983077,1,2014,1
-118.611046,28.88507,17.749493,0.11164486,1,2014,1
-118.4938,28.889797,17.689922,0.107819825,1,2014,1
-118.97964,28.891237,17.507751,0.11416155,1,2014,1
-118.55833,28.894022,17.749962,0.113661386,1,2014,1
-122.26994,28.900743,17.489183,0.083522,1,2014,1
-118.93129,28.902569,17.555805,0.11237407,1,2014,1
-121.622696,28.903103,17.33457,0.10054273,1,2014,1
-118.90686,28.908892,17.60803,0.111389704,1,2014,1
-122.40756,28.910976,17.597792,0.0752628,1,2014,1
-122.33503,28.912043,17.546597,0.08616185,1,2014,1
-125.76189,28.912817,17.53053,0.05732719,1,2014,1
-122.4563,28.913465,17.570185,0.08163564,1,2014,1
-118.6737,28.913944,17.708172,0.121137045,1,2014,1
-122.5719,28.91727,17.59933,0.088175796,1,2014,1
-120.538216,28.918013,16.61954,0.16322295,1,2014,1
-118.34977,28.918509,17.515825,0.13395333,1,2014,1
-118.745834,28.919731,17.650537,0.118286036,1,2014,1
-122.50755,28.921932,17.599129,0.08653477,1,2014,1
-118.85216,28.927063,17.590569,0.11556569,1,2014,1
-118.57129,28.929546,17.704456,0.11443199,1,2014,1
-118.8345,28.934252,17.62638,0.114161134,1,2014,1
-120.48565,28.935648,16.648525,0.17055358,1,2014,1
-118.365036,28.94602,17.61979,0.12265374,1,2014,1
-122.61417,28.950443,17.463509,0.08802431,1,2014,1
-122.62802,28.950583,17.376316,0.08805718,1,2014,1
-118.763245,28.951174,17.566689,0.12352647,1,2014,1
-118.60263,28.951382,17.715797,0.11433178,1,2014,1
-118.76248,28.951784,17.576166,0.12407564,1,2014,1
-118.61686,28.960966,17.69145,0.11648811,1,2014,1
-118.820435,28.961897,17.560822,0.119688354,1,2014,1
-118.66698,28.962233,17.654562,0.12892926,1,2014,1
-121.65451,28.963715,17.352686,0.10543317,1,2014,1
-125.75591,28.96406,17.504587,0.06841308,1,2014,1
-122.687355,28.964312,17.277395,0.09457976,1,2014,1
-118.36213,28.964693,17.595558,0.12465687,1,2014,1
-118.718956,28.964771,17.609787,0.11714242,1,2014,1
-120.42691,28.966455,16.690687,0.16904339,1,2014,1
-118.344734,28.967482,17.474476,0.13823852,1,2014,1
-116.348434,28.973024,17.510612,0.20215861,1,2014,1
-122.70643,28.984278,17.208776,0.0984637,1,2014,1
-118.87661,28.98451,17.539894,0.11866361,1,2014,1
-125.74254,28.990244,17.45969,0.066532835,1,2014,1
-118.37841,28.996532,17.539827,0.11971952,1,2014,1
-118.629845,29.003242,17.653011,0.12245892,1,2014,1
-122.76692,29.00412,17.071854,0.10038645,1,2014,1
-120.37823,29.004217,16.7048,0.16915572,1,2014,1
-118.951256,29.005857,17.419735,0.11678981,1,2014,1
-119.73569,29.009457,16.89688,0.15043189,1,2014,1
-118.39742,29.0136,17.66775,0.11247104,1,2014,1
-119.737816,29.01969,16.849964,0.15399118,1,2014,1
-119.02876,29.022196,17.292253,0.11759319,1,2014,1
-121.70959,29.02526,17.242472,0.102673404,1,2014,1
-120.335526,29.029709,16.685308,0.17641217,1,2014,1
-118.39759,29.034008,17.602251,0.135053,1,2014,1
-122.81371,29.034605,17.128592,0.10322693,1,2014,1
-118.64695,29.037338,17.598475,0.124326855,1,2014,1
-119.72997,29.03798,16.869293,0.15205386,1,2014,1
-125.74897,29.03953,17.431524,0.06592651,1,2014,1
-119.69825,29.041798,16.92415,0.14924908,1,2014,1
-122.86629,29.059862,17.162146,0.10484569,1,2014,1
-119.10708,29.059902,17.178972,0.12655139,1,2014,1
-118.42473,29.064518,17.538141,0.12434277,1,2014,1
-125.73733,29.066671,17.407448,0.07567332,1,2014,1
-119.70332,29.067417,16.863075,0.15537988,1,2014,1
-120.28058,29.06865,16.694199,0.1744208,1,2014,1
-119.12066,29.071709,17.179506,0.12945499,1,2014,1
-119.17986,29.077974,17.133076,0.12717411,1,2014,1
-118.66467,29.078087,17.535458,0.11656032,1,2014,1
-119.651566,29.081404,16.988176,0.14309913,1,2014,1
-119.60733,29.081593,17.041676,0.13936958,1,2014,1
-118.42812,29.084442,17.650833,0.11080929,1,2014,1
-122.915665,29.08688,17.161964,0.10453357,1,2014,1
-121.748215,29.089022,17.248943,0.108196154,1,2014,1
-120.227486,29.089422,16.699007,0.1768491,1,2014,1
-118.51085,29.091377,17.642649,0.10676895,1,2014,1
-125.752754,29.093008,17.4256,0.072436675,1,2014,1
-119.25165,29.095018,17.161783,0.12909661,1,2014,1
-118.49954,29.099337,17.663898,0.10951215,1,2014,1
-118.498795,29.100208,17.619318,0.11260866,1,2014,1
-122.97505,29.100323,17.232897,0.09836346,1,2014,1
-118.43668,29.100721,17.593748,0.11634927,1,2014,1
-118.52775,29.101807,17.613878,0.10611545,1,2014,1
-119.60646,29.106144,17.048904,0.14292833,1,2014,1
-119.324936,29.111013,17.14015,0.12969598,1,2014,1
-119.545166,29.111895,17.068623,0.13378672,1,2014,1
-123.036095,29.114246,17.252424,0.10276722,1,2014,1
-118.53899,29.117197,17.573889,0.12065729,1,2014,1
-120.167984,29.117798,16.698874,0.1653942,1,2014,1
-125.76008,29.123993,17.384974,0.07639995,1,2014,1
-123.08994,29.125782,17.247759,0.100050256,1,2014,1
-119.39564,29.127579,17.13168,0.13055149,1,2014,1
-118.67964,29.128813,17.511456,0.119454294,1,2014,1
-119.57107,29.132029,17.067438,0.13702528,1,2014,1
-119.48819,29.137886,17.08548,0.11968675,1,2014,1
-123.14262,29.140167,17.245893,0.10052837,1,2014,1
-118.54926,29.140223,17.564877,0.11933595,1,2014,1
-125.78218,29.14191,17.376186,0.067465596,1,2014,1
-121.77963,29.144003,17.238031,0.10417104,1,2014,1
-118.69206,29.144772,17.461102,0.11336059,1,2014,1
-119.56425,29.146553,17.022602,0.14126566,1,2014,1
-118.72506,29.149918,17.439707,0.11207462,1,2014,1
-120.10563,29.15379,16.722334,0.16853712,1,2014,1
-118.5762,29.15531,17.525454,0.11403936,1,2014,1
-123.19513,29.156204,17.225405,0.10464771,1,2014,1
-119.45481,29.158558,17.12439,0.11519937,1,2014,1
-119.428894,29.161724,17.130089,0.11843804,1,2014,1
-118.614174,29.169357,17.477638,0.11231435,1,2014,1
-118.37933,29.17083,17.36687,0.19181669,1,2014,1
-120.04527,29.179728,16.680265,0.17604114,1,2014,1
-118.4374,29.181314,17.483677,0.11299533,1,2014,1
-123.25217,29.191717,17.18838,0.10115405,1,2014,1
-119.373764,29.191778,17.117428,0.124749035,1,2014,1
-118.63932,29.191963,17.441671,0.1161388,1,2014,1
-119.51216,29.191984,17.065083,0.120661974,1,2014,1
-125.73784,29.195473,17.308456,0.08159847,1,2014,1
-125.78108,29.197092,17.357082,0.07803977,1,2014,1
-125.735664,29.199587,17.297619,0.08247427,1,2014,1
-119.349365,29.203327,17.124908,0.12653627,1,2014,1
-118.73105,29.206589,17.368494,0.114689216,1,2014,1
-118.67607,29.207272,17.396948,0.11805503,1,2014,1
-119.588455,29.211277,16.966316,0.14815651,1,2014,1
-119.978676,29.21288,16.742294,0.17548685,1,2014,1
-125.74733,29.212933,17.28219,0.08086955,1,2014,1
-119.34587,29.213266,17.129116,0.1269502,1,2014,1
-119.3167,29.214167,17.15688,0.12587321,1,2014,1
-118.723816,29.214703,17.326262,0.11942688,1,2014,1
-121.812546,29.214777,17.202953,0.10444501,1,2014,1
-118.39134,29.224112,17.470837,0.10584135,1,2014,1
-119.26034,29.22578,17.129715,0.13524328,1,2014,1
-123.29349,29.225922,17.212263,0.10100324,1,2014,1
-118.76913,29.229164,17.2823,0.11854441,1,2014,1
-118.75135,29.229208,17.310993,0.11976748,1,2014,1
-119.209045,29.232792,17.041075,0.14684641,1,2014,1
-118.8099,29.236856,17.251158,0.123824745,1,2014,1
-119.9167,29.23938,16.770432,0.1664035,1,2014,1
-119.64926,29.240126,16.955889,0.1566467,1,2014,1
-119.23262,29.242582,17.074146,0.1397479,1,2014,1
-125.77891,29.244297,17.318775,0.07943683,1,2014,1
-118.85646,29.244305,17.23523,0.121761665,1,2014,1
-118.91251,29.248932,17.231031,0.12930746,1,2014,1
-119.1578,29.250208,16.988693,0.14801541,1,2014,1
-125.77492,29.25021,17.277351,0.079071246,1,2014,1
-125.77513,29.251207,17.29431,0.078558825,1,2014,1
-119.72389,29.251577,16.844912,0.15965639,1,2014,1
-119.87913,29.253128,16.77764,0.16214263,1,2014,1
-118.757614,29.253693,17.256315,0.12006664,1,2014,1
-123.34539,29.253794,17.343061,0.090438485,1,2014,1
-118.43971,29.25751,17.51749,0.10875889,1,2014,1
-118.96124,29.261353,17.106472,0.13824958,1,2014,1
-118.769775,29.263508,17.214695,0.12014678,1,2014,1
-119.0555,29.26836,17.027248,0.1440734,1,2014,1
-119.09816,29.268402,16.984827,0.14461456,1,2014,1
-119.79304,29.2705,16.808378,0.15599635,1,2014,1
-119.82705,29.271072,16.785187,0.15547825,1,2014,1
-119.00145,29.272924,17.071272,0.13919087,1,2014,1
-123.405136,29.278559,17.38413,0.08844264,1,2014,1
-118.401276,29.279133,17.514128,0.10454113,1,2014,1
-121.846596,29.282103,17.203342,0.10292731,1,2014,1
-119.131935,29.283493,16.969501,0.14815214,1,2014,1
-120.21628,29.286013,16.644394,0.17993507,1,2014,1
-120.27321,29.287533,16.694532,0.17211074,1,2014,1
-120.14365,29.290148,16.715479,0.17669109,1,2014,1
-119.950066,29.291328,16.792255,0.16806673,1,2014,1
-120.333694,29.291964,16.698708,0.16733545,1,2014,1
-120.0775,29.292063,16.729095,0.17200017,1,2014,1
-120.37978,29.292908,16.713676,0.1692624,1,2014,1
-120.47498,29.29418,16.73135,0.16703704,1,2014,1
-125.74701,29.29521,17.302492,0.07649355,1,2014,1
-118.774796,29.29555,17.164906,0.1364192,1,2014,1
-119.76694,29.296867,16.822227,0.16012989,1,2014,1
-120.53521,29.296959,16.708277,0.166745,1,2014,1
-120.025665,29.297497,16.775072,0.18200406,1,2014,1
-119.10368,29.29979,16.954643,0.1463016,1,2014,1
-123.4568,29.304388,17.45613,0.083300054,1,2014,1
-120.602005,29.30446,16.689718,0.16949274,1,2014,1
-119.141075,29.315983,16.984304,0.14917374,1,2014,1
-119.04591,29.318571,16.984873,0.15453765,1,2014,1
-118.448265,29.320803,17.524488,0.10110063,1,2014,1
-119.0119,29.322918,17.014545,0.14855266,1,2014,1
-119.709816,29.326008,16.88163,0.15832217,1,2014,1
-118.77053,29.327587,17.115427,0.13404198,1,2014,1
-119.091644,29.330046,16.934374,0.15050563,1,2014,1
-118.44062,29.33133,17.47093,0.105887,1,2014,1
-119.04016,29.33233,16.955976,0.14831984,1,2014,1
-125.75685,29.33831,17.318472,0.07435102,1,2014,1
-123.501305,29.339031,17.425207,0.0874875,1,2014,1
-118.99504,29.340399,16.989048,0.14784224,1,2014,1
-118.96613,29.341135,17.011265,0.14389387,1,2014,1
-119.191216,29.342703,17.013746,0.15362781,1,2014,1
-121.04409,29.350368,16.727058,0.11982326,1,2014,1
-118.861534,29.350372,17.065746,0.1395939,1,2014,1
-121.88608,29.350727,17.130747,0.10174316,1,2014,1
-121.05314,29.351128,16.718271,0.11720383,1,2014,1
-120.99094,29.352623,16.71922,0.12079033,1,2014,1
-118.82708,29.352867,17.086428,0.14602783,1,2014,1
-118.505936,29.354065,17.381393,0.11601607,1,2014,1
-118.87908,29.355742,17.052982,0.14682186,1,2014,1
-118.93792,29.357998,17.027502,0.14679576,1,2014,1
-120.912155,29.358465,16.626307,0.13425714,1,2014,1
-120.633934,29.359077,16.697166,0.16368584,1,2014,1
-125.73226,29.361927,17.30612,0.075351365,1,2014,1
-121.07283,29.363379,16.711308,0.11679378,1,2014,1
-120.83881,29.36427,16.552422,0.16518573,1,2014,1
-119.657196,29.365843,16.96372,0.1410802,1,2014,1
-118.90879,29.367079,17.024595,0.14820625,1,2014,1
-120.761856,29.37144,16.566679,0.16370836,1,2014,1
-119.186745,29.371635,17.03187,0.14988789,1,2014,1
-123.54754,29.374367,17.370268,0.08927917,1,2014,1
-120.69259,29.382816,16.660069,0.15791906,1,2014,1
-119.21892,29.383394,17.029442,0.14390604,1,2014,1
-118.84609,29.387722,17.030209,0.14301734,1,2014,1
-125.71216,29.38788,17.302189,0.07410375,1,2014,1
-119.264725,29.395054,17.014297,0.1451123,1,2014,1
-119.60374,29.397436,17.00889,0.14781481,1,2014,1
-118.552826,29.399265,17.301062,0.11395663,1,2014,1
-121.08012,29.401903,16.687452,0.119441755,1,2014,1
-123.594955,29.403667,17.29846,0.08514029,1,2014,1
-118.80119,29.408543,17.040323,0.14381804,1,2014,1
-118.46706,29.411293,17.324995,0.119828284,1,2014,1
-125.69089,29.417908,17.305462,0.07073918,1,2014,1
-119.28319,29.420368,17.010054,0.14249639,1,2014,1
-118.740204,29.42412,17.044662,0.14030114,1,2014,1
-121.91403,29.427507,16.98787,0.10615063,1,2014,1
-119.55327,29.4296,17.048018,0.1404249,1,2014,1
-118.66668,29.43149,17.131401,0.12747037,1,2014,1
-118.60373,29.431522,17.229858,0.117105976,1,2014,1
-118.61718,29.440857,17.134697,0.12510952,1,2014,1
-121.083626,29.443047,16.668169,0.11748471,1,2014,1
-125.651375,29.445507,17.320324,0.0759935,1,2014,1
-119.510826,29.45368,17.048388,0.12575589,1,2014,1
-119.26848,29.455326,17.000784,0.1441777,1,2014,1
-123.632286,29.461254,17.241846,0.087155424,1,2014,1
-125.58593,29.471647,17.372484,0.07495698,1,2014,1
-119.47289,29.474808,17.045147,0.13331515,1,2014,1
-118.48317,29.484608,17.311802,0.12266053,1,2014,1
-119.25913,29.485247,16.972042,0.15235437,1,2014,1
-125.55185,29.49077,17.323408,0.07605173,1,2014,1
-123.674,29.49956,17.19042,0.08912603,1,2014,1
-119.437675,29.500523,17.003317,0.13650788,1,2014,1
-121.94306,29.502174,16.779388,0.118629314,1,2014,1
-121.090126,29.507664,16.694338,0.11379549,1,2014,1
-123.712585,29.515472,17.25105,0.092315264,1,2014,1
-119.24556,29.515625,16.964716,0.14985901,1,2014,1
-125.52254,29.517036,17.304073,0.07693376,1,2014,1
-119.36779,29.517117,16.945501,0.1390865,1,2014,1
-119.36228,29.518263,16.942175,0.14402074,1,2014,1
-119.313805,29.52276,16.94154,0.14538324,1,2014,1
-121.0982,29.539864,16.710045,0.11616218,1,2014,1
-125.480194,29.547222,17.347443,0.08204672,1,2014,1
-121.098656,29.552896,16.70107,0.11530242,1,2014,1
-118.5245,29.559862,17.195097,0.1265157,1,2014,1
-123.77707,29.562798,17.222591,0.089417376,1,2014,1
-125.43681,29.57355,17.383768,0.08364947,1,2014,1
-121.9785,29.575766,16.645103,0.111842714,1,2014,1
-123.80441,29.57819,17.256897,0.0871778,1,2014,1
-121.12371,29.58791,16.650412,0.120162494,1,2014,1
-123.81048,29.58798,17.191744,0.09294408,1,2014,1
-125.39362,29.596079,17.35167,0.083070174,1,2014,1
-123.82594,29.606792,17.232525,0.09116222,1,2014,1
-125.34506,29.616743,17.370642,0.082500055,1,2014,1
-125.31623,29.618992,17.406933,0.080621794,1,2014,1
-123.845505,29.625221,17.164751,0.090303436,1,2014,1
-118.577354,29.626795,17.036425,0.1352235,1,2014,1
-123.86327,29.639288,17.218483,0.08926562,1,2014,1
-122.02252,29.641657,16.555977,0.12283465,1,2014,1
-121.14952,29.64475,16.65752,0.120753326,1,2014,1
-125.27201,29.647127,17.334368,0.074240565,1,2014,1
-125.24131,29.672413,17.272696,0.08200021,1,2014,1
-123.85153,29.682465,17.109877,0.09363878,1,2014,1
-118.63081,29.688177,17.056519,0.1315635,1,2014,1
-125.19972,29.69873,17.326574,0.08124185,1,2014,1
-122.06344,29.702784,16.611753,0.14334232,1,2014,1
-121.18575,29.70414,16.699175,0.12205144,1,2014,1
-123.86732,29.724915,17.144302,0.09226284,1,2014,1
-125.16877,29.729881,17.40821,0.07956079,1,2014,1
-118.69164,29.742325,17.090256,0.14436227,1,2014,1
-121.20889,29.74816,16.686386,0.12122868,1,2014,1
-125.13654,29.760086,17.468803,0.07988062,1,2014,1
-123.87948,29.76277,17.133966,0.0914864,1,2014,1
-122.0961,29.774117,16.608212,0.15368894,1,2014,1
-125.087,29.783648,17.517672,0.07687806,1,2014,1
-123.893524,29.80178,17.1214,0.09394007,1,2014,1
-121.23457,29.808077,16.649397,0.12295829,1,2014,1
-125.03956,29.808788,17.563131,0.0773025,1,2014,1
-118.73698,29.808945,17.090755,0.14460891,1,2014,1
-124.993,29.836262,17.589725,0.07764992,1,2014,1
-123.903015,29.841505,17.156313,0.09312595,1,2014,1
-122.12671,29.848818,16.554344,0.1506056,1,2014,1
-124.95345,29.85664,17.6037,0.077576146,1,2014,1
-118.78569,29.866102,17.04297,0.14926301,1,2014,1
-121.253204,29.871153,16.544142,0.12810677,1,2014,1
-123.924095,29.87923,17.113523,0.11185216,1,2014,1
-124.91901,29.88748,17.615173,0.07934355,1,2014,1
-118.85702,29.904219,17.018637,0.13879012,1,2014,1
-123.936356,29.919186,17.05627,0.10605058,1,2014,1
-124.87544,29.926266,17.587046,0.07953515,1,2014,1
-122.15936,29.929544,16.29336,0.1911157,1,2014,1
-121.275116,29.933994,16.44564,0.13499105,1,2014,1
-123.94935,29.956432,17.092218,0.10003317,1,2014,1
-118.919,29.957678,17.034487,0.13975023,1,2014,1
-124.843216,29.958097,17.588255,0.07803355,1,2014,1
-124.824974,29.981447,17.555498,0.081576385,1,2014,1
-121.31075,29.990294,16.404442,0.13187994,1,2014,1
-123.9646,29.997828,17.056349,0.10718302,1,2014,1
-119.00307,30.004908,17.072065,0.14007881,1,2014,1
-122.189835,30.006247,16.150557,0.19334123,1,2014,1
-124.78129,30.02375,17.511276,0.073129565,1,2014,1
-123.97684,30.035473,17.076683,0.09949271,1,2014,1
-122.223206,30.036503,16.160646,0.19140592,1,2014,1
-121.34913,30.042782,16.37268,0.13396578,1,2014,1
-119.09104,30.04599,17.000156,0.13879578,1,2014,1
-124.74588,30.06897,17.445911,0.08105638,1,2014,1
-123.99353,30.077168,17.025522,0.0916888,1,2014,1
-119.1617,30.094328,16.850063,0.15879335,1,2014,1
-121.38789,30.096754,16.388311,0.14531524,1,2014,1
-122.26763,30.109028,16.044344,0.19365208,1,2014,1
-124.7095,30.110638,17.39614,0.079135604,1,2014,1
-122.33813,30.114862,15.984634,0.20934407,1,2014,1
-123.99899,30.11769,17.022053,0.09469031,1,2014,1
-119.23896,30.135847,16.720097,0.17034821,1,2014,1
-121.439415,30.140314,16.349916,0.15289922,1,2014,1
-119.29733,30.141558,16.66485,0.18291344,1,2014,1
-122.404755,30.150578,15.989952,0.20241821,1,2014,1
-124.67274,30.158834,17.29333,0.08610946,1,2014,1
-123.9946,30.16113,17.035887,0.10136849,1,2014,1
-119.39615,30.164417,16.510876,0.18316138,1,2014,1
-119.41962,30.1723,16.50748,0.18625364,1,2014,1
-121.49468,30.181765,16.317598,0.1493033,1,2014,1
-124.07992,30.193783,17.074718,0.100612246,1,2014,1
-124.15027,30.194225,17.131386,0.096638754,1,2014,1
-124.00865,30.197395,17.046925,0.098254524,1,2014,1
-123.81561,30.198412,16.532711,0.12216744,1,2014,1
-124.63132,30.20028,17.226692,0.08578992,1,2014,1
-123.89853,30.201092,16.687181,0.1256624,1,2014,1
-123.75034,30.20217,16.4813,0.13146967,1,2014,1
-124.20786,30.20522,17.101618,0.10090963,1,2014,1
-123.93078,30.207485,16.79983,0.114357494,1,2014,1
-122.43062,30.208675,15.94834,0.19436654,1,2014,1
-121.53548,30.20877,16.29662,0.15154065,1,2014,1
-123.683,30.210442,16.293886,0.15261254,1,2014,1
-123.59782,30.223972,16.209253,0.17507817,1,2014,1
-124.25415,30.226133,17.048609,0.10078429,1,2014,1
-123.50719,30.236195,16.162169,0.17036173,1,2014,1
-119.475204,30.240484,16.295595,0.16783637,1,2014,1
-124.58822,30.242727,17.190489,0.08814369,1,2014,1
-123.43935,30.242958,16.072298,0.1721838,1,2014,1
-123.99328,30.24697,17.026928,0.099793665,1,2014,1
-123.338036,30.248047,15.910441,0.1835559,1,2014,1
-124.29778,30.255512,17.045378,0.09654303,1,2014,1
-123.24785,30.25907,15.829643,0.18221524,1,2014,1
-121.5753,30.263231,16.2165,0.14365071,1,2014,1
-123.203125,30.26758,15.793062,0.18961944,1,2014,1
-122.464066,30.276033,15.913286,0.21338856,1,2014,1
-124.55178,30.287283,17.10151,0.08532999,1,2014,1
-124.00101,30.289204,17.00972,0.10577067,1,2014,1
-124.33641,30.291443,16.998236,0.09229644,1,2014,1
-123.15323,30.295507,15.799308,0.19067031,1,2014,1
-119.516685,30.302692,16.274103,0.18491952,1,2014,1
-124.36234,30.309797,16.954914,0.09607368,1,2014,1
-121.6208,30.316093,16.178713,0.15139547,1,2014,1
-124.39459,30.319696,16.964539,0.09556956,1,2014,1
-123.06749,30.322144,15.803521,0.19744964,1,2014,1
-124.02189,30.326525,16.999712,0.104139276,1,2014,1
-122.51064,30.327492,15.889416,0.21047309,1,2014,1
-124.52027,30.331142,16.985651,0.09539977,1,2014,1
-124.43717,30.331865,16.963366,0.09477098,1,2014,1
-122.659256,30.335379,15.797636,0.19762184,1,2014,1
-124.44746,30.337744,16.874828,0.098808095,1,2014,1
-124.39584,30.337873,16.872984,0.0957638,1,2014,1
-124.4684,30.341337,16.875147,0.09957499,1,2014,1
-122.98303,30.342073,15.799146,0.19247368,1,2014,1
-122.55662,30.344582,15.809271,0.20273565,1,2014,1
-119.59672,30.345263,16.260338,0.18171418,1,2014,1
-124.05948,30.34991,16.975243,0.10133254,1,2014,1
-122.7116,30.361794,15.754907,0.19655249,1,2014,1
-124.53475,30.361893,16.89143,0.09662044,1,2014,1
-121.65672,30.366842,16.157064,0.15241525,1,2014,1
-124.09732,30.3722,16.972713,0.10093108,1,2014,1
-124.57781,30.375757,16.796747,0.10151246,1,2014,1
-122.896194,30.376192,15.761052,0.18770573,1,2014,1
-122.75482,30.382084,15.731113,0.19373663,1,2014,1
-124.88324,30.384811,16.8226,0.09891297,1,2014,1
-124.83252,30.38638,16.869366,0.10314458,1,2014,1
-124.777084,30.38774,16.870008,0.10561793,1,2014,1
-124.14101,30.389065,16.881407,0.09922232,1,2014,1
-124.61417,30.391447,16.813633,0.1058621,1,2014,1
-124.935814,30.399237,16.795788,0.09654322,1,2014,1
-124.71425,30.400436,16.864292,0.10577708,1,2014,1
-124.44168,30.400642,16.834955,0.09811455,1,2014,1
-124.65924,30.403765,16.847294,0.10949925,1,2014,1
-124.99131,30.411427,16.82005,0.09482834,1,2014,1
-124.17666,30.414183,16.821785,0.10382795,1,2014,1
-122.81149,30.416756,15.716651,0.20355053,1,2014,1
-121.69433,30.417862,16.11778,0.18088973,1,2014,1
-119.57944,30.4216,16.296528,0.16630255,1,2014,1
-125.03764,30.423489,16.736473,0.09504733,1,2014,1
-125.14703,30.431393,16.678066,0.099914655,1,2014,1
-125.095,30.434467,16.728632,0.09726985,1,2014,1
-124.38995,30.43857,16.799757,0.09487556,1,2014,1
-124.21431,30.438627,16.811417,0.09974146,1,2014,1
-125.2107,30.458576,16.58529,0.098552436,1,2014,1
-124.25779,30.459108,16.72269,0.109229416,1,2014,1
-119.63389,30.465628,16.422232,0.15867361,1,2014,1
-124.31204,30.468393,16.729658,0.10858251,1,2014,1
-124.342545,30.469837,16.740387,0.09956819,1,2014,1
-125.262474,30.471792,16.60189,0.11107234,1,2014,1
-121.72787,30.474747,16.0677,0.18976094,1,2014,1
-124.35594,30.490152,16.713123,0.107980005,1,2014,1
-125.3073,30.49624,16.596138,0.11546615,1,2014,1
-124.31417,30.501402,16.705376,0.102592275,1,2014,1
-119.69243,30.505213,16.452892,0.15676722,1,2014,1
-124.30103,30.519983,16.688808,0.10636246,1,2014,1
-125.358734,30.52051,16.600334,0.11113721,1,2014,1
-124.3923,30.523285,16.707743,0.10359243,1,2014,1
-121.770676,30.52604,15.967216,0.20564514,1,2014,1
-119.75515,30.53553,16.47489,0.1570607,1,2014,1
-125.4032,30.538141,16.51744,0.11963899,1,2014,1
-124.43544,30.543037,16.662922,0.10695191,1,2014,1
-119.8384,30.54442,16.410286,0.15570903,1,2014,1
-124.482895,30.554956,16.667568,0.107898526,1,2014,1
-119.91343,30.562107,16.396976,0.17248905,1,2014,1
-119.945435,30.566175,16.425285,0.17236902,1,2014,1
-120.014725,30.567263,16.507725,0.15685879,1,2014,1
-124.25073,30.569204,16.649395,0.1123963,1,2014,1
-120.06449,30.571962,16.590803,0.14858145,1,2014,1
-125.482285,30.573587,16.43341,0.12661695,1,2014,1
-124.52916,30.573809,16.646082,0.10576993,1,2014,1
-121.818405,30.576029,15.921241,0.23246199,1,2014,1
-120.084656,30.581211,16.606785,0.14382046,1,2014,1
-119.96286,30.58544,16.455599,0.1636193,1,2014,1
-120.15131,30.59281,16.568583,0.15069403,1,2014,1
-124.57596,30.593323,16.648146,0.107285105,1,2014,1
-124.21966,30.599443,16.629717,0.106442854,1,2014,1
-124.221664,30.600012,16.64483,0.1107969,1,2014,1
-120.018394,30.600208,16.535318,0.157058,1,2014,1
-119.99075,30.600298,16.495882,0.15930046,1,2014,1
-125.52504,30.602915,16.409554,0.13573499,1,2014,1
-120.23572,30.604013,16.529997,0.13991305,1,2014,1
-124.626816,30.608767,16.616707,0.10280137,1,2014,1
-121.85594,30.625868,15.886545,0.2406914,1,2014,1
-124.199905,30.633661,16.623894,0.113590635,1,2014,1
-124.6626,30.634752,16.607422,0.11480344,1,2014,1
-125.55702,30.642084,16.359453,0.13377972,1,2014,1
-120.29498,30.645489,16.516369,0.1312589,1,2014,1
-124.71008,30.654425,16.57096,0.11779941,1,2014,1
-125.609276,30.670965,16.340834,0.13702133,1,2014,1
-121.88709,30.676542,15.675144,0.25346082,1,2014,1
-125.588486,30.677847,16.348595,0.13572076,1,2014,1
-124.155334,30.682472,16.59379,0.1146952,1,2014,1
-124.749084,30.683765,16.543034,0.12377235,1,2014,1
-120.37458,30.69048,16.645447,0.13657376,1,2014,1
-124.78312,30.715868,16.503345,0.12693818,1,2014,1
-125.65003,30.72678,16.335684,0.1415762,1,2014,1
-124.14272,30.729359,16.561684,0.120011136,1,2014,1
-120.449646,30.73353,16.688433,0.1355393,1,2014,1
-121.91629,30.733997,15.682736,0.25942886,1,2014,1
-124.829956,30.74172,16.517237,0.121750385,1,2014,1
-124.879616,30.763153,16.50743,0.123340614,1,2014,1
-125.66503,30.768915,16.295326,0.14248772,1,2014,1
-120.52699,30.78294,16.613562,0.1349137,1,2014,1
-124.92656,30.791143,16.477715,0.12598577,1,2014,1
-121.949905,30.79588,15.700048,0.25721884,1,2014,1
-124.08481,30.795982,16.46492,0.124484986,1,2014,1
-125.706436,30.806183,16.304935,0.14343591,1,2014,1
-124.96831,30.82152,16.467758,0.12724347,1,2014,1
-124.03389,30.835335,16.428543,0.12896824,1,2014,1
-125.74369,30.84507,16.288462,0.14391015,1,2014,1
-120.5574,30.846952,16.496883,0.14912474,1,2014,1
-125.01333,30.851515,16.424427,0.12944886,1,2014,1
-121.97908,30.855482,15.747112,0.25171068,1,2014,1
-123.96018,30.881481,16.371248,0.12624435,1,2014,1
-125.06084,30.882927,16.378618,0.13731124,1,2014,1
-123.87037,30.887905,16.329412,0.1395364,1,2014,1
-125.773125,30.890017,16.263382,0.16534972,1,2014,1
-123.934845,30.891376,16.358677,0.13159606,1,2014,1
-123.88163,30.900328,16.25476,0.13822664,1,2014,1
-125.07992,30.903343,16.331455,0.14472328,1,2014,1
-123.900185,30.912752,16.326279,0.14287195,1,2014,1
-122.009056,30.916466,15.683195,0.23154122,1,2014,1
-120.567345,30.91986,16.360449,0.15134777,1,2014,1
-125.800674,30.930344,16.227083,0.14750046,1,2014,1
-125.12324,30.934143,16.317585,0.13910441,1,2014,1
-123.80384,30.937115,16.148214,0.15506653,1,2014,1
-123.77551,30.951683,16.05708,0.15903312,1,2014,1
-125.17238,30.961288,16.281265,0.13562451,1,2014,1
-123.72983,30.967405,16.032797,0.16568995,1,2014,1
-125.83723,30.971775,16.211813,0.14888343,1,2014,1
-123.71359,30.975088,15.970813,0.17963836,1,2014,1
-123.66398,30.982098,15.894162,0.18156815,1,2014,1
-120.58075,30.988968,16.269373,0.18519792,1,2014,1
-122.03416,30.991592,15.548348,0.28244326,1,2014,1
-125.21406,30.994286,16.23065,0.14584632,1,2014,1
-123.597046,30.99468,15.828048,0.1816777,1,2014,1
-123.5289,31.012135,15.791568,0.18921418,1,2014,1
-125.865204,31.013447,16.212326,0.14892055,1,2014,1
-125.25191,31.03051,16.20821,0.14774626,1,2014,1
-123.47067,31.032795,15.77466,0.1860232,1,2014,1
-122.06028,31.037954,15.530655,0.32297233,1,2014,1
-120.591835,31.049318,16.176826,0.204967,1,2014,1
-125.88772,31.056482,16.189192,0.14973962,1,2014,1
-123.411224,31.063108,15.767772,0.18067099,1,2014,1
-125.29608,31.067062,16.24359,0.1522451,1,2014,1
-123.34926,31.089844,15.759578,0.17860413,1,2014,1
-125.34404,31.093145,16.238274,0.14728637,1,2014,1
-123.28658,31.097097,15.721129,0.18367194,1,2014,1
-122.10387,31.097654,15.523618,0.34835985,1,2014,1
-125.91338,31.10037,16.188463,0.14087966,1,2014,1
-123.22571,31.112612,15.701458,0.20186801,1,2014,1
-120.59629,31.11319,16.134586,0.17852274,1,2014,1
-125.395294,31.124062,16.220896,0.15046972,1,2014,1
-123.16487,31.13926,15.675154,0.2276765,1,2014,1
-123.117165,31.144617,15.665284,0.21355176,1,2014,1
-125.950645,31.146635,16.178398,0.14487202,1,2014,1
-125.42751,31.154543,16.193089,0.1500664,1,2014,1
-123.05573,31.15574,15.665363,0.216951,1,2014,1
-122.14857,31.15789,15.423544,0.3048655,1,2014,1
-123.0008,31.158228,15.676449,0.22150482,1,2014,1
-123.00405,31.163277,15.648448,0.24095672,1,2014,1
-125.465836,31.175817,16.16426,0.15010619,1,2014,1
-120.6139,31.18527,16.088615,0.21385884,1,2014,1
-125.9715,31.196007,16.166159,0.13958868,1,2014,1
-125.48981,31.208344,16.145956,0.1487289,1,2014,1
-122.189804,31.213598,15.278763,0.32752055,1,2014,1
-125.52967,31.243002,16.131233,0.14567602,1,2014,1
-125.99727,31.244707,16.100962,0.14354603,1,2014,1
-120.63349,31.259792,16.03283,0.22528656,1,2014,1
-122.23483,31.273811,15.302516,0.32136846,1,2014,1
-125.57258,31.280561,16.111712,0.14876184,1,2014,1
-126.01948,31.29619,16.077204,0.14625053,1,2014,1
-122.25338,31.297464,15.302574,0.29500926,1,2014,1
-125.61738,31.311886,16.085592,0.15122697,1,2014,1
-120.64957,31.317165,15.943842,0.25186685,1,2014,1
-122.26954,31.332155,15.26728,0.3073162,1,2014,1
-126.045296,31.333227,16.111858,0.1458583,1,2014,1
-125.661476,31.344387,16.014492,0.14881793,1,2014,1
-125.6649,31.350971,16.007458,0.1515206,1,2014,1
-126.08223,31.365217,16.133215,0.1327221,1,2014,1
-125.703964,31.376202,16.018785,0.15131943,1,2014,1
-122.30527,31.391817,15.181605,0.36258644,1,2014,1
-120.66423,31.39378,15.903938,0.24944653,1,2014,1
-125.75098,31.402657,16.048525,0.1495501,1,2014,1
-126.10594,31.413893,16.118357,0.1317242,1,2014,1
-125.79255,31.435713,16.049053,0.14510962,1,2014,1
-122.34597,31.450123,15.213348,0.32727042,1,2014,1
-120.658295,31.456495,15.845638,0.24250148,1,2014,1
-126.13583,31.458313,16.187374,0.13250393,1,2014,1
-125.83546,31.46893,16.048416,0.1467962,1,2014,1
-125.87437,31.499926,16.062403,0.14330778,1,2014,1
-126.16171,31.50142,16.310518,0.12362714,1,2014,1
-122.38169,31.507507,15.092582,0.29037905,1,2014,1
-120.66266,31.523203,15.685897,0.2789576,1,2014,1
-125.92509,31.52964,16.088879,0.14451341,1,2014,1
-126.17982,31.54041,16.320919,0.12979843,1,2014,1
-120.6791,31.559004,15.59446,0.29275036,1,2014,1
-125.96215,31.561117,16.103197,0.14701542,1,2014,1
-122.424446,31.563622,15.119991,0.3056308,1,2014,1
-126.2047,31.585674,16.339478,0.12793177,1,2014,1
-126.000145,31.595562,16.14394,0.13992208,1,2014,1
-122.46967,31.621082,15.123706,0.35733065,1,2014,1
-126.05077,31.62414,16.175245,0.13560434,1,2014,1
-120.70357,31.625208,15.507104,0.29765576,1,2014,1
-126.22386,31.63551,16.351366,0.118732445,1,2014,1
-126.09133,31.665028,16.217836,0.13617499,1,2014,1
-122.50773,31.669807,15.125682,0.4357424,1,2014,1
-126.24881,31.681417,16.47031,0.111380816,1,2014,1
-120.7142,31.698935,15.430875,0.30350327,1,2014,1
-126.11731,31.708338,16.304832,0.12341096,1,2014,1
-122.55316,31.725904,15.071791,0.4000746,1,2014,1
-126.27874,31.726458,16.608377,0.109499216,1,2014,1
-126.1595,31.741493,16.43378,0.116574824,1,2014,1
-126.310295,31.769129,16.60368,0.10280446,1,2014,1
-120.73188,31.770933,15.426876,0.3293479,1,2014,1
-126.19722,31.777813,16.55508,0.11571148,1,2014,1
-122.60113,31.779758,14.997753,0.40898404,1,2014,1
-126.34921,31.809208,16.61846,0.10016288,1,2014,1
-122.65428,31.818169,14.900335,0.43403772,1,2014,1
-126.25008,31.83205,16.579407,0.105191864,1,2014,1
-120.7451,31.84098,15.327862,0.3356751,1,2014,1
-126.37168,31.851662,16.608465,0.100768164,1,2014,1
-122.690155,31.859507,14.927403,0.4562007,1,2014,1
-126.29407,31.865967,16.600435,0.10553929,1,2014,1
-126.40749,31.895926,16.643017,0.09949252,1,2014,1
-122.716,31.901121,14.976205,0.44240513,1,2014,1
-126.32286,31.907469,16.610106,0.10664496,1,2014,1
-120.75806,31.91144,15.2480345,0.35263467,1,2014,1
-126.439545,31.924976,16.664345,0.09853396,1,2014,1
-126.35092,31.930298,16.645287,0.10305432,1,2014,1
-122.75688,31.952843,14.92896,0.45916632,1,2014,1
-126.391785,31.965267,16.693829,0.102236286,1,2014,1
-126.473526,31.9728,16.687416,0.099846736,1,2014,1
-120.79231,31.9848,15.202963,0.38824078,1,2014,1
-126.423935,32.003872,16.758469,0.10202626,1,2014,1
-122.79521,32.0104,14.927717,0.44862056,1,2014,1
-126.50772,32.022156,16.78344,0.09524553,1,2014,1
-122.85605,32.041264,14.891245,0.43210045,1,2014,1
-126.46457,32.041294,16.82064,0.098233074,1,2014,1
-120.82366,32.054142,15.2145,0.34333792,1,2014,1
-126.54115,32.059013,16.848827,0.09715511,1,2014,1
-126.50107,32.08267,16.843182,0.097653426,1,2014,1
-122.912155,32.088696,14.797784,0.40112913,1,2014,1
-126.57748,32.094963,16.815485,0.094921336,1,2014,1
-126.53591,32.11653,16.785295,0.10395614,1,2014,1
-120.87771,32.123547,15.138192,0.3712444,1,2014,1
-122.973434,32.12768,14.81012,0.39395088,1,2014,1
-126.606995,32.1481,16.751432,0.105029695,1,2014,1
-126.57244,32.14955,16.760086,0.102271385,1,2014,1
-123.03587,32.163532,14.775032,0.4036861,1,2014,1
-126.60422,32.185837,16.71999,0.101429306,1,2014,1
-126.645,32.192623,16.699625,0.09850534,1,2014,1
-120.919075,32.192627,15.039801,0.37291095,1,2014,1
-123.09429,32.208344,14.801384,0.38040593,1,2014,1
-126.61809,32.22638,16.63245,0.09913555,1,2014,1
-126.67187,32.238194,16.618088,0.09981425,1,2014,1
-123.14474,32.257317,14.71173,0.42937326,1,2014,1
-120.95186,32.26169,14.977407,0.38305566,1,2014,1
-126.65046,32.264626,16.562878,0.09832488,1,2014,1
-126.71136,32.284996,16.603832,0.105638236,1,2014,1
-123.20603,32.29389,14.753127,0.40502614,1,2014,1
-126.64632,32.304424,16.53676,0.11191628,1,2014,1
-126.67744,32.308304,16.562712,0.10513919,1,2014,1
-126.67823,32.325478,16.501822,0.10499477,1,2014,1
-126.744125,32.32623,16.516321,0.102319844,1,2014,1
-123.26894,32.33507,14.697469,0.42836827,1,2014,1
-120.97876,32.335617,14.945837,0.40391585,1,2014,1
-126.78501,32.36439,16.49251,0.107841596,1,2014,1
-126.69962,32.364666,16.478834,0.104014106,1,2014,1
-123.32533,32.37896,14.704376,0.3562756,1,2014,1
-126.82647,32.40477,16.418442,0.11276661,1,2014,1
-120.9964,32.41518,14.922195,0.38194793,1,2014,1
-123.37842,32.423885,14.950004,0.34105307,1,2014,1
-126.71357,32.436996,16.452093,0.10435634,1,2014,1
-126.90542,32.45442,16.360788,0.11020804,1,2014,1
-126.71826,32.455437,16.411732,0.106190674,1,2014,1
-126.71167,32.462723,16.413998,0.107544914,1,2014,1
-123.43498,32.463577,15.003723,0.3309992,1,2014,1
-123.456985,32.4824,15.069392,0.34017956,1,2014,1
-126.944695,32.491184,16.317698,0.12821029,1,2014,1
-121.0086,32.492393,14.8707695,0.39653468,1,2014,1
-126.74107,32.510117,16.364618,0.11003516,1,2014,1
-123.507904,32.52221,15.136181,0.34580514,1,2014,1
-126.96725,32.525185,16.256464,0.13770263,1,2014,1
-126.768616,32.53931,16.273813,0.112001054,1,2014,1
-127.01056,32.55801,16.197784,0.14220418,1,2014,1
-123.55321,32.564766,15.136408,0.35690793,1,2014,1
-121.02136,32.568626,14.861097,0.40065232,1,2014,1
-126.80455,32.58231,16.21046,0.13378161,1,2014,1
-127.05084,32.591873,16.15774,0.1515602,1,2014,1
-123.60405,32.60708,15.221053,0.29539597,1,2014,1
-126.8325,32.622753,16.082104,0.14383377,1,2014,1
-121.02821,32.62494,14.834403,0.39687616,1,2014,1
-127.07303,32.633923,16.10175,0.16065127,1,2014,1
-123.654785,32.653187,15.297016,0.30062824,1,2014,1
-126.877304,32.654736,15.978965,0.15231508,1,2014,1
-127.083496,32.67126,16.056322,0.15073797,1,2014,1
-121.07527,32.690414,14.766091,0.4670657,1,2014,1
-126.91979,32.694424,15.938179,0.1484266,1,2014,1
-123.708336,32.700775,15.350275,0.32839125,1,2014,1
-127.11848,32.710373,15.959263,0.16819662,1,2014,1
-127.08585,32.729774,15.980445,0.16590224,1,2014,1
-126.94766,32.729935,15.904485,0.16378132,1,2014,1
-127.07258,32.738247,15.917056,0.1769294,1,2014,1
-123.76117,32.74993,15.480202,0.2700115,1,2014,1
-127.04958,32.751106,15.925942,0.16527237,1,2014,1
-121.115364,32.760834,14.732424,0.46208116,1,2014,1
-126.99211,32.768234,15.907516,0.16471739,1,2014,1
-123.816864,32.786648,15.435286,0.25825965,1,2014,1
-127.02246,32.78684,15.928251,0.1693578,1,2014,1
-127.04637,32.81959,15.87638,0.18302913,1,2014,1
-127.0652,32.825672,15.839884,0.18060282,1,2014,1
-123.88218,32.83169,15.487328,0.25544962,1,2014,1
-121.14656,32.83519,14.705515,0.46803486,1,2014,1
-127.06104,32.86052,15.74215,0.18159303,1,2014,1
-127.11211,32.86437,15.7260685,0.1895285,1,2014,1
-123.95085,32.87732,15.506899,0.20856334,1,2014,1
-127.162544,32.87952,15.725003,0.18570448,1,2014,1
-124.024216,32.907257,15.648143,0.21228145,1,2014,1
-127.213776,32.907272,15.695593,0.1933473,1,2014,1
-121.194595,32.907627,14.677366,0.531571,1,2014,1
-127.12231,32.92474,15.639229,0.18266347,1,2014,1
-127.264824,32.942783,15.579311,0.19925018,1,2014,1
-124.09088,32.944153,15.639672,0.1919735,1,2014,1
-127.29009,32.96106,15.558761,0.19249813,1,2014,1
-124.18643,32.970253,15.664091,0.18444236,1,2014,1
-127.32326,32.97256,15.509584,0.20928001,1,2014,1
-127.139984,32.973248,15.567248,0.1883945,1,2014,1
-121.23428,32.976776,14.671847,0.503773,1,2014,1
-124.25998,32.98664,15.829634,0.17098987,1,2014,1
-124.357315,32.998074,16.17195,0.16472457,1,2014,1
-127.18211,33.01176,15.541303,0.17798398,1,2014,1
-124.40991,33.019543,16.093916,0.15151949,1,2014,1
-127.362465,33.02,15.563935,0.20320612,1,2014,1
-121.269844,33.046703,14.611804,0.5123247,1,2014,1
-127.39436,33.051304,15.665743,0.20193245,1,2014,1
-124.490395,33.051956,16.017189,0.14258058,1,2014,1
-127.22273,33.053276,15.526047,0.17830573,1,2014,1
-124.54621,33.07738,15.951938,0.14722988,1,2014,1
-127.40053,33.09401,15.668613,0.21521646,1,2014,1
-121.30879,33.09678,14.52347,0.5161754,1,2014,1
-127.26621,33.09743,15.47836,0.19323245,1,2014,1
-124.60154,33.11332,15.911289,0.15870576,1,2014,1
-127.41833,33.131516,15.610606,0.22542033,1,2014,1
-124.66116,33.136295,15.902519,0.15443335,1,2014,1
-121.37504,33.15151,14.373481,0.6448651,1,2014,1
-127.28793,33.153404,15.393588,0.21641217,1,2014,1
-124.727745,33.168804,15.751759,0.15524705,1,2014,1
-127.43218,33.17597,15.5855255,0.21929274,1,2014,1
-124.79444,33.206627,15.654262,0.19338681,1,2014,1
-127.30691,33.20849,15.360492,0.21751036,1,2014,1
-121.44193,33.21176,14.283547,0.63994,1,2014,1
-127.435104,33.217182,15.494576,0.23690781,1,2014,1
-124.86242,33.243195,15.479888,0.20646222,1,2014,1
-127.440315,33.249054,15.4031105,0.24183519,1,2014,1
-127.46501,33.25435,15.431435,0.21481298,1,2014,1
-127.31424,33.273827,15.357048,0.20220037,1,2014,1
-124.92403,33.274216,15.355985,0.20346208,1,2014,1
-121.488,33.2783,14.212577,0.62302643,1,2014,1
-127.50167,33.282784,15.415199,0.18807948,1,2014,1
-127.55558,33.29396,15.468126,0.1764932,1,2014,1
-127.57796,33.29553,15.494578,0.18616419,1,2014,1
-124.978935,33.30683,15.259563,0.21046281,1,2014,1
-127.599525,33.31603,15.414823,0.20858668,1,2014,1
-127.31665,33.32739,15.377487,0.17483124,1,2014,1
-125.03797,33.333103,15.130407,0.22229229,1,2014,1
-127.63659,33.33828,15.426046,0.21233852,1,2014,1
-121.52715,33.340714,14.089749,0.585904,1,2014,1
-127.65598,33.353863,15.443009,0.21516885,1,2014,1
-125.07683,33.368336,15.032079,0.22712398,1,2014,1
-127.34195,33.370094,15.403806,0.2093064,1,2014,1
-127.34197,33.37653,15.372308,0.23726358,1,2014,1
-127.683136,33.385628,15.459472,0.23294368,1,2014,1
-127.350494,33.388256,15.382674,0.22197936,1,2014,1
-121.56292,33.40172,14.037418,0.55115193,1,2014,1
-125.12365,33.40246,14.9357,0.2966835,1,2014,1
-127.351654,33.412697,15.36658,0.21542269,1,2014,1
-127.70626,33.42253,15.500291,0.2115664,1,2014,1
-125.16505,33.43852,14.708012,0.3676196,1,2014,1
-127.32967,33.44133,15.353734,0.23484457,1,2014,1
-127.360596,33.450596,15.353189,0.21799448,1,2014,1
-127.750145,33.45516,15.552949,0.2147462,1,2014,1
-121.584915,33.47054,13.971258,0.56312466,1,2014,1
-125.191124,33.470963,14.487664,0.45866343,1,2014,1
-127.77866,33.495667,15.495019,0.20113406,1,2014,1
-127.33791,33.4971,15.3262825,0.18790485,1,2014,1
-125.2392,33.50471,14.265467,0.4732522,1,2014,1
-127.82323,33.52503,15.510725,0.19331679,1,2014,1
-121.5934,33.53839,13.868598,0.6234057,1,2014,1
-125.27956,33.541077,14.179303,0.54179114,1,2014,1
-127.86964,33.55172,15.527971,0.18525681,1,2014,1
-127.349976,33.56386,15.221283,0.30965525,1,2014,1
-127.90342,33.574516,15.505905,0.187336,1,2014,1
-125.32121,33.575867,14.109689,0.5459248,1,2014,1
-127.91958,33.592445,15.503594,0.18847248,1,2014,1
-121.60918,33.606445,13.866355,0.6632035,1,2014,1
-125.37149,33.608017,14.0280285,0.6349291,1,2014,1
-127.33108,33.615734,15.14302,0.28365892,1,2014,1
-121.61496,33.63146,13.823882,0.6769381,1,2014,1
-127.94464,33.638096,15.49585,0.19701992,1,2014,1
-125.424385,33.64176,14.016219,0.575384,1,2014,1
-128.01071,33.651787,15.496805,0.20002022,1,2014,1
-128.03644,33.665394,15.507459,0.19598542,1,2014,1
-121.64669,33.66564,13.840604,0.6608433,1,2014,1
-127.30579,33.67256,15.14372,0.26279852,1,2014,1
-127.97792,33.674854,15.496859,0.19487432,1,2014,1
-125.473946,33.679207,13.972655,0.46180904,1,2014,1
-128.07498,33.70376,15.524815,0.19269007,1,2014,1
-125.51675,33.71929,13.902961,0.46506903,1,2014,1
-127.28223,33.7207,14.998865,0.2722549,1,2014,1
-121.66325,33.73582,13.816809,0.74264723,1,2014,1
-128.10075,33.744728,15.55519,0.18059231,1,2014,1
-125.560394,33.75944,13.899721,0.4305139,1,2014,1
-127.25573,33.77822,14.92041,0.24065697,1,2014,1
-128.14212,33.77939,15.570368,0.1774844,1,2014,1
-125.60175,33.80174,13.905919,0.4501146,1,2014,1
-121.69684,33.808052,13.775986,0.7599687,1,2014,1
-128.17555,33.81055,15.560387,0.17576736,1,2014,1
-127.2341,33.841278,14.845612,0.2855373,1,2014,1
-125.63831,33.84374,13.914995,0.6015092,1,2014,1
-128.21947,33.84724,15.587131,0.16410984,1,2014,1
-125.6801,33.8787,13.936545,0.5132524,1,2014,1
-121.70983,33.881866,13.829168,0.824216,1,2014,1
-128.25764,33.88646,15.605512,0.17096512,1,2014,1
-128.29716,33.905746,15.61685,0.16876733,1,2014,1
-128.28542,33.91385,15.602891,0.16986296,1,2014,1
-127.18209,33.91461,14.867309,0.2992224,1,2014,1
-125.719505,33.91942,13.939022,0.64722764,1,2014,1
-125.741615,33.93352,13.920052,0.6654288,1,2014,1
-128.32028,33.94276,15.61758,0.17649023,1,2014,1
-125.75916,33.944862,13.919263,0.5931486,1,2014,1
-127.16426,33.95136,14.889681,0.22955409,1,2014,1
-121.752396,33.95138,13.863243,0.8124243,1,2014,1
-125.7929,33.966713,13.916938,0.5580591,1,2014,1
-127.138535,33.979523,14.820082,0.2953412,1,2014,1
-128.33548,33.98343,15.623132,0.19155575,1,2014,1
-125.81081,33.986954,13.888896,0.6925829,1,2014,1
-121.76339,33.989094,13.897784,0.8605727,1,2014,1
-125.81908,33.99331,13.879036,0.55935013,1,2014,1
-125.85149,33.99851,13.865926,0.5737304,1,2014,1
-125.85381,34.02241,13.832512,0.579542,1,2014,1
-128.34393,34.032253,15.648018,0.19002946,1,2014,1
-127.13787,34.036102,14.8420315,0.38614973,1,2014,1
-128.31393,34.04373,15.643822,0.178325,1,2014,1
-121.79241,34.05239,14.034785,0.7220215,1,2014,1
-128.26654,34.053486,15.631887,0.16995062,1,2014,1
-125.877464,34.054867,13.822968,0.7463145,1,2014,1
-125.892395,34.055103,13.843506,0.679819,1,2014,1
-128.23808,34.07676,15.630537,0.18018158,1,2014,1
-127.11972,34.08581,14.817879,0.27396974,1,2014,1
-125.90474,34.090218,13.870327,0.4853747,1,2014,1
-128.20546,34.096992,15.620528,0.18139347,1,2014,1
-121.8081,34.102043,14.015241,0.74184656,1,2014,1
-128.17291,34.116573,15.620118,0.18055981,1,2014,1
-127.127205,34.121017,15.002348,0.31196085,1,2014,1
-127.12473,34.129704,14.975408,0.30557683,1,2014,1
-127.130646,34.13448,15.056716,0.3028571,1,2014,1
-128.14252,34.143948,15.632664,0.18501666,1,2014,1
-125.90525,34.148235,13.94249,0.51722234,1,2014,1
-128.1148,34.165764,15.642112,0.18412022,1,2014,1
-121.85294,34.168797,13.994851,0.76888657,1,2014,1
-128.07872,34.178055,15.649292,0.18138307,1,2014,1
-127.13304,34.18841,15.058643,0.26415014,1,2014,1
-125.89718,34.204525,14.113977,0.39466736,1,2014,1
-128.06065,34.21327,15.718153,0.18400867,1,2014,1
-121.87255,34.23328,13.994751,0.684974,1,2014,1
-128.04645,34.238026,15.742597,0.17719878,1,2014,1
-127.116264,34.24209,14.90057,0.22414476,1,2014,1
-125.895226,34.26185,14.20849,0.4196866,1,2014,1
-128.04422,34.276096,15.743172,0.1863699,1,2014,1
-127.113914,34.296696,14.866202,0.23227607,1,2014,1
-121.90828,34.306507,13.901741,0.7872305,1,2014,1
-128.03416,34.31344,15.742617,0.18268244,1,2014,1
-127.25032,34.31443,15.241475,0.21482918,1,2014,1
-125.89764,34.32107,14.387956,0.34796527,1,2014,1
-128.0212,34.327457,15.721706,0.20086293,1,2014,1
-127.23736,34.327747,15.111715,0.24099535,1,2014,1
-127.17379,34.338177,15.001853,0.2530304,1,2014,1
-127.09951,34.3472,14.858267,0.23057783,1,2014,1
-127.160614,34.3493,14.924112,0.26682064,1,2014,1
-127.15777,34.350296,14.92133,0.26263097,1,2014,1
-121.98596,34.357483,13.841639,0.9287866,1,2014,1
-127.12254,34.362617,14.860729,0.23774266,1,2014,1
-127.08629,34.37075,14.7541685,0.29203978,1,2014,1
-128.0151,34.37657,15.728082,0.1898243,1,2014,1
-125.91601,34.391235,14.446717,0.32358518,1,2014,1
-127.21787,34.39269,15.148008,0.21717557,1,2014,1
-122.040726,34.415295,13.758416,0.84574443,1,2014,1
-128.02031,34.421368,15.764897,0.17085439,1,2014,1
-125.92521,34.423584,14.446338,0.32051212,1,2014,1
-127.19582,34.450478,15.078924,0.2490801,1,2014,1
-125.932434,34.473267,14.549533,0.3141396,1,2014,1
-128.03023,34.47342,15.78907,0.18384367,1,2014,1
-122.084625,34.476524,13.77306,0.88669837,1,2014,1
-127.16199,34.510105,15.025418,0.23951353,1,2014,1
-128.04482,34.52434,15.790356,0.19088924,1,2014,1
-125.92963,34.529366,14.645294,0.35825804,1,2014,1
-122.14619,34.536316,13.72795,0.9478018,1,2014,1
-128.05775,34.5497,15.830696,0.21605971,1,2014,1
-127.12735,34.56742,15.03187,0.23482877,1,2014,1
-122.21097,34.57914,13.780538,0.8477383,1,2014,1
-122.2162,34.580105,13.739782,0.81920606,1,2014,1
-125.951035,34.583794,14.644623,0.37463614,1,2014,1
-128.06053,34.599483,15.881261,0.18444705,1,2014,1
-128.09044,34.614033,15.855239,0.20614403,1,2014,1
-122.264404,34.62913,13.762849,0.8965686,1,2014,1
-127.10274,34.632854,14.901009,0.2635272,1,2014,1
-125.976135,34.63819,14.641552,0.34709892,1,2014,1
-122.24923,34.63846,13.78313,0.8796777,1,2014,1
-128.11421,34.6664,15.844787,0.23731747,1,2014,1
-126.0083,34.691574,14.653383,0.34234327,1,2014,1
-127.069984,34.693768,14.902622,0.30705786,1,2014,1
-122.243034,34.70312,13.823591,0.9031249,1,2014,1
-128.14601,34.709213,15.802322,0.19278763,1,2014,1
-122.2469,34.732594,13.798828,0.88593876,1,2014,1
-122.25161,34.73274,13.768452,0.907316,1,2014,1
-126.051384,34.73665,14.602523,0.37580544,1,2014,1
-127.03684,34.74837,14.913336,0.36299556,1,2014,1
-122.24502,34.762573,13.7641325,0.8987021,1,2014,1
-128.16927,34.770382,15.7521,0.19944744,1,2014,1
-122.25073,34.77368,13.730654,0.92339444,1,2014,1
-126.09959,34.781387,14.610093,0.37424543,1,2014,1
-122.24909,34.80432,13.739337,0.86534274,1,2014,1
-127.00741,34.81074,14.853231,0.32803595,1,2014,1
-126.15334,34.819984,14.600723,0.31903437,1,2014,1
-128.16747,34.82064,15.658628,0.16353737,1,2014,1
-126.21727,34.84496,14.51405,0.36303294,1,2014,1
-126.28878,34.868065,14.485541,0.34805506,1,2014,1
-122.23442,34.868435,13.730365,0.9004707,1,2014,1
-126.977005,34.87105,14.834963,0.2897154,1,2014,1
-128.1947,34.871986,15.490336,0.22896172,1,2014,1
-126.360054,34.895775,14.443161,0.32691282,1,2014,1
-128.21144,34.910667,15.388436,0.2735605,1,2014,1
-126.42469,34.924725,14.399183,0.3432443,1,2014,1
-126.92917,34.93369,14.737625,0.34814388,1,2014,1
-122.20279,34.94536,13.771683,0.9657121,1,2014,1
-126.49343,34.94796,14.404621,0.36267248,1,2014,1
-128.24034,34.958183,15.1855,0.2813466,1,2014,1
-126.91556,34.95991,14.7526865,0.35201508,1,2014,1
-126.564995,34.96656,14.444101,0.37879896,1,2014,1
-126.61481,34.97532,14.485649,0.36073685,1,2014,1
-123.4443,34.975777,13.005047,0.72693247,1,2014,1
-123.355125,34.9773,12.986736,0.725834,1,2014,1
-123.292534,34.983555,12.936681,0.7358646,1,2014,1
-123.53546,34.984253,13.009205,0.73662543,1,2014,1
-122.183846,34.985664,13.774526,0.987026,1,2014,1
-123.6933,34.98923,12.945697,0.7357621,1,2014,1
-123.2705,34.989567,12.95093,0.71958274,1,2014,1
-126.68447,34.994705,14.594463,0.34700927,1,2014,1
-126.901146,34.994972,14.74548,0.33872262,1,2014,1
-123.62127,34.997784,12.956551,0.7387898,1,2014,1
-123.75888,34.99835,12.945001,0.7325125,1,2014,1
-128.28798,34.999084,15.102675,0.31148925,1,2014,1
-126.75606,35.007057,14.612102,0.34543526,1,2014,1
-123.192986,35.007523,12.9253235,0.75511146,1,2014,1
-123.82793,35.023853,12.913799,0.7034481,1,2014,1
-123.12144,35.026466,12.911386,0.7361,1,2014,1
-123.91698,35.029858,12.877156,0.68543464,1,2014,1
-123.044334,35.030045,12.916487,0.6988865,1,2014,1
-126.82144,35.03721,14.627244,0.3372295,1,2014,1
-128.30988,35.03987,15.063731,0.3177762,1,2014,1
-122.95692,35.041122,12.929609,0.7167393,1,2014,1
-124.00009,35.04968,12.885164,0.72633874,1,2014,1
-122.88413,35.05223,12.936827,0.6748656,1,2014,1
-122.16556,35.05446,13.810524,0.9208404,1,2014,1
-124.070366,35.06144,12.936994,0.69878405,1,2014,1
-126.87343,35.062943,14.721972,0.3145795,1,2014,1
-124.22593,35.066574,13.123858,0.6857195,1,2014,1
-124.15978,35.070457,12.988086,0.67060095,1,2014,1
-122.831665,35.071095,12.943505,0.67519635,1,2014,1
-122.19184,35.074574,13.740021,0.9514538,1,2014,1
-122.558685,35.077454,13.270182,0.7699953,1,2014,1
-122.46257,35.07983,13.469234,0.7667162,1,2014,1
-122.41203,35.080975,13.520964,0.7647603,1,2014,1
-122.748215,35.083157,13.011009,0.68658185,1,2014,1
-124.28648,35.083572,13.217058,0.6211063,1,2014,1
-122.27357,35.084366,13.659936,0.8331396,1,2014,1
-122.35418,35.084488,13.574325,0.8151672,1,2014,1
-122.66021,35.088676,13.148683,0.7636565,1,2014,1
-128.33661,35.097954,14.991224,0.2870298,1,2014,1
-126.84704,35.09843,14.68196,0.32898855,1,2014,1
-124.34487,35.10507,13.19579,0.57410836,1,2014,1
-126.969795,35.106995,14.865297,0.28815624,1,2014,1
-124.39044,35.10808,13.327726,0.5631854,1,2014,1
-124.67622,35.112217,14.145728,0.4325818,1,2014,1
-124.625626,35.115185,14.017675,0.40766457,1,2014,1
-124.467995,35.123226,13.511395,0.5288763,1,2014,1
-127.04343,35.128048,15.033016,0.2713834,1,2014,1
-124.53927,35.130383,13.687576,0.51040196,1,2014,1
-124.762985,35.13155,14.451935,0.36691245,1,2014,1
-128.36668,35.13388,14.94653,0.42027003,1,2014,1
-124.798706,35.13801,14.454416,0.39581716,1,2014,1
-127.11583,35.14263,15.347862,0.2540443,1,2014,1
-124.86887,35.158924,14.548278,0.3481309,1,2014,1
-126.81476,35.15914,14.660687,0.33644184,1,2014,1
-124.95653,35.168007,14.638516,0.33877587,1,2014,1
-127.18986,35.16877,15.465347,0.24413852,1,2014,1
-128.3973,35.182014,14.912691,0.3747933,1,2014,1
-125.04579,35.18817,14.659008,0.31077972,1,2014,1
-127.25916,35.18877,15.503096,0.26686195,1,2014,1
-125.12065,35.206203,14.708547,0.31007603,1,2014,1
-125.18961,35.2095,14.709975,0.29832047,1,2014,1
-125.230675,35.21577,14.74224,0.2847793,1,2014,1
-126.77242,35.217445,14.80586,0.3480453,1,2014,1
-125.31362,35.220673,14.704533,0.34635302,1,2014,1
-127.32783,35.223015,15.490251,0.26124904,1,2014,1
-128.42204,35.23471,14.91146,0.36849028,1,2014,1
-127.39988,35.2475,15.589139,0.20341258,1,2014,1
-127.4461,35.261322,15.556166,0.21383414,1,2014,1
-125.38743,35.269817,14.743063,0.30351067,1,2014,1
-126.749016,35.27574,14.897791,0.30161226,1,2014,1
-127.52172,35.2792,15.436781,0.20403948,1,2014,1
-128.45442,35.282753,14.915655,0.3343608,1,2014,1
-127.549515,35.293377,15.318003,0.2513648,1,2014,1
-125.46777,35.29382,14.838439,0.2841965,1,2014,1
-127.60405,35.305164,15.229785,0.22317885,1,2014,1
-125.56123,35.306942,14.986,0.2711636,1,2014,1
-127.65813,35.311234,15.09416,0.3022192,1,2014,1
-127.734184,35.31701,15.032339,0.34586126,1,2014,1
-125.8206,35.329674,15.043942,0.24965452,1,2014,1
-126.73709,35.334606,15.070765,0.21735667,1,2014,1
-125.64629,35.33549,14.99694,0.25934115,1,2014,1
-126.330864,35.335606,14.849169,0.29260045,1,2014,1
-128.47632,35.339413,14.931402,0.30729347,1,2014,1
-126.337685,35.34006,14.845883,0.28890643,1,2014,1
-126.28507,35.341663,14.876221,0.28813878,1,2014,1
-125.90858,35.34249,14.998447,0.2814263,1,2014,1
-126.39203,35.34401,14.84512,0.31203786,1,2014,1
-126.44271,35.345684,14.852065,0.27420166,1,2014,1
-127.80143,35.346924,14.989374,0.37807134,1,2014,1
-126.48659,35.348984,14.841248,0.2653921,1,2014,1
-126.52227,35.349598,14.838902,0.25903508,1,2014,1
-126.58215,35.351746,14.935596,0.26163507,1,2014,1
-126.215904,35.35219,14.96902,0.29967406,1,2014,1
-125.73586,35.35408,15.013277,0.25363016,1,2014,1
-126.60949,35.354443,14.96747,0.26343763,1,2014,1
-126.60444,35.363144,14.977587,0.23843725,1,2014,1
-126.71615,35.363266,15.104657,0.21397196,1,2014,1
-127.869995,35.36418,14.959755,0.40523356,1,2014,1
-126.71201,35.367622,15.079279,0.2569237,1,2014,1
-126.12962,35.37042,14.924989,0.3320411,1,2014,1
-125.96594,35.37759,14.967721,0.30118105,1,2014,1
-127.93051,35.3777,14.94926,0.42671546,1,2014,1
-128.51477,35.379894,14.935966,0.2940724,1,2014,1
-126.05281,35.381966,14.887224,0.32767957,1,2014,1
-126.67495,35.384304,15.026604,0.24798602,1,2014,1
-127.99012,35.40735,14.985765,0.43926373,1,2014,1
-128.0536,35.431244,14.997142,0.42872423,1,2014,1
-128.53564,35.431515,14.910114,0.3080459,1,2014,1
-128.54239,35.45508,14.88734,0.3128572,1,2014,1
-128.10553,35.4639,15.000276,0.4120672,1,2014,1
-128.55305,35.471523,14.907606,0.30317557,1,2014,1
-128.14287,35.487343,14.980373,0.3683489,1,2014,1
-128.55743,35.490517,14.9242525,0.30901277,1,2014,1
-128.19089,35.515507,14.935359,0.39704317,1,2014,1
-128.5611,35.519028,14.948625,0.26713556,1,2014,1
-128.2555,35.535515,14.876399,0.43507528,1,2014,1
-128.58511,35.554295,14.953729,0.24809329,1,2014,1
-128.32275,35.55838,14.8326,0.367322,1,2014,1
-128.38338,35.57672,14.841084,0.3762801,1,2014,1
-128.62874,35.588154,14.99542,0.21933073,1,2014,1
-128.45639,35.59214,14.84662,0.29522878,1,2014,1
-128.49623,35.62401,14.897173,0.26148802,1,2014,1
-128.64835,35.63565,15.010824,0.24293755,1,2014,1
-128.5397,35.64524,14.926181,0.2568789,1,2014,1
-128.557,35.656906,14.952215,0.23191696,1,2014,1
-128.66817,35.67556,15.052869,0.22297853,1,2014,1
-128.60144,35.676243,14.982432,0.24834187,1,2014,1
-128.64772,35.697372,15.022422,0.23838156,1,2014,1
-128.69142,35.71681,15.05864,0.24180654,1,2014,1
-128.74814,35.73967,15.093688,0.1874663,1,2014,1
-128.77707,35.74381,15.108209,0.21176475,1,2014,1
-128.83224,35.756504,15.10024,0.18958679,1,2014,1
-128.70667,35.775852,15.045708,0.18308616,1,2014,1
-128.89291,35.777008,15.106049,0.20649147,1,2014,1
-128.96106,35.784443,15.119404,0.18777373,1,2014,1
-129.02026,35.79289,15.107802,0.22715466,1,2014,1
-129.08505,35.811657,15.079763,0.1905615,1,2014,1
-128.71968,35.814533,15.039271,0.17557341,1,2014,1
-129.15146,35.833794,15.037279,0.20793967,1,2014,1
-129.21437,35.852238,15.042682,0.21038495,1,2014,1
-128.72827,35.85905,15.035512,0.17219353,1,2014,1
-129.27713,35.87431,15.055381,0.21220043,1,2014,1
-129.33519,35.89281,15.063256,0.19010022,1,2014,1
-129.39005,35.905464,15.053149,0.19574396,1,2014,1
-128.74498,35.916286,15.061977,0.1603281,1,2014,1
-129.44919,35.923763,15.040806,0.1801015,1,2014,1
-129.5063,35.94002,15.004043,0.27065066,1,2014,1
-129.5765,35.957874,14.951408,0.22962698,1,2014,1
-128.77394,35.964367,15.073193,0.1767672,1,2014,1
-129.64827,35.982117,14.904994,0.25887185,1,2014,1
-128.79808,36.012257,15.078496,0.17043991,1,2014,1
-129.71672,36.014107,14.919511,0.24866246,1,2014,1
-129.79247,36.04143,14.917412,0.23755637,1,2014,1
-128.8104,36.059242,15.051822,0.1990895,1,2014,1
-129.86655,36.06349,14.954633,0.22256127,1,2014,1
-129.94171,36.088318,15.014859,0.22832474,1,2014,1
-130.01627,36.107967,15.039721,0.22682942,1,2014,1
-128.81929,36.11775,15.106148,0.17198636,1,2014,1
-130.08737,36.128426,15.019597,0.22463632,1,2014,1
-130.15585,36.143524,15.036685,0.2819353,1,2014,1
-128.83992,36.162045,15.136617,0.17211567,1,2014,1
-130.22762,36.16494,15.018031,0.23261188,1,2014,1
-130.29399,36.188637,15.045399,0.23581216,1,2014,1
-128.86969,36.194683,15.176994,0.17512655,1,2014,1
-130.34482,36.213787,15.059674,0.22494271,1,2014,1
-130.33772,36.225136,15.061574,0.22312209,1,2014,1
-128.9024,36.24463,15.212803,0.17713971,1,2014,1
-130.41238,36.265713,15.059776,0.21450539,1,2014,1
-128.93848,36.27726,15.229846,0.17095724,1,2014,1
-130.44882,36.284077,15.049585,0.20363949,1,2014,1
-130.51956,36.310425,15.048078,0.21595012,1,2014,1
-128.9363,36.312523,15.20934,0.16700262,1,2014,1
-130.55896,36.32739,15.05419,0.24590631,1,2014,1
-130.60649,36.34578,15.061963,0.21984579,1,2014,1
-128.976,36.364517,15.228273,0.17643759,1,2014,1
-130.67004,36.369324,15.140315,0.20307933,1,2014,1
-128.98132,36.3979,15.200907,0.17055859,1,2014,1
-130.73914,36.399002,15.130669,0.22955333,1,2014,1
-130.79198,36.42613,15.075948,0.2146249,1,2014,1
-129.01323,36.426666,15.230988,0.17093268,1,2014,1
-130.82422,36.431557,15.097485,0.20929705,1,2014,1
-130.83794,36.439808,15.118204,0.21300074,1,2014,1
-129.03458,36.45633,15.230309,0.17189015,1,2014,1
-129.07991,36.465878,15.2684765,0.15261358,1,2014,1
-130.90189,36.46974,15.071682,0.19687074,1,2014,1
-129.0529,36.484097,15.246984,0.16098697,1,2014,1
-130.93965,36.48706,15.033671,0.17297143,1,2014,1
-129.04387,36.487686,15.242424,0.16369635,1,2014,1
-129.08769,36.500854,15.260994,0.15524733,1,2014,1
-131.00317,36.51624,14.837829,0.2098726,1,2014,1
-131.06905,36.545517,14.709329,0.23013069,1,2014,1
-129.11424,36.554283,15.232641,0.16018242,1,2014,1
-131.06998,36.563454,14.674984,0.21715541,1,2014,1
-131.06078,36.57551,14.690254,0.22440962,1,2014,1
-131.10176,36.596848,14.660877,0.22742896,1,2014,1
-129.1458,36.59813,15.201843,0.1516244,1,2014,1
-131.1135,36.60441,14.63201,0.23319876,1,2014,1
-131.14316,36.62935,14.584402,0.23132753,1,2014,1
-129.17764,36.637684,15.190559,0.15525965,1,2014,1
-131.20886,36.670593,14.489924,0.21228029,1,2014,1
-129.19759,36.682415,15.207728,0.16201936,1,2014,1
-131.25174,36.706085,14.467845,0.25290093,1,2014,1
-129.22662,36.713028,15.20696,0.15888327,1,2014,1
-129.26453,36.74125,15.210708,0.15801352,1,2014,1
-131.31302,36.746872,14.455838,0.26429242,1,2014,1
-129.46526,36.759327,15.140942,0.16703166,1,2014,1
-129.35703,36.76323,15.189865,0.16824247,1,2014,1
-129.41826,36.765232,15.167462,0.16359101,1,2014,1
-129.5,36.766327,15.126798,0.20940512,1,2014,1
-129.56381,36.766685,15.106076,0.20312311,1,2014,1
-129.65532,36.766838,15.074693,0.19905593,1,2014,1
-129.29106,36.766838,15.182214,0.16492938,1,2014,1
-129.61803,36.769817,15.089943,0.19721586,1,2014,1
-129.1684,36.772797,15.172327,0.15654814,1,2014,1
-129.2751,36.78975,15.1517935,0.16205597,1,2014,1
-129.31123,36.790432,15.1629095,0.16345645,1,2014,1
-129.1985,36.791267,15.1412115,0.14507188,1,2014,1
-129.65897,36.795834,15.0731535,0.18222205,1,2014,1
-129.60947,36.800167,15.080547,0.19217947,1,2014,1
-131.37173,36.800335,14.334345,0.2913227,1,2014,1
-129.17427,36.80491,15.145909,0.14666854,1,2014,1
-129.14742,36.81253,15.14285,0.15220043,1,2014,1
-129.58136,36.8136,15.086966,0.18632333,1,2014,1
-129.61557,36.82813,15.0827465,0.17444617,1,2014,1
-129.57584,36.83692,15.085927,0.17957692,1,2014,1
-129.34308,36.838535,15.153,0.17319207,1,2014,1
-129.41255,36.840183,15.138413,0.16781978,1,2014,1
-129.53503,36.841408,15.08367,0.18019961,1,2014,1
-129.40948,36.849277,15.148931,0.16791898,1,2014,1
-131.42426,36.854393,14.271381,0.35200047,1,2014,1
-129.51753,36.856857,15.089825,0.17245322,1,2014,1
-129.35052,36.86256,15.1645565,0.16727796,1,2014,1
-129.43192,36.864513,15.159988,0.1753365,1,2014,1
-129.52982,36.8701,15.084105,0.17724164,1,2014,1
-129.39438,36.874477,15.170051,0.17158912,1,2014,1
-129.50407,36.87723,15.092765,0.18227239,1,2014,1
-129.47215,36.879616,15.129707,0.17371003,1,2014,1
-129.40768,36.900806,15.159768,0.17751028,1,2014,1
-129.42516,36.901237,15.1627445,0.1725627,1,2014,1
-129.37073,36.902103,15.151253,0.16567878,1,2014,1
-129.45389,36.90286,15.151017,0.17269906,1,2014,1
-129.28041,36.90666,15.108043,0.16287157,1,2014,1
-129.5131,36.90928,15.124707,0.1690554,1,2014,1
-131.47601,36.914806,14.141314,0.3837231,1,2014,1
-129.3375,36.922527,15.133285,0.16290177,1,2014,1
-129.23128,36.927734,15.094359,0.1624458,1,2014,1
-129.55348,36.928436,15.101057,0.18140501,1,2014,1
-129.30498,36.938156,15.104455,0.17038713,1,2014,1
-129.35841,36.93847,15.123302,0.16583443,1,2014,1
-129.59096,36.94155,15.104776,0.18673307,1,2014,1
-129.41151,36.94359,15.145544,0.17768463,1,2014,1
-129.41806,36.94762,15.162963,0.1789137,1,2014,1
-129.27396,36.95091,15.094758,0.16378604,1,2014,1
-129.553,36.951157,15.111869,0.18730925,1,2014,1
-129.50534,36.957558,15.141604,0.17400856,1,2014,1
-129.54004,36.975674,15.132471,0.19678028,1,2014,1
-129.43092,36.976227,15.162892,0.17249064,1,2014,1
-129.46341,36.977085,15.165038,0.18948562,1,2014,1
-131.54082,36.978985,14.059168,0.36362758,1,2014,1
-129.41208,36.97909,15.13927,0.17511769,1,2014,1
-129.2763,36.98256,15.098364,0.17390867,1,2014,1
-129.514,36.989864,15.151523,0.19463012,1,2014,1
-129.65076,36.989872,15.1107235,0.19480242,1,2014,1
-129.31755,36.99388,15.091618,0.17556398,1,2014,1
-129.49014,37.0125,15.153691,0.18115245,1,2014,1
-129.44223,37.013218,15.15792,0.17516908,1,2014,1
-129.46053,37.014885,15.157427,0.1764284,1,2014,1
-131.58824,37.017986,14.126033,0.29026008,1,2014,1
-129.26823,37.01961,15.124748,0.18049392,1,2014,1
-129.2245,37.02118,15.112965,0.1704473,1,2014,1
-129.4088,37.032234,15.14155,0.18323086,1,2014,1
-129.69995,37.03418,15.117291,0.19475237,1,2014,1
-131.63824,37.05791,14.114372,0.30226377,1,2014,1
-129.45128,37.060177,15.154237,0.18686657,1,2014,1
-129.41347,37.077282,15.1627655,0.18802138,1,2014,1
-129.73271,37.09304,15.138412,0.18988122,1,2014,1
-129.3963,37.096416,15.163297,0.1850429,1,2014,1
-131.6959,37.104942,14.121614,0.34647995,1,2014,1
-129.44362,37.111267,15.157148,0.18796049,1,2014,1
-129.50964,37.12079,15.150177,0.19314858,1,2014,1
-129.5544,37.121723,15.149086,0.19415008,1,2014,1
-129.61526,37.12676,15.146391,0.19074309,1,2014,1
-129.70013,37.127804,15.151523,0.1854119,1,2014,1
-129.65907,37.14191,15.154055,0.1924945,1,2014,1
-131.74939,37.164886,14.291991,0.353449,1,2014,1
-131.78508,37.1985,14.374421,0.358451,1,2014,1
-131.82352,37.236115,14.444942,0.28383562,1,2014,1
-131.87553,37.277073,14.452774,0.2713469,1,2014,1
-131.91212,37.305904,14.538001,0.28121227,1,2014,1
-131.96872,37.34395,14.630765,0.279023,1,2014,1
-132.02605,37.36854,14.64858,0.2572445,1,2014,1
-132.08186,37.40675,14.651373,0.26015976,1,2014,1
-132.14316,37.42719,14.667419,0.31877726,1,2014,1
-132.18924,37.456497,14.710466,0.22463094,1,2014,1
-132.24986,37.477608,14.713399,0.22565491,1,2014,1
-132.29141,37.509327,14.738855,0.22243978,1,2014,1
-132.3519,37.53873,14.801523,0.21064256,1,2014,1
-132.41519,37.56848,14.824123,0.20025185,1,2014,1
-132.46986,37.57877,14.836147,0.1929534,1,2014,1
-134.4042,37.59821,16.364414,0.09981912,1,2014,1
-132.54051,37.598526,14.839549,0.20485447,1,2014,1
-134.25095,37.605507,16.390266,0.12660837,1,2014,1
-134.46927,37.606873,16.388916,0.09362708,1,2014,1
-134.36986,37.609737,16.352022,0.093994685,1,2014,1
-134.18202,37.61262,16.280117,0.123789184,1,2014,1
-134.53336,37.616634,16.39592,0.0891673,1,2014,1
-134.32028,37.617764,16.346437,0.10961533,1,2014,1
-132.61401,37.622204,14.867561,0.20310457,1,2014,1
-134.11766,37.622437,16.156166,0.13188085,1,2014,1
-134.60172,37.627396,16.39109,0.09181547,1,2014,1
-134.67216,37.637142,16.429466,0.11954121,1,2014,1
-134.06265,37.643974,16.092606,0.11788095,1,2014,1
-134.73088,37.650654,16.445372,0.122521475,1,2014,1
-133.57172,37.654053,15.616857,0.120130606,1,2014,1
-132.68492,37.654125,14.86228,0.18584219,1,2014,1
-133.99979,37.656853,15.883184,0.14590293,1,2014,1
-133.59995,37.66208,15.644995,0.12664267,1,2014,1
-133.7672,37.6661,15.722544,0.13394423,1,2014,1
-133.81041,37.669086,15.717085,0.1332055,1,2014,1
-133.95264,37.669643,15.79327,0.13987902,1,2014,1
-133.50017,37.670036,15.607453,0.118728764,1,2014,1
-133.70937,37.67111,15.727871,0.13689348,1,2014,1
-134.78198,37.67504,16.48665,0.12937054,1,2014,1
-133.87595,37.675175,15.719241,0.13669114,1,2014,1
-133.65242,37.678288,15.71874,0.12713817,1,2014,1
-132.7589,37.680008,14.846365,0.18817003,1,2014,1
-134.8371,37.682644,16.499884,0.11034651,1,2014,1
-133.44157,37.68968,15.497051,0.16304904,1,2014,1
-134.89685,37.694088,16.503735,0.122281365,1,2014,1
-132.8987,37.697388,14.811157,0.19352402,1,2014,1
-132.82901,37.702057,14.807043,0.2038274,1,2014,1
-134.95871,37.7068,16.50881,0.13144118,1,2014,1
-133.38794,37.71605,15.473855,0.15592901,1,2014,1
-135.0254,37.720676,16.516087,0.10587655,1,2014,1
-135.08011,37.721947,16.534895,0.09791932,1,2014,1
-132.95955,37.722775,14.885608,0.19240859,1,2014,1
-135.14047,37.726063,16.54435,0.11497625,1,2014,1
-133.01633,37.74778,14.951463,0.18601747,1,2014,1
-133.38695,37.77611,15.322072,0.18819469,1,2014,1
-135.2198,37.788445,16.510906,0.08222683,1,2014,1
-133.0706,37.789375,14.958299,0.17603375,1,2014,1
-133.33543,37.81121,15.181038,0.18752831,1,2014,1
-133.13092,37.81218,14.946533,0.20198545,1,2014,1
-133.30783,37.812393,15.150379,0.19508833,1,2014,1
-135.2861,37.815247,16.447382,0.11111815,1,2014,1
-133.25386,37.83239,15.094651,0.1723528,1,2014,1
-133.19615,37.836136,14.963717,0.20651266,1,2014,1
-135.32817,37.842033,16.417969,0.10235851,1,2014,1
-135.37885,37.8768,16.40088,0.10744463,1,2014,1
-135.43242,37.912296,16.381216,0.11240407,1,2014,1
-135.46353,37.94234,16.341383,0.10888733,1,2014,1
-135.51074,37.968826,16.312456,0.11904853,1,2014,1
-135.53755,37.9817,16.309046,0.13132182,1,2014,1
-135.55055,37.997276,16.29067,0.1254555,1,2014,1
-135.58669,38.03474,16.263285,0.12167593,1,2014,1
-135.60353,38.08159,16.203352,0.100722626,1,2014,1
-135.63914,38.11775,16.147532,0.12251147,1,2014,1
-135.66872,38.154465,16.087696,0.09747913,1,2014,1
-135.7056,38.191666,16.018562,0.10039817,1,2014,1
-135.72707,38.222084,15.958991,0.11879952,1,2014,1
-135.75063,38.250835,15.919125,0.10609567,1,2014,1
-135.80661,38.331123,15.889067,0.115758695,1,2014,1
-135.83566,38.374817,15.901326,0.120892,1,2014,1
-135.87341,38.409267,15.805547,0.11927361,1,2014,1
-135.8829,38.454243,15.6835375,0.12189454,1,2014,1
-135.9293,38.500443,15.59034,0.12461886,1,2014,1
-135.95403,38.54334,15.537528,0.13667922,1,2014,1
-135.98941,38.58147,15.486946,0.119343765,1,2014,1
-136.01709,38.617302,15.425403,0.13135558,1,2014,1
-135.9734,38.62912,15.389293,0.1352901,1,2014,1
-135.977,38.629604,15.380653,0.13816617,1,2014,1
-136.0258,38.63036,15.370194,0.13057993,1,2014,1
-136.03471,38.68207,15.339498,0.13915439,1,2014,1
-136.06836,38.718754,15.308797,0.14024575,1,2014,1
-136.09297,38.7604,15.276553,0.15826891,1,2014,1
-136.11342,38.814648,15.231991,0.16729628,1,2014,1
-136.12343,38.851547,15.208613,0.15838358,1,2014,1
-136.12543,38.85335,15.212712,0.16230871,1,2014,1
-136.15335,38.932144,15.200355,0.15107493,1,2014,1
-136.16855,38.96851,15.208779,0.16372953,1,2014,1
-136.19066,39.026226,15.182874,0.17542799,1,2014,1
-136.21121,39.085632,15.197405,0.15669046,1,2014,1
-136.23683,39.152386,15.204569,0.17593783,1,2014,1
-136.25911,39.22333,15.170149,0.18612982,1,2014,1
-136.27263,39.297867,15.097086,0.18060802,1,2014,1
-136.29834,39.361237,15.1012125,0.17534353,1,2014,1
-136.3326,39.41873,15.127722,0.18538883,1,2014,1
-136.35643,39.46466,15.1613035,0.16887875,1,2014,1
-136.37901,39.529484,15.169691,0.15777455,1,2014,1
-136.39642,39.592274,15.183758,0.17052025,1,2014,1
-136.41322,39.65939,15.154105,0.15067169,1,2014,1
-136.4403,39.724007,15.163858,0.15683904,1,2014,1
-136.45822,39.79407,15.129261,0.1533111,1,2014,1
-136.46645,39.855755,15.10448,0.15873225,1,2014,1
-136.47726,39.93094,15.001175,0.1589286,1,2014,1
-136.47064,40.0073,14.934431,0.15569669,1,2014,1
-136.45087,40.07786,14.901073,0.16592866,1,2014,1
-136.44145,40.154102,14.881764,0.14549966,1,2014,1
-136.44072,40.22306,14.888805,0.1602544,1,2014,1
-136.4195,40.302593,14.885744,0.15273869,1,2014,1
-136.41653,40.38241,14.892099,0.15761246,1,2014,1
-136.41489,40.463,14.868746,0.16034175,1,2014,1
-136.40285,40.548656,14.839844,0.16780569,1,2014,1
-136.3992,40.636776,14.810284,0.18638612,1,2014,1
-136.35153,40.71043,14.794155,0.16563432,1,2014,1
-136.33826,40.79946,14.804674,0.17534873,1,2014,1
-136.33426,40.806686,14.798805,0.17243667,1,2014,1
-136.2869,40.84286,14.800018,0.17722681,1,2014,1
-136.3375,40.86165,14.774866,0.17850317,1,2014,1
-136.26125,40.91857,14.733812,0.18338408,1,2014,1
-136.23451,40.981544,14.692731,0.17816277,1,2014,1
-136.20769,41.056828,14.622758,0.18500254,1,2014,1
-136.18942,41.11848,14.59913,0.18211678,1,2014,1
-136.17657,41.188576,14.571745,0.19177336,1,2014,1
-136.0738,41.199387,14.663163,0.19206902,1,2014,1
-136.049,41.260536,14.630526,0.16678438,1,2014,1
-136.00496,41.35478,14.592891,0.17428668,1,2014,1
-133.6965,41.35591,14.451431,0.21187823,1,2014,1
-133.65501,41.366787,14.458435,0.21328422,1,2014,1
-133.61879,41.386166,14.452996,0.22060978,1,2014,1
-133.62718,41.425873,14.43033,0.21669245,1,2014,1
-135.98183,41.444317,14.41751,0.19586296,1,2014,1
-133.66025,41.452744,14.433823,0.22493939,1,2014,1
-133.71259,41.478977,14.430556,0.18573843,1,2014,1
-133.71257,41.51501,14.41224,0.19992056,1,2014,1
-135.9171,41.52643,14.29819,0.19397797,1,2014,1
-133.67091,41.529335,14.399444,0.19911027,1,2014,1
-133.69052,41.58236,14.383894,0.20180255,1,2014,1
-135.85243,41.619247,14.263984,0.2111333,1,2014,1
-133.71558,41.632442,14.377209,0.19924113,1,2014,1
-133.72429,41.680473,14.365483,0.21651128,1,2014,1
-135.79857,41.699844,14.210597,0.21282044,1,2014,1
-133.73438,41.72341,14.313493,0.20931011,1,2014,1
-133.70665,41.736237,14.317156,0.20637669,1,2014,1
-133.6504,41.75417,14.224151,0.18415295,1,2014,1
-133.6095,41.788868,14.03024,0.19536611,1,2014,1
-135.76079,41.790974,14.035278,0.21650285,1,2014,1
-133.59239,41.834904,13.951161,0.207889,1,2014,1
-135.71814,41.873547,13.927224,0.22465093,1,2014,1
-133.50232,41.88213,13.838054,0.2640164,1,2014,1
-133.57379,41.88322,13.86095,0.27480516,1,2014,1
-133.539,41.888214,13.83428,0.2422411,1,2014,1
-133.49672,41.93311,13.729261,0.24167423,1,2014,1
-135.6684,41.96756,13.853894,0.220167,1,2014,1
-133.47496,42.017494,13.686417,0.23806593,1,2014,1
-133.45552,42.032272,13.6683445,0.23153746,1,2014,1
-133.4454,42.04701,13.642422,0.2565181,1,2014,1
-135.61172,42.06391,13.817142,0.20777522,1,2014,1
-133.49477,42.091686,13.6445465,0.23518066,1,2014,1
-135.58763,42.116634,13.752511,0.21947794,1,2014,1
-133.50755,42.140896,13.6695795,0.21247084,1,2014,1
-133.53528,42.19651,13.716814,0.24215795,1,2014,1
-135.55756,42.198063,13.710294,0.24294224,1,2014,1
-133.54045,42.24242,13.704895,0.2562411,1,2014,1
-133.54497,42.281746,13.6666975,0.24404117,1,2014,1
-135.51382,42.286118,13.734439,0.2499326,1,2014,1
-135.48692,42.307987,13.760471,0.24154148,1,2014,1
-135.49002,42.310062,13.750163,0.24155274,1,2014,1
-133.56358,42.322098,13.619103,0.265452,1,2014,1
-135.44841,42.353394,13.772636,0.23256393,1,2014,1
-133.59512,42.366074,13.54578,0.2725366,1,2014,1
-135.39543,42.407616,13.757252,0.24639532,1,2014,1
-133.62347,42.408794,13.446148,0.2412648,1,2014,1
-133.65051,42.464016,13.394265,0.23356858,1,2014,1
-135.36267,42.47776,13.686348,0.255994,1,2014,1
-133.66725,42.5264,13.346178,0.28141215,1,2014,1
-135.33536,42.5394,13.593153,0.24934329,1,2014,1
-133.67355,42.5694,13.328048,0.26058868,1,2014,1
-133.7584,42.571823,13.312837,0.26855215,1,2014,1
-133.76399,42.57337,13.303551,0.2389769,1,2014,1
-133.69058,42.57346,13.3192625,0.2628223,1,2014,1
-133.68385,42.60526,13.290052,0.31816396,1,2014,1
-133.69612,42.607105,13.316303,0.25935748,1,2014,1
-135.30118,42.61362,13.577845,0.26408446,1,2014,1
-133.656,42.661644,13.260877,0.27563283,1,2014,1
-133.61284,42.66883,13.244475,0.2589075,1,2014,1
-133.57777,42.682907,13.240284,0.3277268,1,2014,1
-133.57198,42.68579,13.233553,0.28401217,1,2014,1
-135.25232,42.69745,13.419198,0.21988432,1,2014,1
-133.53632,42.70437,13.212966,0.28226006,1,2014,1
-133.64394,42.70478,13.24203,0.31591934,1,2014,1
-133.68387,42.722828,13.214703,0.2842974,1,2014,1
-135.21292,42.78076,13.334591,0.22222105,1,2014,1
-133.72568,42.783978,13.210463,0.28024083,1,2014,1
-133.76341,42.825935,13.125545,0.2783377,1,2014,1
-133.8233,42.852303,13.105142,0.27930635,1,2014,1
-135.17644,42.862423,13.15198,0.24134368,1,2014,1
-133.8768,42.87474,13.051346,0.2833362,1,2014,1
-135.15231,42.895416,13.086638,0.26324308,1,2014,1
-133.89018,42.906292,13.030805,0.23458359,1,2014,1
-133.9134,42.941624,13.013626,0.3401272,1,2014,1
-135.11931,42.970173,12.963428,0.2419782,1,2014,1
-133.96751,42.98969,12.978653,0.3287919,1,2014,1
-133.98228,43.025227,12.947042,0.38178623,1,2014,1
-134.02374,43.035576,12.910122,0.31930637,1,2014,1
-135.07082,43.047176,12.879519,0.24173573,1,2014,1
-135.07309,43.077267,12.803221,0.23292126,1,2014,1
-134.05693,43.099957,12.815337,0.3207669,1,2014,1
-135.04514,43.107075,12.715574,0.25222272,1,2014,1
-134.10289,43.158985,12.704995,0.31549823,1,2014,1
-135.03235,43.16226,12.646748,0.24825731,1,2014,1
-135.02316,43.214195,12.587821,0.2914224,1,2014,1
-134.1609,43.21535,12.613421,0.3023255,1,2014,1
-134.19164,43.26568,12.621782,0.3064413,1,2014,1
-134.99446,43.27717,12.4885025,0.30305356,1,2014,1
-134.17932,43.330357,12.632745,0.32307813,1,2014,1
-134.98082,43.34333,12.424778,0.29627523,1,2014,1
-134.99474,43.357616,12.342111,0.28302762,1,2014,1
-134.99574,43.39041,12.273057,0.29884863,1,2014,1
-134.2045,43.402855,12.625355,0.30708802,1,2014,1
-134.97455,43.432804,12.233614,0.2943292,1,2014,1
-134.20757,43.4632,12.613391,0.28835005,1,2014,1
-134.96182,43.477917,12.199939,0.2969049,1,2014,1
-134.95168,43.50057,12.188255,0.3420401,1,2014,1
-134.21164,43.526966,12.614492,0.3002173,1,2014,1
-134.92406,43.55729,12.175638,0.36039257,1,2014,1
-134.22057,43.58679,12.609792,0.30641112,1,2014,1
-134.91167,43.59494,12.1523905,0.36780426,1,2014,1
-134.87622,43.63609,12.143924,0.35434216,1,2014,1
-134.20676,43.638218,12.613483,0.28946662,1,2014,1
-134.85896,43.66863,12.1278715,0.36661983,1,2014,1
-134.22087,43.66896,12.566049,0.2716214,1,2014,1
-134.84286,43.69462,12.100043,0.3478287,1,2014,1
-134.21669,43.720566,12.519945,0.30663493,1,2014,1
-134.82323,43.7263,12.063093,0.34192502,1,2014,1
-134.7905,43.76089,12.058563,0.3461252,1,2014,1
-134.23326,43.782856,12.427818,0.3527576,1,2014,1
-134.75134,43.804085,11.999857,0.33451587,1,2014,1
-134.72752,43.841045,11.968389,0.31368366,1,2014,1
-134.26254,43.842667,12.240783,0.33786148,1,2014,1
-134.70511,43.877724,11.90763,0.3076374,1,2014,1
-134.28699,43.889717,12.143548,0.36689988,1,2014,1
-134.69266,43.90364,11.90673,0.27086696,1,2014,1
-134.66246,43.942806,11.83288,0.310365,1,2014,1
-134.28996,43.9545,11.903975,0.31106237,1,2014,1
-134.64243,43.983356,11.787518,0.2937645,1,2014,1
-134.29143,44.01626,11.843036,0.32941782,1,2014,1
-134.6161,44.02513,11.6944065,0.3045096,1,2014,1
-134.31519,44.062332,11.787865,0.3109113,1,2014,1
-134.57281,44.098896,11.660025,0.29625392,1,2014,1
-134.35155,44.11677,11.715817,0.2866961,1,2014,1
-134.54135,44.136574,11.6377945,0.32304692,1,2014,1
-134.52412,44.13994,11.603323,0.32557958,1,2014,1
-134.58221,44.14984,11.607317,0.32985777,1,2014,1
-134.61836,44.1504,11.611447,0.3113474,1,2014,1
-134.62982,44.1554,11.620567,0.3214559,1,2014,1
-134.5794,44.17864,11.58369,0.31013793,1,2014,1
-134.5989,44.179527,11.593349,0.32373345,1,2014,1
-134.4792,44.187614,11.587274,0.31214833,1,2014,1
-134.37996,44.188637,11.625171,0.30873978,1,2014,1
-134.57301,44.218548,11.57239,0.27756518,1,2014,1
-134.45114,44.22501,11.581969,0.32633284,1,2014,1
-134.60028,44.231537,11.582409,0.32149878,1,2014,1
-134.63185,44.23592,11.586887,0.42352936,1,2014,1
-134.70557,44.245087,11.580243,0.3129962,1,2014,1
-134.433,44.245712,11.584349,0.28335658,1,2014,1
-134.5808,44.250053,11.556476,0.322041,1,2014,1
-134.49783,44.26529,11.551118,0.32024205,1,2014,1
-134.39998,44.267197,11.561211,0.25858825,1,2014,1
-134.76537,44.288452,11.511898,0.33343408,1,2014,1
-134.43347,44.31112,11.53517,0.25846806,1,2014,1
-134.44167,44.313858,11.521811,0.32309452,1,2014,1
-134.3733,44.31825,11.546985,0.26607516,1,2014,1
-134.35687,44.33425,11.53336,0.26267564,1,2014,1
-134.78229,44.340267,11.493391,0.25960678,1,2014,1
-134.4811,44.35511,11.481895,0.32714474,1,2014,1
-134.40567,44.35719,11.496762,0.26603538,1,2014,1
-134.34615,44.379227,11.504709,0.260916,1,2014,1
-134.8412,44.39574,11.505598,0.32805496,1,2014,1
-134.37425,44.411716,11.472837,0.3014308,1,2014,1
-134.9094,44.418053,11.554083,0.36950576,1,2014,1
-134.49907,44.42254,11.471606,0.31747946,1,2014,1
-134.36108,44.42316,11.480616,0.26454672,1,2014,1
-134.33331,44.437717,11.437259,0.2737816,1,2014,1
-134.92192,44.45502,11.553636,0.35574418,1,2014,1
-134.3514,44.483093,11.420033,0.2557423,1,2014,1
-134.51724,44.492764,11.422671,0.33908734,1,2014,1
-134.99788,44.496986,11.579441,0.29480425,1,2014,1
-134.29805,44.498688,11.42783,0.26224497,1,2014,1
-134.33727,44.523056,11.436629,0.22111464,1,2014,1
-135.05865,44.534367,11.569148,0.270128,1,2014,1
-135.12624,44.53832,11.571762,0.29557964,1,2014,1
-134.51254,44.543312,11.418271,0.27304828,1,2014,1
-134.26923,44.56201,11.424044,0.25145012,1,2014,1
-134.29688,44.572933,11.428613,0.24021105,1,2014,1
-135.10829,44.57364,11.578024,0.32018661,1,2014,1
-134.51114,44.605732,11.414531,0.31352723,1,2014,1
-134.21683,44.610565,11.443326,0.27204347,1,2014,1
-135.15448,44.612812,11.59978,0.28810394,1,2014,1
-134.25919,44.613102,11.444219,0.25515884,1,2014,1
-135.09993,44.629883,11.554824,0.32440928,1,2014,1
-135.04372,44.63131,11.551518,0.29361728,1,2014,1
-134.53624,44.6358,11.429096,0.2878873,1,2014,1
-134.18591,44.64909,11.473012,0.2560078,1,2014,1
-134.21886,44.649506,11.457009,0.27690285,1,2014,1
-134.56992,44.664345,11.448121,0.28543684,1,2014,1
-135.2193,44.672977,11.549284,0.31537202,1,2014,1
-135.12079,44.677696,11.531276,0.32999176,1,2014,1
-135.2573,44.686176,11.550761,0.3049159,1,2014,1
-134.13225,44.692722,11.517326,0.28678477,1,2014,1
-134.18053,44.694317,11.495811,0.26764435,1,2014,1
-134.2254,44.6997,11.482494,0.2728751,1,2014,1
-134.60524,44.7161,11.44735,0.289862,1,2014,1
-135.25179,44.72423,11.511848,0.28839228,1,2014,1
-134.15715,44.733837,11.492956,0.27264756,1,2014,1
-134.08366,44.735157,11.496058,0.2823403,1,2014,1
-135.27287,44.73916,11.458323,0.28764784,1,2014,1
-135.26143,44.740147,11.459635,0.30002788,1,2014,1
-135.30211,44.74088,11.454333,0.33615035,1,2014,1
-134.0893,44.745808,11.436915,0.28210494,1,2014,1
-134.04442,44.757576,11.438759,0.2975186,1,2014,1
-134.66307,44.76121,11.454592,0.2859733,1,2014,1
-134.0215,44.769016,11.458975,0.3067429,1,2014,1
-133.96251,44.77183,11.487463,0.2927181,1,2014,1
-133.95624,44.793427,11.434555,0.27554604,1,2014,1
-133.99582,44.79471,11.403479,0.27354473,1,2014,1
-134.69992,44.797955,11.452396,0.30069703,1,2014,1
-135.32512,44.80357,11.402522,0.29536602,1,2014,1
-133.88681,44.809326,11.483498,0.29174212,1,2014,1
-133.9286,44.82104,11.419594,0.314091,1,2014,1
-135.3432,44.832916,11.361402,0.29137588,1,2014,1
-133.88669,44.837666,11.436519,0.2829891,1,2014,1
-134.74315,44.847725,11.436351,0.25104606,1,2014,1
-135.34895,44.85071,11.338541,0.31532234,1,2014,1
-135.33043,44.85452,11.347352,0.30424896,1,2014,1
-134.7669,44.87778,11.386477,0.2918379,1,2014,1
-135.26172,44.886307,11.335494,0.28942746,1,2014,1
-135.22786,44.89998,11.278453,0.25236297,1,2014,1
-134.79544,44.90331,11.33502,0.31464556,1,2014,1
-135.16064,44.909096,11.269131,0.2960949,1,2014,1
-135.08713,44.913513,11.2833605,0.35213223,1,2014,1
-134.85724,44.916916,11.303044,0.32106873,1,2014,1
-135.06741,44.92217,11.288146,0.3473006,1,2014,1
-135.05943,44.930264,11.250329,0.29451814,1,2014,1
-134.91063,44.935593,11.282523,0.28548327,1,2014,1
-134.86276,44.943756,11.289273,0.28516728,1,2014,1
-134.99869,44.94994,11.255582,0.28707993,1,2014,1
-136.21875,29.68125,19.0440044403076,0.0876362174749374,0,2014,1
-142.10625,30.39375,19.4460144042969,0.0771401301026344,0,2014,1
-141.95625,31.14375,19.4054470062256,0.0775169730186462,0,2014,1
-149.49375,46.48125,9.85036659240723,0.20219823718071,0,2014,1
-128.75625,27.91875,18.8769969940186,0.0584603548049927,0,2014,1
-144.88125,31.44375,19.6849937438965,0.0729977190494537,0,2014,1
-125.68125,26.68125,19.2221164703369,0.0606274902820587,0,2014,1
-141.69375,32.11875,19.1195430755615,0.0824204906821251,0,2014,1
-144.01875,33.46875,19.2543201446533,0.0789713859558105,0,2014,1
-126.46875,25.25625,19.7217464447021,0.0576239451766014,0,2014,1
-143.11875,33.28125,19.2977657318115,0.0832498967647552,0,2014,1
-129.58125,50.75625,8.12117671966553,0.670207440853119,0,2014,1
-123.16875,37.66875,12.8154983520508,1.16698229312897,0,2014,1
-129.95625,48.88125,8.94009017944336,0.437180191278458,0,2014,1
-124.93125,44.30625,9.41609477996826,0.686856210231781,0,2014,1
-137.90625,27.58125,19.9464931488037,0.0865475982427597,0,2014,1
-127.44375,47.75625,9.85694217681885,0.33855664730072,0,2014,1
-125.71875,47.49375,8.92744445800781,0.43091893196106,0,2014,1
-146.83125,31.89375,19.8267192840576,0.0793915167450905,0,2014,1
-137.56875,30.13125,19.1155776977539,0.085022009909153,0,2014,1
-143.30625,31.25625,20.0090236663818,0.0725922137498856,0,2014,1
-136.48125,26.86875,20.1870021820068,0.0768345221877098,0,2014,1
-123.28125,27.69375,18.2384071350098,0.0582409203052521,0,2014,1
-117.91875,26.45625,18.727689743042,0.0806078165769577,0,2014,1
-142.48125,49.40625,8.59781265258789,0.286356806755066,0,2014,1
-141.50625,33.09375,18.9201374053955,0.0881229862570763,0,2014,1
-130.93125,44.86875,11.0327396392822,0.380939781665802,0,2014,1
-125.15625,37.25625,12.3511781692505,0.81877863407135,0,2014,1
-116.64375,26.08125,18.4968433380127,0.0991872623562813,0,2014,1
-139.70625,30.24375,19.4498615264893,0.0705010369420052,0,2014,1
-138.20625,46.21875,10.8556489944458,0.360341548919678,0,2014,1
-143.04375,46.74375,10.8406248092651,0.310975670814514,0,2014,1
-137.79375,30.16875,19.1288185119629,0.0804064348340034,0,2014,1
-131.94375,27.13125,19.3199443817139,0.0813536271452904,0,2014,1
-150.31875,33.91875,19.0635452270508,0.0882049277424812,0,2014,1
-134.00625,50.68125,8.3824634552002,0.442517876625061,0,2014,1
-149.30625,32.64375,19.3483562469482,0.0794033035635948,0,2014,1
-153.13125,46.81875,9.26625156402588,0.340410262346268,0,2014,1
-128.56875,47.15625,9.74773693084717,0.41719576716423,0,2014,1
-146.64375,47.23125,10.6570024490356,0.283248156309128,0,2014,1
-134.30625,31.36875,17.9538269042969,0.0662753954529762,0,2014,1
-143.34375,46.48125,10.8822135925293,0.353923201560974,0,2014,1
-126.80625,43.29375,10.8978061676025,0.434011220932007,0,2014,1
-135.20625,48.61875,9.18774700164795,0.272462159395218,0,2014,1
-141.91875,32.38125,19.2583770751953,0.0910514891147614,0,2014,1
-138.76875,50.26875,8.78770542144775,0.382781237363815,0,2014,1
-147.88125,32.45625,19.4143447875977,0.0779877081513405,0,2014,1
-144.35625,43.40625,12.7980785369873,0.0683907940983772,0,2014,1
-153.13125,46.36875,9.73239898681641,0.351417511701584,0,2014,1
-115.70625,26.00625,19.4224433898926,0.136413127183914,0,2014,1
-129.31875,26.68125,19.1984939575195,0.0622442066669464,0,2014,1
-137.60625,31.85625,18.4156799316406,0.0814980491995811,0,2014,1
-130.44375,27.05625,19.25341796875,0.0746041759848595,0,2014,1
-134.75625,45.46875,10.9178609848022,0.294218778610229,0,2014,1
-133.14375,32.15625,17.2744388580322,0.0664278864860535,0,2014,1
-140.75625,47.94375,9.95778656005859,0.284233063459396,0,2014,1
-118.85625,26.68125,18.7860813140869,0.0746294856071472,0,2014,1
-154.33125,44.26875,11.0501546859741,0.354809105396271,0,2014,1
-128.60625,42.76875,11.0053453445435,0.523292243480682,0,2014,1
-134.26875,47.64375,9.81102275848389,0.309742331504822,0,2014,1
-129.28125,50.34375,8.23663711547852,0.495520561933517,0,2014,1
-132.95625,29.71875,18.9367694854736,0.0822566598653793,0,2014,1
-128.56875,25.96875,19.1446971893311,0.0598424263298512,0,2014,1
-126.73125,27.39375,18.8399410247803,0.0662269443273544,0,2014,1
-143.53125,32.86875,19.5030345916748,0.0738593935966492,0,2014,1
-128.90625,26.04375,19.1069602966309,0.0566726736724377,0,2014,1
-127.59375,25.85625,19.2343044281006,0.0623767413198948,0,2014,1
-145.70625,50.83125,8.08409118652344,0.185837641358376,0,2014,1
-141.39375,29.56875,20.2996368408203,0.0884355157613754,0,2014,1
-139.55625,48.73125,9.25556755065918,0.349219113588333,0,2014,1
-135.35625,47.79375,9.44669818878174,0.257194697856903,0,2014,1
-150.88125,48.24375,8.74733924865723,0.215928718447685,0,2014,1
-130.81875,29.38125,18.2828025817871,0.0661709159612656,0,2014,1
-146.04375,31.36875,19.8788013458252,0.075010858476162,0,2014,1
-133.74375,49.29375,8.63627052307129,0.324770957231522,0,2014,1
-142.81875,29.08125,20.6758613586426,0.0716602504253387,0,2014,1
-140.19375,48.09375,9.82853603363037,0.290645807981491,0,2014,1
-125.64375,25.59375,19.0142230987549,0.0504006966948509,0,2014,1
-126.65625,46.14375,9.89493465423584,0.499650210142136,0,2014,1
-132.16875,48.01875,9.39901065826416,0.274047195911407,0,2014,1
-135.50625,27.24375,19.4219074249268,0.074537567794323,0,2014,1
-132.16875,26.79375,19.2998962402344,0.0722163915634155,0,2014,1
-147.95625,34.03125,18.798002243042,0.084582194685936,0,2014,1
-122.15625,28.21875,18.3274154663086,0.0724399536848068,0,2014,1
-129.61875,25.55625,19.4275207519531,0.0577208064496517,0,2014,1
-138.50625,48.54375,9.72029781341553,0.258593052625656,0,2014,1
-139.25625,30.16875,19.3516407012939,0.0613234005868435,0,2014,1
-131.49375,49.18125,9.06302356719971,0.293287038803101,0,2014,1
-135.46875,46.81875,10.1260995864868,0.224064260721207,0,2014,1
-131.86875,27.84375,19.0699920654297,0.076969601213932,0,2014,1
-145.33125,34.63125,18.2870807647705,0.0931722149252892,0,2014,1
-124.33125,41.98125,10.0078353881836,1.92928516864777,0,2014,1
-129.05625,27.05625,19.1570930480957,0.0628515109419823,0,2014,1
-125.64375,45.01875,9.97711277008057,0.477232336997986,0,2014,1
-125.68125,28.74375,17.7559719085693,0.0627907812595367,0,2014,1
-140.68125,49.36875,8.82523727416992,0.344155699014664,0,2014,1
-131.75625,48.88125,9.08967304229736,0.289825975894928,0,2014,1
-142.03125,29.11875,20.7710418701172,0.066486582159996,0,2014,1
-149.08125,48.28125,9.40857315063477,0.797418832778931,0,2014,1
-137.53125,46.14375,11.0624313354492,0.316312462091446,0,2014,1
-125.15625,44.04375,9.71734714508057,0.681911408901215,0,2014,1
-138.20625,26.45625,20.3894443511963,0.0590209141373634,0,2014,1
-126.35625,45.28125,10.0429458618164,0.397056102752686,0,2014,1
-138.80625,45.84375,10.5536708831787,0.293289631605148,0,2014,1
-144.16875,46.25625,10.7642030715942,0.37094309926033,0,2014,1
-140.56875,31.51875,19.3770599365234,0.0750295072793961,0,2014,1
-123.80625,38.56875,11.9554471969604,0.814532339572906,0,2014,1
-124.10625,36.88125,12.4812688827515,0.900945961475372,0,2014,1
-134.94375,46.25625,10.5476112365723,0.270277619361877,0,2014,1
-137.56875,49.63125,9.21275043487549,0.259844899177551,0,2014,1
-114.61875,26.19375,19.6278553009033,0.219443142414093,0,2014,1
-134.08125,28.40625,19.1595191955566,0.0790763273835182,0,2014,1
-139.36875,28.44375,20.4866733551025,0.0748703181743622,0,2014,1
-133.70625,26.56875,19.9730606079102,0.0791596174240112,0,2014,1
-130.40625,28.70625,18.6365756988525,0.0682563558220863,0,2014,1
-146.53125,30.76875,20.3230857849121,0.0778301209211349,0,2014,1
-131.68125,46.44375,10.5573072433472,0.320877075195312,0,2014,1
-123.43125,34.63125,12.9818201065063,0.761796891689301,0,2014,1
-142.55625,50.08125,8.32379055023193,0.236452594399452,0,2014,1
-145.06875,33.50625,18.6190986633301,0.0755696669220924,0,2014,1
-155.00625,44.11875,10.5550584793091,0.353028267621994,0,2014,1
-144.69375,29.94375,20.5038719177246,0.060832891613245,0,2014,1
-147.73125,32.00625,19.4752788543701,0.0665928199887276,0,2014,1
-142.21875,32.94375,18.9925975799561,0.0862344428896904,0,2014,1
-151.85625,44.68125,10.8303375244141,0.333250969648361,0,2014,1
-141.35625,29.68125,20.1787452697754,0.0779746621847153,0,2014,1
-139.59375,27.58125,20.3511352539062,0.0815077945590019,0,2014,1
-137.45625,27.50625,20.0115985870361,0.0837325155735016,0,2014,1
-140.64375,31.14375,19.3411903381348,0.0806180238723755,0,2014,1
-145.51875,45.95625,10.8376388549805,0.393721044063568,0,2014,1
-126.99375,47.08125,9.68558025360107,0.405644506216049,0,2014,1
-126.99375,27.50625,18.7615127563477,0.0678166598081589,0,2014,1
-153.50625,45.84375,10.1773242950439,0.319962382316589,0,2014,1
-132.39375,49.51875,8.69173336029053,0.290536433458328,0,2014,1
-136.10625,31.03125,18.5282554626465,0.0877813100814819,0,2014,1
-136.55625,47.38125,9.78392791748047,0.277198225259781,0,2014,1
-126.31875,46.14375,9.60025405883789,0.565987110137939,0,2014,1
-147.50625,45.84375,10.7227659225464,0.258331924676895,0,2014,1
-141.20625,32.79375,18.9390544891357,0.093777522444725,0,2014,1
-126.01875,48.13125,8.72801399230957,0.48099222779274,0,2014,1
-132.43125,47.56875,9.63650131225586,0.372337371110916,0,2014,1
-149.26875,46.85625,9.71003341674805,0.448567450046539,0,2014,1
-141.61875,30.88125,19.2176609039307,0.0729517042636871,0,2014,1
-141.39375,45.99375,11.0470418930054,0.364471465349197,0,2014,1
-134.34375,28.66875,19.0857009887695,0.0787120014429092,0,2014,1
-137.90625,50.68125,8.68844795227051,0.307042211294174,0,2014,1
-136.55625,29.83125,18.975248336792,0.0706297233700752,0,2014,1
-135.20625,26.34375,20.2762069702148,0.0727967619895935,0,2014,1
-124.74375,41.49375,10.8949184417725,0.484145611524582,0,2014,1
-132.76875,27.73125,19.1010208129883,0.0776825696229935,0,2014,1
-129.65625,46.06875,10.5131168365479,0.329755842685699,0,2014,1
-127.59375,48.01875,9.69763660430908,0.328387022018433,0,2014,1
-148.10625,32.11875,19.5476913452148,0.0783790722489357,0,2014,1
-135.20625,50.68125,8.20309066772461,0.339183688163757,0,2014,1
-134.79375,48.73125,9.0195484161377,0.300046145915985,0,2014,1
-120.28125,34.14375,14.8900680541992,0.758615672588348,0,2014,1
-147.80625,48.24375,9.52841472625732,0.497235715389252,0,2014,1
-131.38125,27.61875,19.0969123840332,0.0771117359399796,0,2014,1
-147.01875,32.23125,19.4658031463623,0.0764409899711609,0,2014,1
-130.85625,47.45625,9.850022315979,0.320449322462082,0,2014,1
-123.80625,27.31875,18.394775390625,0.0574142821133137,0,2014,1
-125.49375,47.83125,8.85853290557861,0.59999406337738,0,2014,1
-137.30625,31.70625,18.5304183959961,0.0869668275117874,0,2014,1
-143.90625,46.44375,10.6709718704224,0.349508553743362,0,2014,1
-129.58125,50.34375,8.09364318847656,0.475435346364975,0,2014,1
-136.63125,26.23125,20.5926322937012,0.0764211267232895,0,2014,1
-140.34375,48.69375,9.22117900848389,0.292248576879501,0,2014,1
-127.14375,45.80625,10.4065217971802,0.400307416915894,0,2014,1
-123.09375,25.14375,19.2571239471436,0.0614704079926014,0,2014,1
-153.50625,45.09375,10.3746948242188,0.300478041172028,0,2014,1
-138.88125,26.79375,20.2650852203369,0.0677034109830856,0,2014,1
-153.88125,44.49375,10.9323091506958,0.379381507635117,0,2014,1
-138.69375,27.84375,20.2113571166992,0.085492879152298,0,2014,1
-123.20625,26.26875,18.8175964355469,0.0625442266464233,0,2014,1
-147.65625,32.30625,19.392053604126,0.0747700333595276,0,2014,1
-140.71875,32.00625,19.0688781738281,0.0917105227708817,0,2014,1
-121.48125,27.43125,18.2783298492432,0.0961534902453423,0,2014,1
-143.86875,48.46875,9.51129341125488,0.259565681219101,0,2014,1
-131.98125,51.95625,7.94979858398438,0.595073699951172,0,2014,1
-149.15625,34.03125,18.3528919219971,0.0940456241369247,0,2014,1
-133.85625,31.63125,17.8961563110352,0.0676925033330917,0,2014,1
-137.49375,46.63125,10.6240644454956,0.267953604459763,0,2014,1
-119.04375,25.33125,18.7507572174072,0.0959670469164848,0,2014,1
-137.53125,49.89375,9.18886470794678,0.290308505296707,0,2014,1
-149.19375,46.44375,9.94897174835205,0.203690573573112,0,2014,1
-131.90625,50.11875,8.61665153503418,0.428743720054626,0,2014,1
-124.21875,36.39375,12.9790744781494,0.850953578948975,0,2014,1
-130.40625,44.98125,10.857533454895,0.335570752620697,0,2014,1
-151.81875,44.94375,10.8740911483765,0.3309605717659,0,2014,1
-152.60625,45.46875,10.4905834197998,0.247803509235382,0,2014,1
-143.71875,34.14375,18.3673896789551,0.0645339861512184,0,2014,1
-127.40625,27.73125,18.853536605835,0.0772529989480972,0,2014,1
-143.15625,34.18125,18.4304256439209,0.0770489498972893,0,2014,1
-137.90625,29.79375,19.1537551879883,0.0760175213217735,0,2014,1
-148.03125,48.35625,9.48717403411865,0.517068982124329,0,2014,1
-126.31875,45.05625,10.0318393707275,0.426175564527512,0,2014,1
-148.51875,34.03125,18.5320320129395,0.080974817276001,0,2014,1
-146.86875,49.63125,8.55741024017334,0.261780261993408,0,2014,1
-135.73125,45.80625,10.6582288742065,0.234383776783943,0,2014,1
-124.55625,43.25625,9.72271156311035,1.24068832397461,0,2014,1
-152.94375,45.16875,10.4478063583374,0.266928791999817,0,2014,1
-135.24375,27.84375,19.4721622467041,0.0920323133468628,0,2014,1
-135.65625,32.26875,18.3169651031494,0.0728694945573807,0,2014,1
-146.08125,30.28125,20.0023880004883,0.0783566311001778,0,2014,1
-132.80625,27.43125,19.3835849761963,0.0748212337493896,0,2014,1
-139.51875,26.86875,20.5111980438232,0.0691449120640755,0,2014,1
-146.04375,32.83125,19.3177032470703,0.0744877308607101,0,2014,1
-125.86875,42.84375,10.0697326660156,0.642000734806061,0,2014,1
-138.24375,47.11875,10.2912483215332,0.318540871143341,0,2014,1
-124.40625,26.41875,18.8010444641113,0.0599762797355652,0,2014,1
-136.96875,31.63125,18.5423679351807,0.0784801170229912,0,2014,1
-139.59375,29.64375,19.7152881622314,0.0833752155303955,0,2014,1
-147.58125,32.04375,19.4765796661377,0.075032152235508,0,2014,1
-133.51875,49.51875,8.55659866333008,0.308322787284851,0,2014,1
-126.16875,43.59375,10.4010715484619,0.439910709857941,0,2014,1
-136.51875,27.91875,19.9368991851807,0.0926544293761253,0,2014,1
-136.29375,27.54375,19.5622386932373,0.0759348347783089,0,2014,1
-152.71875,45.35625,10.4882850646973,0.30569326877594,0,2014,1
-120.50625,25.78125,18.7984714508057,0.0757386982440948,0,2014,1
-127.51875,25.48125,19.3618545532227,0.0593320839107037,0,2014,1
-132.09375,29.60625,18.4483165740967,0.0796702206134796,0,2014,1
-141.69375,47.60625,10.1356153488159,0.314103722572327,0,2014,1
-130.74375,48.46875,9.48266124725342,0.306103438138962,0,2014,1
-139.85625,27.39375,20.4628849029541,0.0677459388971329,0,2014,1
-132.31875,51.58125,8.14596366882324,0.472848236560822,0,2014,1
-132.76875,49.06875,8.84114742279053,0.349469065666199,0,2014,1
-119.45625,34.33125,15.3404293060303,1.12713038921356,0,2014,1
-127.25625,47.83125,9.53170871734619,0.293007910251617,0,2014,1
-143.79375,28.78125,21.0952701568604,0.0708008855581284,0,2014,1
-124.66875,46.10625,9.30713558197021,0.807127296924591,0,2014,1
-139.59375,46.59375,10.9462871551514,0.205698922276497,0,2014,1
-135.54375,31.03125,18.5661582946777,0.0605246089398861,0,2014,1
-137.23125,47.30625,9.70430278778076,0.322821646928787,0,2014,1
-131.49375,50.86875,8.44274234771729,0.446034163236618,0,2014,1
-153.01875,47.83125,8.44016361236572,0.355069041252136,0,2014,1
-126.13125,44.79375,10.0051698684692,0.428250133991241,0,2014,1
-145.18125,31.59375,19.6336574554443,0.077804870903492,0,2014,1
-148.33125,46.44375,10.1774787902832,0.109011672437191,0,2014,1
-141.88125,31.10625,19.3105068206787,0.0743899792432785,0,2014,1
-140.30625,32.90625,18.7876262664795,0.0539988577365875,0,2014,1
-134.53125,30.58125,18.4351062774658,0.0479812249541283,0,2014,1
-136.29375,30.69375,18.7764797210693,0.0766740143299103,0,2014,1
-152.49375,47.45625,8.74246692657471,0.288159161806107,0,2014,1
-122.41875,36.73125,13.557767868042,0.936286807060242,0,2014,1
-120.80625,26.90625,18.5387172698975,0.109604112803936,0,2014,1
-137.49375,29.83125,19.1240139007568,0.0738892033696175,0,2014,1
-139.44375,32.45625,18.7875442504883,0.0962132960557938,0,2014,1
-115.85625,27.43125,18.4483623504639,0.182272374629974,0,2014,1
-129.69375,48.01875,9.62135219573975,0.367107033729553,0,2014,1
-126.99375,26.83125,19.0518856048584,0.0669082254171371,0,2014,1
-141.20625,30.80625,19.3357181549072,0.075945109128952,0,2014,1
-141.88125,29.08125,20.8089752197266,0.0799678266048431,0,2014,1
-119.64375,27.54375,18.3652801513672,0.0973494425415993,0,2014,1
-138.80625,27.84375,20.2057685852051,0.0820803195238113,0,2014,1
-132.65625,48.01875,9.32953548431396,0.266368418931961,0,2014,1
-124.93125,45.99375,9.43312549591064,0.657783925533295,0,2014,1
-137.11875,27.91875,19.7679672241211,0.0792412757873535,0,2014,1
-137.34375,50.08125,9.19180488586426,0.317807495594025,0,2014,1
-142.18125,51.88125,7.73370981216431,0.199578419327736,0,2014,1
-138.28125,29.79375,19.2791233062744,0.0717614889144897,0,2014,1
-122.38125,26.56875,18.410493850708,0.0659953653812408,0,2014,1
-135.65625,47.04375,9.98993015289307,0.307246625423431,0,2014,1
-146.11875,32.94375,19.0746631622314,0.0799665972590446,0,2014,1
-146.86875,49.25625,8.60796451568604,0.399627774953842,0,2014,1
-141.50625,46.40625,10.8208255767822,0.508551299571991,0,2014,1
-146.94375,34.29375,18.9189968109131,0.0862028375267982,0,2014,1
-125.45625,46.03125,9.47324657440186,0.592457115650177,0,2014,1
-125.23125,45.84375,9.52728939056396,0.576914072036743,0,2014,1
-129.99375,27.20625,19.0299644470215,0.0785301774740219,0,2014,1
-133.18125,48.61875,9.1393404006958,0.288643777370453,0,2014,1
-137.90625,31.29375,18.6187191009521,0.0833926424384117,0,2014,1
-130.14375,28.89375,18.6267375946045,0.0689062774181366,0,2014,1
-145.93125,46.85625,10.8089551925659,0.296735852956772,0,2014,1
-129.01875,27.54375,19.0338134765625,0.0612866953015327,0,2014,1
-141.16875,34.36875,18.2719459533691,0.0827473178505898,0,2014,1
-139.44375,46.06875,10.9245405197144,0.350030690431595,0,2014,1
-135.35625,49.48125,8.63717460632324,0.340660899877548,0,2014,1
-135.54375,47.86875,9.3967866897583,0.317887514829636,0,2014,1
-137.83125,29.79375,19.1319732666016,0.0780340731143951,0,2014,1
-130.66875,49.44375,9.1163272857666,0.287421584129333,0,2014,1
-146.08125,34.18125,18.4089050292969,0.0865694507956505,0,2014,1
-134.45625,27.50625,19.7599945068359,0.0765212997794151,0,2014,1
-135.43125,28.21875,19.4874458312988,0.0832466259598732,0,2014,1
-116.26875,25.93125,18.3671627044678,0.114523947238922,0,2014,1
-146.11875,34.85625,18.5777683258057,0.0976884514093399,0,2014,1
-151.29375,46.96875,9.27345275878906,0.274508357048035,0,2014,1
-131.15625,46.14375,10.2151899337769,0.346775561571121,0,2014,1
-130.48125,28.74375,18.6150665283203,0.0675721168518066,0,2014,1
-123.43125,26.90625,18.4918518066406,0.0595871694386005,0,2014,1
-140.04375,49.96875,8.70329570770264,0.264657527208328,0,2014,1
-140.41875,30.73125,19.3559379577637,0.0837991610169411,0,2014,1
-135.73125,46.18125,10.5714721679688,0.269154191017151,0,2014,1
-129.54375,49.96875,8.47044277191162,0.437494903802872,0,2014,1
-126.61875,44.56875,10.496114730835,0.526931643486023,0,2014,1
-124.10625,25.89375,18.9954776763916,0.0651593655347824,0,2014,1
-147.20625,47.71875,9.93724060058594,0.580655932426453,0,2014,1
-135.46875,27.69375,19.4056396484375,0.0970339998602867,0,2014,1
-122.56875,36.69375,13.549693107605,0.85398256778717,0,2014,1
-132.16875,31.85625,17.3535194396973,0.0623175427317619,0,2014,1
-138.95625,48.13125,10.1923608779907,0.239314392209053,0,2014,1
-147.54375,47.60625,9.90996360778809,0.526413321495056,0,2014,1
-132.80625,29.45625,18.863208770752,0.0864732787013054,0,2014,1
-136.78125,48.43125,9.40475463867188,0.291924893856049,0,2014,1
-134.08125,45.43125,10.9398212432861,0.330455303192139,0,2014,1
-154.93125,46.74375,9.60524940490723,0.317095130681992,0,2014,1
-127.63125,47.30625,9.54642105102539,0.330766826868057,0,2014,1
-126.20625,43.18125,10.2015724182129,0.458116561174393,0,2014,1
-150.31875,48.46875,8.52620983123779,0.592865467071533,0,2014,1
-140.04375,51.16875,7.59934520721436,0.256625533103943,0,2014,1
-121.21875,25.70625,18.7723827362061,0.0583734549582005,0,2014,1
-127.85625,46.25625,9.554368019104,0.35549333691597,0,2014,1
-141.46875,33.80625,18.5859069824219,0.0794113874435425,0,2014,1
-143.23125,31.66875,19.9668216705322,0.0717245787382126,0,2014,1
-139.59375,32.68125,18.65358543396,0.0896743983030319,0,2014,1
-138.01875,50.19375,8.9952335357666,0.287269562482834,0,2014,1
-136.21875,47.53125,9.88832855224609,0.245686769485474,0,2014,1
-147.61875,46.18125,10.5981893539429,0.300190925598145,0,2014,1
-146.26875,32.08125,19.7264976501465,0.0783709511160851,0,2014,1
-128.45625,27.80625,18.9177207946777,0.0651285797357559,0,2014,1
-138.20625,31.29375,18.6455783843994,0.0829480960965157,0,2014,1
-140.60625,48.28125,9.60948657989502,0.253053545951843,0,2014,1
-124.21875,37.03125,12.3452453613281,1.02936220169067,0,2014,1
-125.49375,48.20625,8.73047256469727,0.456815481185913,0,2014,1
-146.23125,49.44375,8.72055435180664,0.244384974241257,0,2014,1
-136.96875,48.20625,9.35175228118896,0.287382572889328,0,2014,1
-125.68125,27.16875,19.3302059173584,0.0650320500135422,0,2014,1
-135.88125,50.83125,8.05874538421631,0.355689138174057,0,2014,1
-146.41875,30.76875,20.2641086578369,0.0905143693089485,0,2014,1
-146.15625,35.19375,18.3619861602783,0.0861891433596611,0,2014,1
-142.78125,28.06875,21.0368251800537,0.0736360028386116,0,2014,1
-124.78125,38.00625,12.5301723480225,1.03459215164185,0,2014,1
-146.64375,33.91875,18.6687431335449,0.0891269147396088,0,2014,1
-139.63125,46.66875,10.8505325317383,0.736609816551208,0,2014,1
-128.86875,47.34375,9.92626094818115,0.36651200056076,0,2014,1
-148.96875,33.24375,18.445240020752,0.086572676897049,0,2014,1
-117.05625,27.05625,18.3348731994629,0.0918771550059319,0,2014,1
-134.23125,49.06875,8.75499057769775,0.300354301929474,0,2014,1
-125.30625,27.20625,19.2317142486572,0.06636031717062,0,2014,1
-141.58125,33.13125,18.9109840393066,0.0790859311819077,0,2014,1
-149.41875,33.99375,18.3152503967285,0.0964356735348701,0,2014,1
-133.06875,48.76875,9.06977939605713,0.255767017602921,0,2014,1
-136.66875,50.53125,8.49324512481689,0.233960464596748,0,2014,1
-135.91875,30.43125,18.76926612854,0.0633841082453728,0,2014,1
-139.03125,31.25625,18.9042778015137,0.098100945353508,0,2014,1
-139.81875,47.98125,10.1487703323364,0.30448117852211,0,2014,1
-145.25625,32.26875,19.6724376678467,0.0766411349177361,0,2014,1
-115.18125,27.50625,18.3888053894043,0.195263251662254,0,2014,1
-127.14375,48.31875,8.74290561676025,0.381493240594864,0,2014,1
-127.10625,42.76875,10.5494537353516,0.494807332754135,0,2014,1
-150.54375,34.06875,19.0679912567139,0.0928343236446381,0,2014,1
-155.86875,45.99375,9.47448062896729,0.291228175163269,0,2014,1
-123.54375,36.05625,13.0628147125244,0.820839881896973,0,2014,1
-148.29375,46.25625,10.3226270675659,0.247678175568581,0,2014,1
-145.44375,32.86875,19.3310089111328,0.0749557390809059,0,2014,1
-151.03125,49.14375,8.38352870941162,0.273893862962723,0,2014,1
-138.80625,29.90625,19.3851203918457,0.0836650654673576,0,2014,1
-151.36875,47.86875,9.15835762023926,0.312443107366562,0,2014,1
-132.80625,30.58125,18.3607730865479,0.0910244435071945,0,2014,1
-128.19375,29.23125,18.298526763916,0.0712353512644768,0,2014,1
-117.31875,25.96875,18.5229377746582,0.113141760230064,0,2014,1
-124.21875,39.88125,11.4572706222534,0.751359760761261,0,2014,1
-157.14375,44.26875,10.5803661346436,0.313534915447235,0,2014,1
-139.66875,49.70625,8.78357791900635,0.324840515851974,0,2014,1
-139.85625,32.11875,18.9893569946289,0.0921540930867195,0,2014,1
-143.68125,32.68125,19.5993690490723,0.0800648927688599,0,2014,1
-140.15625,27.99375,20.5559844970703,0.0660691633820534,0,2014,1
-139.66875,33.88125,18.3718852996826,0.0854473188519478,0,2014,1
-142.25625,35.45625,17.9304256439209,0.0483571700751781,0,2014,1
-156.65625,45.16875,9.75630569458008,0.361930459737778,0,2014,1
-126.84375,44.60625,10.6037149429321,0.570547521114349,0,2014,1
-116.64375,25.74375,18.3439273834229,0.101276308298111,0,2014,1
-140.94375,33.16875,18.82448387146,0.0757091268897057,0,2014,1
-145.93125,48.84375,9.0149564743042,0.232571288943291,0,2014,1
-144.39375,31.59375,19.7022113800049,0.0709649547934532,0,2014,1
-114.61875,25.93125,19.7423419952393,0.121274307370186,0,2014,1
-133.74375,27.46875,19.7099609375,0.0754864811897278,0,2014,1
-133.25625,30.05625,18.80055809021,0.0845512300729752,0,2014,1
-123.31875,35.75625,12.9150066375732,0.738038837909698,0,2014,1
-146.83125,32.19375,19.4751110076904,0.0793884173035622,0,2014,1
-144.88125,46.48125,11.0391054153442,0.271253377199173,0,2014,1
-134.68125,48.24375,9.09280490875244,0.326443761587143,0,2014,1
-129.65625,28.40625,18.7144317626953,0.0658319145441055,0,2014,1
-130.14375,45.95625,10.5874691009521,0.35355669260025,0,2014,1
-130.81875,29.08125,18.1731224060059,0.0669331476092339,0,2014,1
-124.93125,37.59375,12.5376796722412,1.11706340312958,0,2014,1
-153.84375,47.56875,8.57316589355469,0.383146643638611,0,2014,1
-128.26875,50.15625,8.05529880523682,0.662061870098114,0,2014,1
-134.11875,48.39375,9.33294582366943,0.370680242776871,0,2014,1
-150.20625,34.51875,18.5617198944092,0.120179556310177,0,2014,1
-146.83125,34.66875,18.9238986968994,0.0896886438131332,0,2014,1
-130.70625,45.58125,10.6528358459473,0.352929800748825,0,2014,1
-128.11875,48.05625,9.93321132659912,0.342868477106094,0,2014,1
-134.71875,48.58125,9.0119800567627,0.261434078216553,0,2014,1
-133.48125,49.14375,8.68810367584229,0.256648659706116,0,2014,1
-144.09375,28.81875,21.0590667724609,0.06740602850914,0,2014,1
-129.50625,45.69375,10.5247488021851,0.387823939323425,0,2014,1
-146.90625,30.84375,20.6122150421143,0.0800948664546013,0,2014,1
-128.19375,28.25625,18.8924369812012,0.0630957260727882,0,2014,1
-124.25625,26.04375,18.8558292388916,0.0560677759349346,0,2014,1
-124.44375,46.03125,9.15796279907227,1.18602526187897,0,2014,1
-130.14375,27.91875,18.7491054534912,0.0672377347946167,0,2014,1
-124.55625,28.66875,17.7234325408936,0.0663922801613808,0,2014,1
-150.24375,48.16875,8.73223304748535,0.295939326286316,0,2014,1
-136.21875,30.24375,18.9548778533936,0.0563790202140808,0,2014,1
-116.34375,26.64375,18.4236354827881,0.119906857609749,0,2014,1
-138.05625,49.29375,9.38508033752441,0.384531825780869,0,2014,1
-124.81875,46.44375,9.07585048675537,0.861625015735626,0,2014,1
-121.81875,25.59375,19.3736896514893,0.0651503875851631,0,2014,1
-144.43125,50.79375,8.06461524963379,0.245212718844414,0,2014,1
-130.33125,48.88125,9.17779541015625,0.328896284103394,0,2014,1
-127.63125,45.95625,10.0980491638184,0.432204216718674,0,2014,1
-122.30625,25.03125,19.5638179779053,0.0629730448126793,0,2014,1
-132.43125,51.28125,8.17277812957764,0.400986313819885,0,2014,1
-139.40625,28.29375,20.4502696990967,0.063507154583931,0,2014,1
-138.20625,32.26875,18.5171642303467,0.0691258162260056,0,2014,1
-129.24375,45.09375,10.550087928772,0.399184316396713,0,2014,1
-137.04375,31.18125,18.7312393188477,0.0811348930001259,0,2014,1
-140.68125,30.99375,19.3557796478271,0.0760220065712929,0,2014,1
-141.16875,34.10625,18.4155158996582,0.060212604701519,0,2014,1
-126.31875,43.78125,10.3254384994507,0.489575237035751,0,2014,1
-139.59375,27.99375,20.430290222168,0.0701581984758377,0,2014,1
-128.41875,46.89375,9.66197204589844,0.343233585357666,0,2014,1
-141.43125,51.24375,7.68804550170898,0.319139629602432,0,2014,1
-126.95625,44.04375,10.9862861633301,0.462830632925034,0,2014,1
-142.03125,47.83125,10.2179832458496,0.237490460276604,0,2014,1
-140.64375,32.83125,18.7629280090332,0.0712924376130104,0,2014,1
-142.44375,47.19375,10.5153493881226,0.28656479716301,0,2014,1
-135.99375,49.14375,9.12587738037109,0.275094121694565,0,2014,1
-123.95625,27.09375,18.5968704223633,0.0553969703614712,0,2014,1
-146.04375,34.48125,18.4311599731445,0.103098310530186,0,2014,1
-143.56875,34.29375,18.3721084594727,0.0764893293380737,0,2014,1
-136.66875,47.38125,9.78735446929932,0.291065394878387,0,2014,1
-140.53125,34.21875,18.2912540435791,0.0790999084711075,0,2014,1
-144.13125,32.41875,19.6467800140381,0.0762354955077171,0,2014,1
-139.18125,48.50625,9.715651512146,0.291879832744598,0,2014,1
-125.15625,26.49375,19.1026954650879,0.0638458058238029,0,2014,1
-132.84375,49.63125,8.60071277618408,0.343439757823944,0,2014,1
-151.55625,48.95625,8.52664756774902,0.242313623428345,0,2014,1
-139.81875,28.70625,20.5135936737061,0.0772553756833076,0,2014,1
-131.64375,51.05625,8.24850654602051,0.450389683246613,0,2014,1
-148.33125,33.73125,18.5586776733398,0.0893119946122169,0,2014,1
-141.54375,29.30625,20.4925594329834,0.0678461417555809,0,2014,1
-151.85625,46.59375,9.58554363250732,0.235636815428734,0,2014,1
-155.19375,45.09375,9.78504943847656,0.311739504337311,0,2014,1
-123.61875,25.96875,19.1841907501221,0.062742568552494,0,2014,1
-132.01875,51.76875,8.02373313903809,0.503481447696686,0,2014,1
-123.73125,27.91875,17.923583984375,0.0677773654460907,0,2014,1
-139.66875,33.69375,18.3892707824707,0.090941421687603,0,2014,1
-142.48125,34.81875,17.9170036315918,0.0670732855796814,0,2014,1
-143.11875,34.29375,18.3701858520508,0.0671131685376167,0,2014,1
-153.24375,46.63125,9.44312286376953,0.354918569326401,0,2014,1
-134.26875,48.05625,9.3772554397583,0.315147072076797,0,2014,1
-151.40625,45.69375,10.5652837753296,0.213982552289963,0,2014,1
-143.04375,50.45625,8.50002098083496,0.253710120916367,0,2014,1
-134.49375,46.21875,10.6207256317139,0.251939594745636,0,2014,1
-147.46875,32.64375,19.08251953125,0.083234116435051,0,2014,1
-131.90625,27.39375,19.2531337738037,0.0674753487110138,0,2014,1
-143.11875,28.85625,20.9008293151855,0.0579906441271305,0,2014,1
-130.78125,46.96875,9.80047798156738,0.321553230285645,0,2014,1
-145.10625,29.98125,20.348726272583,0.0651125907897949,0,2014,1
-130.03125,45.39375,10.6643180847168,0.462348520755768,0,2014,1
-132.05625,49.81875,8.69458866119385,0.357491225004196,0,2014,1
-129.65625,48.43125,8.89456748962402,0.388082474470139,0,2014,1
-135.24375,30.84375,18.411283493042,0.0609058737754822,0,2014,1
-116.08125,26.45625,18.5405426025391,0.131182864308357,0,2014,1
-152.98125,47.56875,8.56661796569824,0.29283019900322,0,2014,1
-135.95625,29.90625,19.0043544769287,0.0782750770449638,0,2014,1
-153.43125,48.13125,8.2236795425415,0.344561457633972,0,2014,1
-137.19375,26.71875,20.4560317993164,0.0810044631361961,0,2014,1
-138.58125,49.25625,9.26919460296631,0.389343470335007,0,2014,1
-123.20625,37.36875,13.3055992126465,1.12204170227051,0,2014,1
-122.49375,26.45625,18.4522495269775,0.0645314753055573,0,2014,1
-147.28125,47.15625,10.37317943573,0.311497330665588,0,2014,1
-123.01875,25.14375,19.2570972442627,0.0593495257198811,0,2014,1
-136.63125,26.86875,20.3460655212402,0.0836450159549713,0,2014,1
-139.59375,33.01875,18.5696201324463,0.0743569731712341,0,2014,1
-137.49375,26.56875,20.4874439239502,0.0701435506343842,0,2014,1
-126.91875,45.54375,10.3817024230957,0.386224061250687,0,2014,1
-138.05625,30.01875,19.2041702270508,0.0730342268943787,0,2014,1
-129.58125,51.16875,8.12897968292236,0.701645314693451,0,2014,1
-125.15625,25.85625,18.9482250213623,0.0590354576706886,0,2014,1
-136.25625,50.53125,8.21266174316406,0.449612855911255,0,2014,1
-129.09375,51.01875,7.90669298171997,0.783034145832062,0,2014,1
-135.80625,49.74375,8.60793399810791,0.310385078191757,0,2014,1
-142.89375,34.21875,18.3604145050049,0.0860252901911736,0,2014,1
-140.98125,32.38125,18.9033889770508,0.0793745815753937,0,2014,1
-125.19375,28.29375,18.0769290924072,0.0612715519964695,0,2014,1
-144.01875,48.58125,9.42972850799561,0.32171219587326,0,2014,1
-134.04375,45.84375,10.7433223724365,0.266070812940598,0,2014,1
-136.51875,49.29375,9.23829460144043,0.295733869075775,0,2014,1
-125.49375,44.94375,9.88466358184814,0.523038566112518,0,2014,1
-146.68125,32.38125,19.5888423919678,0.0749712437391281,0,2014,1
-140.38125,32.38125,18.9559307098389,0.0820823907852173,0,2014,1
-156.20625,43.96875,10.8248710632324,0.278363019227982,0,2014,1
-128.19375,25.48125,19.2960166931152,0.0695459917187691,0,2014,1
-131.71875,51.39375,8.150146484375,0.449827671051025,0,2014,1
-145.81875,45.88125,10.9577436447144,0.394917756319046,0,2014,1
-142.66875,33.31875,19.1226482391357,0.064934678375721,0,2014,1
-146.30625,30.76875,20.1865158081055,0.0806880220770836,0,2014,1
-128.83125,26.60625,19.1126194000244,0.0558966845273972,0,2014,1
-144.05625,33.20625,19.3575534820557,0.0822373405098915,0,2014,1
-122.30625,36.46875,13.6225433349609,0.823761999607086,0,2014,1
-149.45625,33.39375,18.5928192138672,0.0855865254998207,0,2014,1
-156.46875,44.71875,10.0089569091797,0.303262114524841,0,2014,1
-150.24375,48.01875,8.85216236114502,0.277235001325607,0,2014,1
-139.48125,50.00625,8.66431713104248,0.367353230714798,0,2014,1
-141.88125,28.18125,20.8787040710449,0.0783315971493721,0,2014,1
-134.23125,48.65625,8.9609489440918,0.29894807934761,0,2014,1
-123.09375,27.24375,18.4124946594238,0.0636856853961945,0,2014,1
-150.76875,48.24375,8.66204929351807,0.220231130719185,0,2014,1
-124.55625,37.81875,12.640191078186,1.02996814250946,0,2014,1
-122.64375,35.56875,13.3168125152588,0.760265946388245,0,2014,1
-131.68125,28.18125,18.9852504730225,0.0771477892994881,0,2014,1
-138.16875,46.18125,10.8689870834351,0.25875398516655,0,2014,1
-142.29375,29.30625,20.6501407623291,0.0815009549260139,0,2014,1
-131.38125,50.90625,8.38904094696045,0.471388250589371,0,2014,1
-143.49375,28.44375,21.0863552093506,0.0738372802734375,0,2014,1
-143.71875,50.15625,8.71704578399658,0.206950470805168,0,2014,1
-152.83125,43.96875,11.0688629150391,0.412092715501785,0,2014,1
-124.25625,36.31875,12.9651050567627,0.881969809532166,0,2014,1
-150.61875,46.74375,9.45688915252686,0.360366106033325,0,2014,1
-134.94375,27.69375,19.4457511901855,0.102172404527664,0,2014,1
-119.08125,25.63125,18.7936973571777,0.0993974432349205,0,2014,1
-148.89375,47.45625,9.39274120330811,0.439072728157043,0,2014,1
-134.11875,27.35625,19.6867980957031,0.0842105373740196,0,2014,1
-154.81875,45.95625,9.72419738769531,0.26197350025177,0,2014,1
-144.46875,49.89375,8.84434509277344,0.21035224199295,0,2014,1
-135.24375,31.06875,18.359188079834,0.0566483214497566,0,2014,1
-129.09375,25.70625,19.2201290130615,0.0569061003625393,0,2014,1
-147.69375,47.68125,9.706955909729,0.818778991699219,0,2014,1
-126.73125,48.88125,8.68267154693604,0.478649795055389,0,2014,1
-136.18125,45.54375,10.7661161422729,0.250494241714478,0,2014,1
-149.15625,32.94375,18.9257926940918,0.0886065140366554,0,2014,1
-114.01875,26.26875,19.4755592346191,0.239848062396049,0,2014,1
-132.13125,51.43125,8.18285846710205,0.448794484138489,0,2014,1
-146.49375,32.11875,19.6173496246338,0.076050229370594,0,2014,1
-127.66875,26.79375,18.9813117980957,0.0616323240101337,0,2014,1
-136.66875,49.21875,9.34631156921387,0.343248188495636,0,2014,1
-131.41875,47.90625,9.89736366271973,0.255298525094986,0,2014,1
-147.35625,31.66875,20.0860137939453,0.0732490792870522,0,2014,1
-150.80625,45.91875,10.5713014602661,0.25300407409668,0,2014,1
-141.24375,32.23125,18.8571910858154,0.0714527294039726,0,2014,1
-135.54375,50.71875,8.19125461578369,0.266408354043961,0,2014,1
-128.94375,48.28125,9.55735874176025,0.364357322454453,0,2014,1
-126.69375,25.89375,19.5503406524658,0.0593397133052349,0,2014,1
-144.76875,33.65625,18.4472770690918,0.0736705362796783,0,2014,1
-115.89375,27.01875,18.5649509429932,0.176803171634674,0,2014,1
-128.83125,45.09375,10.5217847824097,0.365388959646225,0,2014,1
-148.18125,34.63125,18.5591812133789,0.0853941217064857,0,2014,1
-121.18125,34.96875,14.479944229126,0.823271930217743,0,2014,1
-141.31875,29.53125,20.2705631256104,0.0713993459939957,0,2014,1
-122.23125,36.80625,13.3923082351685,0.83685714006424,0,2014,1
-140.94375,49.55625,8.91026020050049,0.31751161813736,0,2014,1
-153.95625,44.86875,10.5475902557373,0.356811314821243,0,2014,1
-126.69375,42.35625,10.5829372406006,0.463786125183105,0,2014,1
-138.31875,46.44375,10.7200088500977,0.25933113694191,0,2014,1
-123.28125,25.44375,19.0459442138672,0.0586911588907242,0,2014,1
-146.68125,34.25625,18.9177112579346,0.0841784179210663,0,2014,1
-144.61875,47.00625,10.6078128814697,0.428660929203033,0,2014,1
-125.08125,45.31875,9.53282833099365,0.508222162723541,0,2014,1
-127.74375,48.20625,9.54221343994141,0.341790467500687,0,2014,1
-142.63125,50.08125,8.38958644866943,0.23806431889534,0,2014,1
-135.43125,30.58125,18.5734367370605,0.0613315068185329,0,2014,1
-138.31875,32.68125,18.3735733032227,0.0901931673288345,0,2014,1
-134.68125,28.55625,19.2977733612061,0.0832771509885788,0,2014,1
-151.25625,47.98125,9.06651782989502,0.332551449537277,0,2014,1
-143.38125,28.85625,20.8899898529053,0.0744109973311424,0,2014,1
-114.76875,25.85625,19.6072845458984,0.126728802919388,0,2014,1
-122.98125,26.38125,18.7425708770752,0.0639635771512985,0,2014,1
-124.40625,26.23125,18.8039169311523,0.0620068609714508,0,2014,1
-132.95625,48.39375,9.30717086791992,0.371293932199478,0,2014,1
-148.96875,33.65625,18.3670997619629,0.0887520387768745,0,2014,1
-131.41875,28.10625,19.0136394500732,0.072821207344532,0,2014,1
-135.20625,32.08125,18.0476398468018,0.0637674480676651,0,2014,1
-140.38125,34.21875,18.3417491912842,0.0787246152758598,0,2014,1
-145.78125,31.70625,19.7367973327637,0.0706018134951591,0,2014,1
-146.41875,33.91875,18.5973014831543,0.0738435238599777,0,2014,1
-136.29375,49.48125,9.05574893951416,0.27783128619194,0,2014,1
-124.36875,41.83125,10.1972045898438,1.53911757469177,0,2014,1
-130.85625,27.65625,19.0941352844238,0.0638031363487244,0,2014,1
-130.55625,49.44375,9.10793972015381,0.342707395553589,0,2014,1
-122.04375,26.15625,18.5730438232422,0.0624731853604317,0,2014,1
-157.03125,43.33125,10.8988380432129,0.340817660093307,0,2014,1
-141.65625,30.24375,19.6992435455322,0.0615703538060188,0,2014,1
-128.56875,27.69375,18.9412937164307,0.0555823668837547,0,2014,1
-137.26875,32.23125,18.3136596679688,0.0883432552218437,0,2014,1
-147.95625,32.83125,19.1991863250732,0.081923745572567,0,2014,1
-125.08125,25.29375,19.0593299865723,0.0612659119069576,0,2014,1
-131.53125,32.26875,17.4100570678711,0.0635937824845314,0,2014,1
-146.56875,32.23125,19.6253147125244,0.0730994045734406,0,2014,1
-134.53125,46.18125,10.6758689880371,0.26577815413475,0,2014,1
-140.08125,32.71875,18.8653430938721,0.101621508598328,0,2014,1
-156.46875,45.35625,9.76261615753174,0.393736600875854,0,2014,1
-142.06875,49.48125,8.71549129486084,0.345479637384415,0,2014,1
-131.60625,45.50625,10.9329376220703,0.261829316616058,0,2014,1
-129.01875,49.18125,8.70903301239014,0.364105433225632,0,2014,1
-144.01875,31.74375,19.8519420623779,0.0707107037305832,0,2014,1
-141.80625,47.41875,10.1266212463379,0.294279634952545,0,2014,1
-124.89375,45.69375,9.57699298858643,0.607448577880859,0,2014,1
-149.15625,33.54375,18.3522129058838,0.0886950790882111,0,2014,1
-124.63125,42.16875,10.4226951599121,0.700017213821411,0,2014,1
-149.34375,33.88125,18.3345947265625,0.0924705266952515,0,2014,1
-141.88125,50.41875,7.94381284713745,0.273177325725555,0,2014,1
-120.20625,26.68125,18.520191192627,0.104625999927521,0,2014,1
-129.46875,46.14375,10.4836235046387,0.344279944896698,0,2014,1
-140.98125,27.58125,20.6768207550049,0.0691900327801704,0,2014,1
-152.90625,45.28125,10.4691171646118,0.279553294181824,0,2014,1
-156.65625,44.41875,10.2174940109253,0.323257327079773,0,2014,1
-127.18125,48.20625,8.76660919189453,0.397795230150223,0,2014,1
-123.39375,27.50625,18.2657241821289,0.059453658759594,0,2014,1
-120.95625,25.03125,19.1205520629883,0.0620869137346745,0,2014,1
-137.11875,26.30625,20.5594635009766,0.0648634359240532,0,2014,1
-155.45625,43.96875,10.6843090057373,0.364995867013931,0,2014,1
-144.80625,31.21875,19.7198429107666,0.080539844930172,0,2014,1
-147.54375,49.14375,8.92576789855957,0.284805715084076,0,2014,1
-130.55625,28.93125,18.4354209899902,0.0712303444743156,0,2014,1
-125.19375,46.66875,9.34584045410156,0.506068885326385,0,2014,1
-130.66875,48.88125,9.27508163452148,0.331819444894791,0,2014,1
-129.61875,49.66875,8.88723754882812,0.33008736371994,0,2014,1
-138.39375,45.46875,10.9195394515991,0.267599940299988,0,2014,1
-133.51875,27.58125,19.4163360595703,0.0784473717212677,0,2014,1
-128.79375,48.31875,9.59993457794189,0.301435917615891,0,2014,1
-140.15625,47.60625,10.3774127960205,0.355931669473648,0,2014,1
-125.64375,42.46875,10.338623046875,0.590443670749664,0,2014,1
-139.66875,48.13125,10.0321626663208,0.339670360088348,0,2014,1
-123.91875,26.34375,18.6832942962646,0.0581523440778255,0,2014,1
-148.25625,34.36875,18.625337600708,0.0973739102482796,0,2014,1
-126.61875,33.65625,13.8261337280273,0.782544195652008,0,2014,1
-133.10625,27.84375,19.0957565307617,0.0776209533214569,0,2014,1
-142.85625,32.11875,19.6551055908203,0.0687100887298584,0,2014,1
-137.34375,50.00625,9.18278503417969,0.304434180259705,0,2014,1
-135.24375,31.33125,18.3049297332764,0.0721884146332741,0,2014,1
-146.53125,48.84375,8.82915687561035,0.634831130504608,0,2014,1
-134.94375,30.16875,18.4770927429199,0.0644320696592331,0,2014,1
-118.18125,25.85625,18.7806243896484,0.0858008712530136,0,2014,1
-143.26875,30.91875,20.1682758331299,0.0799889713525772,0,2014,1
-136.14375,31.93125,18.3751029968262,0.0742574259638786,0,2014,1
-136.81875,26.68125,20.4954204559326,0.0703956633806229,0,2014,1
-124.63125,37.48125,12.5677099227905,1.11249947547913,0,2014,1
-132.95625,47.75625,9.45215129852295,0.297855049371719,0,2014,1
-134.83125,49.63125,8.57810211181641,0.320188820362091,0,2014,1
-144.46875,45.80625,10.9455089569092,0.234190240502357,0,2014,1
-148.85625,46.40625,10.0981245040894,0.193105787038803,0,2014,1
-125.15625,25.59375,18.8098564147949,0.0555020458996296,0,2014,1
-126.61875,27.61875,18.617603302002,0.0659003704786301,0,2014,1
-140.90625,28.63125,20.3409538269043,0.0831888318061829,0,2014,1
-140.23125,48.69375,9.25801086425781,0.326799631118774,0,2014,1
-128.26875,25.66875,19.2647190093994,0.0699326023459435,0,2014,1
-130.89375,44.86875,11.0452442169189,0.330445438623428,0,2014,1
-142.81875,50.68125,8.23867988586426,0.289553761482239,0,2014,1
-151.14375,46.14375,10.1723279953003,0.236066207289696,0,2014,1
-135.99375,48.35625,9.15765571594238,0.315039277076721,0,2014,1
-138.91875,51.16875,8.1276330947876,0.36191463470459,0,2014,1
-127.78125,27.95625,18.8603401184082,0.0745289698243141,0,2014,1
-134.23125,29.60625,18.6167621612549,0.0792601406574249,0,2014,1
-115.25625,25.93125,19.7191429138184,0.131544858217239,0,2014,1
-124.55625,26.11875,18.9556903839111,0.0577244348824024,0,2014,1
-125.94375,48.65625,8.1185188293457,0.638894081115723,0,2014,1
-140.90625,49.78125,8.87257671356201,0.354959160089493,0,2014,1
-120.09375,25.63125,18.936939239502,0.0607518404722214,0,2014,1
-129.88125,48.95625,8.94394588470459,0.476209759712219,0,2014,1
-143.11875,46.25625,11.0017337799072,0.239458113908768,0,2014,1
-133.81875,31.40625,17.9252662658691,0.0658213347196579,0,2014,1
-151.59375,46.81875,9.34529972076416,0.305049031972885,0,2014,1
-126.84375,46.36875,9.97789859771729,0.504861950874329,0,2014,1
-131.53125,48.54375,9.34196186065674,0.386510133743286,0,2014,1
-146.38125,33.58125,18.6654739379883,0.0750388652086258,0,2014,1
-148.25625,33.69375,18.6200008392334,0.0793914496898651,0,2014,1
-143.94375,33.20625,19.329044342041,0.0774250403046608,0,2014,1
-129.31875,50.45625,8.26224613189697,0.544770956039429,0,2014,1
-142.74375,33.01875,19.2371940612793,0.0960400030016899,0,2014,1
-155.30625,44.60625,10.0520820617676,0.323654055595398,0,2014,1
-142.18125,51.31875,7.92954635620117,0.271312206983566,0,2014,1
-120.43125,27.31875,18.4534339904785,0.0935985073447227,0,2014,1
-132.28125,29.30625,18.6853275299072,0.0762519463896751,0,2014,1
-141.69375,46.48125,10.865026473999,0.309868335723877,0,2014,1
-126.50625,46.93125,9.35391044616699,0.398632735013962,0,2014,1
-119.26875,26.26875,18.7157001495361,0.0766002684831619,0,2014,1
-121.06875,27.16875,18.5448532104492,0.102981023490429,0,2014,1
-141.09375,34.25625,18.3927059173584,0.084317184984684,0,2014,1
-124.96875,44.19375,9.44852066040039,0.657501518726349,0,2014,1
-122.75625,25.85625,19.2741851806641,0.0592922493815422,0,2014,1
-124.96875,37.44375,12.498498916626,1.13786399364471,0,2014,1
-149.86875,34.03125,18.5081977844238,0.0946286395192146,0,2014,1
-147.05625,31.14375,20.6703662872314,0.0736591368913651,0,2014,1
-138.84375,48.69375,9.48134803771973,0.269850999116898,0,2014,1
-146.68125,33.58125,18.7726631164551,0.0855725929141045,0,2014,1
-131.15625,28.18125,18.8626441955566,0.0680041685700417,0,2014,1
-142.48125,34.78125,17.9059867858887,0.0643196925520897,0,2014,1
-147.16875,32.64375,19.0946578979492,0.0815786942839622,0,2014,1
-130.63125,48.76875,9.2244119644165,0.357871770858765,0,2014,1
-138.39375,26.64375,20.4469814300537,0.0583544932305813,0,2014,1
-124.10625,46.51875,8.20421695709229,3.53323268890381,0,2014,1
-153.31875,44.56875,10.9374113082886,0.364109367132187,0,2014,1
-138.58125,26.60625,20.5164318084717,0.0581725910305977,0,2014,1
-124.55625,27.35625,18.8152465820312,0.0605659037828445,0,2014,1
-125.15625,45.50625,9.62494659423828,0.528217673301697,0,2014,1
-134.04375,29.15625,18.8245811462402,0.0771496891975403,0,2014,1
-143.19375,30.35625,20.0748081207275,0.0704144239425659,0,2014,1
-135.24375,28.59375,19.3919563293457,0.0791807621717453,0,2014,1
-131.30625,27.13125,19.2644081115723,0.0664380490779877,0,2014,1
-126.76875,43.96875,10.6362266540527,0.461146324872971,0,2014,1
-146.23125,47.75625,10.323299407959,0.256442606449127,0,2014,1
-143.30625,46.14375,10.962306022644,0.331399857997894,0,2014,1
-118.10625,26.68125,18.4721870422363,0.0882454514503479,0,2014,1
-130.85625,45.69375,10.5502805709839,0.311924397945404,0,2014,1
-147.05625,45.80625,11.0644578933716,0.327013969421387,0,2014,1
-152.15625,46.59375,9.61611270904541,0.290170758962631,0,2014,1
-143.86875,46.96875,10.4162635803223,0.372817128896713,0,2014,1
-119.53125,25.78125,18.8677558898926,0.0631599575281143,0,2014,1
-140.86875,48.84375,9.229172706604,0.284420728683472,0,2014,1
-129.84375,48.54375,8.96776866912842,0.347130298614502,0,2014,1
-135.09375,49.70625,8.53145885467529,0.302052974700928,0,2014,1
-131.00625,28.74375,18.6305980682373,0.0810374915599823,0,2014,1
-132.05625,50.11875,8.64404106140137,0.496653884649277,0,2014,1
-136.70625,46.36875,10.5415782928467,0.272959172725677,0,2014,1
-154.81875,44.98125,9.9128999710083,0.32707753777504,0,2014,1
-124.03125,26.41875,18.7248916625977,0.0577548407018185,0,2014,1
-155.26875,45.16875,9.7280912399292,0.441851496696472,0,2014,1
-124.85625,46.59375,9.08688354492188,0.924623906612396,0,2014,1
-126.05625,44.30625,10.2130393981934,0.52027440071106,0,2014,1
-128.34375,29.11875,18.413143157959,0.0673844516277313,0,2014,1
-147.13125,31.51875,20.357873916626,0.0710970014333725,0,2014,1
-154.55625,45.16875,9.84756088256836,0.342543572187424,0,2014,1
-141.39375,34.29375,18.2952003479004,0.0589189939200878,0,2014,1
-132.73125,27.39375,19.3901271820068,0.0771166682243347,0,2014,1
-116.19375,26.08125,18.5134105682373,0.120418526232243,0,2014,1
-126.28125,45.28125,10.0480089187622,0.384270399808884,0,2014,1
-128.71875,48.05625,9.97960758209229,0.293336927890778,0,2014,1
-125.64375,41.90625,10.8729963302612,0.498299777507782,0,2014,1
-126.84375,48.61875,8.75873756408691,0.339871555566788,0,2014,1
-131.60625,46.14375,10.5079488754272,0.345476120710373,0,2014,1
-139.03125,32.26875,18.6758499145508,0.0876831635832787,0,2014,1
-145.85625,48.54375,9.51508140563965,0.344875454902649,0,2014,1
-124.55625,26.94375,18.9278030395508,0.0684771984815598,0,2014,1
-124.10625,41.60625,9.83945846557617,2.85993385314941,0,2014,1
-121.21875,25.63125,18.8360557556152,0.0620024129748344,0,2014,1
-141.91875,47.41875,10.2056121826172,0.285052835941315,0,2014,1
-127.51875,45.50625,10.3643627166748,0.40978130698204,0,2014,1
-139.10625,48.99375,9.18232917785645,0.303442567586899,0,2014,1
-128.94375,47.56875,9.91620540618896,0.360676169395447,0,2014,1
-156.95625,44.60625,10.2327079772949,0.297831475734711,0,2014,1
-124.70625,45.39375,9.57835292816162,0.650496184825897,0,2014,1
-118.81875,26.60625,18.7989730834961,0.0715778693556786,0,2014,1
-124.18125,27.20625,18.8435935974121,0.0617938563227654,0,2014,1
-123.61875,35.86875,12.9351587295532,0.781055569648743,0,2014,1
-131.38125,28.66875,18.5827941894531,0.0701423734426498,0,2014,1
-135.24375,46.03125,10.7808227539062,0.266708582639694,0,2014,1
-129.35625,50.56875,8.26181507110596,0.643684566020966,0,2014,1
-129.31875,44.79375,10.6577281951904,0.460889279842377,0,2014,1
-135.88125,47.34375,9.93371295928955,0.233175814151764,0,2014,1
-133.14375,28.29375,19.0977993011475,0.0673274025321007,0,2014,1
-139.48125,29.94375,19.5462646484375,0.086924783885479,0,2014,1
-135.73125,48.31875,9.24032402038574,0.32301127910614,0,2014,1
-124.89375,45.46875,9.55730628967285,0.598171174526215,0,2014,1
-134.04375,47.75625,9.73555374145508,0.320884346961975,0,2014,1
-127.06875,42.69375,10.4812068939209,0.504641711711884,0,2014,1
-129.58125,51.13125,8.11742687225342,0.876251995563507,0,2014,1
-118.66875,26.23125,18.9373035430908,0.0777620300650597,0,2014,1
-126.91875,45.73125,10.3238658905029,0.405268877744675,0,2014,1
-149.60625,47.30625,9.2083101272583,0.329721331596375,0,2014,1
-132.39375,50.56875,8.57769680023193,0.365702301263809,0,2014,1
-132.58125,28.36875,18.9667682647705,0.0799219310283661,0,2014,1
-131.94375,28.40625,18.8859691619873,0.0893050730228424,0,2014,1
-144.73125,32.90625,19.282642364502,0.083624854683876,0,2014,1
-150.73125,34.14375,18.579761505127,0.0937040597200394,0,2014,1
-136.78125,46.21875,10.7486066818237,0.281257629394531,0,2014,1
-138.80625,31.40625,18.8027973175049,0.0744335055351257,0,2014,1
-143.83125,28.81875,21.1218070983887,0.0801103413105011,0,2014,1
-128.15625,50.11875,7.90715885162354,0.724329352378845,0,2014,1
-123.46875,36.39375,13.2693462371826,0.876456081867218,0,2014,1
-125.68125,27.91875,18.718111038208,0.0638203173875809,0,2014,1
-142.81875,31.06875,19.9772205352783,0.0886500030755997,0,2014,1
-123.58125,27.84375,18.0200328826904,0.0636150687932968,0,2014,1
-122.56875,26.38125,18.4881420135498,0.0617119260132313,0,2014,1
-132.50625,51.35625,8.14992904663086,0.411177217960358,0,2014,1
-120.31875,26.49375,18.5257816314697,0.101737655699253,0,2014,1
-134.71875,26.68125,19.6551570892334,0.0833864659070969,0,2014,1
-126.09375,43.55625,10.3125715255737,0.454444289207458,0,2014,1
-142.81875,34.81875,18.0991020202637,0.055388305336237,0,2014,1
-148.25625,46.03125,10.4818592071533,0.250163942575455,0,2014,1
-127.18125,28.21875,18.8203239440918,0.0670546442270279,0,2014,1
-138.05625,27.84375,20.0421962738037,0.0852829292416573,0,2014,1
-130.89375,28.33125,18.9419784545898,0.0682073011994362,0,2014,1
-124.18125,27.35625,18.6703109741211,0.0571441762149334,0,2014,1
-132.91875,26.79375,19.5337238311768,0.0755283161997795,0,2014,1
-119.08125,25.81875,18.9152889251709,0.0762014612555504,0,2014,1
-142.55625,33.65625,18.9367694854736,0.0685852542519569,0,2014,1
-136.96875,50.86875,8.18949890136719,0.280306756496429,0,2014,1
-130.55625,51.28125,8.13193511962891,0.447319239377975,0,2014,1
-148.78125,33.80625,18.5032787322998,0.0869616568088531,0,2014,1
-136.10625,30.28125,18.8660621643066,0.0804365277290344,0,2014,1
-126.20625,28.55625,18.2817077636719,0.0716040730476379,0,2014,1
-127.78125,27.84375,18.8780136108398,0.0791503265500069,0,2014,1
-133.51875,28.40625,19.1243572235107,0.0710234716534615,0,2014,1
-125.19375,46.25625,9.47607326507568,0.550295650959015,0,2014,1
-158.26875,40.66875,12.2650909423828,0.774221777915955,0,2014,1
-121.89375,36.65625,13.266697883606,0.87875884771347,0,2014,1
-131.30625,28.40625,18.795654296875,0.0761459097266197,0,2014,1
-136.14375,50.75625,8.08669185638428,0.338856309652328,0,2014,1
-144.84375,32.56875,19.5164699554443,0.080086313188076,0,2014,1
-127.85625,27.20625,18.8917331695557,0.0595729984343052,0,2014,1
-124.81875,47.53125,8.19038867950439,1.71626198291779,0,2014,1
-132.13125,50.68125,8.53353404998779,0.362920731306076,0,2014,1
-134.38125,46.06875,10.7101440429688,0.306867718696594,0,2014,1
-141.80625,46.93125,10.4532632827759,0.268559068441391,0,2014,1
-131.19375,26.90625,19.2761116027832,0.0732787549495697,0,2014,1
-150.39375,34.40625,18.6397514343262,0.0890650227665901,0,2014,1
-128.41875,42.91875,11.01487159729,0.484884560108185,0,2014,1
-125.19375,46.78125,9.28986072540283,0.498427867889404,0,2014,1
-146.38125,30.61875,20.2035045623779,0.0823367238044739,0,2014,1
-138.35625,34.36875,17.9031143188477,0.0631013363599777,0,2014,1
-150.80625,47.90625,8.8037166595459,0.248521909117699,0,2014,1
-129.54375,45.58125,10.5195150375366,0.397756665945053,0,2014,1
-142.66875,48.31875,9.8886890411377,0.301829367876053,0,2014,1
-126.46875,42.65625,9.93505764007568,0.672291934490204,0,2014,1
-130.85625,48.50625,9.45612812042236,0.331959098577499,0,2014,1
-115.48125,26.56875,19.3727931976318,0.142048731446266,0,2014,1
-132.39375,51.61875,8.16318988800049,0.430185973644257,0,2014,1
-141.99375,31.81875,19.2654800415039,0.0849886015057564,0,2014,1
-142.14375,31.44375,19.3543186187744,0.0798294767737389,0,2014,1
-117.05625,26.94375,18.4464321136475,0.0900266915559769,0,2014,1
-116.08125,26.04375,18.5637550354004,0.12538355588913,0,2014,1
-124.96875,45.84375,9.51566982269287,0.545594334602356,0,2014,1
-138.88125,30.76875,19.2157936096191,0.080735944211483,0,2014,1
-144.54375,30.46875,20.3531799316406,0.0845443680882454,0,2014,1
-158.49375,43.25625,10.4206304550171,0.302616536617279,0,2014,1
-134.64375,48.58125,9.01521873474121,0.272126168012619,0,2014,1
-138.16875,27.20625,20.1624088287354,0.0824437513947487,0,2014,1
-126.01875,48.24375,8.74779605865479,0.464851975440979,0,2014,1
-125.41875,41.23125,10.9481706619263,0.429730951786041,0,2014,1
-122.56875,26.94375,18.3802261352539,0.066703699529171,0,2014,1
-139.51875,49.59375,8.88272571563721,0.365459203720093,0,2014,1
-135.54375,50.60625,8.2331485748291,0.220630899071693,0,2014,1
-147.16875,33.20625,18.9292621612549,0.0811965093016624,0,2014,1
-139.33125,27.61875,20.3160781860352,0.086129829287529,0,2014,1
-114.61875,27.13125,19.302677154541,0.225527659058571,0,2014,1
-146.64375,34.70625,18.8736095428467,0.082415796816349,0,2014,1
-140.30625,28.70625,20.2573547363281,0.0686255022883415,0,2014,1
-132.24375,48.05625,9.3734884262085,0.282406508922577,0,2014,1
-126.09375,48.84375,8.03785514831543,0.670943677425385,0,2014,1
-139.96875,29.49375,19.9069519042969,0.0674580559134483,0,2014,1
-143.23125,32.26875,19.8161430358887,0.066548652946949,0,2014,1
-142.93125,48.01875,10.1311731338501,0.279240638017654,0,2014,1
-138.28125,28.14375,20.2568531036377,0.0828674137592316,0,2014,1
-136.78125,31.51875,18.4968681335449,0.0756174027919769,0,2014,1
-131.64375,45.58125,10.9277086257935,0.303400963544846,0,2014,1
-137.94375,30.61875,19.041353225708,0.0859854891896248,0,2014,1
-124.74375,25.48125,18.9288578033447,0.0636706873774529,0,2014,1
-151.44375,46.70625,9.48834323883057,0.25161674618721,0,2014,1
-137.30625,31.21875,18.6984310150146,0.0806595906615257,0,2014,1
-124.44375,28.63125,17.6749744415283,0.0651869922876358,0,2014,1
-132.35625,26.04375,19.4660015106201,0.0665070787072182,0,2014,1
-140.83125,31.48125,19.2200393676758,0.0760383754968643,0,2014,1
-120.95625,25.06875,19.1187133789062,0.061490572988987,0,2014,1
-144.05625,31.18125,19.8993453979492,0.0705260187387466,0,2014,1
-125.86875,37.14375,12.8128023147583,0.74970155954361,0,2014,1
-137.75625,47.56875,9.96944999694824,0.240318864583969,0,2014,1
-128.64375,45.20625,10.4658231735229,0.425969421863556,0,2014,1
-142.25625,28.40625,21.0182094573975,0.0769919455051422,0,2014,1
-126.01875,46.44375,9.70123195648193,0.433241575956345,0,2014,1
-140.11875,32.49375,18.9085121154785,0.0761933252215385,0,2014,1
-139.51875,51.35625,7.63494634628296,0.167463898658752,0,2014,1
-139.40625,30.65625,19.360954284668,0.0735567137598991,0,2014,1
-131.04375,27.73125,19.1617088317871,0.0706272721290588,0,2014,1
-156.39375,44.90625,9.93424224853516,0.306096255779266,0,2014,1
-119.11875,25.36875,18.7486991882324,0.100918844342232,0,2014,1
-124.06875,37.48125,12.6435108184814,1.21003806591034,0,2014,1
-139.81875,27.58125,20.3811473846436,0.0725962519645691,0,2014,1
-137.23125,30.76875,18.827730178833,0.0835380554199219,0,2014,1
-140.45625,48.31875,9.56020069122314,0.357197314500809,0,2014,1
-126.16875,47.30625,9.21654224395752,0.4073825776577,0,2014,1
-156.69375,43.85625,10.9527473449707,0.414608955383301,0,2014,1
-141.54375,49.89375,8.493821144104,0.30928635597229,0,2014,1
-126.95625,42.88125,10.5536956787109,0.460527807474136,0,2014,1
-129.99375,25.78125,19.4532775878906,0.0612614266574383,0,2014,1
-144.09375,30.84375,20.0576705932617,0.0756267905235291,0,2014,1
-153.09375,45.54375,10.3560409545898,0.264733284711838,0,2014,1
-139.36875,28.40625,20.4883460998535,0.0716841816902161,0,2014,1
-130.55625,27.35625,19.0885887145996,0.0704280436038971,0,2014,1
-149.04375,45.99375,10.6024417877197,0.201509073376656,0,2014,1
-145.85625,50.71875,8.37690830230713,0.151310011744499,0,2014,1
-149.15625,33.39375,18.3731346130371,0.0794208496809006,0,2014,1
-127.96875,48.80625,8.65613460540771,0.375671803951263,0,2014,1
-139.93125,32.19375,19.0259437561035,0.0848356857895851,0,2014,1
-154.85625,45.61875,9.69149398803711,0.372508019208908,0,2014,1
-138.76875,31.44375,18.719388961792,0.0748932585120201,0,2014,1
-140.45625,49.48125,8.82720947265625,0.328670114278793,0,2014,1
-140.30625,28.29375,20.4659061431885,0.0713532343506813,0,2014,1
-128.15625,47.60625,9.99114418029785,0.316520303487778,0,2014,1
-143.94375,29.38125,20.733283996582,0.0686633437871933,0,2014,1
-131.04375,49.74375,8.85652256011963,0.332138210535049,0,2014,1
-125.23125,27.65625,19.0018348693848,0.0676938146352768,0,2014,1
-133.85625,27.73125,19.6637001037598,0.0800902470946312,0,2014,1
-149.64375,48.84375,8.40749073028564,0.729244410991669,0,2014,1
-139.10625,50.23125,8.62444305419922,0.388370007276535,0,2014,1
-147.91875,34.66875,18.7200832366943,0.0979214906692505,0,2014,1
-128.45625,50.90625,7.90015888214111,0.940160512924194,0,2014,1
-133.93125,29.41875,18.7260456085205,0.0685567557811737,0,2014,1
-128.04375,45.46875,10.4357299804688,0.413176834583282,0,2014,1
-129.99375,28.40625,18.7175064086914,0.064569503068924,0,2014,1
-134.83125,47.56875,9.60505199432373,0.256475269794464,0,2014,1
-136.14375,31.29375,18.5008220672607,0.0784329995512962,0,2014,1
-133.89375,29.94375,18.7022590637207,0.0716839656233788,0,2014,1
-149.53125,47.34375,9.21224308013916,0.369791716337204,0,2014,1
-129.24375,26.41875,19.1617069244385,0.0641560330986977,0,2014,1
-139.48125,46.44375,10.9425239562988,0.312021881341934,0,2014,1
-116.23125,25.66875,18.4963760375977,0.126655414700508,0,2014,1
-135.76875,29.83125,19.0082416534424,0.0738273337483406,0,2014,1
-117.73125,25.85625,18.7690048217773,0.0815760493278503,0,2014,1
-140.11875,45.91875,11.0533227920532,0.208494618535042,0,2014,1
-141.99375,47.04375,10.4576053619385,0.257133632898331,0,2014,1
-151.51875,47.38125,9.14705085754395,0.322714179754257,0,2014,1
-130.78125,44.94375,10.9856739044189,0.343242526054382,0,2014,1
-132.43125,46.55625,10.5104703903198,0.267509788274765,0,2014,1
-125.60625,34.18125,14.0391111373901,0.76999443769455,0,2014,1
-153.73125,45.65625,10.067403793335,0.358037501573563,0,2014,1
-124.03125,45.43125,8.90380382537842,1.76260483264923,0,2014,1
-154.89375,43.51875,11.0469484329224,0.343094289302826,0,2014,1
-146.08125,50.41875,8.80437850952148,0.227682545781136,0,2014,1
-120.05625,28.03125,18.2924365997314,0.0994744375348091,0,2014,1
-137.71875,50.23125,9.12431621551514,0.297485947608948,0,2014,1
-137.64375,49.89375,9.23397064208984,0.396473467350006,0,2014,1
-129.28125,46.10625,10.4979982376099,0.360679239034653,0,2014,1
-127.10625,47.11875,9.82332992553711,0.355955123901367,0,2014,1
-131.26875,25.96875,19.5316028594971,0.0683346837759018,0,2014,1
-123.95625,36.24375,13.2030267715454,0.896619498729706,0,2014,1
-130.48125,51.20625,8.16422557830811,0.491321831941605,0,2014,1
-141.05625,50.90625,7.74972438812256,0.290332227945328,0,2014,1
-141.13125,48.35625,9.70957088470459,0.338535755872726,0,2014,1
-136.55625,46.96875,9.76828002929688,0.376116842031479,0,2014,1
-149.08125,47.94375,9.27609157562256,0.758977770805359,0,2014,1
-154.06875,44.41875,10.942759513855,0.324264585971832,0,2014,1
-128.34375,26.30625,19.0209980010986,0.0585178732872009,0,2014,1
-149.94375,46.33125,10.0355958938599,0.268894106149673,0,2014,1
-138.69375,49.51875,9.09548759460449,0.373268872499466,0,2014,1
-140.90625,29.38125,19.9299869537354,0.0754330307245255,0,2014,1
-124.40625,44.60625,9.09852313995361,1.06017303466797,0,2014,1
-132.95625,49.51875,8.60115051269531,0.278121620416641,0,2014,1
-134.53125,47.86875,9.4071102142334,0.300745010375977,0,2014,1
-156.39375,43.89375,10.9791870117188,0.255153685808182,0,2014,1
-136.25625,45.80625,10.8464775085449,0.206057727336884,0,2014,1
-152.53125,47.60625,8.73913669586182,0.470883011817932,0,2014,1
-114.69375,25.78125,19.7048988342285,0.116464599967003,0,2014,1
-140.38125,33.88125,18.5780696868896,0.0867228507995605,0,2014,1
-153.76875,44.83125,10.6360082626343,0.450349390506744,0,2014,1
-140.68125,48.58125,9.37258625030518,0.324797600507736,0,2014,1
-145.25625,29.75625,20.3921661376953,0.0562141835689545,0,2014,1
-131.64375,27.95625,19.0002002716064,0.0691392719745636,0,2014,1
-122.75625,27.28125,18.3518829345703,0.06330256909132,0,2014,1
-123.58125,38.11875,11.9778671264648,0.81739604473114,0,2014,1
-137.86875,51.43125,7.9782075881958,0.407041311264038,0,2014,1
-125.49375,45.73125,9.52567577362061,0.501894652843475,0,2014,1
-144.01875,47.04375,10.3993368148804,0.300058841705322,0,2014,1
-127.55625,47.75625,9.9769401550293,0.3569395840168,0,2014,1
-133.10625,45.61875,11.0394420623779,0.37762251496315,0,2014,1
-135.39375,49.18125,8.86542701721191,0.312685310840607,0,2014,1
-129.58125,44.86875,10.6290798187256,0.414099663496017,0,2014,1
-141.88125,51.01875,7.86988019943237,0.314234882593155,0,2014,1
-149.08125,33.73125,18.3274307250977,0.088967464864254,0,2014,1
-127.89375,27.80625,18.8460369110107,0.0803744420409203,0,2014,1
-123.31875,37.93125,12.2167663574219,1.38071310520172,0,2014,1
-137.86875,48.16875,9.79975032806396,0.255358844995499,0,2014,1
-157.93125,43.96875,10.7879915237427,0.275750517845154,0,2014,1
-135.84375,28.74375,19.5452919006348,0.0722486898303032,0,2014,1
-135.31875,30.50625,18.5704174041748,0.0774641111493111,0,2014,1
-126.09375,27.99375,18.4789924621582,0.0601506382226944,0,2014,1
-133.93125,28.74375,18.953556060791,0.082460843026638,0,2014,1
-128.15625,49.10625,8.60673713684082,0.341003119945526,0,2014,1
-152.08125,48.13125,8.68713665008545,0.348237931728363,0,2014,1
-133.25625,46.48125,10.6763753890991,0.3349749147892,0,2014,1
-128.64375,28.59375,18.5321998596191,0.061298917979002,0,2014,1
-153.28125,44.68125,10.8368005752563,0.445080667734146,0,2014,1
-146.04375,48.61875,9.3672924041748,0.309547871351242,0,2014,1
-139.85625,31.59375,19.3260154724121,0.0854620188474655,0,2014,1
-126.20625,48.35625,8.75940227508545,0.440428018569946,0,2014,1
-126.05625,27.80625,18.6802997589111,0.061297494918108,0,2014,1
-139.59375,31.36875,19.3055152893066,0.0905148237943649,0,2014,1
-123.58125,37.29375,12.7158193588257,1.22099876403809,0,2014,1
-117.99375,25.48125,18.7473430633545,0.0812224075198174,0,2014,1
-155.83125,44.04375,10.6126403808594,0.301641136407852,0,2014,1
-142.66875,33.69375,18.8193035125732,0.0687581226229668,0,2014,1
-131.41875,28.06875,19.0291786193848,0.0726443454623222,0,2014,1
-147.76875,46.85625,10.3882427215576,0.1731968075037,0,2014,1
-140.56875,30.35625,19.5092010498047,0.0777252987027168,0,2014,1
-155.98125,45.73125,9.49484443664551,0.329150557518005,0,2014,1
-128.79375,42.99375,11.0032081604004,0.500567018985748,0,2014,1
-142.96875,30.46875,19.9614200592041,0.0672930851578712,0,2014,1
-141.61875,29.38125,20.4411487579346,0.0787349343299866,0,2014,1
-129.61875,47.98125,9.70266914367676,0.367143213748932,0,2014,1
-148.21875,31.89375,19.6070690155029,0.0759110003709793,0,2014,1
-119.56875,27.50625,18.2773761749268,0.102846935391426,0,2014,1
-138.80625,47.45625,10.3663511276245,0.264163583517075,0,2014,1
-126.24375,46.33125,9.64100933074951,0.426722407341003,0,2014,1
-139.85625,32.19375,18.9617691040039,0.0929452627897263,0,2014,1
-137.79375,32.00625,18.4821357727051,0.0794499143958092,0,2014,1
-138.80625,31.96875,18.7441787719727,0.0885777696967125,0,2014,1
-128.26875,48.35625,9.70497417449951,0.313687920570374,0,2014,1
-137.34375,29.60625,19.2314872741699,0.0722684115171432,0,2014,1
-128.23125,50.11875,8.0641565322876,0.691094934940338,0,2014,1
-141.20625,46.81875,10.3751049041748,0.324923545122147,0,2014,1
-128.94375,28.18125,18.7736282348633,0.0604170821607113,0,2014,1
-133.03125,27.50625,19.4243354797363,0.0765956193208694,0,2014,1
-142.70625,46.51875,11.0650148391724,0.341368556022644,0,2014,1
-137.04375,48.43125,9.36127185821533,0.24719226360321,0,2014,1
-131.64375,46.63125,10.386923789978,0.28582626581192,0,2014,1
-151.03125,33.95625,18.3412132263184,0.0870866030454636,0,2014,1
-136.36875,30.46875,18.8569488525391,0.0787980332970619,0,2014,1
-129.61875,49.36875,8.79230785369873,0.409547030925751,0,2014,1
-126.31875,43.48125,10.6961584091187,0.39018177986145,0,2014,1
-122.53125,34.51875,13.3416576385498,0.76063871383667,0,2014,1
-128.23125,47.75625,10.0474796295166,0.327650636434555,0,2014,1
-127.63125,27.95625,18.8252925872803,0.071906752884388,0,2014,1
-142.06875,47.86875,10.1639986038208,0.228218793869019,0,2014,1
-140.75625,30.24375,19.644681930542,0.083754189312458,0,2014,1
-122.56875,26.19375,18.8105640411377,0.0624484121799469,0,2014,1
-137.49375,29.15625,19.6231060028076,0.0761584416031837,0,2014,1
-116.23125,30.80625,16.0745162963867,0.981076657772064,0,2014,1
-135.73125,49.44375,8.75773048400879,0.325051039457321,0,2014,1
-157.03125,44.68125,10.1559152603149,0.289302289485931,0,2014,1
-151.18125,48.65625,8.81075191497803,0.234110102057457,0,2014,1
-118.59375,25.93125,18.9092407226562,0.0927997380495071,0,2014,1
-135.69375,45.24375,10.7433376312256,0.27508133649826,0,2014,1
-130.10625,48.16875,9.28916358947754,0.314915090799332,0,2014,1
-126.28125,44.23125,10.2428359985352,0.461275577545166,0,2014,1
-151.40625,45.39375,10.8171434402466,0.280946850776672,0,2014,1
-135.31875,30.80625,18.4441146850586,0.0575839392840862,0,2014,1
-147.13125,50.15625,8.39154624938965,0.274280458688736,0,2014,1
-140.15625,49.70625,8.85003280639648,0.328647136688232,0,2014,1
-140.56875,28.10625,20.6612491607666,0.0718245804309845,0,2014,1
-143.23125,47.41875,10.3526744842529,0.527577877044678,0,2014,1
-142.93125,48.39375,9.90154838562012,0.270543158054352,0,2014,1
-128.53125,48.35625,9.65193939208984,0.277329206466675,0,2014,1
-132.65625,47.45625,9.69457626342773,0.273154079914093,0,2014,1
-151.48125,44.83125,10.9991598129272,0.289912700653076,0,2014,1
-139.89375,32.83125,18.743013381958,0.0897175222635269,0,2014,1
-137.60625,30.73125,19.0171756744385,0.0810865089297295,0,2014,1
-143.94375,46.10625,10.8918113708496,0.381346821784973,0,2014,1
-140.49375,30.28125,19.5120029449463,0.081017293035984,0,2014,1
-148.18125,46.10625,10.382791519165,0.229375526309013,0,2014,1
-144.99375,31.14375,19.7270946502686,0.0692929774522781,0,2014,1
-134.23125,26.41875,20.0049934387207,0.0832382589578629,0,2014,1
-150.65625,33.73125,19.0638332366943,0.0813684836030006,0,2014,1
-122.30625,34.36875,13.6086874008179,0.914351522922516,0,2014,1
-138.28125,32.68125,18.3324108123779,0.0917416587471962,0,2014,1
-125.56875,48.13125,8.73049449920654,0.470975786447525,0,2014,1
-132.91875,29.75625,18.9377937316895,0.0844335407018661,0,2014,1
-138.46875,31.78125,18.6463813781738,0.0699296221137047,0,2014,1
-119.30625,26.26875,18.7032356262207,0.0722832381725311,0,2014,1
-132.80625,48.84375,8.96463489532471,0.267869502305984,0,2014,1
-132.09375,48.61875,9.05444622039795,0.29647633433342,0,2014,1
-143.00625,47.75625,10.2140245437622,0.38309645652771,0,2014,1
-127.51875,44.90625,10.6548509597778,0.412250638008118,0,2014,1
-137.11875,26.26875,20.5448722839355,0.0703844055533409,0,2014,1
-129.58125,48.28125,9.12656211853027,0.395922183990479,0,2014,1
-143.53125,48.84375,9.32851886749268,0.256629228591919,0,2014,1
-151.93125,45.43125,10.6006011962891,0.266657739877701,0,2014,1
-151.40625,47.83125,9.1491756439209,0.293848872184753,0,2014,1
-125.79375,43.81875,10.0011978149414,0.494984954595566,0,2014,1
-142.81875,49.14375,8.85451889038086,0.274623364210129,0,2014,1
-128.71875,43.21875,11.0681610107422,0.458132266998291,0,2014,1
-145.33125,47.38125,10.6549282073975,0.456780344247818,0,2014,1
-137.75625,46.93125,10.2571706771851,0.297986805438995,0,2014,1
-138.24375,48.65625,9.64692687988281,0.253608763217926,0,2014,1
-129.24375,45.31875,10.4939088821411,0.397134602069855,0,2014,1
-124.48125,43.21875,9.60378265380859,1.5917022228241,0,2014,1
-121.40625,35.00625,14.3804035186768,0.845517635345459,0,2014,1
-119.98125,26.75625,18.4702167510986,0.0995927900075912,0,2014,1
-125.34375,47.04375,9.1148738861084,0.584573328495026,0,2014,1
-117.95625,26.34375,18.8236331939697,0.0855323597788811,0,2014,1
-141.69375,50.68125,7.85829496383667,0.297995060682297,0,2014,1
-126.88125,48.13125,8.83018970489502,0.442286908626556,0,2014,1
-146.90625,32.41875,19.353048324585,0.0730821788311005,0,2014,1
-145.29375,47.64375,10.4394483566284,0.538066804409027,0,2014,1
-132.09375,30.24375,18.3379650115967,0.0731457024812698,0,2014,1
-130.70625,49.44375,9.1258544921875,0.312645584344864,0,2014,1
-144.54375,46.18125,10.8923311233521,0.276978939771652,0,2014,1
-144.09375,51.24375,7.61272859573364,0.262837469577789,0,2014,1
-141.05625,31.63125,19.1868534088135,0.100503638386726,0,2014,1
-149.11875,34.25625,18.40696144104,0.0980543196201324,0,2014,1
-119.23125,26.11875,18.7850952148438,0.0674160793423653,0,2014,1
-140.00625,33.95625,18.3323421478271,0.089102141559124,0,2014,1
-126.76875,27.99375,18.6531238555908,0.0698212683200836,0,2014,1
-133.78125,47.34375,9.68698978424072,0.379870384931564,0,2014,1
-139.21875,30.95625,19.2693176269531,0.0802632570266724,0,2014,1
-124.14375,25.70625,19.0305137634277,0.0594162680208683,0,2014,1
-142.78125,33.13125,19.2008476257324,0.0781053453683853,0,2014,1
-121.40625,25.03125,19.4248752593994,0.0634281113743782,0,2014,1
-127.29375,48.65625,8.72298240661621,0.362740010023117,0,2014,1
-138.01875,27.43125,19.9902400970459,0.0801633819937706,0,2014,1
-146.04375,47.94375,10.1012954711914,0.320237576961517,0,2014,1
-126.91875,44.38125,10.9194822311401,0.432707220315933,0,2014,1
-128.75625,48.46875,9.32522583007812,0.339810103178024,0,2014,1
-144.43125,31.25625,19.74924659729,0.0759119316935539,0,2014,1
-136.93125,47.23125,9.72249317169189,0.278429090976715,0,2014,1
-140.49375,27.31875,20.7213096618652,0.065905787050724,0,2014,1
-132.28125,50.68125,8.51322174072266,0.371401906013489,0,2014,1
-134.11875,50.30625,8.2626256942749,0.264545112848282,0,2014,1
-131.68125,27.20625,19.2609958648682,0.0714669078588486,0,2014,1
-145.40625,31.25625,19.7138595581055,0.0768485888838768,0,2014,1
-142.59375,29.83125,20.1242809295654,0.0686629116535187,0,2014,1
-125.08125,45.91875,9.5194034576416,0.552940726280212,0,2014,1
-141.20625,30.31875,19.5522022247314,0.0605667233467102,0,2014,1
-125.64375,46.44375,9.65714836120605,0.484593540430069,0,2014,1
-134.71875,48.65625,9.01835250854492,0.297563493251801,0,2014,1
-123.95625,39.28125,11.5948944091797,0.874348878860474,0,2014,1
-132.91875,49.89375,8.53368854522705,0.278087019920349,0,2014,1
-128.83125,45.58125,10.5040864944458,0.392273992300034,0,2014,1
-123.13125,36.05625,13.3018608093262,0.845168352127075,0,2014,1
-147.46875,48.50625,9.42761707305908,0.202575534582138,0,2014,1
-146.23125,35.23125,18.3591651916504,0.0932437777519226,0,2014,1
-147.43125,48.31875,9.44889736175537,0.435810655355453,0,2014,1
-125.23125,37.06875,12.8291501998901,0.744662344455719,0,2014,1
-129.05625,47.94375,9.91603088378906,0.345557630062103,0,2014,1
-122.83125,37.66875,12.1921730041504,2.91605949401855,0,2014,1
-140.53125,46.55625,10.8416976928711,0.223228812217712,0,2014,1
-132.35625,29.08125,18.7396183013916,0.0809984654188156,0,2014,1
-123.05625,25.81875,19.1081123352051,0.0624203383922577,0,2014,1
-115.48125,26.30625,19.4854984283447,0.14337831735611,0,2014,1
-138.35625,27.80625,20.1210517883301,0.080281525850296,0,2014,1
-128.56875,49.25625,8.72140884399414,0.334846258163452,0,2014,1
-139.96875,32.49375,18.9014339447021,0.0911120697855949,0,2014,1
-126.39375,46.63125,9.83579540252686,0.44972625374794,0,2014,1
-141.16875,49.63125,8.99420356750488,0.347655951976776,0,2014,1
-138.65625,48.50625,9.73712348937988,0.306653499603271,0,2014,1
-139.36875,27.50625,20.3123207092285,0.0685173645615578,0,2014,1
-143.30625,30.54375,20.1369113922119,0.081734336912632,0,2014,1
-140.56875,31.48125,19.38010597229,0.0912891328334808,0,2014,1
-139.74375,48.09375,10.0403003692627,0.330786734819412,0,2014,1
-139.63125,33.65625,18.3754653930664,0.0801399201154709,0,2014,1
-143.04375,34.96875,18.2707481384277,0.100355461239815,0,2014,1
-147.65625,49.25625,8.98651313781738,0.203696951270103,0,2014,1
-141.95625,31.78125,19.2661094665527,0.0878261476755142,0,2014,1
-125.34375,36.88125,13.2225360870361,0.75318717956543,0,2014,1
-128.94375,25.48125,19.3358116149902,0.0646875202655792,0,2014,1
-128.49375,25.85625,19.149881362915,0.0572315417230129,0,2014,1
-129.50625,47.94375,9.74635410308838,0.363632410764694,0,2014,1
-127.06875,28.03125,18.8057670593262,0.0710645467042923,0,2014,1
-126.01875,28.10625,18.3591041564941,0.0641023740172386,0,2014,1
-135.43125,49.63125,8.57863330841064,0.322790652513504,0,2014,1
-115.66875,26.08125,19.4115562438965,0.140073120594025,0,2014,1
-133.70625,46.14375,10.6132135391235,0.347387701272964,0,2014,1
-148.78125,50.15625,8.1574068069458,4.04802751541138,0,2014,1
-136.14375,30.35625,18.817756652832,0.073201410472393,0,2014,1
-136.44375,48.16875,9.73930168151855,0.246793761849403,0,2014,1
-126.69375,25.51875,19.6964263916016,0.0622897557914257,0,2014,1
-127.96875,44.60625,10.6116828918457,0.429648011922836,0,2014,1
-130.89375,48.16875,9.68839073181152,0.302751988172531,0,2014,1
-156.09375,45.58125,9.52369976043701,0.303308695554733,0,2014,1
-158.49375,43.33125,10.490592956543,0.411779165267944,0,2014,1
-157.25625,44.68125,10.3207063674927,0.306047707796097,0,2014,1
-128.90625,49.51875,8.69406127929688,0.369940876960754,0,2014,1
-126.61875,28.51875,18.4277019500732,0.065157376229763,0,2014,1
-135.58125,31.06875,18.6143856048584,0.0697280764579773,0,2014,1
-140.00625,30.95625,19.4175300598145,0.0870066359639168,0,2014,1
-125.56875,41.98125,10.491979598999,0.547482073307037,0,2014,1
-141.99375,29.79375,20.0937767028809,0.0716542825102806,0,2014,1
-143.94375,34.10625,18.3850803375244,0.0642883703112602,0,2014,1
-129.16875,47.45625,9.83557605743408,0.351412296295166,0,2014,1
-151.18125,47.98125,8.99756622314453,0.326823145151138,0,2014,1
-123.50625,37.70625,13.1608924865723,0.990736901760101,0,2014,1
-133.14375,49.81875,8.48777484893799,0.331628710031509,0,2014,1
-128.19375,26.86875,18.9964199066162,0.066240668296814,0,2014,1
-130.18125,50.56875,7.98718738555908,0.516076922416687,0,2014,1
-131.83125,31.85625,17.5070934295654,0.066963329911232,0,2014,1
-141.09375,49.59375,8.99774646759033,0.339156359434128,0,2014,1
-127.66875,27.35625,18.8223819732666,0.0601490214467049,0,2014,1
-141.39375,46.18125,10.9308176040649,0.287044733762741,0,2014,1
-145.85625,33.84375,18.3668422698975,0.0810938030481339,0,2014,1
-138.76875,31.48125,18.6846160888672,0.0998686254024506,0,2014,1
-124.06875,45.31875,8.90440464019775,1.66813242435455,0,2014,1
-125.86875,28.14375,18.3045978546143,0.0626711919903755,0,2014,1
-153.09375,44.68125,10.794153213501,0.326498925685883,0,2014,1
-131.64375,46.74375,10.3562002182007,0.329946994781494,0,2014,1
-136.74375,46.74375,9.95645427703857,0.275372594594955,0,2014,1
-158.00625,43.03125,10.8349771499634,0.230072632431984,0,2014,1
-131.41875,46.78125,10.2558221817017,0.29983839392662,0,2014,1
-143.15625,46.29375,11.0247592926025,0.399654895067215,0,2014,1
-139.40625,32.04375,18.7945995330811,0.0926572158932686,0,2014,1
-127.81875,47.90625,9.97741603851318,0.36807981133461,0,2014,1
-143.23125,32.68125,19.6780796051025,0.0888713076710701,0,2014,1
-144.84375,30.09375,20.3910427093506,0.0638612285256386,0,2014,1
-145.25625,51.28125,7.64848327636719,0.166400939226151,0,2014,1
-144.39375,49.59375,8.73831176757812,0.246640637516975,0,2014,1
-127.81875,42.39375,10.8625497817993,0.537690043449402,0,2014,1
-135.95625,47.45625,9.88033103942871,0.223109394311905,0,2014,1
-138.95625,32.26875,18.6788482666016,0.0941438004374504,0,2014,1
-139.48125,27.28125,20.2883491516113,0.0694287270307541,0,2014,1
-149.45625,46.78125,9.71134662628174,0.323611170053482,0,2014,1
-137.60625,28.21875,19.9871025085449,0.0748912915587425,0,2014,1
-144.95625,33.65625,18.3654708862305,0.082923598587513,0,2014,1
-129.76875,47.19375,9.66381645202637,0.31711608171463,0,2014,1
-126.39375,46.36875,9.82705307006836,0.467274367809296,0,2014,1
-142.89375,46.74375,10.9164848327637,0.296809315681458,0,2014,1
-133.25625,45.88125,10.9120836257935,0.370385736227036,0,2014,1
-128.41875,29.34375,18.1322193145752,0.0656443014740944,0,2014,1
-145.51875,30.95625,19.813814163208,0.0819586887955666,0,2014,1
-128.75625,50.83125,7.83742141723633,0.51302844285965,0,2014,1
-145.25625,47.86875,10.1749324798584,0.476343780755997,0,2014,1
-147.46875,33.05625,18.8870086669922,0.0858001485466957,0,2014,1
-129.20625,26.71875,19.1799068450928,0.0697856172919273,0,2014,1
-127.81875,28.10625,18.9004287719727,0.0707296505570412,0,2014,1
-120.31875,26.56875,18.5190181732178,0.1037612631917,0,2014,1
-129.20625,49.59375,8.76733493804932,0.329872220754623,0,2014,1
-141.58125,33.09375,18.9274635314941,0.0790296941995621,0,2014,1
-154.63125,45.99375,9.74392986297607,0.27139350771904,0,2014,1
-137.53125,32.04375,18.376745223999,0.0928875878453255,0,2014,1
-145.51875,34.96875,18.4179153442383,0.0899370089173317,0,2014,1
-114.73125,26.53125,19.7191028594971,0.207101434469223,0,2014,1
-143.08125,29.26875,20.5862274169922,0.080467201769352,0,2014,1
-129.95625,28.18125,18.7376575469971,0.0638536587357521,0,2014,1
-133.93125,47.11875,9.90564346313477,0.329187989234924,0,2014,1
-150.43125,46.96875,9.42026996612549,0.315253585577011,0,2014,1
-114.50625,26.94375,19.5761413574219,0.202312454581261,0,2014,1
-141.50625,46.55625,10.6525974273682,0.297036588191986,0,2014,1
-132.54375,47.83125,9.48219299316406,0.266732007265091,0,2014,1
-135.13125,50.19375,8.36546325683594,0.494784742593765,0,2014,1
-123.16875,25.18125,19.2387599945068,0.0628433674573898,0,2014,1
-125.23125,46.66875,9.37373447418213,0.473310023546219,0,2014,1
-149.19375,32.64375,19.2401161193848,0.0824970081448555,0,2014,1
-114.73125,27.09375,19.4511184692383,0.199782833456993,0,2014,1
-152.64375,44.68125,10.6842851638794,0.276175141334534,0,2014,1
-143.71875,29.68125,20.3331184387207,0.0651966258883476,0,2014,1
-138.43125,28.36875,20.1772785186768,0.075005367398262,0,2014,1
-134.00625,27.58125,19.8458003997803,0.0872488021850586,0,2014,1
-146.34375,32.08125,19.7075099945068,0.0662822648882866,0,2014,1
-137.90625,29.71875,19.1531085968018,0.0823927894234657,0,2014,1
-125.56875,45.84375,9.4995174407959,0.480244636535645,0,2014,1
-143.15625,33.43125,19.1600494384766,0.0787191838026047,0,2014,1
-137.83125,30.80625,18.9563274383545,0.0763132125139236,0,2014,1
-138.73125,51.54375,7.72945070266724,0.325447469949722,0,2014,1
-149.71875,45.80625,11.0334568023682,0.224026173353195,0,2014,1
-130.44375,50.45625,8.03047275543213,0.478600412607193,0,2014,1
-129.61875,48.69375,8.81229496002197,0.458673596382141,0,2014,1
-136.21875,28.21875,19.7859840393066,0.0730063244700432,0,2014,1
-149.79375,34.48125,18.4184818267822,0.090176060795784,0,2014,1
-137.23125,46.78125,10.1778087615967,0.254871398210526,0,2014,1
-142.18125,28.44375,21.0295314788818,0.0784180089831352,0,2014,1
-146.68125,50.71875,8.5084400177002,0.157835438847542,0,2014,1
-122.86875,36.35625,13.5940246582031,0.896766781806946,0,2014,1
-135.46875,46.40625,10.4153671264648,0.270555466413498,0,2014,1
-138.35625,50.00625,8.89760208129883,0.361739665269852,0,2014,1
-136.25625,30.76875,18.7452983856201,0.0841889530420303,0,2014,1
-140.11875,30.91875,19.4145641326904,0.0914015471935272,0,2014,1
-141.39375,48.43125,9.78175735473633,0.376040250062943,0,2014,1
-128.30625,44.23125,10.7646865844727,0.448931485414505,0,2014,1
-127.06875,48.69375,8.74441814422607,0.355017244815826,0,2014,1
-134.56875,49.18125,8.84136772155762,0.302320867776871,0,2014,1
-127.74375,44.75625,10.6183271408081,0.45794215798378,0,2014,1
-139.70625,46.59375,10.8995914459229,0.169101476669312,0,2014,1
-136.51875,28.74375,19.5796871185303,0.0824456661939621,0,2014,1
-133.55625,26.56875,19.9402503967285,0.0725726708769798,0,2014,1
-152.98125,46.40625,9.65112590789795,0.298607736825943,0,2014,1
-135.91875,45.09375,10.9698820114136,0.314036935567856,0,2014,1
-150.95625,46.51875,9.7418384552002,0.264010280370712,0,2014,1
-123.05625,26.11875,18.8535823822021,0.0716826319694519,0,2014,1
-134.26875,28.10625,19.394702911377,0.0770750045776367,0,2014,1
-127.14375,26.94375,19.0150508880615,0.0673341751098633,0,2014,1
-138.28125,51.24375,8.04598999023438,0.407944142818451,0,2014,1
-131.56875,50.38125,8.46400451660156,0.418087899684906,0,2014,1
-155.75625,45.01875,9.83336353302002,0.393362551927567,0,2014,1
-139.51875,27.88125,20.4605178833008,0.0831848606467247,0,2014,1
-117.50625,26.30625,18.5502147674561,0.0876770913600922,0,2014,1
-152.34375,46.66875,9.49485301971436,0.327781736850739,0,2014,1
-126.54375,27.95625,18.6088085174561,0.0645690411329269,0,2014,1
-145.14375,47.04375,10.8787422180176,0.413355886936188,0,2014,1
-153.54375,46.48125,9.68046855926514,0.32908433675766,0,2014,1
-130.36875,25.74375,19.6975688934326,0.0713159516453743,0,2014,1
-122.56875,25.25625,19.5038585662842,0.0631282329559326,0,2014,1
-135.91875,30.91875,18.6493148803711,0.0969474539160728,0,2014,1
-140.49375,46.10625,10.991358757019,0.253647565841675,0,2014,1
-133.51875,45.80625,10.8405733108521,0.333601266145706,0,2014,1
-146.30625,32.53125,19.5466289520264,0.0781026259064674,0,2014,1
-141.61875,47.68125,10.1262092590332,0.274694591760635,0,2014,1
-152.71875,46.03125,10.1989278793335,0.268247246742249,0,2014,1
-147.54375,34.14375,18.8837089538574,0.0787126198410988,0,2014,1
-130.18125,47.26875,9.6597375869751,0.32600611448288,0,2014,1
-138.01875,28.74375,19.9217758178711,0.0738225728273392,0,2014,1
-122.98125,25.74375,19.1378993988037,0.0595040917396545,0,2014,1
-127.89375,44.68125,10.5995264053345,0.409946531057358,0,2014,1
-125.45625,44.08125,9.9074239730835,0.622457563877106,0,2014,1
-148.78125,46.14375,10.3763675689697,0.167863473296165,0,2014,1
-131.00625,27.95625,19.0750389099121,0.0781491547822952,0,2014,1
-126.43125,47.53125,9.09737014770508,0.44088739156723,0,2014,1
-130.89375,46.66875,9.83159351348877,0.26988959312439,0,2014,1
-135.88125,46.89375,9.9613561630249,0.262572437524796,0,2014,1
-136.63125,46.93125,9.78300762176514,0.307272702455521,0,2014,1
-144.09375,31.40625,19.8186779022217,0.0775963962078094,0,2014,1
-143.64375,49.70625,8.64787864685059,0.251190274953842,0,2014,1
-128.08125,25.55625,19.3214263916016,0.060561403632164,0,2014,1
-138.65625,50.98125,8.3578519821167,0.275396734476089,0,2014,1
-146.15625,48.84375,8.89441204071045,0.318724036216736,0,2014,1
-132.24375,26.34375,19.3789386749268,0.0668529570102692,0,2014,1
-130.21875,47.79375,9.79185771942139,0.347298800945282,0,2014,1
-134.60625,30.20625,18.5292186737061,0.0664241462945938,0,2014,1
-140.11875,31.21875,19.510139465332,0.0950392633676529,0,2014,1
-124.59375,28.29375,17.9840068817139,0.0627243220806122,0,2014,1
-145.06875,48.01875,10.0354623794556,0.344606518745422,0,2014,1
-128.90625,45.76875,10.4945631027222,0.423873007297516,0,2014,1
-123.20625,34.66875,12.8897724151611,0.769568502902985,0,2014,1
-156.24375,45.50625,9.67088890075684,0.408322423696518,0,2014,1
-119.49375,27.28125,18.3085632324219,0.0930854976177216,0,2014,1
-139.78125,48.24375,9.85809135437012,0.338720828294754,0,2014,1
-133.40625,49.40625,8.60763454437256,0.323487728834152,0,2014,1
-134.11875,29.38125,18.6934204101562,0.0794224143028259,0,2014,1
-141.80625,30.39375,19.4645862579346,0.0682013630867004,0,2014,1
-135.16875,29.30625,19.2376613616943,0.063280425965786,0,2014,1
-120.13125,27.28125,18.3778629302979,0.105794504284859,0,2014,1
-140.79375,47.60625,10.1561231613159,0.363859862089157,0,2014,1
-135.84375,46.25625,10.499303817749,0.378334432840347,0,2014,1
-118.63125,34.03125,15.5723218917847,1.30346131324768,0,2014,1
-133.21875,27.54375,19.4650402069092,0.0771671682596207,0,2014,1
-130.18125,47.98125,9.60738277435303,0.366809397935867,0,2014,1
-156.50625,42.24375,11.0562915802002,0.329909384250641,0,2014,1
-138.35625,31.96875,18.5612602233887,0.10878574103117,0,2014,1
-149.68125,33.46875,18.841178894043,0.0936024934053421,0,2014,1
-117.84375,26.30625,18.7658157348633,0.0809762477874756,0,2014,1
-132.54375,47.79375,9.49407958984375,0.293148219585419,0,2014,1
-127.85625,44.60625,10.6448431015015,0.473124802112579,0,2014,1
-149.75625,33.84375,18.4624176025391,0.0730003789067268,0,2014,1
-126.95625,46.93125,9.47707462310791,0.417899489402771,0,2014,1
-142.74375,50.56875,8.23986625671387,0.283973306417465,0,2014,1
-132.31875,46.06875,11.0092439651489,0.353143274784088,0,2014,1
-130.18125,48.31875,9.31207942962646,0.327034592628479,0,2014,1
-139.03125,31.33125,18.8184566497803,0.0802074819803238,0,2014,1
-122.83125,26.86875,18.4938831329346,0.0648270845413208,0,2014,1
-124.40625,27.61875,18.4768161773682,0.0585822127759457,0,2014,1
-146.15625,46.29375,11.0671520233154,0.317685663700104,0,2014,1
-143.34375,31.85625,19.9018878936768,0.0800379663705826,0,2014,1
-121.06875,27.54375,18.4887027740479,0.0920778885483742,0,2014,1
-119.15625,25.55625,18.8118381500244,0.0913512110710144,0,2014,1
-151.36875,45.54375,10.7333192825317,0.287151753902435,0,2014,1
-140.90625,50.94375,7.85987663269043,0.216346099972725,0,2014,1
-131.68125,47.94375,9.81336688995361,0.362555593252182,0,2014,1
-136.63125,49.66875,8.91052436828613,0.4438496530056,0,2014,1
-127.74375,47.19375,9.46761512756348,0.326895296573639,0,2014,1
-151.66875,46.63125,9.50866508483887,0.254880428314209,0,2014,1
-124.66875,28.85625,17.7326354980469,0.0675090104341507,0,2014,1
-146.71875,34.03125,18.7406215667725,0.0817515030503273,0,2014,1
-126.84375,47.08125,9.48106861114502,0.433687567710876,0,2014,1
-130.14375,46.48125,10.0583448410034,0.365617364645004,0,2014,1
-124.81875,44.45625,9.35777854919434,0.747260987758636,0,2014,1
-135.73125,45.31875,10.7042093276978,0.262361884117126,0,2014,1
-114.61875,26.90625,19.6365261077881,0.193976759910583,0,2014,1
-136.55625,26.64375,20.4665145874023,0.0790321677923203,0,2014,1
-144.13125,30.43125,20.308988571167,0.0773797184228897,0,2014,1
-144.09375,51.13125,7.70910215377808,0.226565659046173,0,2014,1
-136.33125,46.18125,10.6581573486328,0.233508139848709,0,2014,1
-150.39375,47.45625,8.93572521209717,0.283293306827545,0,2014,1
-123.76875,25.85625,19.1283168792725,0.0653608292341232,0,2014,1
-145.36875,47.90625,10.0808582305908,0.552865326404572,0,2014,1
-131.98125,47.08125,10.3073825836182,0.349784195423126,0,2014,1
-133.06875,28.06875,19.0517635345459,0.0736523121595383,0,2014,1
-124.06875,37.51875,12.6854400634766,1.18379080295563,0,2014,1
-140.45625,51.05625,7.76715040206909,0.233247369527817,0,2014,1
-124.89375,42.84375,10.3372917175293,0.612009882926941,0,2014,1
-135.39375,46.81875,10.1639432907104,0.21619588136673,0,2014,1
-129.50625,49.59375,8.79881286621094,0.338247358798981,0,2014,1
-134.60625,49.59375,8.69605445861816,0.319872409105301,0,2014,1
-132.80625,29.60625,18.8934497833252,0.076909214258194,0,2014,1
-123.16875,26.34375,18.7615604400635,0.061130378395319,0,2014,1
-129.09375,47.08125,9.96577262878418,0.328663319349289,0,2014,1
-136.96875,31.40625,18.5326747894287,0.0803209096193314,0,2014,1
-136.89375,47.68125,9.66857814788818,0.285832047462463,0,2014,1
-126.31875,25.78125,19.4463901519775,0.0632805600762367,0,2014,1
-125.79375,42.99375,9.98742580413818,0.641017258167267,0,2014,1
-144.05625,30.01875,20.4664535522461,0.062770888209343,0,2014,1
-131.45625,48.16875,9.69805717468262,0.262691617012024,0,2014,1
-130.89375,51.80625,7.785231590271,0.617323279380798,0,2014,1
-141.58125,47.68125,10.1286840438843,0.250242352485657,0,2014,1
-115.51875,26.45625,19.354679107666,0.141766592860222,0,2014,1
-156.88125,44.19375,10.5271348953247,0.349271982908249,0,2014,1
-142.96875,34.06875,18.4801273345947,0.0764643996953964,0,2014,1
-147.05625,34.96875,18.4353294372559,0.0986073762178421,0,2014,1
-140.64375,28.03125,20.6544132232666,0.07176823168993,0,2014,1
-141.20625,46.93125,10.2313718795776,0.2911536693573,0,2014,1
-127.10625,26.38125,19.1689567565918,0.0656227245926857,0,2014,1
-123.50625,27.01875,18.5051288604736,0.0549917705357075,0,2014,1
-138.43125,46.06875,10.7176971435547,0.222638055682182,0,2014,1
-141.95625,31.10625,19.3802757263184,0.0746704190969467,0,2014,1
-125.23125,45.39375,9.61492729187012,0.474760144948959,0,2014,1
-154.59375,45.65625,9.77437591552734,0.301325261592865,0,2014,1
-128.83125,46.33125,10.2701988220215,0.370954006910324,0,2014,1
-141.88125,27.76875,20.6933670043945,0.0729158744215965,0,2014,1
-138.80625,26.60625,20.4191646575928,0.0634075030684471,0,2014,1
-138.76875,29.08125,19.8589420318604,0.0841407924890518,0,2014,1
-140.53125,32.94375,18.7113456726074,0.0659572333097458,0,2014,1
-144.35625,31.10625,19.7960948944092,0.0678532645106316,0,2014,1
-138.20625,50.38125,8.92268371582031,0.557506263256073,0,2014,1
-144.31875,49.55625,8.64494609832764,0.270016938447952,0,2014,1
-129.09375,50.53125,8.24478244781494,0.59521621465683,0,2014,1
-128.53125,44.56875,10.6800336837769,0.442371934652328,0,2014,1
-130.10625,26.79375,19.2921943664551,0.0722789391875267,0,2014,1
-146.53125,34.10625,18.6512069702148,0.0815102681517601,0,2014,1
-149.86875,45.99375,10.546215057373,0.317959308624268,0,2014,1
-143.08125,31.25625,20.0573024749756,0.0771844759583473,0,2014,1
-142.74375,33.31875,19.1644477844238,0.076675683259964,0,2014,1
-128.75625,50.64375,7.87060546875,0.927317440509796,0,2014,1
-151.70625,44.45625,11.0615406036377,0.380811035633087,0,2014,1
-154.74375,46.85625,9.44009590148926,0.360514491796494,0,2014,1
-121.59375,26.08125,18.5952625274658,0.0650798007845879,0,2014,1
-124.81875,46.78125,8.85356140136719,1.1675671339035,0,2014,1
-127.70625,44.64375,10.6666593551636,0.454092621803284,0,2014,1
-124.14375,45.16875,8.98507499694824,1.24369323253632,0,2014,1
-123.46875,36.65625,13.0777015686035,1.00683856010437,0,2014,1
-129.16875,28.40625,18.640567779541,0.0560118481516838,0,2014,1
-121.78125,25.10625,19.5338668823242,0.067327469587326,0,2014,1
-139.78125,49.81875,8.73521423339844,0.360242545604706,0,2014,1
-133.74375,29.79375,18.7623958587646,0.0754498466849327,0,2014,1
-122.79375,27.35625,18.3811550140381,0.0637356862425804,0,2014,1
-143.98125,29.79375,20.4416522979736,0.0666827037930489,0,2014,1
-150.61875,48.01875,8.71753215789795,0.301650196313858,0,2014,1
-132.09375,25.89375,19.5042285919189,0.0657198652625084,0,2014,1
-115.18125,27.31875,18.9977760314941,0.191418215632439,0,2014,1
-147.16875,50.04375,8.41720771789551,0.290513068437576,0,2014,1
-127.55625,28.10625,18.8522434234619,0.0705695375800133,0,2014,1
-144.05625,50.60625,8.42838859558105,0.140099048614502,0,2014,1
-133.25625,28.51875,19.1044673919678,0.0762180835008621,0,2014,1
-132.20625,26.71875,19.2915325164795,0.0723763406276703,0,2014,1
-130.93125,29.34375,18.1908512115479,0.0672237947583199,0,2014,1
-149.94375,33.20625,19.2946949005127,0.0707396119832993,0,2014,1
-143.34375,28.29375,21.0602569580078,0.0733537450432777,0,2014,1
-139.81875,37.33125,16.9488868713379,1.6430652141571,0,2014,1
-131.00625,46.59375,9.894287109375,0.307928711175919,0,2014,1
-131.94375,48.13125,9.40159606933594,0.309454768896103,0,2014,1
-133.74375,50.90625,8.52856540679932,0.586853206157684,0,2014,1
-143.64375,47.15625,10.5949735641479,0.302580952644348,0,2014,1
-129.69375,50.90625,8.12761878967285,0.699631571769714,0,2014,1
-140.38125,27.76875,20.6360912322998,0.074286513030529,0,2014,1
-128.00625,47.38125,9.67995643615723,0.285843878984451,0,2014,1
-131.00625,27.43125,19.123649597168,0.0719008222222328,0,2014,1
-141.28125,31.33125,19.1615371704102,0.0771585181355476,0,2014,1
-144.24375,47.86875,9.83435153961182,0.275061666965485,0,2014,1
-132.73125,28.78125,18.9042167663574,0.077434629201889,0,2014,1
-147.46875,34.85625,18.6895542144775,0.0836782678961754,0,2014,1
-135.61875,47.79375,9.55991744995117,0.244774252176285,0,2014,1
-146.68125,32.75625,19.2204074859619,0.0777035355567932,0,2014,1
-140.00625,32.19375,19.0427856445312,0.0895204767584801,0,2014,1
-136.89375,28.36875,19.7564296722412,0.0914550721645355,0,2014,1
-141.20625,31.33125,19.1805000305176,0.0777740254998207,0,2014,1
-138.09375,48.95625,9.42410469055176,0.333425134420395,0,2014,1
-123.39375,26.71875,18.5847110748291,0.0645133927464485,0,2014,1
-130.93125,28.74375,18.5624656677246,0.0728928670287132,0,2014,1
-123.28125,36.13125,13.1741485595703,0.906180858612061,0,2014,1
-121.78125,24.99375,19.5193481445312,0.0633582398295403,0,2014,1
-127.89375,46.81875,9.48587226867676,0.434240788221359,0,2014,1
-129.50625,44.75625,10.7480039596558,0.345443487167358,0,2014,1
-143.11875,32.86875,19.5167617797852,0.0891859233379364,0,2014,1
-141.80625,27.54375,20.7169456481934,0.0641825050115585,0,2014,1
-124.06875,36.69375,12.7748823165894,0.90544056892395,0,2014,1
-137.30625,31.89375,18.3886661529541,0.0825114026665688,0,2014,1
-138.16875,31.74375,18.4921875,0.085081622004509,0,2014,1
-138.13125,27.39375,20.006383895874,0.0770294964313507,0,2014,1
-129.35625,49.85625,8.60470008850098,0.491669207811356,0,2014,1
-145.14375,46.18125,10.8020658493042,0.370518624782562,0,2014,1
-121.25625,27.01875,18.3493614196777,0.105124078691006,0,2014,1
-150.01875,33.88125,18.8030223846436,0.0928230956196785,0,2014,1
-132.69375,26.49375,19.3768672943115,0.0687775388360023,0,2014,1
-143.68125,49.55625,8.55772113800049,0.313643932342529,0,2014,1
-152.23125,44.30625,10.9390449523926,0.31056809425354,0,2014,1
-157.06875,43.40625,10.8894319534302,0.329800367355347,0,2014,1
-123.01875,37.36875,13.3007040023804,0.965774536132812,0,2014,1
-144.65625,29.23125,20.8486423492432,0.0670717656612396,0,2014,1
-140.34375,46.06875,10.9783573150635,0.23118856549263,0,2014,1
-129.35625,29.11875,18.1792831420898,0.0667257234454155,0,2014,1
-128.38125,27.91875,18.9358234405518,0.0654685497283936,0,2014,1
-125.75625,25.18125,19.4340343475342,0.0586147345602512,0,2014,1
-145.74375,47.90625,10.1045827865601,0.442354470491409,0,2014,1
-126.28125,48.28125,8.74395561218262,0.431663602590561,0,2014,1
-149.15625,47.71875,9.17201232910156,0.302065968513489,0,2014,1
-157.93125,44.00625,10.7997179031372,0.240187123417854,0,2014,1
-129.31875,26.19375,19.258243560791,0.0577983297407627,0,2014,1
-144.54375,47.94375,9.94463443756104,0.567679166793823,0,2014,1
-125.90625,44.53125,10.0543956756592,0.408612698316574,0,2014,1
-140.68125,30.16875,19.6686897277832,0.0785376951098442,0,2014,1
-148.44375,47.23125,9.80462265014648,0.373895764350891,0,2014,1
-124.06875,37.74375,12.746639251709,0.936350584030151,0,2014,1
-143.04375,47.34375,10.368034362793,0.277817070484161,0,2014,1
-133.03125,30.20625,18.7756118774414,0.0890523567795753,0,2014,1
-147.39375,31.63125,20.1004791259766,0.074539452791214,0,2014,1
-130.03125,31.25625,17.7204723358154,0.0667399689555168,0,2014,1
-126.31875,26.75625,19.4024543762207,0.0582950338721275,0,2014,1
-132.31875,45.50625,11.0524702072144,0.348039269447327,0,2014,1
-132.39375,27.80625,19.0579166412354,0.072181262075901,0,2014,1
-136.44375,51.24375,8.04615020751953,0.488374680280685,0,2014,1
-117.73125,26.23125,18.6586151123047,0.0806893184781075,0,2014,1
-122.83125,27.39375,18.3896770477295,0.0609476380050182,0,2014,1
-113.94375,26.53125,19.3572883605957,0.305939912796021,0,2014,1
-142.25625,32.11875,19.3946189880371,0.0773571878671646,0,2014,1
-132.13125,28.85625,18.757625579834,0.0870074182748795,0,2014,1
-141.69375,51.01875,7.73209571838379,0.305582314729691,0,2014,1
-122.86875,24.99375,19.4114151000977,0.063336580991745,0,2014,1
-126.16875,42.39375,10.1744527816772,0.594132900238037,0,2014,1
-122.49375,25.93125,19.3197269439697,0.0610743202269077,0,2014,1
-123.50625,36.58125,13.1342458724976,0.998192489147186,0,2014,1
-139.74375,33.91875,18.3871726989746,0.0768608823418617,0,2014,1
-125.15625,28.70625,17.584997177124,0.0661882981657982,0,2014,1
-134.15625,30.58125,18.4856758117676,0.0668369010090828,0,2014,1
-155.68125,46.10625,9.49110889434814,0.355453372001648,0,2014,1
-134.38125,46.14375,10.6718187332153,0.292316854000092,0,2014,1
-147.28125,49.06875,8.90924167633057,0.252791166305542,0,2014,1
-143.41875,47.45625,10.4127702713013,0.274354934692383,0,2014,1
-135.20625,28.70625,19.4341526031494,0.0843245312571526,0,2014,1
-137.53125,28.29375,19.9639186859131,0.072264090180397,0,2014,1
-115.81875,26.45625,18.9253482818604,0.140762478113174,0,2014,1
-123.80625,39.16875,11.4482116699219,1.81636106967926,0,2014,1
-133.48125,47.41875,9.62881946563721,0.362978965044022,0,2014,1
-152.64375,47.45625,8.75911331176758,0.293735772371292,0,2014,1
-121.78125,36.80625,13.0404138565063,3.43193483352661,0,2014,1
-151.66875,45.99375,10.1890268325806,0.186961263418198,0,2014,1
-135.84375,26.11875,20.7425727844238,0.0637618154287338,0,2014,1
-140.00625,27.20625,20.4519119262695,0.0692180171608925,0,2014,1
-145.63125,48.46875,9.5593147277832,0.384851604700089,0,2014,1
-158.26875,43.40625,10.5093669891357,0.406957507133484,0,2014,1
-122.38125,36.95625,13.3927154541016,0.901143133640289,0,2014,1
-147.58125,33.28125,19.0529499053955,0.0876618325710297,0,2014,1
-143.53125,31.89375,19.9074573516846,0.0839032381772995,0,2014,1
-148.59375,32.15625,19.5975914001465,0.0842101573944092,0,2014,1
-146.26875,51.24375,8.02540111541748,0.227749228477478,0,2014,1
-133.48125,49.06875,8.75329875946045,0.255744278430939,0,2014,1
-124.40625,37.66875,12.6280784606934,0.947007358074188,0,2014,1
-122.56875,28.06875,18.3179187774658,0.0677903294563293,0,2014,1
-144.16875,45.99375,10.882438659668,0.238196894526482,0,2014,1
-120.99375,26.08125,18.5225028991699,0.0727673321962357,0,2014,1
-124.33125,41.90625,10.1195755004883,1.66904509067535,0,2014,1
-138.99375,48.24375,10.0786743164062,0.257610410451889,0,2014,1
-126.99375,48.46875,8.8128547668457,0.354522287845612,0,2014,1
-132.35625,27.20625,19.4010314941406,0.0799802020192146,0,2014,1
-142.48125,31.59375,19.6550769805908,0.0952427908778191,0,2014,1
-140.19375,31.14375,19.4768447875977,0.0858799070119858,0,2014,1
-121.89375,35.08125,13.9820137023926,0.919597446918488,0,2014,1
-139.59375,32.45625,18.9115238189697,0.0853806734085083,0,2014,1
-145.93125,33.95625,18.378246307373,0.0767391100525856,0,2014,1
-119.38125,26.38125,18.6806030273438,0.0775769427418709,0,2014,1
-126.84375,42.39375,10.6655874252319,0.521061062812805,0,2014,1
-141.35625,47.00625,10.2352838516235,0.353432059288025,0,2014,1
-127.25625,46.70625,9.56187152862549,0.34328293800354,0,2014,1
-125.90625,45.58125,9.55815601348877,0.462297290563583,0,2014,1
-136.74375,31.70625,18.4072666168213,0.0814238041639328,0,2014,1
-143.49375,29.94375,20.1881999969482,0.0622705928981304,0,2014,1
-126.84375,28.36875,18.5979690551758,0.065253272652626,0,2014,1
-136.21875,50.30625,8.52012538909912,0.35762482881546,0,2014,1
-135.35625,30.50625,18.5750598907471,0.0808782428503036,0,2014,1
-121.06875,35.38125,14.0261297225952,0.873251855373383,0,2014,1
-134.41875,26.94375,19.6587142944336,0.0866301655769348,0,2014,1
-121.81875,35.90625,13.8812065124512,1.15027058124542,0,2014,1
-144.46875,32.15625,19.7371044158936,0.0736675709486008,0,2014,1
-141.16875,51.28125,7.64063119888306,0.258840322494507,0,2014,1
-140.79375,34.40625,18.0723342895508,0.0672237798571587,0,2014,1
-141.46875,48.80625,9.5081844329834,0.3435218334198,0,2014,1
-148.85625,33.58125,18.4202785491943,0.0888826474547386,0,2014,1
-124.36875,44.71875,9.09069728851318,0.87509298324585,0,2014,1
-140.15625,49.36875,8.79838085174561,0.342482358217239,0,2014,1
-153.76875,47.04375,9.27478694915771,0.347233921289444,0,2014,1
-152.45625,45.54375,10.5277271270752,0.26998496055603,0,2014,1
-135.54375,30.05625,18.8071117401123,0.0641344636678696,0,2014,1
-145.18125,32.53125,19.4814205169678,0.0744839683175087,0,2014,1
-155.19375,43.40625,10.9241218566895,0.355099827051163,0,2014,1
-122.30625,26.83125,18.3698329925537,0.0673029348254204,0,2014,1
-137.71875,32.23125,18.3957214355469,0.0821125581860542,0,2014,1
-154.74375,46.14375,9.73445129394531,0.385927468538284,0,2014,1
-152.60625,45.61875,10.4154243469238,0.279441565275192,0,2014,1
-131.45625,28.21875,18.9128646850586,0.0792704746127129,0,2014,1
-125.26875,27.50625,19.0805263519287,0.0703555420041084,0,2014,1
-128.68125,44.15625,11.0340690612793,0.455097585916519,0,2014,1
-122.98125,36.01875,13.4226837158203,0.814341068267822,0,2014,1
-136.74375,48.99375,9.32995891571045,0.278505504131317,0,2014,1
-125.23125,28.78125,17.5528297424316,0.0625219196081161,0,2014,1
-127.70625,27.20625,18.8858547210693,0.0690792724490166,0,2014,1
-123.01875,28.48125,17.958324432373,0.0664736777544022,0,2014,1
-145.66875,47.45625,10.7020111083984,0.416435241699219,0,2014,1
-138.88125,46.44375,10.703351020813,0.25137186050415,0,2014,1
-151.36875,44.60625,10.9939222335815,0.285232543945312,0,2014,1
-135.99375,28.81875,19.5115165710449,0.082439236342907,0,2014,1
-141.65625,29.23125,20.679744720459,0.095940850675106,0,2014,1
-124.10625,36.46875,13.0418882369995,0.932453095912933,0,2014,1
-131.60625,26.41875,19.4103965759277,0.0671388432383537,0,2014,1
-125.11875,38.08125,12.5718126296997,0.885132670402527,0,2014,1
-132.31875,25.96875,19.4819221496582,0.0686571225523949,0,2014,1
-136.44375,48.91875,9.18818950653076,0.307612210512161,0,2014,1
-119.75625,25.33125,18.925271987915,0.0620320923626423,0,2014,1
-122.94375,26.00625,18.9137496948242,0.0597317591309547,0,2014,1
-142.55625,47.38125,10.3814630508423,0.315975427627563,0,2014,1
-135.28125,45.84375,10.8026752471924,0.250111103057861,0,2014,1
-123.80625,38.90625,11.6326427459717,0.954010426998138,0,2014,1
-134.60625,49.85625,8.56946086883545,0.301453173160553,0,2014,1
-145.10625,30.39375,20.287670135498,0.0774532631039619,0,2014,1
-129.95625,26.04375,19.2924022674561,0.0616285242140293,0,2014,1
-130.78125,45.58125,10.6667060852051,0.36191189289093,0,2014,1
-133.44375,29.75625,18.8027000427246,0.0754432156682014,0,2014,1
-136.40625,47.30625,9.7816915512085,0.280292421579361,0,2014,1
-154.03125,44.68125,10.5987339019775,0.32635772228241,0,2014,1
-127.59375,42.91875,10.8594770431519,0.471235483884811,0,2014,1
-144.20625,33.13125,19.2902431488037,0.0745382383465767,0,2014,1
-125.86875,26.23125,19.159984588623,0.0588399134576321,0,2014,1
-115.14375,26.49375,19.6455974578857,0.168039992451668,0,2014,1
-140.00625,48.88125,9.1149787902832,0.294711798429489,0,2014,1
-141.09375,28.03125,20.6768646240234,0.0750140696763992,0,2014,1
-132.54375,51.58125,8.16375732421875,0.444273561239243,0,2014,1
-127.51875,49.48125,8.323655128479,0.421145498752594,0,2014,1
-155.15625,44.41875,10.3239240646362,0.321232467889786,0,2014,1
-137.26875,28.59375,19.8636989593506,0.0802688226103783,0,2014,1
-123.24375,35.90625,13.0623617172241,0.781282246112823,0,2014,1
-124.14375,46.10625,8.81312561035156,1.77474355697632,0,2014,1
-143.49375,32.19375,19.708683013916,0.0731306299567223,0,2014,1
-129.46875,51.28125,8.04864501953125,0.86589390039444,0,2014,1
-152.04375,45.20625,10.615047454834,0.280115842819214,0,2014,1
-140.75625,33.76875,18.7143802642822,0.0710924342274666,0,2014,1
-131.45625,26.08125,19.4603023529053,0.0640412196516991,0,2014,1
-133.70625,47.64375,9.67723941802979,0.246536210179329,0,2014,1
-126.50625,28.29375,18.5238819122314,0.0668836981058121,0,2014,1
-127.51875,46.33125,9.51754474639893,0.34329617023468,0,2014,1
-138.01875,50.30625,8.98807907104492,0.47183495759964,0,2014,1
-114.13125,28.03125,17.6603450775146,5.1701226234436,0,2014,1
-124.03125,27.73125,18.3297519683838,0.0587242618203163,0,2014,1
-145.78125,50.23125,8.8928108215332,0.249761015176773,0,2014,1
-153.16875,48.05625,8.30569553375244,0.259794443845749,0,2014,1
-138.13125,47.83125,9.90893077850342,0.227029383182526,0,2014,1
-146.71875,46.59375,11.0271110534668,0.308715909719467,0,2014,1
-138.73125,27.31875,20.0200328826904,0.0646104663610458,0,2014,1
-129.58125,45.91875,10.5402069091797,0.448322385549545,0,2014,1
-124.25625,43.78125,9.26796531677246,1.72483026981354,0,2014,1
-141.58125,28.78125,20.8437843322754,0.0758043453097343,0,2014,1
-140.56875,30.73125,19.3948669433594,0.079630583524704,0,2014,1
-115.18125,27.39375,18.7577896118164,0.189455211162567,0,2014,1
-128.15625,26.60625,18.9951038360596,0.0722978934645653,0,2014,1
-138.31875,31.51875,18.5656394958496,0.076199121773243,0,2014,1
-138.13125,31.66875,18.4747467041016,0.0814511403441429,0,2014,1
-146.56875,34.10625,18.7019500732422,0.0795956924557686,0,2014,1
-124.25625,37.63125,12.7001352310181,1.1102991104126,0,2014,1
-122.30625,34.06875,13.5123643875122,0.88949579000473,0,2014,1
-142.63125,47.41875,10.336142539978,0.277701288461685,0,2014,1
-145.63125,30.91875,19.7869663238525,0.0828151404857635,0,2014,1
-145.96875,47.53125,10.6852731704712,0.323359131813049,0,2014,1
-144.05625,49.93125,8.64630699157715,0.231996700167656,0,2014,1
-133.78125,47.68125,9.69062900543213,0.240189850330353,0,2014,1
-129.28125,28.06875,18.7753963470459,0.0633614584803581,0,2014,1
-139.06875,31.25625,18.9016456604004,0.0903782397508621,0,2014,1
-132.84375,27.58125,19.2730236053467,0.0735331773757935,0,2014,1
-127.81875,46.44375,9.31505680084229,0.371816754341125,0,2014,1
-142.25625,46.55625,10.8721723556519,0.365847319364548,0,2014,1
-137.45625,47.04375,9.97626781463623,0.349719047546387,0,2014,1
-151.89375,47.64375,9.01149749755859,0.321508556604385,0,2014,1
-131.68125,29.83125,18.3563632965088,0.0735118165612221,0,2014,1
-126.05625,48.28125,8.75908374786377,0.453621596097946,0,2014,1
-147.01875,33.58125,18.8313579559326,0.0764821097254753,0,2014,1
-138.50625,27.91875,20.1901187896729,0.0770637392997742,0,2014,1
-124.78125,26.26875,19.040506362915,0.0639768242835999,0,2014,1
-150.20625,46.85625,9.43303298950195,0.749306321144104,0,2014,1
-143.98125,34.14375,18.4009132385254,0.0679368823766708,0,2014,1
-124.51875,41.26875,10.9553461074829,0.572451889514923,0,2014,1
-134.75625,46.29375,10.5717849731445,0.269766569137573,0,2014,1
-135.88125,45.28125,10.7131071090698,0.328971564769745,0,2014,1
-141.61875,33.13125,18.9077453613281,0.0839360877871513,0,2014,1
-148.40625,34.51875,18.434175491333,0.0854871645569801,0,2014,1
-125.83125,46.93125,9.566819190979,0.440343916416168,0,2014,1
-123.73125,38.68125,11.8300342559814,0.887726902961731,0,2014,1
-139.44375,50.30625,8.54660987854004,0.382895588874817,0,2014,1
-146.38125,34.14375,18.5478172302246,0.0888697579503059,0,2014,1
-145.78125,47.34375,10.6776390075684,0.304027825593948,0,2014,1
-128.15625,25.85625,19.1892414093018,0.0571421347558498,0,2014,1
-139.51875,49.36875,8.92809104919434,0.3664191365242,0,2014,1
-141.09375,31.48125,19.184362411499,0.0906908512115479,0,2014,1
-123.20625,27.13125,18.4215297698975,0.0589226968586445,0,2014,1
-128.00625,27.73125,18.8858375549316,0.0675578713417053,0,2014,1
-145.81875,32.94375,19.1449928283691,0.0873764753341675,0,2014,1
-122.45625,36.76875,13.5602397918701,0.929601490497589,0,2014,1
-149.64375,33.13125,19.2023429870605,0.0959550961852074,0,2014,1
-138.31875,32.34375,18.5386390686035,0.101091139018536,0,2014,1
-145.36875,46.10625,10.7882966995239,0.376642227172852,0,2014,1
-145.89375,46.66875,10.9449462890625,0.289027482271194,0,2014,1
-146.04375,30.69375,20.0203533172607,0.0745472386479378,0,2014,1
-151.70625,44.90625,10.8988494873047,0.346686780452728,0,2014,1
-125.79375,26.41875,19.1497001647949,0.062496904283762,0,2014,1
-144.50625,33.80625,18.4410362243652,0.0792910382151604,0,2014,1
-127.29375,26.68125,19.0068855285645,0.0676849633455276,0,2014,1
-122.83125,28.10625,18.1488513946533,0.0659811794757843,0,2014,1
-137.45625,31.51875,18.5254878997803,0.079323910176754,0,2014,1
-147.43125,33.05625,18.8798484802246,0.0764121115207672,0,2014,1
-123.88125,26.45625,18.702766418457,0.0587724223732948,0,2014,1
-135.46875,27.46875,19.3727798461914,0.0742341428995132,0,2014,1
-134.08125,49.10625,8.76010227203369,0.276463210582733,0,2014,1
-141.35625,49.40625,9.10145854949951,0.3096963763237,0,2014,1
-137.98125,28.21875,20.094554901123,0.0999688282608986,0,2014,1
-132.46875,51.91875,8.11906147003174,0.512025237083435,0,2014,1
-130.21875,47.23125,9.65341472625732,0.321305602788925,0,2014,1
-146.98125,47.79375,10.0020065307617,0.453102439641953,0,2014,1
-140.94375,34.03125,18.518123626709,0.0849141329526901,0,2014,1
-136.03125,27.24375,19.519889831543,0.0821605026721954,0,2014,1
-141.91875,30.31875,19.4846172332764,0.0682304054498672,0,2014,1
-132.61875,49.48125,8.68167018890381,0.282152742147446,0,2014,1
-151.06875,46.14375,10.1876173019409,0.282016038894653,0,2014,1
-148.14375,34.78125,18.3302516937256,0.0868286192417145,0,2014,1
-135.43125,45.80625,10.7178182601929,0.246761187911034,0,2014,1
-147.76875,31.59375,19.8412837982178,0.0798233672976494,0,2014,1
-126.01875,25.78125,19.2821197509766,0.0549582131206989,0,2014,1
-148.21875,33.95625,18.6554164886475,0.0811681374907494,0,2014,1
-130.48125,46.36875,10.2076082229614,0.359793603420258,0,2014,1
-127.25625,46.48125,9.64434337615967,0.428166747093201,0,2014,1
-121.70625,25.44375,19.4463634490967,0.0613259300589561,0,2014,1
-138.35625,30.65625,19.0857334136963,0.0795921832323074,0,2014,1
-145.36875,46.93125,10.8776369094849,0.28519994020462,0,2014,1
-132.73125,28.06875,19.0002479553223,0.0740171074867249,0,2014,1
-129.05625,27.01875,19.156307220459,0.0609856322407722,0,2014,1
-138.88125,47.83125,10.3922033309937,0.242077574133873,0,2014,1
-154.51875,44.60625,10.5467205047607,0.337270587682724,0,2014,1
-126.43125,25.89375,19.4372425079346,0.0561557598412037,0,2014,1
-151.03125,46.21875,10.1046514511108,0.218618124723434,0,2014,1
-157.40625,44.19375,10.6019306182861,0.31480672955513,0,2014,1
-135.05625,47.26875,9.94665622711182,0.243202432990074,0,2014,1
-145.96875,50.30625,8.90493774414062,0.254209876060486,0,2014,1
-137.71875,48.95625,9.45839500427246,0.282053500413895,0,2014,1
-132.84375,29.15625,18.9015922546387,0.087426096200943,0,2014,1
-130.25625,28.85625,18.6029605865479,0.0697771981358528,0,2014,1
-147.13125,46.66875,10.6831903457642,0.253437995910645,0,2014,1
-142.85625,48.95625,9.19320678710938,0.197979480028152,0,2014,1
-140.19375,33.84375,18.4422740936279,0.0790461972355843,0,2014,1
-124.36875,37.33125,12.4704847335815,1.17653501033783,0,2014,1
-150.01875,45.80625,11.0077047348022,0.255356878042221,0,2014,1
-136.21875,50.71875,8.06140804290771,0.34510400891304,0,2014,1
-138.91875,49.14375,9.20908355712891,0.375080853700638,0,2014,1
-143.90625,49.93125,8.65340995788574,0.246245548129082,0,2014,1
-125.34375,43.55625,10.007550239563,0.60867041349411,0,2014,1
-114.24375,25.93125,19.7790184020996,0.138180017471313,0,2014,1
-125.15625,25.33125,19.0494747161865,0.0623312667012215,0,2014,1
-144.95625,32.83125,19.2998199462891,0.0747372880578041,0,2014,1
-137.15625,46.21875,10.8784732818604,0.269106656312943,0,2014,1
-158.90625,42.84375,10.9771547317505,0.129436388611794,0,2014,1
-149.45625,48.16875,9.32683563232422,0.331510990858078,0,2014,1
-154.63125,44.60625,10.5055437088013,0.341901242733002,0,2014,1
-131.56875,29.11875,18.3314933776855,0.0677547231316566,0,2014,1
-143.00625,32.86875,19.437198638916,0.095379650592804,0,2014,1
-130.66875,49.66875,9.0521936416626,0.337818145751953,0,2014,1
-127.55625,47.41875,9.72343730926514,0.378269910812378,0,2014,1
-138.84375,45.69375,10.7301139831543,0.249096408486366,0,2014,1
-135.16875,48.61875,9.17435932159424,0.277520745992661,0,2014,1
-122.23125,26.90625,18.3084297180176,0.0681373849511147,0,2014,1
-142.48125,49.81875,8.39974021911621,0.25833797454834,0,2014,1
-131.23125,48.99375,9.12226581573486,0.280454933643341,0,2014,1
-145.93125,48.76875,9.13652420043945,0.128533706068993,0,2014,1
-139.89375,49.48125,8.88745212554932,0.356249064207077,0,2014,1
-132.01875,26.86875,19.3195171356201,0.0791731774806976,0,2014,1
-144.88125,46.33125,10.9580984115601,0.344369202852249,0,2014,1
-120.58125,27.20625,18.5856952667236,0.0879571959376335,0,2014,1
-129.69375,28.29375,18.7655086517334,0.0704084932804108,0,2014,1
-144.99375,31.85625,19.5972099304199,0.083207868039608,0,2014,1
-147.61875,48.91875,9.22915840148926,0.303645581007004,0,2014,1
-127.10625,48.69375,8.73680782318115,0.369456171989441,0,2014,1
-134.04375,45.76875,10.7780237197876,0.299092173576355,0,2014,1
-134.71875,51.05625,8.20916843414307,1.16011762619019,0,2014,1
-125.79375,26.68125,19.1774730682373,0.0622862130403519,0,2014,1
-154.48125,44.98125,10.0252819061279,0.346930235624313,0,2014,1
-130.44375,29.23125,18.3007030487061,0.074333667755127,0,2014,1
-136.78125,46.06875,10.8665523529053,0.325770705938339,0,2014,1
-130.21875,45.65625,10.6407060623169,0.357998639345169,0,2014,1
-132.09375,29.34375,18.5026435852051,0.0789050385355949,0,2014,1
-118.59375,26.19375,18.9570064544678,0.0806731730699539,0,2014,1
-116.04375,26.08125,18.6159801483154,0.126700460910797,0,2014,1
-133.55625,26.00625,19.9811782836914,0.072626069188118,0,2014,1
-125.94375,45.31875,9.91277694702148,0.360382944345474,0,2014,1
-125.08125,44.04375,9.65025520324707,0.656363606452942,0,2014,1
-133.06875,50.53125,8.63298988342285,0.288341253995895,0,2014,1
-128.19375,26.30625,18.9405746459961,0.0635086894035339,0,2014,1
-128.86875,44.75625,10.6400604248047,0.388333350419998,0,2014,1
-123.28125,37.40625,13.282525062561,1.12379097938538,0,2014,1
-133.06875,45.76875,11.0430154800415,0.363705098628998,0,2014,1
-142.18125,50.90625,7.94046115875244,0.294203966856003,0,2014,1
-123.58125,36.54375,13.136549949646,1.00521075725555,0,2014,1
-129.84375,45.05625,10.6123371124268,0.419138342142105,0,2014,1
-137.86875,45.20625,11.0557765960693,0.263785779476166,0,2014,1
-129.65625,47.45625,9.72482585906982,0.345634609460831,0,2014,1
-139.33125,32.83125,18.5133190155029,0.0887864604592323,0,2014,1
-130.14375,27.16875,19.0304698944092,0.0697609633207321,0,2014,1
-141.39375,29.30625,20.4016304016113,0.0771752446889877,0,2014,1
-117.46875,25.51875,18.602144241333,0.112277776002884,0,2014,1
-131.04375,27.65625,19.0929660797119,0.0657172426581383,0,2014,1
-132.99375,26.53125,19.6095752716064,0.0749959796667099,0,2014,1
-133.59375,27.46875,19.6793174743652,0.0670766979455948,0,2014,1
-140.71875,27.84375,20.6047325134277,0.0698758512735367,0,2014,1
-144.20625,49.89375,8.71235179901123,0.735403835773468,0,2014,1
-146.41875,34.25625,18.5882205963135,0.0826496109366417,0,2014,1
-146.60625,31.03125,20.3163414001465,0.0693967938423157,0,2014,1
-153.76875,47.79375,8.33223056793213,0.30009937286377,0,2014,1
-157.36875,44.19375,10.6015510559082,0.279847383499146,0,2014,1
-125.34375,42.24375,10.3620471954346,0.523314595222473,0,2014,1
-130.14375,27.28125,19.0215301513672,0.0561218447983265,0,2014,1
-134.98125,48.31875,9.09141540527344,0.30766236782074,0,2014,1
-147.39375,45.84375,10.7762498855591,0.304254531860352,0,2014,1
-127.55625,43.03125,10.9012145996094,0.453880190849304,0,2014,1
-142.44375,32.75625,19.1455707550049,0.0908937454223633,0,2014,1
-127.81875,44.75625,10.5944976806641,0.424340456724167,0,2014,1
-126.16875,28.33125,18.3267364501953,0.0718080475926399,0,2014,1
-137.00625,28.66875,19.6660556793213,0.089371383190155,0,2014,1
-145.66875,30.09375,20.0396003723145,0.0753409564495087,0,2014,1
-123.35625,35.75625,12.8885164260864,0.789597749710083,0,2014,1
-126.20625,48.54375,8.62661361694336,0.511094987392426,0,2014,1
-129.95625,47.53125,9.80079936981201,0.30489519238472,0,2014,1
-146.34375,34.36875,18.5482025146484,0.0888403654098511,0,2014,1
-124.06875,46.21875,8.62626934051514,2.02536702156067,0,2014,1
-125.15625,45.05625,9.66424560546875,0.536692559719086,0,2014,1
-144.58125,47.34375,10.34814453125,0.432045519351959,0,2014,1
-132.73125,48.43125,9.27990055084229,0.277926653623581,0,2014,1
-142.78125,34.14375,18.4362411499023,0.0804594457149506,0,2014,1
-145.89375,34.10625,18.4186973571777,0.0768689140677452,0,2014,1
-144.09375,50.41875,8.61320877075195,0.139755502343178,0,2014,1
-146.98125,34.21875,18.920036315918,0.083086833357811,0,2014,1
-129.76875,26.56875,19.2764377593994,0.0577369406819344,0,2014,1
-132.05625,29.15625,18.5592670440674,0.0696108415722847,0,2014,1
-125.41875,28.33125,17.9914283752441,0.0671508014202118,0,2014,1
-150.24375,45.80625,10.8366174697876,0.321564048528671,0,2014,1
-125.11875,44.30625,9.62671756744385,0.669685959815979,0,2014,1
-146.64375,48.65625,9.2279748916626,0.329411864280701,0,2014,1
-148.25625,34.55625,18.5779571533203,0.0836673825979233,0,2014,1
-126.16875,48.05625,8.71165657043457,0.499183863401413,0,2014,1
-149.26875,48.28125,9.42783260345459,0.247538298368454,0,2014,1
-152.68125,47.26875,8.81040477752686,0.240854144096375,0,2014,1
-139.81875,30.35625,19.5013828277588,0.0944198295474052,0,2014,1
-146.19375,33.91875,18.4512329101562,0.079376794397831,0,2014,1
-132.16875,30.13125,18.4218807220459,0.0796749889850616,0,2014,1
-121.81875,26.26875,18.4258766174316,0.0612517818808556,0,2014,1
-123.35625,36.50625,13.230996131897,0.985022068023682,0,2014,1
-127.85625,43.25625,10.9537305831909,0.502686679363251,0,2014,1
-129.69375,46.33125,10.2724132537842,0.306109845638275,0,2014,1
-142.78125,28.29375,21.0686836242676,0.078116700053215,0,2014,1
-125.23125,46.21875,9.5047025680542,0.523180544376373,0,2014,1
-132.28125,26.00625,19.4771137237549,0.0630238503217697,0,2014,1
-126.73125,46.96875,9.29334259033203,0.483218222856522,0,2014,1
-141.16875,32.64375,18.9018363952637,0.0820124745368958,0,2014,1
-129.28125,46.89375,9.97189903259277,0.363536268472672,0,2014,1
-143.26875,46.78125,10.6997671127319,0.35324615240097,0,2014,1
-145.03125,30.01875,20.3563823699951,0.0645779967308044,0,2014,1
-124.03244,27.850506,20.279514,0.07738275,1,2014,12
-123.76255,27.851313,20.361477,0.06851201,1,2014,12
-123.979355,27.85226,20.257158,0.07618874,1,2014,12
-124.088264,27.852385,20.32687,0.072508484,1,2014,12
-123.80495,27.85482,20.329935,0.06835533,1,2014,12
-124.14051,27.856916,20.331244,0.065418884,1,2014,12
-123.846695,27.858946,20.302744,0.07149155,1,2014,12
-123.70607,27.859558,20.409506,0.07420676,1,2014,12
-124.23202,27.859686,20.295303,0.06887413,1,2014,12
-123.9309,27.861483,20.259096,0.07327787,1,2014,12
-124.188545,27.862211,20.310265,0.06640974,1,2014,12
-124.256905,27.862614,20.287928,0.0661639,1,2014,12
-124.29668,27.863022,20.302603,0.061425664,1,2014,12
-123.65634,27.864178,20.36717,0.0708053,1,2014,12
-124.32018,27.864754,20.298725,0.06612683,1,2014,12
-123.864716,27.866272,20.249935,0.074571535,1,2014,12
-125.01992,27.870855,20.421804,0.05711013,1,2014,12
-124.83818,27.871319,20.402716,0.06282618,1,2014,12
-125.35489,27.871357,20.367044,0.057116948,1,2014,12
-124.75139,27.871458,20.351818,0.062371407,1,2014,12
-125.27374,27.871618,20.398985,0.059371617,1,2014,12
-125.11404,27.871952,20.464254,0.060170628,1,2014,12
-124.930984,27.871958,20.42464,0.063183494,1,2014,12
-125.19271,27.871975,20.400082,0.060547177,1,2014,12
-124.35228,27.873817,20.31289,0.06771023,1,2014,12
-125.43498,27.878477,20.35993,0.053518422,1,2014,12
-123.600174,27.880121,20.34899,0.069825545,1,2014,12
-124.65555,27.881113,20.4076,0.061778236,1,2014,12
-123.57486,27.88232,20.334524,0.06960012,1,2014,12
-125.59777,27.88357,20.334387,0.055980965,1,2014,12
-125.66648,27.88413,20.241047,0.05593399,1,2014,12
-125.51249,27.885471,20.357977,0.050379314,1,2014,12
-125.73256,27.886923,20.202583,0.05334857,1,2014,12
-125.80499,27.888683,20.174417,0.055186175,1,2014,12
-124.56187,27.890379,20.431396,0.0681337,1,2014,12
-124.42294,27.890633,20.35036,0.06922038,1,2014,12
-125.81327,27.891464,20.1717,0.055854388,1,2014,12
-123.540115,27.89286,20.327612,0.06811561,1,2014,12
-123.47068,27.892996,20.311695,0.06256481,1,2014,12
-124.43151,27.89601,20.38148,0.07699889,1,2014,12
-124.47219,27.896482,20.402882,0.078350276,1,2014,12
-126.165146,27.898657,20.105219,0.0581061,1,2014,12
-126.132866,27.89973,20.145899,0.0644277,1,2014,12
-125.85015,27.89974,20.174206,0.061718054,1,2014,12
-126.229355,27.900127,20.027119,0.05748975,1,2014,12
-125.8507,27.900656,20.140942,0.06254835,1,2014,12
-123.4194,27.90152,20.2704,0.063024014,1,2014,12
-123.35984,27.903433,20.293898,0.07352364,1,2014,12
-124.275314,27.905415,20.296383,0.06001277,1,2014,12
-126.26882,27.909702,20.029142,0.0619137,1,2014,12
-126.07645,27.909927,20.120358,0.05846313,1,2014,12
-126.04511,27.91391,20.13027,0.06000066,1,2014,12
-124.18602,27.9141,20.305017,0.07058857,1,2014,12
-125.94684,27.916948,20.138893,0.06516692,1,2014,12
-126.31195,27.917076,20.040041,0.059217174,1,2014,12
-125.88751,27.917997,20.139408,0.060359005,1,2014,12
-124.46349,27.918688,20.374413,0.07459689,1,2014,12
-125.97432,27.923428,20.13828,0.06316394,1,2014,12
-126.0361,27.924751,20.132969,0.061994676,1,2014,12
-124.09701,27.925554,20.320066,0.0698418,1,2014,12
-123.285484,27.929247,20.265438,0.07286354,1,2014,12
-126.36739,27.932293,20.061243,0.05859794,1,2014,12
-124.00503,27.932816,20.24925,0.071787596,1,2014,12
-124.50593,27.934547,20.394733,0.0724629,1,2014,12
-123.137726,27.937326,20.156944,0.0789418,1,2014,12
-123.18013,27.93829,20.188845,0.06828534,1,2014,12
-123.91311,27.938303,20.241997,0.07492646,1,2014,12
-123.82162,27.944298,20.22796,0.06913966,1,2014,12
-123.222496,27.947317,20.215586,0.065219335,1,2014,12
-123.07874,27.949121,20.16086,0.07019437,1,2014,12
-124.5657,27.949837,20.397709,0.055848036,1,2014,12
-123.740295,27.950317,20.247248,0.0696197,1,2014,12
-121.07975,27.951088,20.661453,0.07567786,1,2014,12
-126.44118,27.952656,20.047113,0.059780654,1,2014,12
-121.10142,27.95293,20.671598,0.098527215,1,2014,12
-123.02987,27.957502,20.176632,0.0720228,1,2014,12
-121.311714,27.95829,20.801878,0.09049115,1,2014,12
-121.03863,27.958668,20.646717,0.085374735,1,2014,12
-121.13267,27.9589,20.674294,0.11081945,1,2014,12
-121.268845,27.959017,20.764633,0.08473046,1,2014,12
-123.63897,27.959303,20.26123,0.07586474,1,2014,12
-120.95225,27.961699,20.606455,0.089748286,1,2014,12
-120.9962,27.961967,20.636023,0.08623865,1,2014,12
-121.21517,27.963408,20.71999,0.08052662,1,2014,12
-121.17144,27.965446,20.682928,0.057688765,1,2014,12
-121.34426,27.965643,20.83257,0.0907586,1,2014,12
-120.9344,27.966072,20.56198,0.09381042,1,2014,12
-123.555855,27.966208,20.233707,0.073322676,1,2014,12
-122.97489,27.967422,20.192482,0.07332195,1,2014,12
-121.42036,27.969501,20.842379,0.0796929,1,2014,12
-121.38267,27.970863,20.847246,0.085462846,1,2014,12
-121.45918,27.972748,20.808912,0.07688699,1,2014,12
-126.50829,27.973207,20.07155,0.061926495,1,2014,12
-121.48093,27.97349,20.753643,0.07115745,1,2014,12
-123.46415,27.974092,20.244621,0.0655613,1,2014,12
-121.52295,27.97483,20.713135,0.07708679,1,2014,12
-121.477165,27.975286,20.63765,0.07132106,1,2014,12
-120.92647,27.976427,20.551985,0.09625937,1,2014,12
-122.92226,27.978615,20.239683,0.07784168,1,2014,12
-121.69799,27.981482,20.282324,0.083906606,1,2014,12
-124.607574,27.981533,20.33497,0.0616786,1,2014,12
-121.662964,27.981752,20.30545,0.078217946,1,2014,12
-121.63471,27.984953,20.37513,0.07788384,1,2014,12
-121.88427,27.985386,20.221281,0.083039045,1,2014,12
-121.83799,27.986319,20.231571,0.08059312,1,2014,12
-121.54163,27.986921,20.52547,0.088731736,1,2014,12
-123.368675,27.987907,20.27319,0.06984509,1,2014,12
-126.54357,27.988728,20.097603,0.0609623,1,2014,12
-122.815544,27.988913,20.24689,0.06896973,1,2014,12
-122.85771,27.989702,20.248068,0.06846531,1,2014,12
-121.58466,27.990713,20.448025,0.07477745,1,2014,12
-121.787056,27.991701,20.248787,0.081845574,1,2014,12
-121.73187,27.991802,20.26866,0.0770364,1,2014,12
-121.91501,27.994247,20.213198,0.07892098,1,2014,12
-122.77013,27.996876,20.235317,0.06914881,1,2014,12
-126.62359,28.003225,20.097824,0.062024876,1,2014,12
-122.00321,28.005337,20.20777,0.088233575,1,2014,12
-123.276054,28.005339,20.270134,0.0722338,1,2014,12
-122.05841,28.005688,20.205322,0.066210784,1,2014,12
-122.082756,28.009073,20.205864,0.06776838,1,2014,12
-120.68935,28.011452,20.171858,0.096489996,1,2014,12
-122.70699,28.012169,20.231224,0.068929404,1,2014,12
-124.65972,28.0136,20.309612,0.06024287,1,2014,12
-122.12496,28.013697,20.173372,0.072886325,1,2014,12
-120.90533,28.013733,20.553265,0.09312282,1,2014,12
-120.85673,28.014507,20.411884,0.08988115,1,2014,12
-120.87308,28.014578,20.488087,0.088709764,1,2014,12
-122.17117,28.014847,20.17997,0.07720517,1,2014,12
-122.659996,28.016869,20.232746,0.068575524,1,2014,12
-122.56633,28.017027,20.244928,0.0789478,1,2014,12
-123.18567,28.01807,20.188787,0.08083085,1,2014,12
-122.61068,28.018372,20.243584,0.069145255,1,2014,12
-122.393295,28.020683,20.189867,0.07656827,1,2014,12
-122.20519,28.021608,20.193785,0.08250657,1,2014,12
-120.79788,28.022942,20.325956,0.09333957,1,2014,12
-120.637535,28.023403,20.13594,0.091531925,1,2014,12
-120.709984,28.024115,20.162582,0.09613894,1,2014,12
-122.51775,28.0243,20.244429,0.07074788,1,2014,12
-122.42998,28.025791,20.193111,0.07518982,1,2014,12
-120.77594,28.026464,20.257801,0.09460323,1,2014,12
-120.73547,28.02651,20.205748,0.09826292,1,2014,12
-126.69726,28.026962,20.051006,0.058935206,1,2014,12
-123.108475,28.027573,20.174929,0.070478335,1,2014,12
-120.59178,28.027765,20.09833,0.103236996,1,2014,12
-122.47123,28.028126,20.212013,0.073232666,1,2014,12
-122.24834,28.028917,20.207947,0.08048031,1,2014,12
-122.278755,28.032381,20.214731,0.07883098,1,2014,12
-122.35518,28.032726,20.196987,0.09135916,1,2014,12
-124.71818,28.03537,20.30116,0.05706788,1,2014,12
-122.29799,28.038157,20.20851,0.080529235,1,2014,12
-120.534065,28.039545,20.090683,0.100775614,1,2014,12
-126.783134,28.041374,20.069784,0.058780644,1,2014,12
-123.01911,28.046206,20.191706,0.08049435,1,2014,12
-120.47775,28.052202,20.068445,0.11047415,1,2014,12
-124.798454,28.05263,20.322092,0.06369241,1,2014,12
-126.815125,28.063246,20.08303,0.058225796,1,2014,12
-120.41224,28.065166,20.220995,0.12364281,1,2014,12
-122.92868,28.065914,20.218204,0.078603506,1,2014,12
-126.89613,28.081448,20.077566,0.057924762,1,2014,12
-120.36013,28.083033,20.291183,0.12424941,1,2014,12
-122.84347,28.083054,20.243763,0.074879974,1,2014,12
-124.85225,28.086725,20.311178,0.06331824,1,2014,12
-120.319595,28.095465,20.36762,0.13270539,1,2014,12
-126.98008,28.098448,20.109476,0.065493345,1,2014,12
-122.753075,28.102806,20.24383,0.077434026,1,2014,12
-120.29163,28.104382,20.387775,0.13142268,1,2014,12
-127.03077,28.111483,20.116812,0.06413146,1,2014,12
-120.251816,28.120922,20.384062,0.13932115,1,2014,12
-122.664375,28.123775,20.226788,0.07676251,1,2014,12
-127.10418,28.124485,20.179874,0.08278355,1,2014,12
-124.91819,28.132889,20.312859,0.054914236,1,2014,12
-120.225525,28.133238,20.396667,0.14147271,1,2014,12
-127.17142,28.141237,20.215527,0.061274856,1,2014,12
-122.58115,28.145807,20.237904,0.07829968,1,2014,12
-124.997574,28.151941,20.328243,0.054704335,1,2014,12
-120.17231,28.15255,20.386637,0.1306479,1,2014,12
-127.24399,28.164473,20.230724,0.05868233,1,2014,12
-125.077354,28.167074,20.263727,0.051849503,1,2014,12
-122.493324,28.167765,20.19767,0.0599621,1,2014,12
-125.1432,28.178425,20.195803,0.05994156,1,2014,12
-120.102554,28.180029,20.426167,0.13174862,1,2014,12
-122.413445,28.1905,20.164156,0.06864186,1,2014,12
-127.32552,28.192368,20.276182,0.057689864,1,2014,12
-120.04296,28.207937,20.412237,0.12155051,1,2014,12
-125.21139,28.210365,20.195719,0.061171405,1,2014,12
-122.33141,28.212534,20.137949,0.088574104,1,2014,12
-127.39712,28.220625,20.382126,0.06955873,1,2014,12
-122.28626,28.22417,20.099216,0.07589264,1,2014,12
-125.26164,28.231373,20.1953,0.059930433,1,2014,12
-120.00414,28.231714,20.371593,0.10796337,1,2014,12
-122.20481,28.2411,20.06807,0.07782709,1,2014,12
-127.47612,28.248093,20.396887,0.063163765,1,2014,12
-125.320435,28.253895,20.18339,0.05388343,1,2014,12
-122.12183,28.256365,20.033155,0.06671347,1,2014,12
-119.94561,28.256805,20.280767,0.119639546,1,2014,12
-122.06321,28.2679,20.038298,0.09934351,1,2014,12
-125.34725,28.268269,20.175581,0.06026717,1,2014,12
-119.89846,28.281187,20.206692,0.1264462,1,2014,12
-127.5566,28.28226,20.366007,0.066480815,1,2014,12
-125.3949,28.28249,20.128614,0.06514187,1,2014,12
-121.985985,28.292788,20.053856,0.10783524,1,2014,12
-119.796364,28.302168,20.039696,0.11502371,1,2014,12
-127.64064,28.304672,20.373638,0.06189393,1,2014,12
-119.81586,28.307882,20.10657,0.11982158,1,2014,12
-125.43107,28.30806,20.08486,0.06228778,1,2014,12
-119.828125,28.314632,20.12535,0.11943493,1,2014,12
-121.91139,28.319485,20.060463,0.081919454,1,2014,12
-119.764175,28.320854,19.96821,0.11865361,1,2014,12
-127.71912,28.328499,20.420908,0.056632876,1,2014,12
-125.49078,28.339615,20.003557,0.060387112,1,2014,12
-121.838326,28.34036,20.070553,0.08010195,1,2014,12
-127.795105,28.344109,20.478985,0.055771034,1,2014,12
-119.69248,28.351149,19.858505,0.112864375,1,2014,12
-127.87728,28.359407,20.453672,0.05762526,1,2014,12
-121.76739,28.360447,20.038996,0.08794605,1,2014,12
-125.55275,28.370419,19.928766,0.065676555,1,2014,12
-121.7014,28.3797,20.067036,0.09145855,1,2014,12
-119.64203,28.38151,19.824669,0.11118192,1,2014,12
-119.603355,28.39305,19.716331,0.106373675,1,2014,12
-127.95989,28.393421,20.423796,0.060039252,1,2014,12
-121.64396,28.394423,20.055195,0.07541844,1,2014,12
-125.61644,28.40716,19.820873,0.06846185,1,2014,12
-121.60575,28.409647,20.053894,0.091180235,1,2014,12
-119.54039,28.422829,19.605103,0.10607797,1,2014,12
-121.56011,28.431541,20.037838,0.087890334,1,2014,12
-128.0476,28.432526,20.454891,0.0638079,1,2014,12
-119.50341,28.441109,19.562996,0.10293956,1,2014,12
-125.6815,28.442776,19.723944,0.0670126,1,2014,12
-121.50013,28.456297,20.048204,0.078096166,1,2014,12
-128.12784,28.461187,20.486597,0.06313396,1,2014,12
-119.46199,28.475422,19.542725,0.104295895,1,2014,12
-121.434044,28.478743,20.040215,0.086383946,1,2014,12
-125.73976,28.481236,19.734045,0.064748816,1,2014,12
-128.20468,28.488,20.523317,0.057139527,1,2014,12
-119.42991,28.499134,19.567522,0.11026984,1,2014,12
-128.28877,28.500553,20.585653,0.057724707,1,2014,12
-121.364334,28.501457,20.02037,0.08250086,1,2014,12
-125.812584,28.509481,19.787155,0.06805519,1,2014,12
-121.30949,28.518091,19.957571,0.08246,1,2014,12
-125.87993,28.536304,19.782423,0.07040699,1,2014,12
-119.3686,28.540615,19.579927,0.101441585,1,2014,12
-121.2416,28.542948,19.869183,0.08897589,1,2014,12
-119.34006,28.557936,19.615047,0.11354858,1,2014,12
-128.35277,28.561512,20.571371,0.06844985,1,2014,12
-121.17675,28.56977,19.905542,0.09011021,1,2014,12
-125.93816,28.577175,19.781656,0.06860623,1,2014,12
-119.28931,28.587912,19.63925,0.10437231,1,2014,12
-121.12256,28.589563,19.874052,0.07820163,1,2014,12
-128.39833,28.597557,20.603895,0.06742857,1,2014,12
-125.99483,28.610243,19.781384,0.06826287,1,2014,12
-128.48332,28.615755,20.615494,0.06508667,1,2014,12
-121.057884,28.617252,19.835001,0.07827774,1,2014,12
-119.241905,28.617584,19.658934,0.10963619,1,2014,12
-120.99863,28.63596,19.834753,0.08591459,1,2014,12
-128.56458,28.641554,20.558252,0.06502304,1,2014,12
-120.94552,28.644197,19.826708,0.081935495,1,2014,12
-126.042595,28.648188,19.782486,0.06962106,1,2014,12
-119.19011,28.651293,19.71344,0.122018486,1,2014,12
-120.888275,28.665525,19.79495,0.09562219,1,2014,12
-119.15247,28.67563,19.753935,0.120991744,1,2014,12
-120.83868,28.675638,19.786816,0.105002396,1,2014,12
-128.63802,28.680218,20.55592,0.061330974,1,2014,12
-126.095345,28.682709,19.80569,0.066376425,1,2014,12
-120.76508,28.695044,19.818413,0.09803724,1,2014,12
-126.13444,28.69615,19.798088,0.068112455,1,2014,12
-128.71289,28.71031,20.570757,0.06374536,1,2014,12
-120.6997,28.71555,19.801199,0.09330824,1,2014,12
-119.078064,28.716103,19.740107,0.11403241,1,2014,12
-126.17238,28.717577,19.78142,0.06777751,1,2014,12
-128.74496,28.723827,20.587885,0.06070159,1,2014,12
-126.22983,28.724539,19.771418,0.07140838,1,2014,12
-120.65379,28.731073,19.814285,0.10347602,1,2014,12
-128.79796,28.7403,20.589455,0.060611583,1,2014,12
-119.02104,28.742083,19.762342,0.118429996,1,2014,12
-120.587524,28.744192,19.81239,0.08964952,1,2014,12
-126.285995,28.74429,19.728018,0.06951341,1,2014,12
-120.52886,28.756683,19.81584,0.09531523,1,2014,12
-126.35474,28.761547,19.727674,0.06802974,1,2014,12
-120.49642,28.766487,19.779276,0.08726421,1,2014,12
-128.87315,28.772362,20.641722,0.057163354,1,2014,12
-118.95668,28.77393,19.776846,0.120810226,1,2014,12
-126.41436,28.782198,19.73025,0.0655794,1,2014,12
-120.42455,28.790716,19.750648,0.09405058,1,2014,12
-120.36386,28.79882,19.727564,0.08845822,1,2014,12
-118.911934,28.799772,19.769264,0.11152681,1,2014,12
-128.94244,28.806116,20.63643,0.061739706,1,2014,12
-126.4743,28.811789,19.737179,0.067903444,1,2014,12
-120.29461,28.813583,19.505184,0.085220225,1,2014,12
-126.542465,28.818937,19.825533,0.06959956,1,2014,12
-129.01529,28.823643,20.636597,0.063782364,1,2014,12
-120.245155,28.825367,19.415506,0.09124002,1,2014,12
-118.85711,28.828793,19.728369,0.12107196,1,2014,12
-118.430046,28.831285,19.879913,0.16611606,1,2014,12
-118.39082,28.831469,19.856886,0.16193818,1,2014,12
-118.38539,28.835388,19.828352,0.158894,1,2014,12
-126.6075,28.835865,19.864895,0.0667441,1,2014,12
-120.16996,28.836018,19.356497,0.08238882,1,2014,12
-118.4036,28.837503,19.87433,0.16725022,1,2014,12
-118.443825,28.839472,19.88537,0.1640244,1,2014,12
-118.3662,28.843039,19.834423,0.17600642,1,2014,12
-129.10556,28.846725,20.621298,0.06375812,1,2014,12
-120.09516,28.851837,19.350788,0.08508904,1,2014,12
-118.34545,28.855587,19.802689,0.17352876,1,2014,12
-118.80236,28.85926,19.763397,0.118642315,1,2014,12
-118.78918,28.861732,19.770437,0.13146196,1,2014,12
-126.67269,28.86442,19.840681,0.062115617,1,2014,12
-118.76012,28.874023,19.794016,0.12679425,1,2014,12
-120.02441,28.875559,19.394264,0.080561645,1,2014,12
-118.289085,28.877493,19.76007,0.25182703,1,2014,12
-118.26131,28.882032,19.752146,0.17919217,1,2014,12
-126.74032,28.882057,19.909704,0.06315641,1,2014,12
-118.426476,28.883488,19.874714,0.16855028,1,2014,12
-118.32572,28.887037,19.792316,0.18216343,1,2014,12
-118.72414,28.889862,19.819424,0.13772483,1,2014,12
-129.1845,28.893333,20.54252,0.063255124,1,2014,12
-118.36283,28.89813,19.833357,0.1749177,1,2014,12
-119.950874,28.899853,19.492792,0.08983276,1,2014,12
-118.376335,28.913435,19.809614,0.18317728,1,2014,12
-118.444084,28.916037,19.852192,0.17130147,1,2014,12
-126.792534,28.918867,20.013725,0.06398358,1,2014,12
-129.25972,28.928066,20.461836,0.061349466,1,2014,12
-118.40688,28.930935,19.838354,0.1510127,1,2014,12
-119.89254,28.932077,19.471754,0.08558958,1,2014,12
-118.63994,28.933767,19.855629,0.1377182,1,2014,12
-118.48755,28.939285,19.856083,0.15814744,1,2014,12
-126.85395,28.942814,20.022907,0.06704862,1,2014,12
-118.57596,28.943266,19.8649,0.14545524,1,2014,12
-118.548485,28.944538,19.873384,0.14881518,1,2014,12
-118.500534,28.945793,19.87595,0.15428339,1,2014,12
-119.84388,28.949396,19.484205,0.097147405,1,2014,12
-118.610115,28.950432,19.873062,0.14574435,1,2014,12
-129.32861,28.951218,20.457045,0.06054363,1,2014,12
-119.80738,28.960182,19.43946,0.09347463,1,2014,12
-118.43178,28.967863,19.83631,0.15808457,1,2014,12
-119.77253,28.970737,19.419056,0.091754526,1,2014,12
-126.901,28.97789,20.06545,0.0663456,1,2014,12
-129.39229,28.98018,20.530815,0.061204728,1,2014,12
-119.73426,28.98381,19.388664,0.088936426,1,2014,12
-119.71795,28.990314,19.372429,0.09543426,1,2014,12
-118.46302,29.002378,19.849379,0.16899124,1,2014,12
-126.96161,29.009968,20.07623,0.058904838,1,2014,12
-129.4641,29.013906,20.53405,0.059255794,1,2014,12
-119.69284,29.015278,19.371378,0.100619495,1,2014,12
-119.68077,29.025145,19.369677,0.10938794,1,2014,12
-118.49674,29.029327,19.81858,0.1488648,1,2014,12
-119.66212,29.04069,19.403208,0.099703096,1,2014,12
-129.53606,29.042095,20.524635,0.060506273,1,2014,12
-127.02988,29.042982,20.116476,0.058460537,1,2014,12
-118.54462,29.049213,19.880129,0.13875397,1,2014,12
-118.58433,29.059708,19.87342,0.13978007,1,2014,12
-119.63722,29.065813,19.42154,0.10468976,1,2014,12
-118.60934,29.068354,19.843088,0.13470876,1,2014,12
-119.62145,29.078144,19.488142,0.1175102,1,2014,12
-129.60779,29.081532,20.543331,0.061677754,1,2014,12
-127.06738,29.082638,20.182398,0.060487423,1,2014,12
-118.6402,29.084324,19.832455,0.13038209,1,2014,12
-119.58723,29.095768,19.535154,0.11219202,1,2014,12
-118.68372,29.096945,19.820099,0.12555262,1,2014,12
-119.58606,29.10086,19.508894,0.11136246,1,2014,12
-129.68303,29.112045,20.51878,0.054892316,1,2014,12
-118.769226,29.112406,19.82121,0.12777928,1,2014,12
-118.72467,29.114927,19.799,0.1323851,1,2014,12
-118.80944,29.120634,19.829895,0.12236128,1,2014,12
-127.11842,29.121729,20.251417,0.06557639,1,2014,12
-119.54942,29.126884,19.513496,0.11339045,1,2014,12
-119.52137,29.137617,19.495235,0.106783,1,2014,12
-119.50884,29.139168,19.526382,0.10561026,1,2014,12
-127.135025,29.142778,20.276054,0.06206973,1,2014,12
-129.73885,29.143177,20.490835,0.06380916,1,2014,12
-118.841934,29.146318,19.8401,0.12590839,1,2014,12
-119.34298,29.147657,19.721945,0.11864393,1,2014,12
-119.30272,29.149883,19.771328,0.12156788,1,2014,12
-119.40904,29.155556,19.605185,0.11762238,1,2014,12
-119.259926,29.158228,19.798077,0.119305134,1,2014,12
-119.46966,29.158342,19.561584,0.10103858,1,2014,12
-119.377365,29.161304,19.660152,0.11958546,1,2014,12
-127.209015,29.165527,20.279442,0.06004228,1,2014,12
-119.22002,29.170956,19.816927,0.1178735,1,2014,12
-119.09032,29.17105,19.869894,0.121714085,1,2014,12
-119.0515,29.173267,19.86814,0.11264356,1,2014,12
-119.12096,29.174541,19.857481,0.12350167,1,2014,12
-119.18378,29.17593,19.838984,0.12128333,1,2014,12
-119.151405,29.17788,19.84452,0.1255871,1,2014,12
-119.03038,29.181074,19.88394,0.11930265,1,2014,12
-129.81644,29.182703,20.498516,0.060675796,1,2014,12
-118.900986,29.188164,19.845016,0.12622055,1,2014,12
-118.987144,29.19235,19.880983,0.12582465,1,2014,12
-127.25922,29.193848,20.228884,0.059917133,1,2014,12
-118.93165,29.198135,19.862112,0.116630465,1,2014,12
-129.89003,29.21401,20.499979,0.0590649,1,2014,12
-127.30759,29.226145,20.224262,0.060162365,1,2014,12
-127.35025,29.23592,20.237206,0.058208883,1,2014,12
-129.9403,29.249718,20.521214,0.06758077,1,2014,12
-127.42192,29.254519,20.258158,0.056228142,1,2014,12
-127.48069,29.261127,20.271275,0.052215785,1,2014,12
-129.98125,29.28725,20.524624,0.06310058,1,2014,12
-127.535995,29.293064,20.256569,0.060979933,1,2014,12
-130.00447,29.308493,20.49665,0.061164614,1,2014,12
-127.610466,29.311268,20.276485,0.059929274,1,2014,12
-127.67333,29.318148,20.315693,0.059893765,1,2014,12
-130.07095,29.337236,20.460436,0.063136116,1,2014,12
-127.72286,29.34233,20.297716,0.06313974,1,2014,12
-127.79554,29.372488,20.232634,0.0518016,1,2014,12
-130.12718,29.377586,20.430593,0.06441805,1,2014,12
-127.85415,29.399813,20.254232,0.06013062,1,2014,12
-130.16887,29.404154,20.416164,0.05806983,1,2014,12
-127.89056,29.406616,20.252907,0.07434135,1,2014,12
-127.95315,29.418661,20.240124,0.05992642,1,2014,12
-127.99412,29.421232,20.212442,0.06171749,1,2014,12
-130.23953,29.43441,20.403063,0.05364468,1,2014,12
-128.03894,29.43856,20.166737,0.058349043,1,2014,12
-128.11583,29.454784,20.114899,0.059424493,1,2014,12
-128.19644,29.462854,20.106453,0.057395034,1,2014,12
-128.26912,29.47242,20.144175,0.05309149,1,2014,12
-130.32301,29.472794,20.372787,0.0573082,1,2014,12
-128.34727,29.47997,20.164665,0.060092617,1,2014,12
-128.4135,29.49427,20.192997,0.057448298,1,2014,12
-130.39996,29.499546,20.395672,0.06245619,1,2014,12
-128.46973,29.518923,20.195559,0.070735775,1,2014,12
-130.48677,29.520548,20.390678,0.063076474,1,2014,12
-128.53415,29.531588,20.221819,0.06198004,1,2014,12
-130.55237,29.547543,20.380398,0.05862287,1,2014,12
-128.59795,29.548056,20.196001,0.05787053,1,2014,12
-128.65141,29.564213,20.12209,0.062378816,1,2014,12
-128.6877,29.570839,20.107227,0.06428565,1,2014,12
-128.73839,29.587126,20.102022,0.05766789,1,2014,12
-130.62317,29.589306,20.359316,0.06236773,1,2014,12
-128.79068,29.597498,20.106777,0.051094893,1,2014,12
-128.81871,29.604618,20.128355,0.054745816,1,2014,12
-128.84898,29.626856,20.130041,0.060991082,1,2014,12
-130.68947,29.638218,20.324137,0.06087867,1,2014,12
-128.90793,29.656073,20.188343,0.05551294,1,2014,12
-130.75015,29.672506,20.266844,0.063372195,1,2014,12
-128.96207,29.685432,20.207743,0.058467276,1,2014,12
-130.81593,29.721155,20.246344,0.06933185,1,2014,12
-129.01012,29.73103,20.213533,0.06469926,1,2014,12
-130.88718,29.758314,20.22438,0.06463313,1,2014,12
-129.03883,29.780312,20.23974,0.05702307,1,2014,12
-130.95178,29.797125,20.211727,0.06888444,1,2014,12
-129.12614,29.822474,20.241343,0.05998013,1,2014,12
-131.018,29.839949,20.19994,0.06933782,1,2014,12
-129.17906,29.842457,20.23868,0.06556121,1,2014,12
-131.03908,29.852734,20.20613,0.059881162,1,2014,12
-129.22249,29.869328,20.225842,0.059760902,1,2014,12
-131.10902,29.897636,20.209751,0.059824128,1,2014,12
-129.26622,29.901636,20.246311,0.07322186,1,2014,12
-129.31387,29.918318,20.25157,0.05761788,1,2014,12
-131.16559,29.929258,20.23187,0.0734738,1,2014,12
-129.35847,29.949133,20.220455,0.06697418,1,2014,12
-131.23401,29.975443,20.232431,0.06928035,1,2014,12
-129.40382,29.979921,20.17166,0.06973978,1,2014,12
-129.44722,30.013584,20.16211,0.061259538,1,2014,12
-131.29659,30.018972,20.199398,0.07508578,1,2014,12
-131.36612,30.033016,20.15364,0.06580431,1,2014,12
-129.4845,30.045961,20.156342,0.07085153,1,2014,12
-131.43257,30.058138,20.137747,0.06446875,1,2014,12
-129.52663,30.081009,20.171988,0.06769178,1,2014,12
-131.49994,30.082914,20.12966,0.06658448,1,2014,12
-131.55464,30.111399,20.187426,0.06771023,1,2014,12
-129.60013,30.130455,20.167105,0.063297,1,2014,12
-131.61195,30.137053,20.156904,0.072893225,1,2014,12
-129.65053,30.154562,20.178328,0.06649164,1,2014,12
-131.67245,30.166779,20.134962,0.06704644,1,2014,12
-129.70288,30.178642,20.177006,0.06737749,1,2014,12
-129.7498,30.189924,20.166956,0.056671657,1,2014,12
-131.73665,30.196934,20.105534,0.06461289,1,2014,12
-129.7812,30.209566,20.162691,0.06257827,1,2014,12
-129.8323,30.221437,20.135033,0.060013905,1,2014,12
-131.79373,30.22711,20.062387,0.064546,1,2014,12
-129.87006,30.248116,20.147245,0.06035298,1,2014,12
-131.84933,30.265484,20.042307,0.062386453,1,2014,12
-129.91219,30.274734,20.171616,0.06899513,1,2014,12
-129.9451,30.302265,20.180885,0.06049092,1,2014,12
-131.91556,30.311869,20.028093,0.06789439,1,2014,12
-129.98369,30.319649,20.21902,0.0706693,1,2014,12
-130.04805,30.348648,20.195427,0.067805625,1,2014,12
-131.95769,30.36172,20.02214,0.06288457,1,2014,12
-130.07202,30.364393,20.19996,0.06793734,1,2014,12
-130.08836,30.372063,20.200193,0.072142646,1,2014,12
-130.09305,30.381222,20.162552,0.07288168,1,2014,12
-132.00969,30.40795,19.994333,0.062344182,1,2014,12
-130.11522,30.41527,20.137154,0.06916626,1,2014,12
-130.13794,30.443817,20.141777,0.07039819,1,2014,12
-130.1425,30.450842,20.136786,0.069390655,1,2014,12
-132.05757,30.474497,19.940836,0.06303087,1,2014,12
-130.1506,30.505682,20.131529,0.0725884,1,2014,12
-132.09335,30.5337,19.870377,0.068863556,1,2014,12
-130.18535,30.562466,20.10712,0.07386433,1,2014,12
-132.13467,30.582937,19.834974,0.057959013,1,2014,12
-130.21667,30.611103,20.046053,0.06832648,1,2014,12
-132.18024,30.623512,19.802052,0.072720826,1,2014,12
-130.25931,30.664257,19.98788,0.07063731,1,2014,12
-132.22299,30.664288,19.771442,0.06698231,1,2014,12
-130.29388,30.692358,19.949894,0.07672884,1,2014,12
-132.26778,30.698715,19.734201,0.069745354,1,2014,12
-130.3614,30.728252,19.887886,0.059620265,1,2014,12
-132.31401,30.742085,19.710796,0.07072906,1,2014,12
-130.42151,30.755323,19.772892,0.065826304,1,2014,12
-130.47124,30.764221,19.797081,0.063785024,1,2014,12
-130.54291,30.775305,19.768467,0.064677745,1,2014,12
-132.3644,30.775322,19.708582,0.073415846,1,2014,12
-130.60484,30.798532,19.745626,0.06551522,1,2014,12
-132.4139,30.811998,19.715948,0.06756913,1,2014,12
-130.68126,30.815592,19.780968,0.0672616,1,2014,12
-130.75113,30.843302,19.786797,0.066716895,1,2014,12
-132.44365,30.865591,19.664026,0.06527198,1,2014,12
-130.80583,30.886509,19.765781,0.06413952,1,2014,12
-132.48181,30.918444,19.661217,0.07154757,1,2014,12
-130.85988,30.92274,19.721394,0.06680699,1,2014,12
-130.92555,30.951273,19.705235,0.059101906,1,2014,12
-132.52757,30.959892,19.66048,0.067890346,1,2014,12
-130.97578,30.988989,19.67683,0.07121396,1,2014,12
-132.55368,31.009394,19.656776,0.07164358,1,2014,12
-131.0381,31.018242,19.695555,0.064656936,1,2014,12
-132.59962,31.039204,19.647253,0.073058076,1,2014,12
-132.63408,31.041597,19.647545,0.075915955,1,2014,12
-131.10464,31.049744,19.742159,0.060163498,1,2014,12
-132.70009,31.052324,19.663996,0.077558,1,2014,12
-132.73325,31.06268,19.694122,0.07246425,1,2014,12
-131.18866,31.065893,19.790709,0.063925676,1,2014,12
-131.22313,31.082178,19.808321,0.0690911,1,2014,12
-132.77817,31.085377,19.72377,0.06936868,1,2014,12
-132.78526,31.092999,19.708818,0.0729832,1,2014,12
-132.7891,31.093512,19.73119,0.06908764,1,2014,12
-131.30396,31.099098,19.780901,0.06466383,1,2014,12
-131.32838,31.103918,19.75492,0.06262744,1,2014,12
-132.84715,31.111763,19.744423,0.066590965,1,2014,12
-131.59036,31.112581,19.646929,0.06361665,1,2014,12
-131.572,31.115908,19.646063,0.06858383,1,2014,12
-131.40582,31.116278,19.707592,0.06824308,1,2014,12
-131.39323,31.118513,19.732296,0.06173145,1,2014,12
-131.46777,31.122797,19.688074,0.06955724,1,2014,12
-131.64948,31.134073,19.664593,0.063452974,1,2014,12
-131.70953,31.144539,19.642933,0.070234194,1,2014,12
-131.78943,31.150991,19.58017,0.06950153,1,2014,12
-132.88774,31.162872,19.759443,0.07069718,1,2014,12
-131.90265,31.163208,19.581118,0.068704195,1,2014,12
-131.98083,31.168808,19.598408,0.07471695,1,2014,12
-131.84741,31.169415,19.534988,0.06763686,1,2014,12
-132.04791,31.183132,19.630558,0.07017671,1,2014,12
-132.92448,31.188345,19.783844,0.07069748,1,2014,12
-132.29047,31.197472,19.589785,0.06951526,1,2014,12
-132.13837,31.200777,19.622166,0.071475245,1,2014,12
-132.21556,31.202002,19.59034,0.06753601,1,2014,12
-132.6718,31.216873,19.62445,0.07597052,1,2014,12
-132.58946,31.22061,19.61777,0.075548165,1,2014,12
-132.50404,31.221098,19.608648,0.06964659,1,2014,12
-132.4303,31.222202,19.61531,0.07249188,1,2014,12
-132.35222,31.222647,19.614063,0.06815254,1,2014,12
-132.9598,31.249043,19.822924,0.07697315,1,2014,12
-132.73468,31.253342,19.61774,0.068202436,1,2014,12
-132.97998,31.26556,19.813675,0.07908268,1,2014,12
-133.00401,31.290049,19.786049,0.074814714,1,2014,12
-133.01257,31.297295,19.772192,0.08262844,1,2014,12
-132.798,31.304138,19.651123,0.072239235,1,2014,12
-133.03065,31.312733,19.730824,0.07920568,1,2014,12
-133.08165,31.335897,19.727003,0.07801074,1,2014,12
-133.09795,31.362606,19.708387,0.079310395,1,2014,12
-132.85927,31.369286,19.681522,0.069434546,1,2014,12
-133.12679,31.403692,19.718313,0.072088666,1,2014,12
-132.93259,31.42478,19.744171,0.07065896,1,2014,12
-133.13896,31.434435,19.731455,0.07076794,1,2014,12
-133.1644,31.490934,19.711185,0.071501225,1,2014,12
-132.99605,31.492922,19.751547,0.06713357,1,2014,12
-133.19298,31.560146,19.679127,0.076932766,1,2014,12
-133.05911,31.56764,19.75175,0.06807162,1,2014,12
-133.22107,31.629433,19.642902,0.06568191,1,2014,12
-133.12206,31.63911,19.729359,0.06817655,1,2014,12
-133.24506,31.700468,19.60321,0.06701985,1,2014,12
-133.18832,31.711681,19.634295,0.07098792,1,2014,12
-133.2682,31.77023,19.599113,0.07620907,1,2014,12
-133.29268,31.843542,19.610443,0.0801324,1,2014,12
-133.31139,31.912865,19.604916,0.07186233,1,2014,12
-133.34494,31.934677,19.60025,0.07087529,1,2014,12
-133.3233,31.980074,19.594849,0.0718874,1,2014,12
-133.3903,32.011375,19.590603,0.0763367,1,2014,12
-133.33392,32.036957,19.575079,0.06679131,1,2014,12
-133.45897,32.039577,19.577126,0.07459092,1,2014,12
-133.16719,32.049965,19.556316,0.07604748,1,2014,12
-133.18211,32.06753,19.55827,0.0740009,1,2014,12
-133.20854,32.076973,19.556404,0.08278787,1,2014,12
-133.52759,32.09064,19.574183,0.071847014,1,2014,12
-133.34634,32.106396,19.555107,0.07401481,1,2014,12
-133.24127,32.114,19.551298,0.07172173,1,2014,12
-133.59851,32.13341,19.592436,0.07275959,1,2014,12
-133.26648,32.142666,19.53607,0.07876864,1,2014,12
-133.23454,32.15165,19.535116,0.07043669,1,2014,12
-133.67535,32.15743,19.598858,0.070451565,1,2014,12
-133.2909,32.169876,19.54181,0.07655411,1,2014,12
-133.35081,32.172634,19.54621,0.076226115,1,2014,12
-133.75354,32.185925,19.58112,0.078605354,1,2014,12
-133.33069,32.19068,19.536753,0.07656407,1,2014,12
-133.83273,32.195057,19.586205,0.07746797,1,2014,12
-133.92212,32.200817,19.61781,0.08892762,1,2014,12
-133.28392,32.21065,19.529688,0.07804204,1,2014,12
-134.0092,32.224834,19.639393,0.073742,1,2014,12
-134.0872,32.239063,19.640736,0.080575675,1,2014,12
-133.33008,32.271767,19.519127,0.08485945,1,2014,12
-134.17899,32.303658,19.572098,0.08732414,1,2014,12
-134.26166,32.324646,19.611916,0.08878421,1,2014,12
-133.37527,32.33631,19.482374,0.07623573,1,2014,12
-134.34598,32.35251,19.636026,0.076924324,1,2014,12
-134.44476,32.370926,19.655958,0.074104294,1,2014,12
-134.53986,32.387356,19.662329,0.08447804,1,2014,12
-133.43297,32.398617,19.446194,0.074281625,1,2014,12
-134.6363,32.42314,19.607616,0.08433485,1,2014,12
-134.7508,32.443287,19.537884,0.08228046,1,2014,12
-133.49074,32.445515,19.387901,0.07581463,1,2014,12
-134.86171,32.46159,19.51193,0.08083142,1,2014,12
-134.97098,32.478542,19.458673,0.08571191,1,2014,12
-133.54886,32.500217,19.415205,0.07995362,1,2014,12
-135.05382,32.554432,19.42862,0.070396334,1,2014,12
-133.60095,32.563667,19.42311,0.069469646,1,2014,12
-135.14423,32.59642,19.373682,0.077919655,1,2014,12
-133.6515,32.614567,19.403212,0.06344056,1,2014,12
-135.2502,32.64021,19.319424,0.07463541,1,2014,12
-135.36371,32.64983,19.27978,0.08249622,1,2014,12
-133.71121,32.66094,19.379045,0.098155275,1,2014,12
-135.46259,32.66606,19.24256,0.07670841,1,2014,12
-135.5499,32.68964,19.235348,0.07483201,1,2014,12
-135.64742,32.695488,19.120447,0.08221563,1,2014,12
-135.7437,32.71588,19.043592,0.0825825,1,2014,12
-133.76718,32.726074,19.361671,0.08392512,1,2014,12
-133.7825,32.765423,19.345074,0.08410318,1,2014,12
-135.79665,32.78637,18.930162,0.07970371,1,2014,12
-133.82414,32.812553,19.335863,0.086331286,1,2014,12
-135.88913,32.822273,18.856543,0.08112314,1,2014,12
-135.98753,32.827927,18.768812,0.083296545,1,2014,12
-136.08176,32.83542,18.710258,0.086570494,1,2014,12
-136.18257,32.85895,18.601517,0.082448535,1,2014,12
-133.86679,32.88612,19.346628,0.08042175,1,2014,12
-133.91528,32.95459,19.297194,0.087988585,1,2014,12
-133.97125,33.024883,19.207277,0.0851783,1,2014,12
-134.01411,33.0898,19.180296,0.07710297,1,2014,12
-136.34851,33.15299,18.48407,0.089583114,1,2014,12
-134.06046,33.16798,19.173779,0.07819167,1,2014,12
-136.36888,33.195236,18.475136,0.08838664,1,2014,12
-134.10786,33.240154,19.112606,0.0826168,1,2014,12
-136.40335,33.27401,18.47033,0.081826955,1,2014,12
-136.39278,33.304417,18.469595,0.09288558,1,2014,12
-134.16006,33.304943,19.03894,0.08365527,1,2014,12
-136.42964,33.32514,18.46767,0.107276805,1,2014,12
-136.43217,33.34842,18.47394,0.08351961,1,2014,12
-134.20744,33.368034,19.00608,0.07481795,1,2014,12
-136.47694,33.39072,18.49282,0.08778427,1,2014,12
-134.23465,33.40622,18.974403,0.086349,1,2014,12
-136.53764,33.46192,18.496742,0.07164027,1,2014,12
-134.27684,33.475643,18.954184,0.07927001,1,2014,12
-136.57451,33.52423,18.458641,0.07820254,1,2014,12
-134.3167,33.548717,18.967623,0.10742949,1,2014,12
-136.61243,33.599308,18.315071,0.08867301,1,2014,12
-134.37033,33.61527,18.940681,0.09210132,1,2014,12
-136.63492,33.668392,18.198294,0.09430935,1,2014,12
-134.42769,33.691463,18.936245,0.08618584,1,2014,12
-136.6718,33.728733,18.15671,0.07734895,1,2014,12
-134.49326,33.75519,18.93869,0.087745145,1,2014,12
-136.68626,33.7936,18.09294,0.08635454,1,2014,12
-136.7156,33.81998,18.142168,0.08436039,1,2014,12
-134.54492,33.842293,18.90406,0.07576403,1,2014,12
-136.7333,33.890144,18.098696,0.09556035,1,2014,12
-134.59285,33.935036,18.845285,0.09256621,1,2014,12
-136.75336,33.956226,18.009014,0.067197815,1,2014,12
-136.76738,33.983284,18.003918,0.092646584,1,2014,12
-134.65051,34.006824,18.784737,0.079707146,1,2014,12
-136.79071,34.04993,17.9754,0.08880219,1,2014,12
-134.69315,34.105488,18.720154,0.09366049,1,2014,12
-136.81108,34.112686,17.968794,0.086546354,1,2014,12
-136.8361,34.15826,17.961193,0.09382315,1,2014,12
-134.72185,34.190975,18.663477,0.10880444,1,2014,12
-136.8557,34.223087,17.988058,0.09951027,1,2014,12
-134.7453,34.23165,18.635345,0.11435737,1,2014,12
-136.87587,34.2921,17.945452,0.09033532,1,2014,12
-134.79437,34.29902,18.57601,0.098359615,1,2014,12
-136.8864,34.317627,17.924717,0.09957797,1,2014,12
-136.90483,34.369328,17.916658,0.08730286,1,2014,12
-134.82365,34.39058,18.554457,0.092459746,1,2014,12
-136.92514,34.42214,17.948986,0.089363284,1,2014,12
-134.8521,34.472614,18.545551,0.09279318,1,2014,12
-136.95029,34.486996,17.963572,0.08282142,1,2014,12
-134.90683,34.528053,18.542795,0.09154899,1,2014,12
-136.97406,34.542683,17.958372,0.09320531,1,2014,12
-134.94191,34.611725,18.545507,0.095993325,1,2014,12
-137.01363,34.618397,18.02853,0.09196998,1,2014,12
-135.0098,34.6688,18.506678,0.09208373,1,2014,12
-137.06944,34.67896,18.079414,0.07987634,1,2014,12
-135.05862,34.74286,18.46372,0.09509234,1,2014,12
-137.12169,34.75964,18.138638,0.10296366,1,2014,12
-135.11548,34.82614,18.42967,0.09593827,1,2014,12
-137.17581,34.84025,18.203959,0.097009495,1,2014,12
-135.17308,34.898487,18.371964,0.091222,1,2014,12
-137.24588,34.914722,18.232746,0.098788746,1,2014,12
-137.30275,34.99184,18.223358,0.08625331,1,2014,12
-135.21008,34.99775,18.285612,0.08042746,1,2014,12
-137.37277,35.049152,18.206377,0.1005027,1,2014,12
-135.25714,35.07533,18.236229,0.103399456,1,2014,12
-137.42888,35.132015,18.211605,0.07436689,1,2014,12
-135.3048,35.16762,18.12441,0.09748384,1,2014,12
-137.48059,35.21662,18.106321,0.12664977,1,2014,12
-135.34587,35.229538,17.93451,0.09704525,1,2014,12
-137.55725,35.28412,18.086466,0.103644945,1,2014,12
-135.39865,35.312386,17.739048,0.10343695,1,2014,12
-137.62874,35.31497,18.105343,0.10157185,1,2014,12
-137.7256,35.32939,18.103174,0.09281343,1,2014,12
-137.7483,35.34782,18.110365,0.092905544,1,2014,12
-137.73506,35.365875,18.07469,0.09643363,1,2014,12
-135.43634,35.367233,17.5853,0.09946762,1,2014,12
-137.73727,35.40072,18.05201,0.10525511,1,2014,12
-137.80896,35.42209,18.05819,0.1005382,1,2014,12
-135.4806,35.45786,17.459652,0.10048002,1,2014,12
-137.88533,35.46882,18.031418,0.09719955,1,2014,12
-137.93124,35.548344,17.8565,0.09932926,1,2014,12
-135.5178,35.54913,17.351494,0.1010249,1,2014,12
-137.90793,35.57205,17.813433,0.07949156,1,2014,12
-137.93428,35.586662,17.763496,0.100109935,1,2014,12
-137.92676,35.596375,17.682125,0.09374695,1,2014,12
-135.57579,35.632866,17.268412,0.097871736,1,2014,12
-137.96547,35.640068,17.573837,0.10040381,1,2014,12
-135.60309,35.703705,17.258476,0.08856445,1,2014,12
-138.0099,35.70533,17.4086,0.100723065,1,2014,12
-138.08594,35.715088,17.32805,0.108472735,1,2014,12
-138.09639,35.74177,17.261309,0.10926557,1,2014,12
-135.68198,35.75158,17.231583,0.107628986,1,2014,12
-135.75755,35.79117,17.19636,0.1081958,1,2014,12
-138.12318,35.81096,17.132736,0.114374936,1,2014,12
-135.82658,35.851814,17.152079,0.10336477,1,2014,12
-138.1855,35.87736,16.921152,0.10561803,1,2014,12
-135.91904,35.89689,17.111065,0.10703305,1,2014,12
-136.02312,35.92613,17.063734,0.10975386,1,2014,12
-136.1365,35.943714,17.0851,0.101824544,1,2014,12
-138.24548,35.94502,16.721571,0.107335076,1,2014,12
-136.21967,35.96494,17.086937,0.10471119,1,2014,12
-136.33371,35.968315,17.072351,0.08484911,1,2014,12
-136.44464,35.98955,17.150675,0.108719766,1,2014,12
-136.52467,35.999153,17.185192,0.114388965,1,2014,12
-138.3049,36.00922,16.597729,0.117339715,1,2014,12
-136.63112,36.019234,17.147682,0.113004684,1,2014,12
-136.70923,36.068893,17.125748,0.10559873,1,2014,12
-138.36101,36.07352,16.5308,0.111840576,1,2014,12
-136.76761,36.120365,17.03458,0.10951754,1,2014,12
-136.88101,36.12876,17.054781,0.10540805,1,2014,12
-138.42184,36.12965,16.44618,0.11431004,1,2014,12
-136.98735,36.134384,17.086487,0.11886236,1,2014,12
-137.05026,36.18529,17.076555,0.10798024,1,2014,12
-138.48201,36.19707,16.401007,0.11236767,1,2014,12
-138.54756,36.251766,16.414314,0.12970652,1,2014,12
-137.06116,36.27849,16.916758,0.10416226,1,2014,12
-138.59601,36.309647,16.390295,0.12864365,1,2014,12
-138.63464,36.34868,16.359072,0.1196256,1,2014,12
-137.08194,36.370632,16.833515,0.10775404,1,2014,12
-138.71706,36.382034,16.33513,0.12869863,1,2014,12
-138.78279,36.4486,16.292164,0.14931434,1,2014,12
-138.85815,36.50309,16.23815,0.16168986,1,2014,12
-137.08725,36.52157,16.79167,0.11992708,1,2014,12
-138.93109,36.564598,16.193222,0.15582505,1,2014,12
-139.02675,36.608,16.239937,0.14408405,1,2014,12
-137.09256,36.610424,16.817904,0.10019117,1,2014,12
-139.11197,36.648933,16.286135,0.13277079,1,2014,12
-137.08354,36.663136,16.834875,0.10461625,1,2014,12
-139.19267,36.6924,16.31931,0.14630532,1,2014,12
-137.10382,36.7334,16.824688,0.10055168,1,2014,12
-139.26562,36.75973,16.297348,0.13706581,1,2014,12
-137.09175,36.8095,16.858921,0.10606167,1,2014,12
-139.33539,36.816303,16.2964,0.1371013,1,2014,12
-137.07378,36.83749,16.855618,0.10745064,1,2014,12
-137.06924,36.875187,16.852793,0.09761354,1,2014,12
-139.41737,36.87546,16.273,0.15145643,1,2014,12
-139.5241,36.89523,16.302664,0.16522674,1,2014,12
-137.09534,36.9004,16.834143,0.09846311,1,2014,12
-137.10011,36.908314,16.828014,0.10069876,1,2014,12
-139.56537,36.923016,16.287191,0.13606055,1,2014,12
-139.61638,36.95839,16.2843,0.13594775,1,2014,12
-137.12712,36.96549,16.80649,0.10629313,1,2014,12
-139.65947,37.003304,16.260464,0.15399109,1,2014,12
-137.12453,37.037296,16.748837,0.10148266,1,2014,12
-139.75598,37.074043,16.207767,0.15802264,1,2014,12
-137.11943,37.109955,16.698069,0.10451214,1,2014,12
-139.78647,37.11877,16.184843,0.14032473,1,2014,12
-139.81543,37.17734,16.125856,0.13888724,1,2014,12
-137.1102,37.184574,16.680208,0.11344889,1,2014,12
-139.86075,37.237213,16.111084,0.15921089,1,2014,12
-137.1059,37.253662,16.654135,0.097586334,1,2014,12
-139.86757,37.253696,16.080624,0.15566613,1,2014,12
-139.91032,37.30718,16.046303,0.17764343,1,2014,12
-137.0947,37.324806,16.630968,0.11855438,1,2014,12
-139.96013,37.349976,16.028505,0.13656653,1,2014,12
-137.08739,37.38229,16.593061,0.13119976,1,2014,12
-140.01485,37.41455,15.98033,0.14255509,1,2014,12
-137.08128,37.453827,16.52706,0.12260896,1,2014,12
-140.06242,37.464367,15.955608,0.15037176,1,2014,12
-137.07413,37.504833,16.515661,0.1293446,1,2014,12
-140.09569,37.525017,15.954102,0.13718681,1,2014,12
-140.14215,37.589214,15.947189,0.14588203,1,2014,12
-137.07492,37.604195,16.482004,0.10850197,1,2014,12
-140.2058,37.654743,15.958907,0.13532321,1,2014,12
-137.06955,37.676018,16.43879,0.122026354,1,2014,12
-137.06535,37.761757,16.423834,0.11674275,1,2014,12
-140.29955,37.820656,15.900598,0.15494375,1,2014,12
-137.0763,37.86461,16.446629,0.13387983,1,2014,12
-137.09808,37.962772,16.477867,0.10371508,1,2014,12
-140.36621,37.993805,15.860733,0.14463776,1,2014,12
-137.12025,38.063736,16.43456,0.14123246,1,2014,12
-140.46051,38.107132,15.829225,0.10848799,1,2014,12
-140.51755,38.16487,15.81632,0.1179161,1,2014,12
-137.15387,38.179264,16.446527,0.12275882,1,2014,12
-140.5612,38.219128,15.803926,0.17471173,1,2014,12
-137.16747,38.248653,16.47455,0.118818246,1,2014,12
-140.60431,38.291832,15.817463,0.16202381,1,2014,12
-137.19733,38.333183,16.493734,0.124200195,1,2014,12
-140.6593,38.357956,15.81311,0.16267756,1,2014,12
-137.21153,38.4232,16.478605,0.15294246,1,2014,12
-140.70277,38.43339,15.849145,0.16894904,1,2014,12
-140.76591,38.49466,15.847463,0.13019629,1,2014,12
-137.23576,38.52849,16.383839,0.14204706,1,2014,12
-140.92108,38.573288,15.835377,0.14413172,1,2014,12
-141.01671,38.57644,15.886134,0.1527151,1,2014,12
-137.27931,38.612617,16.332415,0.1261493,1,2014,12
-141.15933,38.634747,15.945307,0.13186038,1,2014,12
-141.35179,38.664158,15.968832,0.11451125,1,2014,12
-137.30945,38.711937,16.341393,0.112740375,1,2014,12
-141.51443,38.72215,15.914753,0.16112746,1,2014,12
-141.58286,38.746517,15.807912,0.1417072,1,2014,12
-141.6244,38.758293,15.768261,0.16559827,1,2014,12
-141.69553,38.78817,15.6530075,0.1417394,1,2014,12
-137.32973,38.80436,16.336943,0.14616387,1,2014,12
-141.74832,38.841488,15.550342,0.16120967,1,2014,12
-141.8353,38.86259,15.412927,0.16933589,1,2014,12
-137.36098,38.89543,16.379513,0.14140566,1,2014,12
-141.905,38.895573,15.32074,0.20689286,1,2014,12
-141.99944,38.902824,15.252875,0.18074858,1,2014,12
-142.06323,38.924896,15.159958,0.16703652,1,2014,12
-142.12856,38.95452,14.998799,0.18621048,1,2014,12
-137.3975,38.983356,16.33232,0.1327356,1,2014,12
-142.18668,39.006065,14.806152,0.19751634,1,2014,12
-142.25731,39.050053,14.591154,0.22303078,1,2014,12
-137.43703,39.078262,16.257538,0.15631871,1,2014,12
-142.30963,39.11257,14.3593445,0.37006047,1,2014,12
-137.49686,39.27599,16.119507,0.15330105,1,2014,12
-142.52547,39.288754,13.856522,0.23376547,1,2014,12
-142.58588,39.34423,13.760471,0.21555673,1,2014,12
-137.52667,39.38322,16.05247,0.1330394,1,2014,12
-142.64154,39.401653,13.717772,0.25214064,1,2014,12
-142.68762,39.466194,13.691584,0.24312814,1,2014,12
-142.73924,39.531296,13.753236,0.27553284,1,2014,12
-142.77942,39.601788,13.825602,0.24333665,1,2014,12
-142.82457,39.6646,13.838823,0.3361371,1,2014,12
-142.86862,39.71964,13.788979,0.27895445,1,2014,12
-142.87564,39.732567,13.756202,0.2822431,1,2014,12
-142.88042,39.753853,13.754603,0.2854756,1,2014,12
-137.71304,39.7773,15.830132,0.14209378,1,2014,12
-142.93832,39.799164,13.757043,0.25821745,1,2014,12
-137.78755,39.860966,15.678289,0.21724704,1,2014,12
-142.98352,39.86271,13.718849,0.27118137,1,2014,12
-143.04425,39.88339,13.662694,0.27678147,1,2014,12
-143.10625,39.927925,13.5571785,0.27091083,1,2014,12
-143.14786,39.95696,13.522344,0.28099164,1,2014,12
-137.84003,39.957336,15.536182,0.26055163,1,2014,12
-143.15648,40.039722,13.492812,0.16829929,1,2014,12
-137.89015,40.062103,15.369345,0.32376456,1,2014,12
-143.17572,40.122658,13.42842,0.23156022,1,2014,12
-143.27394,40.140884,13.430498,0.28964218,1,2014,12
-137.95795,40.155277,15.279308,0.20502593,1,2014,12
-143.29198,40.196075,13.434483,0.27094486,1,2014,12
-138.00923,40.216877,15.284647,0.20013843,1,2014,12
-143.37149,40.236526,13.407428,0.25831243,1,2014,12
-143.4321,40.28722,13.358336,0.29411268,1,2014,12
-138.06305,40.30324,15.216295,0.19235967,1,2014,12
-143.52745,40.310993,13.282157,0.28155676,1,2014,12
-143.55179,40.386147,13.233142,0.3433322,1,2014,12
-143.55608,40.391182,13.207385,0.32823193,1,2014,12
-138.11102,40.392853,15.024266,0.20815492,1,2014,12
-143.61943,40.476814,13.120026,0.2743652,1,2014,12
-138.14072,40.48313,14.945869,0.18839955,1,2014,12
-143.64967,40.547802,13.059891,0.26037616,1,2014,12
-138.16414,40.561913,14.849398,3.2711213,1,2014,12
-143.70628,40.605045,13.034927,0.27367237,1,2014,12
-138.15034,40.645103,14.712832,0.3207226,1,2014,12
-138.14311,40.671963,14.663338,0.25564283,1,2014,12
-143.72289,40.673122,12.975024,0.27353847,1,2014,12
-138.12245,40.742336,14.603072,0.20581338,1,2014,12
-143.75342,40.74659,12.869071,0.26714826,1,2014,12
-138.14424,40.770763,14.5507555,0.20491827,1,2014,12
-143.7737,40.81787,12.802752,0.27258682,1,2014,12
-138.17303,40.862103,14.501105,0.19354503,1,2014,12
-143.79071,40.892357,12.748736,0.2649514,1,2014,12
-138.22697,40.92686,14.488553,0.20531978,1,2014,12
-143.7909,40.987587,12.642398,0.29582417,1,2014,12
-138.2697,41.018047,14.454349,0.24417202,1,2014,12
-143.84319,41.03355,12.623276,0.3195331,1,2014,12
-143.8659,41.093628,12.591462,0.29196543,1,2014,12
-138.2733,41.103737,14.349506,0.20279373,1,2014,12
-143.91513,41.140244,12.563826,0.29796603,1,2014,12
-144.01761,41.165016,12.628156,0.29981685,1,2014,12
-138.31964,41.199047,14.307449,0.18514726,1,2014,12
-144.0145,41.231316,12.575407,0.32249358,1,2014,12
-152.52983,41.250034,11.251371,0.33823875,1,2014,12
-152.45944,41.263817,11.238006,0.29312044,1,2014,12
-152.57152,41.26441,11.249561,0.30773655,1,2014,12
-152.59207,41.273415,11.247223,0.31408247,1,2014,12
-152.65956,41.275597,11.245697,0.34118214,1,2014,12
-138.31435,41.2806,14.295607,0.17910159,1,2014,12
-152.30487,41.285122,11.19631,0.3533282,1,2014,12
-152.3571,41.286797,11.22213,0.35342422,1,2014,12
-152.62833,41.289364,11.223979,0.30534387,1,2014,12
-152.58249,41.29337,11.2284,0.358336,1,2014,12
-152.59729,41.30126,11.22506,0.30760163,1,2014,12
-152.38898,41.303764,11.190496,0.35180503,1,2014,12
-152.46487,41.30601,11.208456,0.3291213,1,2014,12
-152.4084,41.311756,11.197453,0.32768667,1,2014,12
-152.54047,41.313934,11.231009,0.32975838,1,2014,12
-143.99811,41.321342,12.54611,0.34590787,1,2014,12
-152.3444,41.327187,11.121487,0.34815377,1,2014,12
-138.35616,41.36452,14.292383,0.18484186,1,2014,12
-152.27533,41.36876,11.077669,0.31414366,1,2014,12
-143.97675,41.39458,12.513399,0.3000567,1,2014,12
-152.20268,41.40629,11.024658,0.34119636,1,2014,12
-152.13243,41.44068,11.002519,0.365105,1,2014,12
-138.41827,41.44695,14.2290745,0.21211936,1,2014,12
-152.06532,41.45302,11.0118265,0.37547287,1,2014,12
-152.00194,41.472202,11.043947,0.37069425,1,2014,12
-143.94986,41.477734,12.503319,0.3231856,1,2014,12
-151.93996,41.51634,10.987355,0.3768486,1,2014,12
-151.89455,41.525837,10.984611,0.4088739,1,2014,12
-138.48445,41.527542,14.123187,0.19673878,1,2014,12
-143.97006,41.540867,12.499844,0.38427153,1,2014,12
-151.82062,41.574062,10.935279,0.38096765,1,2014,12
-151.75829,41.578728,10.905656,0.3794768,1,2014,12
-143.97223,41.586094,12.485427,0.28594014,1,2014,12
-138.52588,41.60296,14.083867,0.18362647,1,2014,12
-151.68942,41.610764,10.865206,0.36707535,1,2014,12
-151.63249,41.625767,10.797399,0.4019012,1,2014,12
-151.58617,41.648922,10.790362,0.38277704,1,2014,12
-143.9658,41.67049,12.43566,0.35948387,1,2014,12
-151.52394,41.68159,10.755909,0.40431392,1,2014,12
-151.46321,41.703938,10.7468195,0.38474944,1,2014,12
-138.5622,41.70933,13.968565,0.19050826,1,2014,12
-151.41084,41.734806,10.7703285,0.39749193,1,2014,12
-143.95154,41.760532,12.384227,0.3380559,1,2014,12
-151.35217,41.771477,10.746958,0.37193254,1,2014,12
-151.28693,41.771706,10.768293,0.37023738,1,2014,12
-138.65909,41.779076,13.995,0.18514758,1,2014,12
-151.22061,41.78164,10.793497,0.40485236,1,2014,12
-151.13927,41.78945,10.821201,0.35375693,1,2014,12
-151.05746,41.80336,10.831384,0.35436746,1,2014,12
-150.71353,41.81957,10.961937,0.35474965,1,2014,12
-150.83765,41.821136,10.953282,0.32576504,1,2014,12
-150.64394,41.82242,11.002872,0.26286393,1,2014,12
-151.001,41.82683,10.87411,0.34099737,1,2014,12
-150.87604,41.83308,10.946213,0.34031603,1,2014,12
-138.66856,41.833797,13.97863,0.30877367,1,2014,12
-150.52374,41.834347,11.143743,0.36151502,1,2014,12
-150.7865,41.836063,10.963537,0.30562866,1,2014,12
-143.95702,41.843987,12.369077,0.3544272,1,2014,12
-150.56143,41.844566,11.115508,0.32397956,1,2014,12
-150.51773,41.852543,11.095409,0.34676692,1,2014,12
-138.64636,41.85443,13.961223,0.26073185,1,2014,12
-150.44724,41.85841,11.154951,0.28379092,1,2014,12
-150.94754,41.8603,10.87044,0.34198785,1,2014,12
-150.48283,41.86912,11.127857,0.31689283,1,2014,12
-144.0338,41.880447,12.382511,0.3768391,1,2014,12
-150.38069,41.88214,11.172223,0.2945257,1,2014,12
-150.38359,41.887814,11.132275,0.33782485,1,2014,12
-150.87866,41.88819,10.895726,0.30480185,1,2014,12
-150.41565,41.926025,11.081629,0.30575198,1,2014,12
-138.66235,41.934357,13.901197,0.22696772,1,2014,12
-144.08461,41.944805,12.311293,0.30735064,1,2014,12
-150.3452,41.950466,11.129518,0.33451214,1,2014,12
-138.8022,41.970486,13.94885,0.35101882,1,2014,12
-150.2742,41.973698,11.120929,0.26503664,1,2014,12
-138.75279,41.982098,13.937428,0.19315563,1,2014,12
-144.27084,41.985317,12.255372,0.33544546,1,2014,12
-144.26125,41.988586,12.259522,0.3010954,1,2014,12
-144.15544,41.989754,12.2937155,0.22261462,1,2014,12
-144.14865,41.99233,12.292825,0.29564375,1,2014,12
-150.23055,41.992535,11.127382,0.27232748,1,2014,12
-150.15654,42.008053,11.161319,0.37187174,1,2014,12
-150.06984,42.027924,11.237965,0.35168463,1,2014,12
-149.98505,42.056374,11.248792,0.35789788,1,2014,12
-138.77,42.060253,13.867908,0.20223504,1,2014,12
-144.28171,42.065296,12.183174,0.3517551,1,2014,12
-149.89142,42.075462,11.258263,0.36230388,1,2014,12
-149.81384,42.0968,11.310473,0.31854564,1,2014,12
-149.72766,42.126038,11.372901,0.28014815,1,2014,12
-138.73866,42.139637,13.786151,0.23106965,1,2014,12
-144.30655,42.151485,12.103398,0.31597427,1,2014,12
-149.63597,42.155357,11.379099,0.7260529,1,2014,12
-149.52464,42.18131,11.398845,0.2426739,1,2014,12
-149.40744,42.1991,11.44324,0.27155483,1,2014,12
-138.70924,42.209652,13.676712,0.24671198,1,2014,12
-144.36035,42.221573,12.091412,0.31642365,1,2014,12
-149.3234,42.22772,11.416415,0.29128277,1,2014,12
-149.21632,42.24492,11.399617,0.27018353,1,2014,12
-149.09929,42.254948,11.367082,0.3126365,1,2014,12
-138.69333,42.258453,13.608022,0.26930898,1,2014,12
-149.03273,42.26343,11.330985,0.34363046,1,2014,12
-138.70192,42.290974,13.54733,0.32447213,1,2014,12
-148.95335,42.293293,11.309132,0.3115871,1,2014,12
-144.42078,42.298386,12.083187,0.38273266,1,2014,12
-138.70949,42.30101,13.5054865,0.20246193,1,2014,12
-138.71318,42.303062,13.519177,0.22822371,1,2014,12
-148.86775,42.303123,11.206792,0.29529488,1,2014,12
-148.76271,42.30557,11.203835,0.3075368,1,2014,12
-148.53036,42.309578,11.275297,0.26116458,1,2014,12
-148.25604,42.31236,11.469193,0.3309366,1,2014,12
-148.65273,42.312496,11.208875,0.2763603,1,2014,12
-148.13927,42.316685,11.409602,0.32516128,1,2014,12
-148.012,42.317883,11.258384,0.26035973,1,2014,12
-148.35338,42.319633,11.403649,0.36524215,1,2014,12
-148.46442,42.323696,11.29735,0.29101038,1,2014,12
-147.87572,42.324425,11.186037,0.28745976,1,2014,12
-147.69069,42.32904,11.287453,0.32784265,1,2014,12
-147.7592,42.33235,11.229014,0.28710306,1,2014,12
-138.7042,42.34811,13.472104,0.27975518,1,2014,12
-147.58539,42.349113,11.373563,0.3301988,1,2014,12
-147.45662,42.365112,11.492228,0.26706687,1,2014,12
-147.32509,42.374073,11.631651,0.35946137,1,2014,12
-144.4643,42.37618,11.961739,0.2801819,1,2014,12
-147.19167,42.380333,11.662228,0.3421526,1,2014,12
-147.0775,42.383793,11.632259,0.3381446,1,2014,12
-146.9642,42.39044,11.5547285,0.30542654,1,2014,12
-146.6973,42.3934,11.563265,0.31281868,1,2014,12
-146.83241,42.39395,11.498437,0.37914878,1,2014,12
-146.55891,42.397102,11.663774,0.27719852,1,2014,12
-146.42682,42.408733,11.78523,0.31496626,1,2014,12
-144.54854,42.415363,11.91976,0.3288305,1,2014,12
-146.29779,42.4161,11.776246,0.33644518,1,2014,12
-138.66432,42.41772,13.395146,0.26332998,1,2014,12
-146.1945,42.435825,11.798319,0.29906753,1,2014,12
-145.9879,42.446575,11.826011,0.3734584,1,2014,12
-146.07887,42.4494,11.814633,0.33169597,1,2014,12
-145.94951,42.44988,11.86132,0.32983363,1,2014,12
-145.80794,42.45523,11.82609,0.36857122,1,2014,12
-145.67528,42.467957,11.833936,0.3481786,1,2014,12
-145.54765,42.481983,11.870651,0.31932977,1,2014,12
-138.64977,42.485096,13.359056,0.2612301,1,2014,12
-144.57495,42.49348,11.913654,0.32432935,1,2014,12
-145.42654,42.499577,11.878576,0.33347788,1,2014,12
-145.28746,42.51258,11.868082,0.34612006,1,2014,12
-145.16136,42.524334,11.885185,0.33061302,1,2014,12
-145.03316,42.53255,11.876161,0.3319023,1,2014,12
-144.92145,42.540947,11.879739,0.33417627,1,2014,12
-144.61348,42.552357,11.867715,0.3433041,1,2014,12
-144.79944,42.55357,11.918741,0.2928752,1,2014,12
-138.61392,42.556694,13.326724,0.26254338,1,2014,12
-144.72821,42.560177,11.904084,0.31050017,1,2014,12
-144.63524,42.576485,11.820812,0.30976894,1,2014,12
-138.59232,42.635296,13.323757,0.26530325,1,2014,12
-138.57326,42.712383,13.326101,0.26058963,1,2014,12
-138.53828,42.792862,13.230022,0.23045048,1,2014,12
-138.52084,42.831554,13.196036,0.2887101,1,2014,12
-138.49745,42.89192,13.173696,0.28495008,1,2014,12
-138.48137,42.967957,13.142052,0.26668683,1,2014,12
-138.46048,43.0409,13.116412,0.32441074,1,2014,12
-138.40483,43.195286,13.175135,0.450305,1,2014,12
-138.3858,43.25112,13.12643,0.3935132,1,2014,12
-138.34416,43.342022,13.075315,0.3270418,1,2014,12
-139.93457,43.401653,12.415798,0.2154634,1,2014,12
-140.05545,43.41433,12.392947,0.32974878,1,2014,12
-139.85147,43.41992,12.470597,0.36613315,1,2014,12
-140.1984,43.432236,12.420628,0.24992388,1,2014,12
-139.73885,43.43276,12.54268,0.25952235,1,2014,12
-139.51602,43.43282,12.689093,0.3039245,1,2014,12
-140.45834,43.4335,12.21793,0.3429118,1,2014,12
-140.59038,43.43523,12.060694,0.31785557,1,2014,12
-140.32524,43.440174,12.394145,0.33083865,1,2014,12
-139.57346,43.447296,12.674257,0.29738176,1,2014,12
-139.66727,43.45247,12.632272,0.2487227,1,2014,12
-139.37396,43.452953,12.800039,0.2284893,1,2014,12
-139.44058,43.455288,12.757997,0.31534383,1,2014,12
-139.27933,43.486183,12.811355,0.38044116,1,2014,12
-140.91354,43.486233,12.024397,0.2864796,1,2014,12
-139.23616,43.512386,12.840378,0.37280655,1,2014,12
-141.37303,43.54057,12.085937,0.34718785,1,2014,12
-141.49094,43.559082,12.144505,0.31839332,1,2014,12
-139.16095,43.561016,12.866329,0.38074198,1,2014,12
-139.09245,43.566597,12.8912945,0.40272185,1,2014,12
-138.28899,43.569134,13.026444,0.44591692,1,2014,12
-141.52982,43.56944,12.165229,0.29289997,1,2014,12
-141.62737,43.59355,12.132378,0.26616177,1,2014,12
-139.0392,43.598476,12.936843,0.41559914,1,2014,12
-141.73032,43.61259,12.111059,0.35175654,1,2014,12
-138.99603,43.621918,12.875787,0.39680442,1,2014,12
-138.24796,43.631374,12.968858,0.45138845,1,2014,12
-141.83603,43.631863,12.119354,0.2497908,1,2014,12
-138.95177,43.639534,12.866961,0.4243698,1,2014,12
-141.9686,43.64084,12.126591,0.18978772,1,2014,12
-138.92824,43.641575,12.866281,0.40965033,1,2014,12
-142.02728,43.64284,12.100225,0.3416711,1,2014,12
-141.92624,43.644257,12.128558,0.19733088,1,2014,12
-142.10684,43.647945,12.045015,0.3398292,1,2014,12
-138.50922,43.649612,12.939391,0.38072821,1,2014,12
-138.5358,43.661156,12.923993,0.42592072,1,2014,12
-142.21022,43.66149,11.922146,0.3861823,1,2014,12
-138.86461,43.67521,12.861679,0.3983978,1,2014,12
-138.20973,43.68574,12.927001,0.21457331,1,2014,12
-138.82307,43.69742,12.870211,0.38638374,1,2014,12
-138.82527,43.698193,12.861997,0.38665912,1,2014,12
-142.4769,43.702644,11.771329,0.36452633,1,2014,12
-138.50513,43.702972,12.884217,0.44028184,1,2014,12
-138.1697,43.706306,12.888856,0.29824108,1,2014,12
-138.47734,43.72225,12.894969,0.24428591,1,2014,12
-142.55876,43.723038,11.799243,0.30088603,1,2014,12
-142.63925,43.736393,11.761916,0.36664706,1,2014,12
-142.68503,43.74043,11.763869,0.3002555,1,2014,12
-138.76947,43.756145,12.844234,0.42411414,1,2014,12
-138.68019,43.764114,12.78933,0.14646752,1,2014,12
-138.60794,43.76896,12.768815,0.1888795,1,2014,12
-142.83562,43.769283,11.780837,0.34103003,1,2014,12
-138.40541,43.770813,12.801392,0.22974318,1,2014,12
-138.34642,43.778267,12.812226,0.24461392,1,2014,12
-138.47224,43.78014,12.74474,0.41321942,1,2014,12
-142.9136,43.78126,11.723633,0.3044736,1,2014,12
-144.37119,43.786964,11.494353,0.25984016,1,2014,12
-144.37608,43.787426,11.474736,0.31147042,1,2014,12
-144.45404,43.792496,11.469117,0.28096282,1,2014,12
-138.2826,43.7952,12.804096,0.24074109,1,2014,12
-144.59602,43.795704,11.43308,0.3157072,1,2014,12
-144.54749,43.79639,11.451245,0.38591546,1,2014,12
-138.23462,43.800194,12.741749,0.482652,1,2014,12
-142.99731,43.80023,11.693039,0.30549002,1,2014,12
-138.52386,43.801083,12.674723,0.32066968,1,2014,12
-144.31017,43.801086,11.522154,0.23711343,1,2014,12
-144.24982,43.81042,11.585229,0.2420895,1,2014,12
-144.63841,43.814556,11.408354,0.376712,1,2014,12
-143.07222,43.815907,11.648612,0.19971018,1,2014,12
-144.16902,43.822308,11.6254425,0.25863948,1,2014,12
-144.00749,43.824265,11.649195,0.2874708,1,2014,12
-144.09372,43.825268,11.648603,0.28773117,1,2014,12
-143.92505,43.82626,11.6216135,0.28906637,1,2014,12
-143.83916,43.827618,11.597938,0.27600423,1,2014,12
-143.67975,43.831352,11.613692,0.21924779,1,2014,12
-143.13211,43.831505,11.627735,0.22726446,1,2014,12
-143.76266,43.835247,11.598722,0.23987673,1,2014,12
-143.7015,43.838917,11.565584,0.21723238,1,2014,12
-143.21844,43.843983,11.569884,0.2700507,1,2014,12
-143.68808,43.847763,11.570465,0.22250068,1,2014,12
-143.3029,43.86084,11.577125,0.24012889,1,2014,12
-143.70529,43.875553,11.511002,0.22952195,1,2014,12
-143.5332,43.878727,11.5485735,0.21303134,1,2014,12
-143.46172,43.88087,11.542568,0.2924346,1,2014,12
-143.69228,43.90167,11.519147,0.17722633,1,2014,12
-144.67192,43.912083,11.3845625,0.42203116,1,2014,12
-144.6845,43.95884,11.387101,0.35305548,1,2014,12
-144.7397,43.994473,11.379947,0.32744247,1,2014,12
-144.80164,44.053013,11.378311,0.33640096,1,2014,12
-145.14552,44.060455,11.281858,0.3406935,1,2014,12
-145.09146,44.060936,11.295348,0.33149275,1,2014,12
-145.1545,44.063633,11.270945,0.3444123,1,2014,12
-144.93102,44.0664,11.348722,0.29559863,1,2014,12
-144.87613,44.068935,11.356224,0.29093453,1,2014,12
-144.98544,44.08153,11.328352,0.36465615,1,2014,12
-145.02582,44.08331,11.317489,0.3547429,1,2014,12
-145.1875,44.08887,11.256799,0.4259305,1,2014,12
-145.16443,44.107746,11.238735,0.39500594,1,2014,12
-145.24748,44.123196,11.203781,0.33789858,1,2014,12
-145.2683,44.239395,11.147634,0.31734613,1,2014,12
-145.24525,44.30236,11.151133,0.2814075,1,2014,12
-145.2461,44.3633,11.159786,0.32942986,1,2014,12
-145.28383,44.396614,11.1486025,0.33668754,1,2014,12
-145.30391,44.430786,11.154696,0.2961338,1,2014,12
-146.12143,44.467773,10.8453245,0.39575854,1,2014,12
-145.32983,44.469505,11.143171,0.2561799,1,2014,12
-146.05333,44.47908,10.86542,0.36823973,1,2014,12
-145.98643,44.51125,10.886546,0.3761477,1,2014,12
-145.33704,44.51254,11.108269,0.3379639,1,2014,12
-146.08182,44.536743,10.832914,0.31987375,1,2014,12
-145.94064,44.539658,10.891872,0.3546725,1,2014,12
-145.35458,44.580112,11.080084,0.36477676,1,2014,12
-145.65129,44.581528,10.919405,0.36665282,1,2014,12
-145.71971,44.58442,10.899013,0.4135517,1,2014,12
-146.06975,44.597664,10.810044,0.4494305,1,2014,12
-145.77217,44.6013,10.85569,0.4738861,1,2014,12
-145.5954,44.60305,10.95969,0.3279925,1,2014,12
-145.83626,44.615986,10.848698,0.43037963,1,2014,12
-145.7753,44.625927,10.839665,0.4396181,1,2014,12
-145.56596,44.627277,10.957102,0.32995185,1,2014,12
-145.38322,44.63088,11.069005,0.44162124,1,2014,12
-145.46815,44.639202,10.988414,0.32562852,1,2014,12
-145.40828,44.65054,11.03929,0.3186506,1,2014,12
-145.51337,44.65146,10.970307,0.38631514,1,2014,12
-145.43178,44.655495,11.013347,0.32642466,1,2014,12
-146.05186,44.66506,10.777638,0.28746954,1,2014,12
-145.99976,44.709263,10.758066,0.50243706,1,2014,12
-145.97241,44.715237,10.769065,0.5406379,1,2014,12
-145.92049,44.73925,10.76083,0.3933015,1,2014,12
-145.89378,44.75855,10.773517,0.38293028,1,2014,12
-145.83253,44.776867,10.791225,0.2541157,1,2014,12
-145.76381,44.79335,10.804868,0.73808503,1,2014,12
-145.71835,44.80634,10.831955,0.38582918,1,2014,12
-145.62582,44.80685,10.868152,0.21861267,1,2014,12
-145.58232,44.81618,10.883641,0.2609334,1,2014,12
-145.67044,44.816586,10.837576,0.3818026,1,2014,12
-145.53867,44.81715,10.911099,0.317668,1,2014,12
-145.47502,44.83076,10.951293,0.36933085,1,2014,12
-145.41544,44.83861,10.974336,0.24641673,1,2014,12
-145.37148,44.847168,10.975196,0.38769937,1,2014,12
-145.33302,44.851223,10.945708,0.31501356,1,2014,12
-144.99068,44.85758,11.046218,0.29057705,1,2014,12
-145.27977,44.860462,10.94329,0.29063767,1,2014,12
-145.01505,44.865604,11.041948,0.340748,1,2014,12
-145.2194,44.877907,10.94147,0.2396433,1,2014,12
-145.19374,44.883286,10.952123,0.33680257,1,2014,12
-145.18408,44.888016,10.914472,0.32372648,1,2014,12
-144.97684,44.88821,10.994475,0.29304686,1,2014,12
-144.91463,44.888264,11.001734,0.34327164,1,2014,12
-144.87927,44.89483,10.998026,0.31636408,1,2014,12
-144.8418,44.904213,10.976587,0.32949904,1,2014,12
-145.09407,44.9093,10.959973,0.27155995,1,2014,12
-145.13518,44.9135,10.934844,0.2677395,1,2014,12
-145.04245,44.925476,10.934124,0.36284786,1,2014,12
-144.80481,44.927227,10.91116,0.36609328,1,2014,12
-144.87437,44.933056,10.954891,0.32768202,1,2014,12
-145.05022,44.933952,10.922825,0.31817332,1,2014,12
-144.8325,44.93942,10.934836,0.3419654,1,2014,12
-145.15689,44.94329,10.89056,0.2738359,1,2014,12
-144.75891,44.95112,10.885246,0.36587948,1,2014,12
-144.97528,44.9635,10.88061,0.32711998,1,2014,12
-145.04745,44.96511,10.874514,0.39921132,1,2014,12
-144.88696,44.974457,10.885521,0.39856488,1,2014,12
-144.83356,44.9763,10.869698,0.4093273,1,2014,12
-144.93193,44.979733,10.886148,0.3291324,1,2014,12
-144.68062,44.983772,10.811775,0.41258994,1,2014,12
-144.97455,44.993343,10.882813,0.32536462,1,2014,12
-144.62862,45.01828,10.768217,0.35731345,1,2014,12
-144.58208,45.04638,10.740521,0.4253185,1,2014,12
-144.7065,45.05638,10.709436,0.3656732,1,2014,12
-144.53128,45.05785,10.750864,0.44097686,1,2014,12
-144.63913,45.06078,10.718009,0.1967432,1,2014,12
-144.50891,45.06503,10.755389,0.46682748,1,2014,12
-144.60248,45.069897,10.728638,0.40464002,1,2014,12
-132.69375,26.98125,21.5077533721924,0.0704184025526047,0,2014,12
-127.89375,27.20625,21.1351318359375,0.0658196210861206,0,2014,12
-116.60625,27.43125,20.9757041931152,0.318262338638306,0,2014,12
-131.34375,30.50625,19.957649230957,0.0628356784582138,0,2014,12
-135.95625,26.30625,21.6979312896729,0.0766199678182602,0,2014,12
-120.80625,27.50625,20.5045642852783,0.100256539881229,0,2014,12
-115.78125,25.55625,21.9200477600098,0.143524676561356,0,2014,12
-115.66875,27.69375,21.373607635498,0.388824462890625,0,2014,12
-139.96875,27.99375,21.7613105773926,0.0841338559985161,0,2014,12
-135.95625,27.95625,21.3948516845703,0.0626276955008507,0,2014,12
-148.18125,45.35625,9.80462265014648,0.401241660118103,0,2014,12
-139.10625,28.55625,21.270580291748,0.0772318094968796,0,2014,12
-125.15625,43.81875,13.1176948547363,1.25309693813324,0,2014,12
-142.63125,29.00625,20.6819686889648,0.0910972654819489,0,2014,12
-129.28125,26.15625,21.4991722106934,0.058466624468565,0,2014,12
-159.24375,42.35625,10.1670198440552,0.427255272865295,0,2014,12
-159.43125,41.75625,10.5159225463867,0.340329229831696,0,2014,12
-129.28125,27.61875,21.19651222229,0.0589732900261879,0,2014,12
-121.59375,27.13125,21.1729373931885,0.0914883390069008,0,2014,12
-138.58125,27.43125,21.8932571411133,0.0729128643870354,0,2014,12
-126.69375,25.70625,21.3213996887207,0.0561288222670555,0,2014,12
-133.59375,26.19375,21.4328899383545,0.0682251080870628,0,2014,12
-122.23125,25.25625,21.4016056060791,0.0697451159358025,0,2014,12
-148.25625,44.26875,10.3589468002319,0.368867605924606,0,2014,12
-126.61875,27.91875,20.1313877105713,0.0623186565935612,0,2014,12
-143.08125,29.19375,20.3940448760986,0.0853039473295212,0,2014,12
-143.45625,28.51875,21.2536544799805,0.0966175943613052,0,2014,12
-120.31875,27.16875,20.5540103912354,0.131098434329033,0,2014,12
-138.31875,30.01875,20.3604869842529,0.0830743014812469,0,2014,12
-121.70625,35.71875,16.0531978607178,0.633645534515381,0,2014,12
-130.40625,27.13125,21.4329395294189,0.0681137591600418,0,2014,12
-128.15625,25.89375,21.4895439147949,0.0522934198379517,0,2014,12
-116.30625,28.14375,20.6165180206299,0.33087345957756,0,2014,12
-144.43125,45.31875,10.6037826538086,0.439644575119019,0,2014,12
-130.36875,27.80625,20.9493942260742,0.0598810538649559,0,2014,12
-123.58125,36.58125,15.881519317627,0.596236705780029,0,2014,12
-124.25625,39.76875,15.099684715271,0.611880898475647,0,2014,12
-153.73125,40.66875,11.6445169448853,0.526690900325775,0,2014,12
-128.64375,27.46875,21.1805953979492,0.0665915533900261,0,2014,12
-143.15625,30.46875,20.2915172576904,0.07700514793396,0,2014,12
-138.20625,28.81875,21.1699619293213,0.0683747380971909,0,2014,12
-158.08125,43.51875,9.76472854614258,0.310410618782043,0,2014,12
-136.40625,27.73125,21.2066650390625,0.0628958120942116,0,2014,12
-155.83125,44.98125,8.86848545074463,0.424699366092682,0,2014,12
-127.59375,27.76875,20.8539600372314,0.0615448094904423,0,2014,12
-128.41875,28.85625,20.5842418670654,0.0662393420934677,0,2014,12
-128.60625,30.28125,20.0683116912842,0.0611730255186558,0,2014,12
-118.10625,25.55625,21.5271797180176,0.096063032746315,0,2014,12
-116.45625,27.61875,21.0266265869141,0.345836371183395,0,2014,12
-117.09375,25.85625,21.2471408843994,0.149034202098846,0,2014,12
-129.13125,29.45625,20.3484134674072,0.0661365836858749,0,2014,12
-120.05625,27.69375,20.449535369873,0.149755835533142,0,2014,12
-152.60625,42.69375,10.4849309921265,0.373465210199356,0,2014,12
-127.40625,25.51875,21.2418785095215,0.0534595064818859,0,2014,12
-140.64375,29.00625,20.9448585510254,0.0753124579787254,0,2014,12
-134.86875,28.74375,21.0459365844727,0.0692247748374939,0,2014,12
-158.86875,42.13125,10.241678237915,0.417279362678528,0,2014,12
-149.04375,45.05625,9.7257137298584,0.333330631256104,0,2014,12
-138.76875,26.98125,22.2391757965088,0.0732436701655388,0,2014,12
-128.15625,26.04375,21.3830852508545,0.0542160756886005,0,2014,12
-140.15625,27.84375,21.7178649902344,0.0850367024540901,0,2014,12
-149.83125,45.43125,9.60789203643799,0.251826465129852,0,2014,12
-114.65625,26.98125,21.7715091705322,0.201511025428772,0,2014,12
-156.99375,43.63125,10.0297651290894,0.225073859095573,0,2014,12
-125.11875,42.46875,13.8094930648804,1.59809172153473,0,2014,12
-157.74375,43.10625,9.89005470275879,0.383251219987869,0,2014,12
-121.14375,26.90625,20.9916763305664,0.100118190050125,0,2014,12
-135.13125,27.46875,21.5108604431152,0.0741333663463593,0,2014,12
-150.24375,44.15625,9.77531051635742,0.347994059324265,0,2014,12
-114.46875,26.83125,21.8392295837402,0.18157696723938,0,2014,12
-125.53125,42.91875,13.3070802688599,0.682512104511261,0,2014,12
-143.08125,29.90625,20.330961227417,0.0813016220927238,0,2014,12
-158.79375,42.76875,9.83409786224365,0.454847484827042,0,2014,12
-125.56875,25.96875,21.762788772583,0.0675359219312668,0,2014,12
-130.29375,25.63125,21.725471496582,0.0559501573443413,0,2014,12
-141.43125,28.14375,21.6454792022705,0.0880479067564011,0,2014,12
-122.41875,26.45625,20.8958206176758,0.0735452175140381,0,2014,12
-124.85625,43.48125,13.6273765563965,0.557816803455353,0,2014,12
-131.26875,27.13125,21.4469776153564,0.0777430385351181,0,2014,12
-127.10625,44.08125,12.5033864974976,0.533812880516052,0,2014,12
-121.93125,36.43125,15.7760276794434,0.691459774971008,0,2014,12
-137.53125,26.26875,21.9718647003174,0.0728139951825142,0,2014,12
-138.58125,28.29375,21.330057144165,0.0712077915668488,0,2014,12
-136.85625,28.66875,20.890417098999,0.0794137194752693,0,2014,12
-116.64375,25.85625,21.3194026947021,0.178980857133865,0,2014,12
-128.68125,29.26875,20.2740631103516,0.058700080960989,0,2014,12
-124.74375,26.68125,20.8460330963135,0.0650345832109451,0,2014,12
-148.89375,44.23125,10.2528610229492,0.520907044410706,0,2014,12
-147.95625,43.81875,10.6245279312134,0.324695348739624,0,2014,12
-122.00625,26.83125,21.2454013824463,0.0856247842311859,0,2014,12
-151.85625,43.18125,10.1930656433105,0.354401916265488,0,2014,12
-134.60625,29.94375,20.3959102630615,0.0727381482720375,0,2014,12
-128.49375,28.96875,20.5789337158203,0.0690154656767845,0,2014,12
-124.14375,25.29375,21.4426860809326,0.0657235011458397,0,2014,12
-140.11875,29.34375,20.8900852203369,0.078714057803154,0,2014,12
-129.24375,29.68125,20.2699661254883,0.0656906813383102,0,2014,12
-127.10625,30.09375,19.9006824493408,0.0636407285928726,0,2014,12
-133.36875,27.50625,21.3684597015381,0.0764778107404709,0,2014,12
-142.03125,28.59375,21.0913715362549,0.0884845405817032,0,2014,12
-124.29375,28.51875,20.1486911773682,0.0562398321926594,0,2014,12
-139.10625,30.05625,20.3315334320068,0.0840805023908615,0,2014,12
-150.80625,44.45625,9.33816623687744,0.354044407606125,0,2014,12
-131.08125,26.53125,21.442045211792,0.0675388425588608,0,2014,12
-118.21875,26.56875,21.0825996398926,0.138041883707047,0,2014,12
-117.46875,25.44375,21.2661170959473,0.105784863233566,0,2014,12
-116.98125,26.68125,21.1332950592041,0.218355283141136,0,2014,12
-125.04375,27.31875,20.6720523834229,0.0652725324034691,0,2014,12
-139.59375,30.35625,20.3564968109131,0.0776399746537209,0,2014,12
-136.78125,28.29375,20.9396724700928,0.0667620524764061,0,2014,12
-156.84375,44.83125,8.6917085647583,0.412297666072845,0,2014,12
-117.24375,28.03125,20.9443321228027,0.264697790145874,0,2014,12
-140.19375,28.96875,20.9635772705078,0.0858428999781609,0,2014,12
-137.34375,27.05625,21.6021614074707,0.0687413290143013,0,2014,12
-123.88125,27.65625,20.4393272399902,0.068267896771431,0,2014,12
-127.44375,27.88125,20.6019496917725,0.0651688724756241,0,2014,12
-130.85625,29.15625,20.530876159668,0.0640573427081108,0,2014,12
-135.54375,26.98125,21.5376148223877,0.0712424516677856,0,2014,12
-130.06875,26.15625,21.5676174163818,0.055584155023098,0,2014,12
-126.43125,26.11875,21.2314777374268,0.0612323135137558,0,2014,12
-115.63125,27.43125,21.4375896453857,0.383127093315125,0,2014,12
-145.10625,29.75625,20.4873886108398,0.107496790587902,0,2014,12
-145.55625,39.01875,13.9598407745361,0.886228144168854,0,2014,12
-120.95625,26.11875,21.1157131195068,0.0975886434316635,0,2014,12
-134.71875,29.68125,20.4664077758789,0.0670565292239189,0,2014,12
-150.35625,44.34375,9.56130981445312,0.316728800535202,0,2014,12
-118.89375,27.39375,20.8469181060791,0.227826252579689,0,2014,12
-126.88125,41.49375,13.9502296447754,0.70110946893692,0,2014,12
-142.66875,29.90625,20.6787185668945,0.080750972032547,0,2014,12
-130.81875,29.68125,20.2813129425049,0.0679291561245918,0,2014,12
-122.56875,27.84375,20.3854598999023,0.0673457980155945,0,2014,12
-154.63125,42.91875,9.95837020874023,0.301660746335983,0,2014,12
-159.76875,41.94375,10.4513530731201,0.369670242071152,0,2014,12
-123.54375,36.84375,15.8241691589355,0.534362435340881,0,2014,12
-118.59375,27.35625,20.7684650421143,0.224252164363861,0,2014,12
-138.88125,29.79375,20.384220123291,0.0783239156007767,0,2014,12
-132.39375,26.64375,21.3729248046875,0.0745194181799889,0,2014,12
-147.13125,45.31875,10.3886137008667,0.366505056619644,0,2014,12
-137.11875,27.01875,21.6109485626221,0.067068375647068,0,2014,12
-143.19375,28.63125,20.8936042785645,0.0868335142731667,0,2014,12
-125.56875,26.23125,21.7470874786377,0.068133220076561,0,2014,12
-115.85625,29.86875,18.8268890380859,0.60318261384964,0,2014,12
-157.03125,42.76875,10.4515533447266,0.326316565275192,0,2014,12
-118.81875,27.69375,20.6180038452148,0.196952849626541,0,2014,12
-144.76875,45.31875,10.418776512146,0.339017629623413,0,2014,12
-154.51875,43.63125,9.48929595947266,0.39328521490097,0,2014,12
-131.94375,28.18125,21.0540771484375,0.071231871843338,0,2014,12
-156.50625,43.10625,10.3996953964233,0.461130559444427,0,2014,12
-136.36875,26.15625,21.7278480529785,0.0741146802902222,0,2014,12
-139.89375,27.69375,21.8550395965576,0.0803562104701996,0,2014,12
-155.23125,41.68125,10.6650428771973,0.3083536028862,0,2014,12
-122.75625,26.00625,20.9367580413818,0.0703517198562622,0,2014,12
-158.56875,42.46875,9.99423980712891,0.446878671646118,0,2014,12
-115.18125,27.58125,21.6346797943115,0.33160263299942,0,2014,12
-137.34375,30.39375,20.3465824127197,0.0813959836959839,0,2014,12
-149.30625,45.05625,9.69950771331787,0.263123273849487,0,2014,12
-124.89375,43.63125,13.6093950271606,1.4311671257019,0,2014,12
-131.30625,29.64375,20.334587097168,0.0722256675362587,0,2014,12
-123.99375,25.06875,21.6449127197266,0.0645433813333511,0,2014,12
-127.10625,29.30625,20.265115737915,0.0549149736762047,0,2014,12
-117.35625,25.66875,21.252685546875,0.107265420258045,0,2014,12
-136.44375,29.08125,20.6276226043701,0.0762418210506439,0,2014,12
-117.31875,26.30625,21.200216293335,0.191547721624374,0,2014,12
-127.18125,27.73125,20.4604682922363,0.0649484470486641,0,2014,12
-121.10625,27.65625,20.9766902923584,0.0922437831759453,0,2014,12
-115.14375,26.08125,21.9705982208252,0.165290340781212,0,2014,12
-156.76875,43.36875,10.2803707122803,0.29061695933342,0,2014,12
-124.18125,46.63125,12.2798690795898,1.62462759017944,0,2014,12
-142.36875,28.14375,21.8401660919189,0.0952650234103203,0,2014,12
-123.99375,27.54375,20.4678039550781,0.0645134449005127,0,2014,12
-132.95625,31.63125,19.72487449646,0.0636731386184692,0,2014,12
-152.56875,44.68125,9.27158355712891,0.300078421831131,0,2014,12
-141.91875,30.39375,20.4331455230713,0.0912556573748589,0,2014,12
-148.59375,44.86875,9.8723669052124,0.398073822259903,0,2014,12
-117.76875,28.48125,20.6422176361084,0.231224656105042,0,2014,12
-143.19375,29.23125,20.4093151092529,0.0890638157725334,0,2014,12
-138.09375,29.23125,20.8736114501953,0.0799647942185402,0,2014,12
-132.16875,29.45625,20.3778247833252,0.0648243352770805,0,2014,12
-134.71875,28.18125,21.3597354888916,0.0726477727293968,0,2014,12
-121.59375,26.23125,21.4327659606934,0.0774748101830482,0,2014,12
-141.43125,28.18125,21.6220474243164,0.0909797921776772,0,2014,12
-129.61875,27.01875,21.4613132476807,0.0584836639463902,0,2014,12
-155.11875,43.25625,9.82670879364014,0.285395234823227,0,2014,12
-134.41875,29.26875,20.6002216339111,0.068208709359169,0,2014,12
-141.88125,28.14375,21.579984664917,0.0914804115891457,0,2014,12
-154.40625,44.45625,9.09220790863037,0.616537988185883,0,2014,12
-134.68125,29.64375,20.4768524169922,0.0694615468382835,0,2014,12
-134.38125,28.81875,20.7446804046631,0.0686968713998795,0,2014,12
-139.44375,29.30625,20.7670650482178,0.0688718780875206,0,2014,12
-115.06875,26.30625,21.9213314056396,0.183601528406143,0,2014,12
-141.54375,27.69375,21.9139499664307,0.0847068354487419,0,2014,12
-131.71875,27.16875,21.4496765136719,0.073294959962368,0,2014,12
-120.50625,26.08125,20.9362926483154,0.116584338247776,0,2014,12
-129.50625,25.70625,21.7312622070312,0.0538650378584862,0,2014,12
-133.89375,27.84375,21.2685470581055,0.0765329599380493,0,2014,12
-137.79375,28.74375,20.9521446228027,0.0717153400182724,0,2014,12
-124.25625,39.65625,15.1681270599365,0.622531890869141,0,2014,12
-121.40625,25.21875,21.4042892456055,0.0726172551512718,0,2014,12
-124.89375,27.54375,20.5933589935303,0.0650732591748238,0,2014,12
-127.10625,26.98125,21.1515369415283,0.0547103770077229,0,2014,12
-130.06875,27.65625,21.0169353485107,0.0700198858976364,0,2014,12
-151.59375,44.34375,9.39997005462646,0.294956117868423,0,2014,12
-124.06875,28.89375,20.0899639129639,0.0634671822190285,0,2014,12
-117.35625,26.34375,21.1670913696289,0.201489433646202,0,2014,12
-117.09375,26.15625,21.2128887176514,0.17750671505928,0,2014,12
-141.95625,29.38125,20.8518104553223,0.0787161812186241,0,2014,12
-117.24375,26.98125,20.928861618042,0.241926118731499,0,2014,12
-124.78125,42.09375,14.2066888809204,1.04762876033783,0,2014,12
-126.01875,43.36875,13.0842456817627,0.597468435764313,0,2014,12
-133.33125,26.04375,21.5253772735596,0.0620023682713509,0,2014,12
-124.85625,45.99375,12.082049369812,0.552637696266174,0,2014,12
-151.14375,43.96875,9.55633640289307,0.348139643669128,0,2014,12
-140.04375,28.21875,21.6606311798096,0.085644468665123,0,2014,12
-124.63125,42.50625,14.0857839584351,1.73843634128571,0,2014,12
-119.45625,26.71875,21.0157241821289,0.162773668766022,0,2014,12
-140.64375,29.86875,20.5270824432373,0.085181824862957,0,2014,12
-131.45625,31.06875,19.6732902526855,0.0610994286835194,0,2014,12
-118.74375,27.39375,20.8264770507812,0.236061245203018,0,2014,12
-129.54375,41.19375,13.8047962188721,0.579289555549622,0,2014,12
-154.18125,45.43125,8.35918045043945,0.331080108880997,0,2014,12
-151.29375,42.54375,10.4908103942871,0.308339625597,0,2014,12
-128.98125,29.19375,20.3694953918457,0.0604981817305088,0,2014,12
-121.14375,27.54375,21.1148071289062,0.098298542201519,0,2014,12
-139.29375,30.39375,20.2698955535889,0.0747391805052757,0,2014,12
-135.69375,27.39375,21.5536422729492,0.0609178729355335,0,2014,12
-116.68125,27.88125,20.7680969238281,0.309180021286011,0,2014,12
-132.28125,27.24375,21.5263595581055,0.0735461488366127,0,2014,12
-129.35625,27.28125,21.4495048522949,0.0635518133640289,0,2014,12
-135.50625,41.75625,14.3924551010132,0.530491471290588,0,2014,12
-139.36875,28.48125,21.5447196960449,0.0891627967357635,0,2014,12
-115.96875,25.74375,21.7476005554199,0.166012063622475,0,2014,12
-137.71875,27.01875,21.6370944976807,0.0707023292779922,0,2014,12
-123.31875,27.76875,20.3142204284668,0.070881575345993,0,2014,12
-134.53125,26.04375,21.700159072876,0.064557783305645,0,2014,12
-157.93125,42.76875,10.0890855789185,0.455595642328262,0,2014,12
-123.76875,25.66875,21.3656120300293,0.0727476850152016,0,2014,12
-130.03125,27.31875,21.3334941864014,0.0722682848572731,0,2014,12
-113.98125,26.83125,21.9922466278076,0.309039026498795,0,2014,12
-129.88125,26.11875,21.5843296051025,0.0565127804875374,0,2014,12
-117.76875,26.30625,21.129114151001,0.156443282961845,0,2014,12
-159.24375,42.76875,10.0280199050903,0.386755645275116,0,2014,12
-129.80625,29.79375,20.2160720825195,0.0603306256234646,0,2014,12
-118.21875,26.34375,21.0568008422852,0.150740623474121,0,2014,12
-154.06875,44.83125,8.70370006561279,0.417238980531693,0,2014,12
-154.85625,46.51875,7.61463737487793,0.170094698667526,0,2014,12
-129.76875,27.01875,21.4471874237061,0.0595453940331936,0,2014,12
-125.00625,25.40625,21.6778240203857,0.0655991658568382,0,2014,12
-126.28125,38.71875,14.6946277618408,0.557797193527222,0,2014,12
-130.36875,27.88125,20.9257373809814,0.059905294328928,0,2014,12
-128.15625,44.15625,13.0751457214355,0.545094847679138,0,2014,12
-137.45625,30.31875,20.447566986084,0.0880482494831085,0,2014,12
-138.20625,28.21875,21.3614311218262,0.0774993076920509,0,2014,12
-128.08125,29.83125,20.056095123291,0.0623888745903969,0,2014,12
-140.53125,29.64375,20.6627445220947,0.0857186391949654,0,2014,12
-129.73125,25.93125,21.613920211792,0.0581602640450001,0,2014,12
-157.36875,43.51875,9.93850898742676,0.357357561588287,0,2014,12
-117.09375,27.46875,21.0199737548828,0.309895485639572,0,2014,12
-116.71875,26.75625,21.286039352417,0.21061509847641,0,2014,12
-121.85625,36.84375,15.488865852356,1.25195014476776,0,2014,12
-136.25625,26.11875,21.7106952667236,0.0757258683443069,0,2014,12
-124.40625,28.25625,20.2752285003662,0.0597858987748623,0,2014,12
-133.10625,29.86875,20.2700538635254,0.0688159465789795,0,2014,12
-152.56875,44.30625,9.75437641143799,0.249816194176674,0,2014,12
-158.83125,42.54375,9.9780445098877,0.494715362787247,0,2014,12
-129.58125,27.01875,21.4513626098633,0.0609510838985443,0,2014,12
-151.55625,44.26875,9.44163799285889,0.324691355228424,0,2014,12
-142.51875,28.18125,21.7960968017578,0.0844820365309715,0,2014,12
-124.70625,26.11875,21.4090557098389,0.0703090876340866,0,2014,12
-128.83125,26.45625,21.5040988922119,0.0628937184810638,0,2014,12
-140.00625,28.33125,21.6140766143799,0.0845859721302986,0,2014,12
-124.06875,37.96875,15.9051685333252,0.527814745903015,0,2014,12
-128.94375,29.94375,20.1560287475586,0.0607781819999218,0,2014,12
-128.04375,26.68125,21.3739910125732,0.0593003109097481,0,2014,12
-118.18125,25.74375,21.4296817779541,0.0942147076129913,0,2014,12
-148.63125,44.75625,9.95974349975586,0.422648131847382,0,2014,12
-139.89375,27.28125,21.7981910705566,0.0764327496290207,0,2014,12
-135.84375,29.98125,20.2936458587646,0.0692578628659248,0,2014,12
-155.75625,44.71875,9.03972911834717,0.424900501966476,0,2014,12
-130.33125,29.11875,20.6180973052979,0.0602273531258106,0,2014,12
-126.73125,42.35625,13.580228805542,0.754197657108307,0,2014,12
-115.59375,26.23125,21.8742237091064,0.159716874361038,0,2014,12
-136.59375,28.48125,20.9107112884521,0.0673314407467842,0,2014,12
-141.88125,27.58125,22.0433959960938,0.0846560001373291,0,2014,12
-151.55625,42.95625,10.3187189102173,0.358114749193192,0,2014,12
-158.56875,42.09375,10.3647880554199,0.297150909900665,0,2014,12
-137.34375,26.90625,21.6451644897461,0.0685126483440399,0,2014,12
-151.21875,43.33125,10.234414100647,0.411534518003464,0,2014,12
-137.26875,29.41875,20.6197147369385,0.0818592458963394,0,2014,12
-121.85625,35.83125,15.8914613723755,0.783401131629944,0,2014,12
-126.35625,41.11875,13.9939308166504,0.576493263244629,0,2014,12
-128.04375,28.81875,20.4518013000488,0.0676003396511078,0,2014,12
-124.55625,43.40625,13.8997507095337,1.11288857460022,0,2014,12
-147.91875,45.65625,9.6889009475708,0.370774060487747,0,2014,12
-137.19375,30.05625,20.3861560821533,0.0783811435103416,0,2014,12
-115.89375,28.10625,20.8494682312012,0.34712228178978,0,2014,12
-137.98125,27.54375,21.5982284545898,0.0794850140810013,0,2014,12
-132.31875,27.80625,21.4296379089355,0.0790680944919586,0,2014,12
-147.16875,44.94375,10.46546459198,0.422527939081192,0,2014,12
-124.36875,41.90625,14.18922996521,1.92785120010376,0,2014,12
-140.53125,29.98125,20.6211700439453,0.0890161916613579,0,2014,12
-137.15625,27.65625,21.3897323608398,0.0614572800695896,0,2014,12
-121.70625,26.26875,21.2994899749756,0.0794186964631081,0,2014,12
-117.46875,27.46875,20.8950881958008,0.281728476285934,0,2014,12
-157.89375,43.14375,9.85657405853271,0.387843489646912,0,2014,12
-135.16875,28.51875,21.2100486755371,0.0717187896370888,0,2014,12
-151.70625,43.03125,10.2401695251465,0.383287847042084,0,2014,12
-148.44375,44.30625,10.3319845199585,0.442680895328522,0,2014,12
-158.83125,43.03125,9.50725555419922,0.406906723976135,0,2014,12
-115.59375,25.93125,21.830717086792,0.156800732016563,0,2014,12
-145.74375,45.43125,10.4014883041382,0.279086261987686,0,2014,12
-125.00625,27.31875,20.6619644165039,0.0647162720561028,0,2014,12
-140.86875,28.36875,21.3391380310059,0.125208541750908,0,2014,12
-114.69375,26.41875,21.9646091461182,0.16855800151825,0,2014,12
-131.75625,28.59375,20.6251564025879,0.0554865375161171,0,2014,12
-114.28125,28.14375,20.1707019805908,0.77491694688797,0,2014,12
-117.84375,33.54375,17.933614730835,0.645942151546478,0,2014,12
-155.45625,41.34375,10.5471019744873,0.333218723535538,0,2014,12
-131.11875,27.95625,20.9207496643066,0.065418042242527,0,2014,12
-131.86875,25.81875,21.4980564117432,0.0575892515480518,0,2014,12
-152.19375,43.96875,10.0601558685303,0.236160576343536,0,2014,12
-127.85625,25.93125,21.3380680084229,0.0575504638254642,0,2014,12
-133.55625,27.91875,21.2174835205078,0.0688960775732994,0,2014,12
-134.79375,28.14375,21.3753185272217,0.0697867646813393,0,2014,12
-153.95625,43.66875,9.36146926879883,0.322237491607666,0,2014,12
-147.28125,45.20625,10.3289413452148,0.326401680707932,0,2014,12
-132.01875,27.20625,21.4971122741699,0.0854510590434074,0,2014,12
-136.06875,27.43125,21.5576267242432,0.0695083066821098,0,2014,12
-125.04375,42.76875,13.7970705032349,1.31876742839813,0,2014,12
-117.99375,27.73125,20.7460289001465,0.257613390684128,0,2014,12
-116.15625,26.11875,21.6626968383789,0.191970214247704,0,2014,12
-153.05625,43.18125,9.89528656005859,0.274679392576218,0,2014,12
-133.93125,28.74375,20.6960029602051,0.0674278810620308,0,2014,12
-127.03125,28.18125,20.1347007751465,0.05932692065835,0,2014,12
-115.85625,29.83125,18.9092140197754,0.704107284545898,0,2014,12
-131.79375,28.44375,20.7566108703613,0.0553556717932224,0,2014,12
-128.53125,30.09375,20.0363006591797,0.0635413825511932,0,2014,12
-140.98125,27.84375,21.8617210388184,0.0918914154171944,0,2014,12
-156.20625,44.04375,9.46878719329834,0.482499241828918,0,2014,12
-127.29375,27.05625,21.1182098388672,0.0545893684029579,0,2014,12
-156.95625,42.58125,10.4855165481567,0.165692746639252,0,2014,12
-131.53125,27.24375,21.3699569702148,0.0761701762676239,0,2014,12
-138.43125,26.83125,22.1238479614258,0.074199914932251,0,2014,12
-127.25625,28.63125,20.1701812744141,0.0562225840985775,0,2014,12
-141.84375,29.00625,21.02392578125,0.0851200371980667,0,2014,12
-149.15625,44.53125,10.0379648208618,0.518248915672302,0,2014,12
-114.01875,27.69375,20.1186790466309,7.33668804168701,0,2014,12
-133.36875,27.80625,21.2392406463623,0.0690425261855125,0,2014,12
-115.74375,26.38125,21.7937526702881,0.161433860659599,0,2014,12
-132.58125,28.10625,21.2172660827637,0.0758308544754982,0,2014,12
-130.81875,28.40625,20.825345993042,0.0642680302262306,0,2014,12
-141.31875,29.30625,20.8987808227539,0.0884416922926903,0,2014,12
-135.76875,29.11875,20.7465915679932,0.067162312567234,0,2014,12
-140.98125,27.91875,21.8380966186523,0.0964870378375053,0,2014,12
-154.14375,43.78125,9.24520683288574,0.619553744792938,0,2014,12
-121.03125,27.54375,20.8886489868164,0.0880870297551155,0,2014,12
-133.81875,26.08125,21.5746383666992,0.0604838393628597,0,2014,12
-130.48125,27.09375,21.4461822509766,0.0728516280651093,0,2014,12
-139.29375,28.40625,21.494327545166,0.0809359028935432,0,2014,12
-134.71875,27.69375,21.4841804504395,0.0748620852828026,0,2014,12
-128.60625,30.50625,19.9170360565186,0.0583467967808247,0,2014,12
-151.25625,43.10625,10.4112386703491,0.291140347719193,0,2014,12
-128.83125,26.53125,21.4616355895996,0.0620309822261333,0,2014,12
-136.74375,29.75625,20.479097366333,0.0685088410973549,0,2014,12
-132.24375,26.79375,21.3916301727295,0.0709355026483536,0,2014,12
-137.00625,28.55625,20.8893566131592,0.0705098658800125,0,2014,12
-156.05625,42.01875,10.2477321624756,0.346233457326889,0,2014,12
-156.35625,44.86875,8.74170875549316,0.224111422896385,0,2014,12
-126.73125,43.29375,12.4450664520264,0.577460110187531,0,2014,12
-127.21875,28.29375,20.1664295196533,0.0602361932396889,0,2014,12
-115.14375,28.33125,20.3870544433594,0.384773790836334,0,2014,12
-136.74375,29.49375,20.5314769744873,0.0720012784004211,0,2014,12
-125.08125,42.84375,13.749210357666,1.01207447052002,0,2014,12
-158.23125,43.48125,9.67625904083252,0.239586561918259,0,2014,12
-150.65625,44.04375,9.70580291748047,0.299213618040085,0,2014,12
-131.04375,26.71875,21.3757247924805,0.0680944472551346,0,2014,12
-132.16875,29.56875,20.3909149169922,0.0694635584950447,0,2014,12
-139.93125,27.31875,21.809549331665,0.0745550021529198,0,2014,12
-135.13125,26.45625,21.564094543457,0.0651762634515762,0,2014,12
-126.84375,29.83125,19.8771133422852,0.0630791559815407,0,2014,12
-136.85625,26.30625,21.8223457336426,0.0760507136583328,0,2014,12
-127.78125,26.64375,21.2778072357178,0.0515812262892723,0,2014,12
-151.21875,43.03125,10.4791622161865,0.283434957265854,0,2014,12
-118.25625,27.16875,20.8199043273926,0.247460633516312,0,2014,12
-124.03125,25.48125,21.3833999633789,0.0687103196978569,0,2014,12
-152.08125,44.15625,9.86408519744873,0.383100003004074,0,2014,12
-129.69375,30.35625,20.09157371521,0.0594761371612549,0,2014,12
-155.53125,45.39375,8.8743257522583,0.846001625061035,0,2014,12
-125.26875,43.81875,13.0484380722046,0.702087819576263,0,2014,12
-135.16875,29.75625,20.5561199188232,0.0674797594547272,0,2014,12
-123.31875,24.99375,21.3561401367188,0.068552166223526,0,2014,12
-124.14375,45.73125,12.8093910217285,0.578144907951355,0,2014,12
-128.26875,26.49375,21.4015674591064,0.0585606135427952,0,2014,12
-141.95625,27.69375,22.0193424224854,0.0879236236214638,0,2014,12
-142.55625,29.26875,20.764986038208,0.0905101075768471,0,2014,12
-121.55625,27.43125,21.1848678588867,0.0921012461185455,0,2014,12
-114.99375,27.39375,21.7393760681152,0.271016240119934,0,2014,12
-129.20625,28.18125,20.9210376739502,0.0687857121229172,0,2014,12
-137.75625,28.89375,20.8635082244873,0.0752805322408676,0,2014,12
-115.55625,26.38125,21.8332405090332,0.165991395711899,0,2014,12
-122.11875,36.95625,15.6249904632568,1.21427071094513,0,2014,12
-149.38125,45.69375,9.39348220825195,0.344308018684387,0,2014,12
-130.06875,28.96875,20.677116394043,0.0643302202224731,0,2014,12
-157.51875,42.50625,10.4765043258667,0.305836915969849,0,2014,12
-131.60625,27.84375,21.177547454834,0.073130302131176,0,2014,12
-127.74375,40.25625,14.2635383605957,0.549253404140472,0,2014,12
-151.81875,44.04375,9.7632532119751,0.206058070063591,0,2014,12
-125.11875,25.85625,21.727575302124,0.0761384516954422,0,2014,12
-143.26875,28.25625,21.6382675170898,0.108604930341244,0,2014,12
-137.04375,28.21875,20.937671661377,0.0622261241078377,0,2014,12
-127.85625,41.49375,13.9158926010132,0.576067864894867,0,2014,12
-117.05625,28.21875,21.0028400421143,0.278563499450684,0,2014,12
-117.73125,27.76875,20.7258911132812,0.279378443956375,0,2014,12
-156.73125,43.40625,10.2666664123535,0.341129153966904,0,2014,12
-120.76875,25.33125,21.3069553375244,0.0931183770298958,0,2014,12
-124.85625,44.45625,13.2616729736328,0.568767666816711,0,2014,12
-153.69375,43.89375,9.37546157836914,0.223103448748589,0,2014,12
-122.23125,26.68125,21.0896625518799,0.0876492708921432,0,2014,12
-145.48125,45.58125,10.0700559616089,0.329270601272583,0,2014,12
-136.70625,28.06875,21.050931930542,0.0650110691785812,0,2014,12
-137.79375,26.86875,21.7776279449463,0.071957603096962,0,2014,12
-116.53125,31.29375,18.0473861694336,0.81293135881424,0,2014,12
-127.85625,29.30625,20.2722511291504,0.0631792172789574,0,2014,12
-154.96875,46.25625,7.95022535324097,0.19011165201664,0,2014,12
-134.83125,26.30625,21.5474796295166,0.0661262720823288,0,2014,12
-125.15625,28.06875,20.2683734893799,0.0601279214024544,0,2014,12
-137.23125,28.33125,21.0010814666748,0.0734346881508827,0,2014,12
-136.85625,28.21875,20.9387588500977,0.0701123923063278,0,2014,12
-116.94375,32.19375,17.937349319458,0.847134947776794,0,2014,12
-153.09375,42.84375,10.2302122116089,0.325256913900375,0,2014,12
-137.90625,29.56875,20.7341480255127,0.0771191343665123,0,2014,12
-147.65625,45.16875,10.0670328140259,0.354729831218719,0,2014,12
-136.44375,30.01875,20.4268360137939,0.0763117372989655,0,2014,12
-128.30625,27.80625,20.9333992004395,0.0673891976475716,0,2014,12
-130.14375,26.04375,21.5734329223633,0.0569663234055042,0,2014,12
-115.25625,26.75625,21.6121578216553,0.182903915643692,0,2014,12
-123.46875,37.81875,15.6645135879517,0.622360646724701,0,2014,12
-119.83125,27.09375,20.8886280059814,0.166593372821808,0,2014,12
-127.55625,29.41875,20.2625885009766,0.0551722384989262,0,2014,12
-149.04375,44.60625,10.0796995162964,0.430127888917923,0,2014,12
-158.71875,43.29375,9.40219497680664,0.395735859870911,0,2014,12
-134.00625,27.31875,21.5160064697266,0.0841997265815735,0,2014,12
-155.90625,42.01875,10.187798500061,0.378690928220749,0,2014,12
-125.83125,27.05625,20.7862548828125,0.0544786006212234,0,2014,12
-156.84375,42.95625,10.4007329940796,0.364686459302902,0,2014,12
-117.73125,25.59375,21.3681907653809,0.104664251208305,0,2014,12
-157.44375,44.11875,8.94467449188232,0.336240589618683,0,2014,12
-124.74375,28.55625,20.1546077728271,0.0627238750457764,0,2014,12
-124.29375,39.95625,14.9800233840942,0.889718234539032,0,2014,12
-126.95625,25.70625,21.2255535125732,0.0559934861958027,0,2014,12
-138.24375,27.88125,21.570894241333,0.0755797103047371,0,2014,12
-119.15625,25.44375,21.7758979797363,0.0870468989014626,0,2014,12
-144.05625,29.45625,20.5190143585205,0.0832711532711983,0,2014,12
-123.95625,27.09375,20.5312881469727,0.0632365420460701,0,2014,12
-143.53125,45.65625,10.4778785705566,0.394159942865372,0,2014,12
-146.56875,45.20625,10.6381893157959,0.287040084600449,0,2014,12
-145.59375,45.54375,10.1897192001343,0.16700679063797,0,2014,12
-124.93125,44.56875,12.9557838439941,0.565914690494537,0,2014,12
-118.29375,28.21875,20.2595291137695,0.157356843352318,0,2014,12
-135.80625,27.73125,21.4735889434814,0.0700665637850761,0,2014,12
-120.50625,26.49375,20.6580448150635,0.138306707143784,0,2014,12
-152.26875,43.51875,10.3320589065552,0.319813996553421,0,2014,12
-115.74375,29.68125,18.9870853424072,1.11885130405426,0,2014,12
-151.44375,44.15625,9.46625423431396,0.358267337083817,0,2014,12
-133.85625,29.23125,20.5437393188477,0.069323256611824,0,2014,12
-139.36875,27.73125,21.8237266540527,0.0759398192167282,0,2014,12
-135.54375,27.73125,21.4610691070557,0.0714621841907501,0,2014,12
-141.58125,28.93125,21.1286430358887,0.0924611389636993,0,2014,12
-120.80625,25.33125,21.3011646270752,0.0874932706356049,0,2014,12
-148.55625,45.80625,9.10020065307617,0.527406215667725,0,2014,12
-130.96875,29.71875,20.2545738220215,0.0621177516877651,0,2014,12
-142.06875,27.95625,21.7070560455322,0.0918378978967667,0,2014,12
-124.89375,27.31875,20.5998096466064,0.0695957615971565,0,2014,12
-116.60625,25.48125,21.2724590301514,0.145373567938805,0,2014,12
-123.24375,27.95625,20.2489261627197,0.075020931661129,0,2014,12
-126.84375,28.48125,20.0130481719971,0.0582647249102592,0,2014,12
-132.76875,27.99375,21.2407569885254,0.0719291940331459,0,2014,12
-141.05625,29.15625,20.8757400512695,0.0812624096870422,0,2014,12
-156.31875,42.80625,10.2477951049805,0.3110411465168,0,2014,12
-150.39375,44.79375,9.57834243774414,0.391660511493683,0,2014,12
-121.29375,26.45625,21.2744941711426,0.0922551825642586,0,2014,12
-156.50625,43.55625,10.1181612014771,0.356355786323547,0,2014,12
-118.36875,25.96875,21.3243618011475,0.0958840176463127,0,2014,12
-157.63125,43.10625,9.91180038452148,0.298272401094437,0,2014,12
-124.89375,28.59375,20.1713008880615,0.0566299334168434,0,2014,12
-134.15625,28.40625,21.0198707580566,0.0691148936748505,0,2014,12
-115.74375,26.45625,21.7495899200439,0.159160822629929,0,2014,12
-137.45625,29.98125,20.4777030944824,0.0670701116323471,0,2014,12
-138.01875,26.86875,21.9206104278564,0.0744323879480362,0,2014,12
-149.98125,45.46875,9.60730648040771,0.321522861719131,0,2014,12
-120.50625,26.56875,20.6415042877197,0.136437401175499,0,2014,12
-151.89375,44.90625,8.95398998260498,0.204528972506523,0,2014,12
-140.75625,28.93125,20.9788055419922,0.0834744647145271,0,2014,12
-114.69375,28.48125,20.3227863311768,0.424090832471848,0,2014,12
-122.41875,35.75625,15.8324098587036,0.568472564220428,0,2014,12
-115.44375,26.23125,21.9174118041992,0.1791662722826,0,2014,12
-124.40625,41.75625,14.3606538772583,1.60295617580414,0,2014,12
-119.38125,26.04375,20.941104888916,0.16799308359623,0,2014,12
-128.98125,29.79375,20.2519073486328,0.0630550906062126,0,2014,12
-155.38125,44.68125,9.1300687789917,0.522447884082794,0,2014,12
-125.23125,27.39375,20.6250228881836,0.0551553592085838,0,2014,12
-125.30625,42.28125,13.6554641723633,0.830958008766174,0,2014,12
-156.61875,43.78125,9.87358570098877,0.350758403539658,0,2014,12
-129.65625,29.49375,20.4647121429443,0.0629599466919899,0,2014,12
-132.31875,27.88125,21.3595294952393,0.0746267735958099,0,2014,12
-147.13125,45.84375,9.91808605194092,0.278623759746552,0,2014,12
-117.65625,27.69375,20.7428112030029,0.244742646813393,0,2014,12
-126.31875,25.63125,21.4361724853516,0.0520649068057537,0,2014,12
-157.10625,44.08125,9.20738220214844,0.345204293727875,0,2014,12
-125.94375,42.61875,13.4484424591064,0.624492883682251,0,2014,12
-139.44375,27.54375,21.7944259643555,0.0807131081819534,0,2014,12
-129.84375,29.75625,20.274341583252,0.0575805306434631,0,2014,12
-137.90625,27.69375,21.4988880157471,0.0788608863949776,0,2014,12
-124.44375,45.35625,12.8367109298706,0.695762932300568,0,2014,12
-126.01875,43.14375,13.1868228912354,0.602112054824829,0,2014,12
-117.91875,28.06875,20.6699447631836,0.242561504244804,0,2014,12
-117.28125,25.81875,21.2389545440674,0.139295607805252,0,2014,12
-142.25625,29.26875,20.7671585083008,0.0967283472418785,0,2014,12
-140.19375,28.29375,21.5908336639404,0.0792098343372345,0,2014,12
-124.03125,28.36875,20.2624168395996,0.063370056450367,0,2014,12
-134.15625,26.94375,21.5034523010254,0.0740430653095245,0,2014,12
-143.64375,28.48125,21.3746929168701,0.106927894055843,0,2014,12
-152.79375,44.38125,9.64434432983398,0.3086117208004,0,2014,12
-144.58125,29.19375,21.4034671783447,0.103296294808388,0,2014,12
-131.26875,28.70625,20.754093170166,0.0595170445740223,0,2014,12
-128.41875,30.39375,19.8170185089111,0.0619826763868332,0,2014,12
-122.19375,25.29375,21.3843727111816,0.070107564330101,0,2014,12
-132.61875,28.21875,21.1684761047363,0.0712847113609314,0,2014,12
-123.20625,38.38125,15.1374282836914,1.07246613502502,0,2014,12
-128.41875,29.38125,20.1847171783447,0.0619537867605686,0,2014,12
-153.46875,43.03125,9.82041263580322,0.242071852087975,0,2014,12
-157.06875,44.83125,8.6517972946167,0.437189698219299,0,2014,12
-133.06875,27.24375,21.4072589874268,0.067664235830307,0,2014,12
-131.00625,27.80625,20.9839019775391,0.0616566985845566,0,2014,12
-126.13125,26.60625,21.3710060119629,0.06089186668396,0,2014,12
-155.04375,42.76875,10.104040145874,0.203287422657013,0,2014,12
-115.59375,26.75625,21.631326675415,0.165077656507492,0,2014,12
-126.35625,43.29375,12.9084730148315,0.601351499557495,0,2014,12
-124.36875,28.06875,20.3177700042725,0.0778057798743248,0,2014,12
-119.98125,26.41875,20.9448165893555,0.13316136598587,0,2014,12
-131.23125,27.65625,21.2424068450928,0.0727183446288109,0,2014,12
-116.75625,28.21875,21.0428218841553,0.273488104343414,0,2014,12
-119.86875,27.58125,20.2711238861084,0.149578511714935,0,2014,12
-143.19375,28.10625,21.8390083312988,0.0952385440468788,0,2014,12
-153.05625,44.30625,9.64260196685791,0.320197522640228,0,2014,12
-132.43125,28.66875,20.8578510284424,0.0596170239150524,0,2014,12
-125.30625,26.19375,21.726978302002,0.0768480598926544,0,2014,12
-151.51875,44.26875,9.40742015838623,0.25911557674408,0,2014,12
-142.93125,28.81875,20.638162612915,0.0808543339371681,0,2014,12
-120.88125,27.16875,20.712230682373,0.107663318514824,0,2014,12
-135.76875,26.19375,21.7503128051758,0.0739151984453201,0,2014,12
-135.95625,27.69375,21.5208206176758,0.0637446716427803,0,2014,12
-135.58125,27.84375,21.5156230926514,0.0700146704912186,0,2014,12
-124.14375,25.18125,21.5072441101074,0.0653846710920334,0,2014,12
-140.83125,27.69375,21.8035259246826,0.0879140123724937,0,2014,12
-139.74375,27.69375,21.8490371704102,0.0801189914345741,0,2014,12
-134.56875,29.98125,20.41282081604,0.0652162358164787,0,2014,12
-137.19375,27.80625,21.3021697998047,0.068473294377327,0,2014,12
-144.35625,29.38125,20.6472225189209,0.0902649536728859,0,2014,12
-157.18125,44.30625,8.82219505310059,0.275361031293869,0,2014,12
-137.26875,29.45625,20.5973472595215,0.0797155946493149,0,2014,12
-157.51875,44.04375,9.06334114074707,0.339192062616348,0,2014,12
-125.53125,27.58125,20.4461669921875,0.0542022027075291,0,2014,12
-155.60625,41.60625,10.3354845046997,0.291454821825027,0,2014,12
-130.33125,29.56875,20.3747291564941,0.0602860972285271,0,2014,12
-128.90625,28.03125,20.9370460510254,0.0633728057146072,0,2014,12
-141.09375,28.66875,21.2982997894287,0.0858872458338737,0,2014,12
-137.68125,28.10625,21.2622146606445,0.0680137202143669,0,2014,12
-148.21875,45.13125,9.86459255218506,0.605437874794006,0,2014,12
-128.00625,25.51875,21.4874286651611,0.0504169389605522,0,2014,12
-128.19375,29.94375,20.0206832885742,0.0596339330077171,0,2014,12
-131.30625,26.15625,21.5006523132324,0.0578874684870243,0,2014,12
-145.03125,29.34375,20.7964668273926,0.100289814174175,0,2014,12
-143.68125,29.04375,20.9817867279053,0.0968287065625191,0,2014,12
-153.43125,43.03125,9.82925510406494,0.315990388393402,0,2014,12
-118.36875,26.11875,21.2881755828857,0.137126863002777,0,2014,12
-122.49375,24.99375,21.3991260528564,0.0658842027187347,0,2014,12
-141.43125,28.93125,21.2739734649658,0.0868351086974144,0,2014,12
-132.58125,27.43125,21.4309730529785,0.0719188079237938,0,2014,12
-155.94375,44.04375,9.54648780822754,0.259418845176697,0,2014,12
-125.19375,26.75625,21.0278911590576,0.059049379080534,0,2014,12
-117.05625,32.30625,17.9055614471436,1.4765419960022,0,2014,12
-125.60625,43.81875,13.0009574890137,0.530227720737457,0,2014,12
-157.21875,44.45625,8.74312877655029,0.514790952205658,0,2014,12
-131.04375,29.45625,20.4073066711426,0.0630146488547325,0,2014,12
-125.86875,26.15625,21.4807434082031,0.0569583252072334,0,2014,12
-153.80625,43.18125,9.55550765991211,0.352939695119858,0,2014,12
-159.65625,42.05625,10.4296932220459,0.388764232397079,0,2014,12
-137.08125,28.70625,20.8690280914307,0.0715736076235771,0,2014,12
-152.15625,42.95625,10.361647605896,0.329918384552002,0,2014,12
-128.23125,28.25625,20.5564632415771,0.0599511675536633,0,2014,12
-114.31875,28.06875,20.164234161377,0.745724260807037,0,2014,12
-114.24375,26.30625,22.155704498291,0.130694091320038,0,2014,12
-116.26875,27.69375,21.071382522583,0.345532983541489,0,2014,12
-147.95625,44.79375,9.9548978805542,0.513864934444427,0,2014,12
-122.75625,27.46875,20.569091796875,0.0784222632646561,0,2014,12
-154.78125,43.78125,9.53926181793213,0.862939357757568,0,2014,12
-127.63125,27.13125,21.134593963623,0.0593336261808872,0,2014,12
-128.30625,27.35625,21.1869106292725,0.0628964081406593,0,2014,12
-131.15625,27.61875,21.238094329834,0.0701780989766121,0,2014,12
-120.76875,25.55625,21.2638130187988,0.0862233862280846,0,2014,12
-132.99375,28.55625,21.0212287902832,0.0721283778548241,0,2014,12
-152.08125,42.39375,10.5243139266968,0.354213893413544,0,2014,12
-147.39375,44.45625,10.3713102340698,0.388453185558319,0,2014,12
-136.63125,29.64375,20.4787483215332,0.041565615683794,0,2014,12
-140.00625,30.31875,20.3165607452393,0.0768597573041916,0,2014,12
-135.16875,26.15625,21.6843547821045,0.0664046630263329,0,2014,12
-123.39375,26.64375,21.0781860351562,0.0781532749533653,0,2014,12
-124.74375,43.63125,13.7844228744507,0.56284487247467,0,2014,12
-142.89375,29.19375,20.452299118042,0.0833963826298714,0,2014,12
-149.11875,45.31875,9.53897476196289,0.211135238409042,0,2014,12
-139.78125,29.94375,20.628345489502,0.082737535238266,0,2014,12
-125.56875,43.25625,13.2423877716064,0.593961536884308,0,2014,12
-147.24375,45.65625,10.1133613586426,0.355670928955078,0,2014,12
-123.80625,26.34375,21.3059577941895,0.0671687498688698,0,2014,12
-118.25625,26.98125,20.8757705688477,0.227971956133842,0,2014,12
-152.56875,43.55625,10.390230178833,0.288721859455109,0,2014,12
-155.71875,44.56875,9.16646385192871,0.526316344738007,0,2014,12
-124.40625,43.89375,13.6921834945679,0.772497415542603,0,2014,12
-126.01875,30.09375,19.6793842315674,0.0577828101813793,0,2014,12
-135.80625,27.46875,21.541576385498,0.0699405297636986,0,2014,12
-123.05625,36.54375,16.1362915039062,0.553578972816467,0,2014,12
-141.61875,30.20625,20.305082321167,0.0802463814616203,0,2014,12
-154.59375,43.44375,9.61415100097656,0.726371049880981,0,2014,12
-133.51875,28.03125,21.1942863464355,0.0706513747572899,0,2014,12
-131.08125,28.06875,20.8174324035645,0.0644955784082413,0,2014,12
-122.86875,27.95625,20.2300968170166,0.0631655678153038,0,2014,12
-151.78125,45.13125,8.71720314025879,0.386980324983597,0,2014,12
-139.36875,27.88125,21.7734470367432,0.071082778275013,0,2014,12
-139.33125,29.11875,20.9135055541992,0.0686354041099548,0,2014,12
-144.76875,45.76875,10.1679086685181,0.235207110643387,0,2014,12
-121.21875,26.00625,21.3762893676758,0.0902427360415459,0,2014,12
-132.43125,26.86875,21.4450931549072,0.071200393140316,0,2014,12
-142.63125,30.46875,20.4120559692383,0.0799024999141693,0,2014,12
-123.28125,37.36875,15.7065324783325,0.597436904907227,0,2014,12
-133.03125,25.89375,21.5315074920654,0.0602902844548225,0,2014,12
-129.31875,28.21875,20.8784236907959,0.0673292949795723,0,2014,12
-128.34375,29.00625,20.4307403564453,0.0663745626807213,0,2014,12
-130.78125,28.55625,20.8305320739746,0.0638183504343033,0,2014,12
-142.74375,28.14375,21.9251499176025,0.0955236852169037,0,2014,12
-119.68125,27.43125,20.6268558502197,0.166273325681686,0,2014,12
-124.48125,43.63125,13.9150524139404,0.671820938587189,0,2014,12
-133.81875,28.03125,21.1959247589111,0.070325680077076,0,2014,12
-115.33125,26.45625,21.8629493713379,0.189072221517563,0,2014,12
-133.21875,28.33125,21.1153526306152,0.0680693313479424,0,2014,12
-128.15625,27.80625,20.9234104156494,0.0651541948318481,0,2014,12
-151.89375,43.66875,10.0405397415161,0.328312575817108,0,2014,12
-124.51875,25.51875,21.5873165130615,0.0714304521679878,0,2014,12
-128.68125,30.54375,19.8820037841797,0.0580356530845165,0,2014,12
-132.09375,29.11875,20.4518070220947,0.0638664215803146,0,2014,12
-121.14375,25.48125,21.4611911773682,0.0849762931466103,0,2014,12
-114.24375,26.04375,22.1142139434814,0.132599860429764,0,2014,12
-134.64375,29.45625,20.563289642334,0.0659342631697655,0,2014,12
-125.56875,26.83125,20.9729919433594,0.0584390424191952,0,2014,12
-120.24375,27.20625,20.5066375732422,0.139943808317184,0,2014,12
-135.73125,26.60625,21.5346851348877,0.070989303290844,0,2014,12
-127.25625,25.89375,21.1689910888672,0.0536448396742344,0,2014,12
-140.11875,28.93125,20.9932594299316,0.0878475308418274,0,2014,12
-159.65625,42.39375,10.1178197860718,0.338693410158157,0,2014,12
-135.99375,29.94375,20.4003715515137,0.0755160227417946,0,2014,12
-127.18125,25.51875,21.2681503295898,0.0490963235497475,0,2014,12
-133.14375,29.56875,20.3786544799805,0.0606738962233067,0,2014,12
-137.19375,29.64375,20.5577735900879,0.0559453926980495,0,2014,12
-130.14375,31.29375,19.5933971405029,0.0628825426101685,0,2014,12
-122.94375,37.93125,15.0548572540283,1.6085798740387,0,2014,12
-151.48125,43.78125,9.72362995147705,0.274140119552612,0,2014,12
-153.73125,43.44375,9.55415439605713,0.329602539539337,0,2014,12
-147.24375,44.53125,10.4708948135376,0.35147762298584,0,2014,12
-128.38125,26.68125,21.4237041473389,0.0569157190620899,0,2014,12
-148.66875,44.86875,9.88366317749023,0.382749259471893,0,2014,12
-135.58125,30.24375,20.3109970092773,0.0753378197550774,0,2014,12
-126.99375,29.26875,20.2052249908447,0.0591568350791931,0,2014,12
-140.94375,29.30625,20.7009429931641,0.0853714570403099,0,2014,12
-135.01875,30.76875,20.2507152557373,0.0785879194736481,0,2014,12
-143.45625,29.00625,20.8627052307129,0.0931512787938118,0,2014,12
-116.68125,26.83125,21.3609580993652,0.203772380948067,0,2014,12
-138.09375,27.50625,21.6403045654297,0.0730884373188019,0,2014,12
-140.68125,29.30625,20.7673492431641,0.090327188372612,0,2014,12
-135.65625,28.21875,21.3131008148193,0.0666302219033241,0,2014,12
-130.40625,26.04375,21.7035503387451,0.0555942058563232,0,2014,12
-139.96875,29.34375,20.9519939422607,0.0771941617131233,0,2014,12
-125.45625,42.84375,13.4107847213745,0.758823156356812,0,2014,12
-135.05625,28.66875,21.0872955322266,0.0715681463479996,0,2014,12
-153.88125,43.51875,9.44515800476074,0.238039180636406,0,2014,12
-128.98125,29.94375,20.1457691192627,0.0623636357486248,0,2014,12
-142.10625,27.69375,21.8939075469971,0.0858904272317886,0,2014,12
-150.84375,43.48125,10.6149377822876,0.44687807559967,0,2014,12
-129.05625,25.74375,21.6343955993652,0.0515392534434795,0,2014,12
-117.43125,28.66875,20.8051700592041,0.24149726331234,0,2014,12
-122.34375,25.40625,21.2388572692871,0.0681334733963013,0,2014,12
-155.98125,41.60625,10.5357875823975,0.307653099298477,0,2014,12
-135.16875,29.45625,20.5594139099121,0.0724159851670265,0,2014,12
-148.81875,43.93125,10.4294595718384,0.366383224725723,0,2014,12
-158.64375,41.94375,10.4304304122925,0.314465314149857,0,2014,12
-140.56875,29.11875,20.8063411712646,0.0812533348798752,0,2014,12
-144.73125,29.38125,20.6009769439697,0.0992580428719521,0,2014,12
-123.58125,25.44375,21.2747764587402,0.0655223354697227,0,2014,12
-127.03125,25.93125,21.1705017089844,0.0544158853590488,0,2014,12
-114.31875,28.44375,20.3029823303223,0.433189481496811,0,2014,12
-130.96875,26.64375,21.4270515441895,0.0731282159686089,0,2014,12
-133.70625,29.83125,20.3630981445312,0.0681322887539864,0,2014,12
-153.76875,45.20625,8.34679698944092,0.334652751684189,0,2014,12
-130.44375,29.19375,20.592004776001,0.0592080429196358,0,2014,12
-132.95625,41.38125,14.2979421615601,0.56405234336853,0,2014,12
-124.36875,26.49375,20.9535636901855,0.0712482407689095,0,2014,12
-133.74375,27.05625,21.5392818450928,0.0634174942970276,0,2014,12
-124.70625,43.21875,13.924898147583,1.24356257915497,0,2014,12
-143.64375,29.41875,20.5055027008057,0.0835889875888824,0,2014,12
-155.30625,42.39375,10.2257194519043,0.239570036530495,0,2014,12
-128.94375,28.74375,20.649787902832,0.0633967518806458,0,2014,12
-145.29375,45.61875,9.97654724121094,0.224515974521637,0,2014,12
-142.40625,29.56875,20.8297576904297,0.100488513708115,0,2014,12
-129.58125,41.26875,13.8265771865845,0.551905989646912,0,2014,12
-155.79375,45.20625,8.82666397094727,0.693340420722961,0,2014,12
-120.13125,26.53125,20.9386711120605,0.179094165563583,0,2014,12
-130.03125,26.53125,21.4832668304443,0.0576654076576233,0,2014,12
-118.25625,27.88125,20.675163269043,0.254412144422531,0,2014,12
-137.04375,28.18125,20.9394702911377,0.071393683552742,0,2014,12
-137.75625,30.01875,20.5048084259033,0.0870645269751549,0,2014,12
-137.94375,27.46875,21.6350059509277,0.0824239104986191,0,2014,12
-130.93125,26.71875,21.4195861816406,0.0676716193556786,0,2014,12
-147.43125,44.86875,10.271240234375,0.32115238904953,0,2014,12
-117.28125,28.48125,21.0551815032959,0.310347825288773,0,2014,12
-135.01875,26.30625,21.5267028808594,0.064153790473938,0,2014,12
-129.80625,27.39375,21.3417377471924,0.0675151944160461,0,2014,12
-132.73125,26.26875,21.4328918457031,0.0627500712871552,0,2014,12
-154.70625,45.76875,8.3174352645874,0.25935423374176,0,2014,12
-120.01875,25.55625,21.195426940918,0.0969671458005905,0,2014,12
-141.46875,28.85625,21.268087387085,0.0891743451356888,0,2014,12
-137.45625,28.33125,21.0298938751221,0.0728637501597404,0,2014,12
-138.54375,29.83125,20.358268737793,0.0762315690517426,0,2014,12
-123.95625,26.45625,21.1904067993164,0.0688309520483017,0,2014,12
-116.68125,26.30625,21.3677349090576,0.183787956833839,0,2014,12
-133.70625,26.49375,21.4994239807129,0.0637803971767426,0,2014,12
-135.09375,26.00625,21.7464218139648,0.0662330612540245,0,2014,12
-130.51875,25.63125,21.7565536499023,0.05489257350564,0,2014,12
-116.19375,28.06875,20.6980438232422,0.319358676671982,0,2014,12
-156.20625,45.43125,8.46880054473877,0.334290504455566,0,2014,12
-124.10625,45.73125,12.7966508865356,0.611519396305084,0,2014,12
-123.95625,28.10625,20.2611598968506,0.0729662701487541,0,2014,12
-124.74375,27.16875,20.6275444030762,0.0605660118162632,0,2014,12
-119.30625,26.60625,21.062406539917,0.149994641542435,0,2014,12
-134.38125,26.26875,21.5712585449219,0.0653093382716179,0,2014,12
-130.93125,26.53125,21.4262161254883,0.0670855194330215,0,2014,12
-135.91875,30.05625,20.3209037780762,0.0728255435824394,0,2014,12
-131.90625,28.63125,20.7131118774414,0.0636164024472237,0,2014,12
-133.74375,28.48125,20.8409461975098,0.0677052214741707,0,2014,12
-129.58125,26.53125,21.3835697174072,0.0603417754173279,0,2014,12
-151.81875,45.35625,8.68002796173096,0.331601470708847,0,2014,12
-141.24375,27.76875,21.8377342224121,0.0887491255998611,0,2014,12
-128.86875,25.93125,21.5347557067871,0.0514893122017384,0,2014,12
-125.49375,41.86875,13.4927663803101,0.595381617546082,0,2014,12
-140.68125,45.31875,11.1944198608398,0.535676896572113,0,2014,12
-128.30625,29.86875,20.0604152679443,0.0637330710887909,0,2014,12
-122.75625,37.59375,15.3658895492554,1.39678835868835,0,2014,12
-120.84375,25.74375,21.2392024993896,0.0977276787161827,0,2014,12
-135.20625,28.25625,21.3891429901123,0.0708251968026161,0,2014,12
-116.90625,28.78125,20.5363750457764,0.202743828296661,0,2014,12
-122.04375,35.86875,15.6953325271606,0.735725939273834,0,2014,12
-118.85625,27.28125,20.8841800689697,0.204622805118561,0,2014,12
-124.18125,28.25625,20.3493595123291,0.0700509324669838,0,2014,12
-151.59375,42.65625,10.3346185684204,0.355531334877014,0,2014,12
-136.44375,29.49375,20.5171337127686,0.0702938511967659,0,2014,12
-126.80625,43.21875,12.4669408798218,0.61011815071106,0,2014,12
-124.74375,28.74375,20.0273284912109,0.05523981153965,0,2014,12
-151.66875,43.40625,10.0207033157349,0.28223842382431,0,2014,12
-142.89375,46.03125,10.5707292556763,0.825240254402161,0,2014,12
-135.99375,27.58125,21.5154609680176,0.0642029568552971,0,2014,12
-119.34375,27.50625,20.8004093170166,0.193570792675018,0,2014,12
-126.05625,25.74375,21.4666309356689,0.0569861568510532,0,2014,12
-140.38125,29.64375,20.6584281921387,0.0843359082937241,0,2014,12
-120.69375,27.31875,20.6039867401123,0.106197595596313,0,2014,12
-116.64375,27.24375,21.2197647094727,0.297740280628204,0,2014,12
-136.66875,28.81875,20.7729663848877,0.0778715163469315,0,2014,12
-158.04375,43.48125,9.76684951782227,0.314164131879807,0,2014,12
-114.35625,25.96875,22.0549583435059,0.150334030389786,0,2014,12
-155.19375,43.06875,9.96656227111816,0.254471689462662,0,2014,12
-137.56875,28.63125,21.007532119751,0.075069397687912,0,2014,12
-127.66875,25.74375,21.2582683563232,0.051474504172802,0,2014,12
-152.23125,44.41875,9.49788379669189,0.259315460920334,0,2014,12
-154.36875,45.24375,8.53831768035889,0.404411852359772,0,2014,12
-124.85625,27.95625,20.3516407012939,0.0579374805092812,0,2014,12
-118.21875,26.19375,21.255558013916,0.121838495135307,0,2014,12
-118.48125,25.89375,21.3220500946045,0.107024915516376,0,2014,12
-126.31875,28.33125,19.854621887207,0.063191294670105,0,2014,12
-122.98125,26.68125,20.7914447784424,0.062561497092247,0,2014,12
-151.14375,42.84375,10.4613647460938,0.279374599456787,0,2014,12
-151.96875,43.74375,10.0088624954224,0.283458143472672,0,2014,12
-125.71875,26.94375,20.9037666320801,0.0537261478602886,0,2014,12
-116.90625,27.73125,20.7908134460449,0.307177782058716,0,2014,12
-154.03125,42.80625,10.0765190124512,0.383949339389801,0,2014,12
-134.86875,26.41875,21.5245418548584,0.0628412738442421,0,2014,12
-130.44375,27.50625,21.1716957092285,0.0691547766327858,0,2014,12
-137.45625,29.49375,20.6590690612793,0.072036936879158,0,2014,12
-140.23125,27.24375,21.9685077667236,0.075120136141777,0,2014,12
-119.49375,25.33125,21.7549839019775,0.0922790616750717,0,2014,12
-120.91875,35.11875,16.8123874664307,0.748160302639008,0,2014,12
-129.54375,27.43125,21.3314208984375,0.0683259814977646,0,2014,12
-115.81875,26.64375,21.7201919555664,0.181727632880211,0,2014,12
-125.53125,27.50625,20.4630393981934,0.0535874478518963,0,2014,12
-121.44375,25.03125,21.3431777954102,0.0680839568376541,0,2014,12
-125.64375,27.43125,20.5653114318848,0.0575468279421329,0,2014,12
-140.08125,28.51875,21.4739646911621,0.0851600095629692,0,2014,12
-135.24375,41.98125,14.1797733306885,0.785767674446106,0,2014,12
-115.18125,29.34375,19.8067722320557,0.67704302072525,0,2014,12
-134.53125,26.53125,21.5234050750732,0.0635916367173195,0,2014,12
-134.41875,30.35625,20.326868057251,0.074852429330349,0,2014,12
-130.10625,27.76875,20.991662979126,0.0672842562198639,0,2014,12
-124.18125,45.80625,12.8078985214233,0.665075719356537,0,2014,12
-123.76875,27.28125,20.5017070770264,0.0606028661131859,0,2014,12
-123.99375,26.23125,21.1423473358154,0.0758757442235947,0,2014,12
-132.50625,29.23125,20.4969291687012,0.0654414668679237,0,2014,12
-125.30625,25.21875,21.7067451477051,0.068293534219265,0,2014,12
-132.31875,28.55625,20.916597366333,0.0672857761383057,0,2014,12
-130.21875,26.15625,21.6403903961182,0.0601022802293301,0,2014,12
-119.94375,27.31875,20.4439697265625,0.140999659895897,0,2014,12
-125.94375,43.21875,13.1172094345093,0.636144459247589,0,2014,12
-124.63125,41.11875,14.7916316986084,0.948589384555817,0,2014,12
-129.16875,28.93125,20.4778728485107,0.066108450293541,0,2014,12
-154.21875,44.68125,8.86185455322266,0.809222042560577,0,2014,12
-142.18125,28.74375,20.9232978820801,0.0797048285603523,0,2014,12
-138.65625,27.31875,21.9641723632812,0.0669796168804169,0,2014,12
-132.24375,29.49375,20.4005870819092,0.0656606256961823,0,2014,12
-133.03125,26.53125,21.4302883148193,0.070880115032196,0,2014,12
-117.58125,26.04375,21.1343555450439,0.136214062571526,0,2014,12
-140.71875,29.79375,20.5434646606445,0.0803597867488861,0,2014,12
-147.13125,45.35625,10.3577680587769,0.318323493003845,0,2014,12
-132.50625,27.99375,21.2730178833008,0.0672409161925316,0,2014,12
-152.08125,43.70625,10.1157846450806,0.287328809499741,0,2014,12
-130.59375,27.69375,21.0232982635498,0.0570042505860329,0,2014,12
-135.54375,29.53125,20.4627304077148,0.0637321770191193,0,2014,12
-118.66875,27.50625,20.719066619873,0.219674676656723,0,2014,12
-156.46875,44.30625,9.2780294418335,0.369610607624054,0,2014,12
-128.68125,26.49375,21.4784450531006,0.061820812523365,0,2014,12
-159.13125,42.01875,10.3230209350586,0.422652393579483,0,2014,12
-126.46875,26.90625,21.2452602386475,0.0594980381429195,0,2014,12
-154.55625,44.53125,9.14938831329346,0.648162961006165,0,2014,12
-122.98125,26.19375,21.0845947265625,0.0746737346053123,0,2014,12
-126.35625,26.23125,21.2423191070557,0.0578659400343895,0,2014,12
-155.98125,43.78125,9.63976669311523,0.480800569057465,0,2014,12
-148.29375,44.98125,9.92055988311768,0.723857820034027,0,2014,12
-115.59375,28.33125,20.3079929351807,0.479209691286087,0,2014,12
-147.99375,45.46875,9.7158670425415,0.639818549156189,0,2014,12
-129.05625,26.90625,21.3823490142822,0.0704028680920601,0,2014,12
-115.66875,29.45625,19.4387817382812,0.578956127166748,0,2014,12
-129.28125,26.53125,21.4099884033203,0.0625847429037094,0,2014,12
-125.34375,41.98125,13.6082630157471,0.569921791553497,0,2014,12
-115.93125,27.46875,21.4108467102051,0.342929542064667,0,2014,12
-131.94375,27.05625,21.4667530059814,0.0716997981071472,0,2014,12
-124.06875,41.45625,14.3776502609253,2.38372397422791,0,2014,12
-130.78125,30.39375,20.0583362579346,0.0627308338880539,0,2014,12
-127.33125,25.40625,21.3833408355713,0.0508867129683495,0,2014,12
-136.48125,27.01875,21.6583347320557,0.0694477185606956,0,2014,12
-142.63125,29.71875,20.7054538726807,0.0794824436306953,0,2014,12
-148.36875,38.83125,13.742151260376,0.681081414222717,0,2014,12
-150.20625,41.53125,11.4609432220459,0.784149825572968,0,2014,12
-137.08125,29.23125,20.5594959259033,0.0764976069331169,0,2014,12
-135.28125,30.65625,20.2984218597412,0.0685988888144493,0,2014,12
-138.88125,28.18125,21.4987545013428,0.0757072120904922,0,2014,12
-127.48125,29.56875,20.1275539398193,0.0626293197274208,0,2014,12
-132.39375,29.41875,20.3816928863525,0.0684133023023605,0,2014,12
-139.25625,28.85625,21.0628242492676,0.0759815871715546,0,2014,12
-150.58125,45.13125,9.47147464752197,0.439702540636063,0,2014,12
-117.80625,26.38125,21.1294784545898,0.168496653437614,0,2014,12
-147.28125,44.98125,10.3589200973511,0.507765173912048,0,2014,12
-152.68125,44.68125,9.23245334625244,0.315445750951767,0,2014,12
-145.36875,29.86875,20.6589679718018,0.100777737796307,0,2014,12
-126.58125,39.50625,14.6938028335571,0.573740124702454,0,2014,12
-139.78125,28.44375,21.6375789642334,0.0855507105588913,0,2014,12
-154.59375,45.65625,8.36069965362549,0.280393898487091,0,2014,12
-124.85625,45.50625,12.4188585281372,0.531773447990417,0,2014,12
-152.11875,43.25625,10.2845678329468,0.326490521430969,0,2014,12
-123.50625,37.85625,15.6812334060669,0.563680052757263,0,2014,12
-125.41875,42.73125,13.4508829116821,0.792525231838226,0,2014,12
-142.44375,29.04375,20.7199440002441,0.0858313664793968,0,2014,12
-137.49375,30.20625,20.4705352783203,0.0829680636525154,0,2014,12
-154.81875,44.34375,9.24347305297852,0.673428595066071,0,2014,12
-125.41875,26.90625,20.8308944702148,0.0546652004122734,0,2014,12
-134.34375,29.11875,20.626932144165,0.0704296007752419,0,2014,12
-150.80625,44.34375,9.39881229400635,0.351683557033539,0,2014,12
-158.56875,42.54375,9.91130065917969,0.421975135803223,0,2014,12
-133.51875,28.93125,20.7712173461914,0.0635510608553886,0,2014,12
-135.09375,29.64375,20.5671863555908,0.065931424498558,0,2014,12
-125.26875,42.13125,13.6836519241333,0.643404543399811,0,2014,12
-133.10625,28.10625,21.2207126617432,0.0754068419337273,0,2014,12
-137.68125,29.19375,20.796142578125,0.0789172649383545,0,2014,12
-151.10625,43.51875,10.0271902084351,0.317028075456619,0,2014,12
-126.01875,27.01875,21.1330604553223,0.059066541492939,0,2014,12
-126.31875,26.34375,21.3029937744141,0.0592598915100098,0,2014,12
-130.78125,25.96875,21.5260620117188,0.0579334944486618,0,2014,12
-134.86875,28.59375,21.0653247833252,0.0812286883592606,0,2014,12
-148.78125,45.84375,9.03082084655762,0.354485929012299,0,2014,12
-141.16875,29.56875,20.48073387146,0.0785846039652824,0,2014,12
-123.95625,38.90625,15.3080987930298,0.678966224193573,0,2014,12
-159.31875,42.35625,10.1227369308472,0.408414006233215,0,2014,12
-129.46875,29.53125,20.4049587249756,0.0627962723374367,0,2014,12
-149.23125,44.08125,10.1413803100586,0.407639265060425,0,2014,12
-142.44375,29.19375,20.7274341583252,0.0908734872937202,0,2014,12
-154.74375,45.54375,8.62415790557861,0.573584198951721,0,2014,12
-137.11875,28.06875,21.1064357757568,0.0736741721630096,0,2014,12
-120.65625,26.26875,20.9185485839844,0.122391693294048,0,2014,12
-128.23125,28.59375,20.5630054473877,0.060102540999651,0,2014,12
-153.50625,42.99375,9.85445976257324,0.319346368312836,0,2014,12
-142.36875,28.93125,20.7187595367432,0.092713825404644,0,2014,12
-131.19375,26.68125,21.3802528381348,0.0713940188288689,0,2014,12
-118.78125,27.24375,20.8444137573242,0.223386317491531,0,2014,12
-132.95625,26.34375,21.4760856628418,0.0680547878146172,0,2014,12
-130.85625,26.68125,21.4595413208008,0.0724378377199173,0,2014,12
-148.29375,44.00625,10.5433206558228,0.360097497701645,0,2014,12
-156.16875,42.95625,10.1535816192627,0.320214956998825,0,2014,12
-126.16875,30.46875,19.7563934326172,0.0603850707411766,0,2014,12
-132.61875,26.60625,21.4336986541748,0.0741293430328369,0,2014,12
-131.98125,29.15625,20.3713493347168,0.0623024515807629,0,2014,12
-151.51875,43.55625,9.82790946960449,0.323404908180237,0,2014,12
-119.41875,27.54375,20.6352672576904,0.162776067852974,0,2014,12
-153.91875,43.21875,9.49837493896484,0.204388007521629,0,2014,12
-120.09375,26.26875,20.9111404418945,0.15029089152813,0,2014,12
-131.83125,27.46875,21.4306011199951,0.0691254436969757,0,2014,12
-116.41875,28.55625,20.5465316772461,0.249149292707443,0,2014,12
-126.01875,25.29375,21.698356628418,0.0599126592278481,0,2014,12
-131.38125,28.96875,20.6681709289551,0.0597410723567009,0,2014,12
-127.40625,28.06875,20.4180889129639,0.059041041880846,0,2014,12
-132.13125,26.38125,21.4590339660645,0.0671866312623024,0,2014,12
-122.64375,36.84375,15.9501075744629,0.554984092712402,0,2014,12
-118.21875,27.20625,20.7935543060303,0.256959587335587,0,2014,12
-134.23125,29.60625,20.4405040740967,0.0783005505800247,0,2014,12
-132.35625,28.78125,20.7408676147461,0.0620727017521858,0,2014,12
-115.40625,27.24375,21.4272804260254,0.265588045120239,0,2014,12
-125.71875,26.90625,20.9791221618652,0.0555937401950359,0,2014,12
-153.43125,42.73125,10.4020900726318,0.235869571566582,0,2014,12
-130.51875,27.61875,21.0958671569824,0.0600588954985142,0,2014,12
-126.88125,42.80625,12.9064645767212,0.630300641059875,0,2014,12
-155.79375,43.36875,9.77207183837891,0.321941494941711,0,2014,12
-133.70625,28.63125,20.866397857666,0.0666572749614716,0,2014,12
-116.94375,26.11875,21.2230396270752,0.189983114600182,0,2014,12
-127.78125,25.70625,21.3388023376465,0.051283773034811,0,2014,12
-125.11875,41.71875,13.8186206817627,0.704445123672485,0,2014,12
-147.95625,44.64375,10.0792388916016,0.285938739776611,0,2014,12
-138.80625,28.78125,21.0825214385986,0.0752372592687607,0,2014,12
-152.45625,43.03125,10.4253597259521,0.304354637861252,0,2014,12
-132.16875,30.16875,20.0681476593018,0.060431282967329,0,2014,12
-137.64375,27.54375,21.4220409393311,0.0659221261739731,0,2014,12
-157.51875,42.58125,10.4225769042969,0.359933197498322,0,2014,12
-123.54375,25.25625,21.2659797668457,0.0714124143123627,0,2014,12
-116.49375,28.81875,20.3745098114014,0.221098616719246,0,2014,12
-137.38125,30.65625,20.2611808776855,0.0923960283398628,0,2014,12
-136.25625,28.93125,20.6954860687256,0.0679234489798546,0,2014,12
-135.20625,28.63125,21.163158416748,0.0686605721712112,0,2014,12
-130.18125,27.69375,21.0438957214355,0.0680004507303238,0,2014,12
-119.00625,26.90625,20.8220844268799,0.193247243762016,0,2014,12
-159.39375,42.35625,10.1215744018555,0.383376181125641,0,2014,12
-128.15625,26.53125,21.3786201477051,0.0582935251295567,0,2014,12
-120.24375,27.65625,20.4835758209229,0.148806095123291,0,2014,12
-142.59375,27.95625,21.9248142242432,0.0973717868328094,0,2014,12
-150.91875,43.70625,9.98060035705566,0.294497549533844,0,2014,12
-124.14375,41.23125,14.5085496902466,2.49608564376831,0,2014,12
-139.51875,27.61875,21.8353672027588,0.0807490721344948,0,2014,12
-128.34375,27.46875,21.203649520874,0.0633036717772484,0,2014,12
-120.58125,27.35625,20.589168548584,0.129729405045509,0,2014,12
-120.24375,27.01875,20.6321716308594,0.134380042552948,0,2014,12
-155.53125,43.78125,9.65169334411621,0.307830780744553,0,2014,12
-125.68125,41.34375,13.6096200942993,0.530506551265717,0,2014,12
-126.20625,26.90625,21.2662448883057,0.0626338347792625,0,2014,12
-158.98125,42.09375,10.2336359024048,0.366836339235306,0,2014,12
-143.98125,28.89375,21.5104579925537,0.0992019698023796,0,2014,12
-132.05625,27.65625,21.4569549560547,0.0695158839225769,0,2014,12
-122.19375,25.44375,21.2147407531738,0.0695030018687248,0,2014,12
-134.53125,29.71875,20.4364757537842,0.0695748180150986,0,2014,12
-155.98125,43.21875,9.99282646179199,0.316532582044601,0,2014,12
-128.34375,30.61875,19.7610874176025,0.060701496899128,0,2014,12
-120.24375,26.98125,20.6553573608398,0.143592700362206,0,2014,12
-118.40625,25.70625,21.4908237457275,0.0906281396746635,0,2014,12
-147.76875,44.86875,10.0607843399048,0.457144021987915,0,2014,12
-147.05625,45.76875,10.0519886016846,0.276523768901825,0,2014,12
-122.15625,36.46875,15.8789463043213,0.727511644363403,0,2014,12
-135.13125,30.13125,20.4748439788818,0.0771744027733803,0,2014,12
-113.79375,26.45625,22.1458110809326,0.281723171472549,0,2014,12
-128.86875,27.46875,21.2561569213867,0.0627668052911758,0,2014,12
-114.58125,26.83125,21.787281036377,0.20385816693306,0,2014,12
-128.56875,29.79375,20.0816783905029,0.059110164642334,0,2014,12
-123.65625,26.11875,21.2661514282227,0.0729605257511139,0,2014,12
-124.25625,39.50625,15.2458057403564,0.67007440328598,0,2014,12
-142.14375,30.58125,20.5227699279785,0.0996995717287064,0,2014,12
-147.88125,44.08125,10.5719804763794,0.313759237527847,0,2014,12
-136.03125,28.44375,20.9007911682129,0.0673608407378197,0,2014,12
-152.98125,44.41875,9.45489883422852,0.309357494115829,0,2014,12
-151.55625,43.33125,9.98680877685547,0.319404572248459,0,2014,12
-133.63125,28.74375,20.8618927001953,0.061836950480938,0,2014,12
-116.64375,31.51875,17.8953514099121,2.30405569076538,0,2014,12
-137.19375,27.61875,21.4329395294189,0.0612967498600483,0,2014,12
-129.61875,28.14375,20.9412307739258,0.0658141225576401,0,2014,12
-124.14375,27.95625,20.3203105926514,0.0713232383131981,0,2014,12
-154.74375,43.74375,9.52692317962646,0.673808753490448,0,2014,12
-122.04375,27.24375,21.2686824798584,0.0862005650997162,0,2014,12
-138.58125,27.20625,22.0784206390381,0.0787823498249054,0,2014,12
-128.98125,26.23125,21.4748497009277,0.0588757582008839,0,2014,12
-155.34375,44.19375,9.37855529785156,0.803917586803436,0,2014,12
-134.53125,26.49375,21.5321941375732,0.0610318519175053,0,2014,12
-136.40625,28.85625,20.811393737793,0.0705741494894028,0,2014,12
-155.75625,44.64375,9.07693767547607,0.49627473950386,0,2014,12
-149.15625,44.26875,10.1139535903931,0.324088424444199,0,2014,12
-139.18125,28.06875,21.6381282806396,0.0753555148839951,0,2014,12
-115.85625,28.29375,20.3662738800049,0.310720354318619,0,2014,12
-124.48125,38.49375,15.7539615631104,0.547433078289032,0,2014,12
-124.44375,42.39375,14.050630569458,4.32295274734497,0,2014,12
-145.14375,45.16875,10.5336055755615,0.325972497463226,0,2014,12
-135.95625,27.09375,21.565149307251,0.0570167005062103,0,2014,12
-124.21875,28.89375,20.0264091491699,0.0613827556371689,0,2014,12
-119.49375,25.96875,20.9103374481201,0.164119616150856,0,2014,12
-129.46875,29.56875,20.3656768798828,0.0623265616595745,0,2014,12
-123.31875,26.34375,21.1757259368896,0.075264535844326,0,2014,12
-156.43125,44.38125,9.16332054138184,0.444766104221344,0,2014,12
-126.91875,42.58125,13.1144781112671,0.624325394630432,0,2014,12
-138.05625,28.55625,21.2350940704346,0.0745925381779671,0,2014,12
-120.84375,27.16875,20.6938457489014,0.109915435314178,0,2014,12
-132.65625,27.09375,21.4825820922852,0.0731277614831924,0,2014,12
-148.36875,45.35625,9.69206047058105,0.43965357542038,0,2014,12
-116.71875,27.73125,20.83203125,0.307774752378464,0,2014,12
-132.46875,28.96875,20.6456604003906,0.071878008544445,0,2014,12
-128.71875,27.76875,21.0920257568359,0.0659664422273636,0,2014,12
-126.80625,26.83125,21.1401863098145,0.0548546798527241,0,2014,12
-124.18125,44.64375,13.283275604248,1.04680156707764,0,2014,12
-125.41875,27.31875,20.7143268585205,0.0544366464018822,0,2014,12
-135.24375,27.13125,21.5180721282959,0.0702201873064041,0,2014,12
-154.55625,44.26875,9.09039497375488,0.733718514442444,0,2014,12
-121.59375,26.15625,21.4403324127197,0.0700970813632011,0,2014,12
-134.71875,29.15625,20.6256523132324,0.0655249357223511,0,2014,12
-153.28125,43.18125,9.80043315887451,0.251307010650635,0,2014,12
-135.16875,26.45625,21.5611267089844,0.0633001327514648,0,2014,12
-117.61875,25.48125,21.3360996246338,0.0997497886419296,0,2014,12
-126.91875,43.59375,12.3684167861938,0.54424512386322,0,2014,12
-154.93125,44.68125,9.11876010894775,0.823612093925476,0,2014,12
-149.34375,45.09375,9.68180656433105,0.324710965156555,0,2014,12
-120.50625,26.94375,20.6949005126953,0.13842436671257,0,2014,12
-131.34375,27.73125,21.2282981872559,0.0722825676202774,0,2014,12
-152.75625,43.40625,10.3850336074829,0.325874477624893,0,2014,12
-135.91875,29.34375,20.549732208252,0.0680282935500145,0,2014,12
-124.10625,45.35625,13.0884389877319,0.535427093505859,0,2014,12
-119.90625,26.60625,20.9187049865723,0.159087121486664,0,2014,12
-154.18125,44.19375,9.11491775512695,0.389494746923447,0,2014,12
-125.34375,42.99375,13.4586448669434,0.625495433807373,0,2014,12
-136.70625,28.81875,20.7882709503174,0.0762283504009247,0,2014,12
-114.84375,28.55625,20.3475513458252,0.378283023834229,0,2014,12
-155.86875,42.99375,10.0075359344482,0.44813796877861,0,2014,12
-133.10625,29.00625,20.7812042236328,0.0655002072453499,0,2014,12
-118.40625,25.29375,21.8125,0.0923355668783188,0,2014,12
-130.51875,29.41875,20.4236068725586,0.058653961867094,0,2014,12
-117.16875,28.29375,21.0189208984375,0.282555222511292,0,2014,12
-121.29375,27.16875,21.0103759765625,0.101635426282883,0,2014,12
-134.08125,26.49375,21.5167827606201,0.0605945289134979,0,2014,12
-125.53125,31.48125,19.4388408660889,0.0592390671372414,0,2014,12
-126.39375,27.31875,21.0037479400635,0.0614237040281296,0,2014,12
-156.05625,45.43125,8.57508850097656,0.213648870587349,0,2014,12
-152.41875,44.90625,9.2226448059082,0.301703274250031,0,2014,12
-133.55625,26.38125,21.5371437072754,0.0613244511187077,0,2014,12
-138.39375,28.93125,21.0236701965332,0.0796438604593277,0,2014,12
-132.76875,27.46875,21.4350109100342,0.072804369032383,0,2014,12
-124.33125,27.69375,20.3807754516602,0.0648519247770309,0,2014,12
-126.31875,28.21875,19.9066219329834,0.0611923187971115,0,2014,12
-149.49375,44.53125,9.9058141708374,0.381653606891632,0,2014,12
-126.43125,29.79375,19.7553367614746,0.0612157881259918,0,2014,12
-122.26875,25.66875,21.0986099243164,0.0657062977552414,0,2014,12
-133.18125,28.63125,20.9403839111328,0.0669914186000824,0,2014,12
-124.96875,26.41875,21.3273582458496,0.0662073418498039,0,2014,12
-129.88125,25.93125,21.6501445770264,0.0566379204392433,0,2014,12
-123.39375,25.96875,21.2043685913086,0.0672423169016838,0,2014,12
-125.30625,43.10625,13.4673414230347,0.605708479881287,0,2014,12
-142.29375,28.55625,21.1338119506836,0.0918454229831696,0,2014,12
-156.65625,43.25625,10.3694171905518,0.299771040678024,0,2014,12
-159.76875,41.60625,10.5503015518188,0.403110504150391,0,2014,12
-121.66875,35.98125,16.2140617370605,0.885657668113708,0,2014,12
-153.84375,43.29375,9.47498893737793,0.197618365287781,0,2014,12
-116.79375,28.51875,21.075855255127,0.293317258358002,0,2014,12
-156.20625,43.21875,10.1441106796265,0.394153386354446,0,2014,12
-135.35625,30.61875,20.292537689209,0.0668715387582779,0,2014,12
-156.31875,41.68125,10.6380195617676,0.312158405780792,0,2014,12
-138.28125,26.90625,22.055965423584,0.0701186656951904,0,2014,12
-136.70625,29.19375,20.6354999542236,0.0698050260543823,0,2014,12
-126.28125,26.30625,21.2862586975098,0.0562208406627178,0,2014,12
-156.39375,44.86875,8.74596405029297,0.21733270585537,0,2014,12
-148.29375,43.85625,10.5414180755615,0.364470392465591,0,2014,12
-131.04375,27.84375,20.9848899841309,0.0650564134120941,0,2014,12
-131.68125,27.35625,21.4109745025635,0.0646090358495712,0,2014,12
-138.35625,27.28125,21.9784164428711,0.0707082152366638,0,2014,12
-126.50625,25.78125,21.3207721710205,0.0561127699911594,0,2014,12
-135.76875,29.90625,20.317138671875,0.0745727345347404,0,2014,12
-129.46875,28.81875,20.7091865539551,0.0649677366018295,0,2014,12
-127.06875,27.16875,21.0772190093994,0.0535396710038185,0,2014,12
-134.71875,29.98125,20.4057769775391,0.0660788789391518,0,2014,12
-124.81875,41.94375,14.2300567626953,0.996818482875824,0,2014,12
-124.93125,28.40625,20.2513465881348,0.0628553330898285,0,2014,12
-127.36875,43.51875,12.4838695526123,0.528143167495728,0,2014,12
-125.04375,41.26875,14.1124210357666,0.686335206031799,0,2014,12
-133.10625,26.68125,21.4554996490479,0.0721225365996361,0,2014,12
-154.78125,44.26875,9.2161111831665,0.423918634653091,0,2014,12
-137.30625,29.90625,20.4040336608887,0.0867560356855392,0,2014,12
-118.14375,26.98125,20.8164710998535,0.245769307017326,0,2014,12
-125.98125,26.90625,21.2738952636719,0.0573731549084187,0,2014,12
-140.86875,28.29375,21.4733295440674,0.0840260908007622,0,2014,12
-118.33125,27.43125,20.7529888153076,0.251767814159393,0,2014,12
-126.20625,30.88125,19.7113838195801,0.0632160007953644,0,2014,12
-154.66875,45.65625,8.47916316986084,0.398052752017975,0,2014,12
-122.98125,25.85625,21.1409511566162,0.0745398178696632,0,2014,12
-121.03125,34.93125,16.8780517578125,0.602737307548523,0,2014,12
-130.40625,29.15625,20.6159362792969,0.0566778667271137,0,2014,12
-137.56875,28.06875,21.2859802246094,0.0685841590166092,0,2014,12
-122.30625,36.05625,15.7608509063721,0.774835467338562,0,2014,12
-117.46875,28.25625,20.8817844390869,0.274706691503525,0,2014,12
-129.28125,27.50625,21.1941242218018,0.062198780477047,0,2014,12
-130.93125,27.80625,20.9315567016602,0.0586586147546768,0,2014,12
-126.73125,42.76875,12.9698734283447,0.533693194389343,0,2014,12
-154.03125,42.91875,9.83154010772705,0.396766573190689,0,2014,12
-142.40625,29.64375,20.8698863983154,0.0876176953315735,0,2014,12
-135.88125,26.38125,21.6384201049805,0.0808239355683327,0,2014,12
-128.68125,29.86875,20.0454425811768,0.0537313334643841,0,2014,12
-120.95625,27.01875,20.7395267486572,0.106656424701214,0,2014,12
-123.88125,38.38125,15.6677179336548,0.719257593154907,0,2014,12
-128.45625,27.58125,21.1209201812744,0.0634291991591454,0,2014,12
-133.55625,27.88125,21.220552444458,0.0729621574282646,0,2014,12
-141.20625,27.88125,21.807035446167,0.083515502512455,0,2014,12
-124.51875,42.13125,14.2338647842407,1.63798296451569,0,2014,12
-150.46875,45.43125,9.61459064483643,0.0877532884478569,0,2014,12
-156.24375,41.79375,10.5047435760498,1.48614239692688,0,2014,12
-157.21875,43.74375,9.68746852874756,0.36161282658577,0,2014,12
-144.50625,29.38125,20.6516876220703,0.091082751750946,0,2014,12
-157.03125,43.51875,10.1488962173462,0.329921871423721,0,2014,12
-131.11875,27.58125,21.2188720703125,0.0707209557294846,0,2014,12
-158.49375,42.39375,10.0804061889648,0.483648866415024,0,2014,12
-135.58125,26.71875,21.5402736663818,0.0675491988658905,0,2014,12
-125.11875,28.03125,20.3096179962158,0.0583545342087746,0,2014,12
-135.88125,28.59375,20.9556159973145,0.0697746947407722,0,2014,12
-137.11875,26.60625,21.7216625213623,0.0664873421192169,0,2014,12
-144.31875,40.70625,12.8551683425903,0.935622334480286,0,2014,12
-118.70625,27.50625,20.7465515136719,0.213803082704544,0,2014,12
-117.95625,25.48125,21.458703994751,0.0938405245542526,0,2014,12
-128.00625,29.23125,20.3233299255371,0.0642046183347702,0,2014,12
-117.50625,28.29375,20.8817119598389,0.262706518173218,0,2014,12
-153.35625,44.26875,9.46813011169434,0.475829601287842,0,2014,12
-137.60625,27.39375,21.4493713378906,0.0671662017703056,0,2014,12
-153.16875,45.46875,8.95088195800781,0.257291942834854,0,2014,12
-128.26875,27.39375,21.1787166595459,0.0635943412780762,0,2014,12
-126.54375,43.14375,12.7637338638306,0.615606904029846,0,2014,12
-149.94375,44.26875,9.82626914978027,0.407513320446014,0,2014,12
-140.79375,28.96875,20.9829063415527,0.0837695598602295,0,2014,12
-127.85625,26.90625,21.3048858642578,0.0603549182415009,0,2014,12
-153.01875,43.78125,10.2080049514771,0.321719855070114,0,2014,12
-125.41875,40.06875,14.5553884506226,0.831973314285278,0,2014,12
-140.53125,29.41875,20.7599868774414,0.0874151811003685,0,2014,12
-120.39375,25.55625,21.193567276001,0.0856281220912933,0,2014,12
-131.71875,42.54375,13.8379364013672,0.571962237358093,0,2014,12
-124.81875,26.45625,21.0509281158447,0.0640755593776703,0,2014,12
-141.69375,28.89375,21.0862426757812,0.0879988521337509,0,2014,12
-129.35625,26.49375,21.4126987457275,0.0612484440207481,0,2014,12
-129.16875,26.11875,21.5058765411377,0.0591562576591969,0,2014,12
-125.23125,27.24375,20.6534481048584,0.0611653439700603,0,2014,12
-154.93125,44.04375,9.37526321411133,0.254744470119476,0,2014,12
-130.81875,28.74375,20.8624477386475,0.0625893175601959,0,2014,12
-133.14375,28.81875,20.8555946350098,0.0637915208935738,0,2014,12
-133.78125,26.60625,21.4556674957275,0.0686108618974686,0,2014,12
-125.26875,41.53125,13.6837034225464,0.768576204776764,0,2014,12
-126.16875,43.63125,12.8002290725708,0.618521749973297,0,2014,12
-124.29375,37.55625,15.9769353866577,0.60459178686142,0,2014,12
-141.54375,29.98125,20.4408321380615,0.0796886757016182,0,2014,12
-138.20625,29.15625,20.8680267333984,0.0762432143092155,0,2014,12
-150.05625,45.46875,9.60352230072021,0.223728403449059,0,2014,12
-158.23125,43.55625,9.70232677459717,0.362813264131546,0,2014,12
-132.28125,26.68125,21.3771228790283,0.0669004991650581,0,2014,12
-150.91875,42.84375,10.56165599823,0.346955716609955,0,2014,12
-150.54375,44.45625,9.4563045501709,0.40979740023613,0,2014,12
-134.68125,29.45625,20.5656204223633,0.0674363449215889,0,2014,12
-134.60625,29.68125,20.4427528381348,0.0644251555204391,0,2014,12
-130.66875,29.38125,20.4221000671387,0.0616386793553829,0,2014,12
-138.16875,28.40625,21.2059535980225,0.0707313641905785,0,2014,12
-126.24375,25.25625,21.5731353759766,0.0590432174503803,0,2014,12
-138.58125,29.68125,20.35400390625,0.0922168269753456,0,2014,12
-135.13125,30.01875,20.4963436126709,0.0670461133122444,0,2014,12
-125.79375,26.53125,21.4047164916992,0.0575964525341988,0,2014,12
-131.30625,28.81875,20.7731075286865,0.065889336168766,0,2014,12
-138.31875,30.16875,20.409782409668,0.0799907445907593,0,2014,12
-128.79375,28.36875,20.5675945281982,0.0621721297502518,0,2014,12
-131.86875,28.70625,20.6160411834717,0.0610516481101513,0,2014,12
-123.24375,25.59375,21.2817840576172,0.0661032423377037,0,2014,12
-121.85625,27.61875,20.989143371582,0.0880531892180443,0,2014,12
-154.40625,44.90625,8.73523426055908,0.511643409729004,0,2014,12
-124.63125,46.93125,12.1793842315674,0.932096540927887,0,2014,12
-124.10625,38.56875,15.5889768600464,0.793279945850372,0,2014,12
-155.79375,44.60625,9.02797508239746,0.552668929100037,0,2014,12
-143.86875,45.54375,10.4854755401611,0.53661048412323,0,2014,12
-121.36875,26.41875,21.3194122314453,0.0839720070362091,0,2014,12
-148.66875,45.31875,9.51497554779053,0.410317718982697,0,2014,12
-153.95625,43.36875,9.43084716796875,0.34926164150238,0,2014,12
-133.36875,27.69375,21.2661933898926,0.0734170600771904,0,2014,12
-121.85625,26.83125,21.3715019226074,0.0948185697197914,0,2014,12
-154.85625,42.91875,9.98462009429932,0.21997956931591,0,2014,12
-150.39375,43.93125,10.013786315918,0.390251904726028,0,2014,12
-142.66875,30.05625,20.7023544311523,0.0843957960605621,0,2014,12
-142.40625,30.65625,20.3897705078125,0.0984197407960892,0,2014,12
-118.40625,27.58125,20.7613182067871,0.239329025149345,0,2014,12
-137.34375,29.23125,20.727783203125,0.078447051346302,0,2014,12
-120.13125,27.76875,20.4446067810059,0.133301183581352,0,2014,12
-135.20625,30.20625,20.4390048980713,0.075737826526165,0,2014,12
-131.56875,27.76875,21.1654281616211,0.0773655474185944,0,2014,12
-131.34375,27.65625,21.2661781311035,0.0753752887248993,0,2014,12
-155.68125,42.16875,10.2708854675293,0.275360941886902,0,2014,12
-133.63125,25.93125,21.5961513519287,0.062832809984684,0,2014,12
-122.23125,25.78125,21.1692390441895,0.074996218085289,0,2014,12
-135.35625,29.71875,20.4724617004395,0.0700120627880096,0,2014,12
-116.08125,27.16875,21.4581737518311,0.27063724398613,0,2014,12
-137.60625,27.43125,21.4477424621582,0.0701404586434364,0,2014,12
-151.66875,44.26875,9.53763866424561,0.323420137166977,0,2014,12
-117.95625,27.61875,20.7269821166992,0.276726961135864,0,2014,12
-138.99375,29.98125,20.3247089385986,0.0751757100224495,0,2014,12
-151.81875,44.79375,9.01432609558105,0.253514051437378,0,2014,12
-124.63125,28.81875,20.0325260162354,0.0609377399086952,0,2014,12
-125.30625,42.69375,13.5631103515625,0.70266205072403,0,2014,12
-152.30625,45.69375,8.56353759765625,0.188071519136429,0,2014,12
-129.24375,28.96875,20.4252052307129,0.0595309175550938,0,2014,12
-126.46875,27.54375,20.667366027832,0.0580963902175426,0,2014,12
-118.03125,26.04375,21.2193489074707,0.115261659026146,0,2014,12
-138.54375,28.36875,21.2874450683594,0.0723657608032227,0,2014,12
-122.68125,37.29375,15.694580078125,0.757891952991486,0,2014,12
-133.40625,28.21875,21.0815849304199,0.0650326609611511,0,2014,12
-137.90625,26.38125,21.9886627197266,0.0682185441255569,0,2014,12
-126.65625,45.28125,11.6978664398193,0.556963384151459,0,2014,12
-137.30625,26.30625,21.947151184082,0.0801811292767525,0,2014,12
-130.74375,28.48125,20.8435173034668,0.0650440528988838,0,2014,12
-150.24375,44.71875,9.58324527740479,0.286286413669586,0,2014,12
-117.54375,28.14375,20.8910808563232,0.307259202003479,0,2014,12
-118.55625,27.73125,20.6576995849609,0.20490175485611,0,2014,12
-133.25625,26.34375,21.5420627593994,0.0686414241790771,0,2014,12
-141.61875,28.78125,21.1745796203613,0.0904359668493271,0,2014,12
-124.2441,27.788622,19.45633,0.07381256,1,2015,1
-124.23731,27.793224,19.46455,0.07823871,1,2015,1
-124.298584,27.797808,19.430895,0.077064335,1,2015,1
-124.11875,27.799868,19.468903,0.073965214,1,2015,1
-124.325966,27.800041,19.416693,0.07175644,1,2015,1
-124.17363,27.800102,19.474104,0.07423916,1,2015,1
-124.382744,27.806543,19.415838,0.07223723,1,2015,1
-124.39319,27.806843,19.41851,0.07313127,1,2015,1
-124.03888,27.808525,19.433907,0.0756912,1,2015,1
-124.0603,27.813015,19.454874,0.071046524,1,2015,1
-124.44757,27.81848,19.413624,0.074842826,1,2015,1
-123.97345,27.827787,19.392376,0.077679,1,2015,1
-123.90279,27.833942,19.35151,0.075956434,1,2015,1
-124.37264,27.834108,19.379871,0.07533864,1,2015,1
-123.89148,27.834227,19.317429,0.07603252,1,2015,1
-124.45269,27.841705,19.401596,0.071000226,1,2015,1
-124.49523,27.843756,19.408249,0.07400007,1,2015,1
-124.51056,27.848345,19.406776,0.0735177,1,2015,1
-124.79824,27.848892,19.478922,0.07091889,1,2015,1
-123.85067,27.85126,19.308905,0.08050773,1,2015,1
-124.544785,27.852953,19.39849,0.06877661,1,2015,1
-124.864586,27.85584,19.48717,0.07363007,1,2015,1
-124.59482,27.857374,19.406313,0.07532994,1,2015,1
-124.02995,27.86041,19.415049,0.07651274,1,2015,1
-124.66529,27.860584,19.440893,0.07663214,1,2015,1
-124.94103,27.86381,19.49486,0.074167214,1,2015,1
-123.763824,27.865662,19.335896,0.08157603,1,2015,1
-123.956215,27.867657,19.370708,0.079714,1,2015,1
-124.99462,27.870346,19.500818,0.06923848,1,2015,1
-124.599266,27.877703,19.405392,0.07312401,1,2015,1
-123.68758,27.878443,19.38146,0.08192965,1,2015,1
-123.87696,27.879328,19.315836,0.07677621,1,2015,1
-125.06004,27.880707,19.516205,0.07360718,1,2015,1
-123.60784,27.88478,19.394255,0.08400386,1,2015,1
-123.805275,27.887186,19.321352,0.08119277,1,2015,1
-125.09324,27.891254,19.521044,0.07382989,1,2015,1
-123.52568,27.893755,19.387901,0.08027455,1,2015,1
-123.73488,27.893795,19.35766,0.08194387,1,2015,1
-125.16177,27.898182,19.552938,0.0765374,1,2015,1
-125.17742,27.898457,19.584059,0.07718728,1,2015,1
-123.66447,27.900818,19.40923,0.08191476,1,2015,1
-124.65708,27.900908,19.44761,0.074076936,1,2015,1
-123.59636,27.904533,19.42239,0.08479979,1,2015,1
-123.44845,27.909834,19.45377,0.08858063,1,2015,1
-124.69642,27.91089,19.449562,0.073028095,1,2015,1
-123.529396,27.911484,19.421701,0.08765585,1,2015,1
-125.23027,27.913683,19.618357,0.074833214,1,2015,1
-123.472046,27.91464,19.443508,0.08863298,1,2015,1
-123.09664,27.9165,19.535933,0.08260283,1,2015,1
-123.34551,27.917595,19.436827,0.08837443,1,2015,1
-123.02765,27.918423,19.584248,0.08777095,1,2015,1
-123.15637,27.92144,19.492718,0.08396878,1,2015,1
-123.27885,27.922264,19.450644,0.08894063,1,2015,1
-123.21166,27.923706,19.483679,0.08425059,1,2015,1
-122.983635,27.925299,19.594175,0.08648681,1,2015,1
-125.29286,27.925875,19.667124,0.07470785,1,2015,1
-124.76204,27.926884,19.459652,0.07468831,1,2015,1
-122.91396,27.931856,19.633797,0.08642942,1,2015,1
-122.84292,27.939617,19.666409,0.09077736,1,2015,1
-124.83144,27.940247,19.503532,0.071822524,1,2015,1
-123.27757,27.941513,19.463022,0.0862536,1,2015,1
-125.348175,27.942112,19.715853,0.0732964,1,2015,1
-122.773506,27.947687,19.727512,0.086566575,1,2015,1
-124.89771,27.948626,19.51236,0.072747014,1,2015,1
-123.19239,27.957438,19.467402,0.08422099,1,2015,1
-125.40228,27.95827,19.802479,0.06825234,1,2015,1
-122.70256,27.960142,19.75232,0.09064645,1,2015,1
-122.69628,27.960735,19.7776,0.08674599,1,2015,1
-124.964935,27.961184,19.510635,0.07485695,1,2015,1
-125.04064,27.970951,19.53241,0.07446686,1,2015,1
-123.105385,27.970963,19.524439,0.08173477,1,2015,1
-125.460365,27.972824,19.844013,0.072572574,1,2015,1
-125.1126,27.980852,19.587936,0.073462665,1,2015,1
-123.02379,27.98289,19.562748,0.08664192,1,2015,1
-122.38585,27.9872,19.915625,0.08992487,1,2015,1
-125.521576,27.989235,19.914766,0.06746971,1,2015,1
-122.13584,27.989384,19.799349,0.091316186,1,2015,1
-122.08213,27.990082,19.790432,0.090825334,1,2015,1
-122.18068,27.991598,19.798183,0.08987106,1,2015,1
-122.25662,27.993492,19.839802,0.08963285,1,2015,1
-122.313675,27.993813,19.865425,0.08927476,1,2015,1
-122.01668,27.995031,19.685526,0.09068051,1,2015,1
-121.953384,27.996944,19.616255,0.0909021,1,2015,1
-121.88831,27.999317,19.541037,0.088873535,1,2015,1
-125.185326,28.000832,19.629274,0.07593247,1,2015,1
-121.86721,28.001081,19.518585,0.08799758,1,2015,1
-125.58976,28.001614,19.913374,0.071914904,1,2015,1
-122.94986,28.003256,19.611418,0.08827294,1,2015,1
-121.81572,28.006107,19.492096,0.08978578,1,2015,1
-121.74914,28.013536,19.430122,0.08615332,1,2015,1
-125.64245,28.014257,19.85238,0.06883984,1,2015,1
-121.6856,28.017498,19.35415,0.083217725,1,2015,1
-122.867615,28.018562,19.663038,0.09102234,1,2015,1
-125.263145,28.021603,19.709263,0.07293539,1,2015,1
-121.62097,28.025578,19.303091,0.0860411,1,2015,1
-125.70939,28.027405,19.770142,0.0676624,1,2015,1
-121.60275,28.027609,19.248535,0.08637931,1,2015,1
-125.77385,28.035948,19.72924,0.073672615,1,2015,1
-122.78847,28.03659,19.76216,0.09190935,1,2015,1
-125.84129,28.044275,19.639004,0.07357349,1,2015,1
-125.33252,28.04682,19.762,0.08175478,1,2015,1
-125.90789,28.053667,19.507895,0.07193241,1,2015,1
-122.70598,28.056583,19.805939,0.08990989,1,2015,1
-125.97424,28.059622,19.413874,0.074449144,1,2015,1
-125.37232,28.064283,19.771057,0.07105747,1,2015,1
-126.040886,28.066635,19.287989,0.0717863,1,2015,1
-122.62632,28.073683,19.840391,0.09342362,1,2015,1
-126.10654,28.075598,19.241331,0.073408134,1,2015,1
-126.206474,28.092028,19.066162,0.07614707,1,2015,1
-122.5398,28.095022,19.864126,0.09061176,1,2015,1
-125.46756,28.102398,19.794392,0.07370208,1,2015,1
-126.27412,28.104572,18.968922,0.08064115,1,2015,1
-126.33209,28.112776,18.957212,0.07383743,1,2015,1
-125.48674,28.113176,19.795923,0.0742893,1,2015,1
-122.462845,28.118877,19.859552,0.08891979,1,2015,1
-129.97029,28.123125,20.157515,0.07710807,1,2015,1
-126.43646,28.128183,18.88365,0.07900543,1,2015,1
-126.46341,28.13057,18.897943,0.07556923,1,2015,1
-120.3993,28.131353,18.897379,0.09130878,1,2015,1
-122.41727,28.131453,19.835938,0.09039714,1,2015,1
-120.32151,28.137293,18.893978,0.09585264,1,2015,1
-126.489334,28.137558,18.89828,0.07679426,1,2015,1
-120.472115,28.137629,18.932026,0.09695021,1,2015,1
-120.25691,28.139694,18.86524,0.08877274,1,2015,1
-125.54924,28.140533,19.759333,0.07299628,1,2015,1
-120.54301,28.141617,18.984552,0.09941445,1,2015,1
-120.17864,28.142363,18.863043,0.09067454,1,2015,1
-125.559425,28.143158,19.727453,0.07263586,1,2015,1
-120.5966,28.146257,19.04876,0.10147184,1,2015,1
-121.423035,28.147669,19.216286,0.08235197,1,2015,1
-121.45028,28.148066,19.223078,0.08471574,1,2015,1
-120.61492,28.148678,19.097069,0.100174025,1,2015,1
-121.327835,28.150421,19.234295,0.084039256,1,2015,1
-126.55316,28.151213,18.879309,0.07467553,1,2015,1
-120.09949,28.153278,18.869816,0.09432184,1,2015,1
-121.50473,28.154255,19.211767,0.084065884,1,2015,1
-120.68034,28.155008,19.15206,0.0923904,1,2015,1
-122.33416,28.156437,19.805553,0.091442116,1,2015,1
-120.01745,28.158237,18.863277,0.093697675,1,2015,1
-121.27454,28.158949,19.249346,0.0844089,1,2015,1
-119.97804,28.16176,18.86126,0.090336874,1,2015,1
-121.57989,28.162481,19.210182,0.08483715,1,2015,1
-120.75792,28.163782,19.185205,0.08614783,1,2015,1
-119.93621,28.166061,18.847643,0.09250469,1,2015,1
-121.21056,28.166817,19.244995,0.08586524,1,2015,1
-126.61537,28.166912,18.8617,0.07674863,1,2015,1
-120.95914,28.167706,19.20658,0.08475626,1,2015,1
-121.037766,28.167933,19.224472,0.084812075,1,2015,1
-121.18183,28.169167,19.247864,0.08324656,1,2015,1
-122.259834,28.169952,19.69227,0.09152349,1,2015,1
-125.62656,28.171637,19.609118,0.066933945,1,2015,1
-121.09984,28.171675,19.225922,0.0852435,1,2015,1
-126.69302,28.172287,18.90093,0.068825416,1,2015,1
-120.83268,28.173218,19.216562,0.08308647,1,2015,1
-120.880135,28.174072,19.230637,0.08457272,1,2015,1
-119.85659,28.175375,18.839207,0.086654246,1,2015,1
-121.654106,28.177572,19.248936,0.08677381,1,2015,1
-119.798195,28.182158,18.803751,0.08937939,1,2015,1
-126.73222,28.18422,18.905321,0.070146024,1,2015,1
-121.72826,28.188381,19.409203,0.0827062,1,2015,1
-122.183784,28.188488,19.6332,0.08778529,1,2015,1
-122.174835,28.190977,19.64026,0.08628466,1,2015,1
-121.804146,28.19231,19.521793,0.083548725,1,2015,1
-126.77365,28.19318,18.922955,0.07027272,1,2015,1
-121.999794,28.200193,19.630089,0.08614938,1,2015,1
-121.92995,28.200687,19.601673,0.088127755,1,2015,1
-119.71876,28.201668,18.793896,0.08938499,1,2015,1
-121.87655,28.203634,19.578691,0.08557755,1,2015,1
-126.83573,28.210121,18.974136,0.07705558,1,2015,1
-122.05598,28.210922,19.630066,0.08521125,1,2015,1
-122.092255,28.211073,19.60968,0.085702814,1,2015,1
-119.674446,28.211397,18.803461,0.09005952,1,2015,1
-125.71102,28.212261,19.526083,0.07575902,1,2015,1
-120.48978,28.213535,19.001495,0.096158214,1,2015,1
-126.91814,28.216309,19.033226,0.074390076,1,2015,1
-126.94072,28.216705,19.04452,0.072808124,1,2015,1
-120.45953,28.218176,18.976503,0.100103565,1,2015,1
-120.43947,28.219933,18.959156,0.093456484,1,2015,1
-126.89978,28.222298,19.007048,0.074163355,1,2015,1
-127.00881,28.223782,19.056404,0.0699029,1,2015,1
-120.392334,28.22616,18.956507,0.096435435,1,2015,1
-119.630424,28.226757,18.8075,0.09034949,1,2015,1
-127.0738,28.229227,19.085152,0.07069376,1,2015,1
-120.36787,28.231253,18.940647,0.09749684,1,2015,1
-127.134575,28.23682,19.111876,0.06781648,1,2015,1
-127.18442,28.238276,19.109772,0.06867806,1,2015,1
-120.353264,28.238708,18.937168,0.095695436,1,2015,1
-120.328064,28.244045,18.922316,0.0969525,1,2015,1
-125.77865,28.244593,19.47421,0.073108226,1,2015,1
-119.578835,28.244835,18.797016,0.08826272,1,2015,1
-127.24849,28.248684,19.126595,0.06871655,1,2015,1
-127.27935,28.254673,19.133097,0.069595374,1,2015,1
-120.299385,28.260042,18.904612,0.09681773,1,2015,1
-127.34153,28.265554,19.142727,0.072629094,1,2015,1
-125.84437,28.267418,19.452719,0.07219765,1,2015,1
-120.25515,28.271473,18.88909,0.0956099,1,2015,1
-120.23924,28.275398,18.887615,0.09027698,1,2015,1
-120.220894,28.277775,18.855385,0.08842634,1,2015,1
-127.39927,28.278784,19.141613,0.07429983,1,2015,1
-119.48649,28.280436,18.79566,0.09006684,1,2015,1
-127.43371,28.280783,19.146069,0.07422492,1,2015,1
-127.46295,28.28737,19.154297,0.07343142,1,2015,1
-125.90684,28.295614,19.37049,0.07352603,1,2015,1
-127.526306,28.295956,19.153395,0.07326115,1,2015,1
-127.586235,28.302334,19.159864,0.06957983,1,2015,1
-120.16248,28.306828,18.845194,0.09212876,1,2015,1
-127.65596,28.306917,19.189215,0.072305985,1,2015,1
-119.4086,28.31108,18.74701,0.09025518,1,2015,1
-127.72251,28.314926,19.207668,0.073996425,1,2015,1
-119.384865,28.320675,18.711533,0.09316546,1,2015,1
-120.10347,28.32486,18.87302,0.092691824,1,2015,1
-125.95457,28.326517,19.269619,0.070916526,1,2015,1
-127.78705,28.329733,19.234987,0.0790541,1,2015,1
-125.97849,28.3408,19.20382,0.07771384,1,2015,1
-120.04402,28.34083,18.867296,0.09305259,1,2015,1
-127.85102,28.342487,19.234556,0.07413737,1,2015,1
-126.00322,28.349552,19.15652,0.07040936,1,2015,1
-119.318275,28.349813,18.63999,0.09216711,1,2015,1
-127.91805,28.351812,19.240976,0.07417057,1,2015,1
-119.31682,28.352537,18.624048,0.09454007,1,2015,1
-127.987915,28.356318,19.27193,0.081115864,1,2015,1
-128.05754,28.362984,19.299118,0.07364846,1,2015,1
-119.98193,28.365345,18.848688,0.09773731,1,2015,1
-126.06448,28.369423,19.07975,0.07913569,1,2015,1
-128.1209,28.373383,19.337482,0.08508796,1,2015,1
-119.920456,28.385765,18.84947,0.08852376,1,2015,1
-126.129234,28.39398,19.060602,0.06981388,1,2015,1
-119.20809,28.397982,18.615738,0.11137122,1,2015,1
-119.857155,28.409847,18.859543,0.09124641,1,2015,1
-126.15891,28.412123,19.039415,0.072510675,1,2015,1
-119.14398,28.421997,18.641787,0.11398927,1,2015,1
-119.79351,28.432632,18.828081,0.09152185,1,2015,1
-126.18475,28.435955,19.04482,0.07498457,1,2015,1
-128.39493,28.440006,19.385397,0.066395976,1,2015,1
-119.06822,28.443146,18.673386,0.11895386,1,2015,1
-128.4914,28.450918,19.503529,0.07965522,1,2015,1
-119.721725,28.45489,18.820496,0.08858967,1,2015,1
-128.52655,28.457718,19.531187,0.07291816,1,2015,1
-119.01054,28.45931,18.697756,0.11717924,1,2015,1
-128.59871,28.460161,19.511553,0.07961129,1,2015,1
-119.00849,28.46255,18.722132,0.12132316,1,2015,1
-128.65582,28.465302,19.506874,0.07807893,1,2015,1
-126.23747,28.472359,18.997416,0.07473691,1,2015,1
-119.660904,28.473001,18.783657,0.09044031,1,2015,1
-128.71973,28.478071,19.55732,0.079783745,1,2015,1
-118.97737,28.483217,18.741203,0.12131938,1,2015,1
-128.7867,28.48402,19.597954,0.074118346,1,2015,1
-126.276375,28.48789,18.972723,0.07480274,1,2015,1
-119.6016,28.490276,18.764334,0.09205987,1,2015,1
-128.85535,28.492378,19.634163,0.078267686,1,2015,1
-119.58583,28.495678,18.764738,0.088277474,1,2015,1
-118.946335,28.499216,18.772018,0.12167816,1,2015,1
-118.94535,28.500265,18.772568,0.123458385,1,2015,1
-128.92815,28.508102,19.646585,0.08056921,1,2015,1
-119.48658,28.516117,18.736067,0.09043177,1,2015,1
-119.42963,28.52129,18.683784,0.09265491,1,2015,1
-119.37817,28.523584,18.658316,0.09675701,1,2015,1
-119.32293,28.527073,18.612833,0.101199485,1,2015,1
-128.99237,28.527817,19.636354,0.07937753,1,2015,1
-126.34239,28.529331,18.93479,0.07534945,1,2015,1
-118.90991,28.531298,18.796936,0.1310582,1,2015,1
-119.265755,28.534239,18.62104,0.107193895,1,2015,1
-126.36993,28.539713,18.948072,0.07301927,1,2015,1
-119.20925,28.541212,18.63702,0.11776879,1,2015,1
-129.06198,28.545527,19.579742,0.07562582,1,2015,1
-119.15627,28.547707,18.640574,0.12619507,1,2015,1
-119.13311,28.555685,18.659912,0.12504192,1,2015,1
-126.40106,28.556185,18.912642,0.07565397,1,2015,1
-118.859604,28.561563,18.91129,0.14888619,1,2015,1
-129.13316,28.567202,19.560276,0.071940914,1,2015,1
-119.072464,28.570755,18.714495,0.12471691,1,2015,1
-126.4439,28.58069,18.877167,0.072980985,1,2015,1
-119.014114,28.584536,18.789566,0.13318497,1,2015,1
-118.8131,28.584562,19.03759,0.17651795,1,2015,1
-118.79988,28.59143,19.116526,0.20216021,1,2015,1
-129.24683,28.599064,19.552992,0.06877633,1,2015,1
-129.26785,28.603073,19.557426,0.06972259,1,2015,1
-118.96201,28.603924,18.824947,0.13791583,1,2015,1
-118.76171,28.608126,19.169685,0.20283702,1,2015,1
-118.75071,28.612576,19.16059,0.20793088,1,2015,1
-126.49881,28.612923,18.862612,0.07715845,1,2015,1
-129.34184,28.625608,19.589428,0.07301451,1,2015,1
-118.90202,28.62642,18.895166,0.15824506,1,2015,1
-118.71653,28.630598,19.171896,0.21352863,1,2015,1
-129.40639,28.639322,19.581057,0.0752729,1,2015,1
-126.56076,28.643543,18.85512,0.07331871,1,2015,1
-118.85186,28.645878,18.96115,0.16249007,1,2015,1
-129.47533,28.6478,19.557455,0.07253651,1,2015,1
-118.82793,28.654081,19.02975,0.20121613,1,2015,1
-126.610146,28.668295,18.830688,0.07567942,1,2015,1
-118.65753,28.67196,19.191555,0.21396948,1,2015,1
-118.77087,28.67247,19.09626,0.19275494,1,2015,1
-118.75412,28.675673,19.139769,0.21340527,1,2015,1
-118.7163,28.686481,19.150013,0.20811693,1,2015,1
-118.692894,28.69477,19.116755,0.20267734,1,2015,1
-129.82716,28.699997,19.671124,0.072064996,1,2015,1
-126.65609,28.704733,18.832268,0.071480826,1,2015,1
-118.606285,28.708649,19.09698,0.2265105,1,2015,1
-129.87263,28.709467,19.672834,0.072864644,1,2015,1
-118.65088,28.713058,19.168089,0.21249709,1,2015,1
-129.9355,28.721811,19.680029,0.07687063,1,2015,1
-130.00874,28.734497,19.675241,0.07251621,1,2015,1
-118.593346,28.735573,19.066383,0.2193895,1,2015,1
-126.71645,28.735863,18.840593,0.07371957,1,2015,1
-118.57123,28.742702,18.984814,0.21463689,1,2015,1
-130.08066,28.74485,19.690174,0.075492956,1,2015,1
-118.52273,28.756586,18.902782,0.22726205,1,2015,1
-130.14111,28.757027,19.722706,0.0730748,1,2015,1
-118.52305,28.763346,18.89402,0.21095087,1,2015,1
-130.18901,28.764736,19.729786,0.07058977,1,2015,1
-126.76962,28.771858,18.856468,0.074901834,1,2015,1
-118.498535,28.775475,18.877975,0.22047469,1,2015,1
-130.24854,28.776365,19.792526,0.072966516,1,2015,1
-118.45354,28.790752,18.861034,0.22314914,1,2015,1
-130.30992,28.796007,19.842987,0.06939811,1,2015,1
-126.811356,28.800646,18.849842,0.073155895,1,2015,1
-118.399765,28.812498,18.84685,0.22039443,1,2015,1
-118.382,28.82187,18.831417,0.22091492,1,2015,1
-130.42087,28.826736,19.872704,0.07261973,1,2015,1
-130.43024,28.831205,19.875967,0.07746735,1,2015,1
-126.864044,28.832073,18.860075,0.07522964,1,2015,1
-118.35145,28.838757,18.808424,0.21788445,1,2015,1
-118.3368,28.849958,18.766754,0.22178426,1,2015,1
-126.90438,28.851206,18.830124,0.07505586,1,2015,1
-130.49113,28.855936,19.882856,0.07224433,1,2015,1
-118.297485,28.859928,18.722507,0.25570744,1,2015,1
-126.93901,28.873259,18.861265,0.07780208,1,2015,1
-118.28853,28.87584,18.659292,0.34655,1,2015,1
-126.94794,28.876415,18.839027,0.075687215,1,2015,1
-118.403656,28.877155,18.82156,0.2237751,1,2015,1
-130.55371,28.877583,19.85229,0.07328736,1,2015,1
-118.94654,28.879354,18.783508,0.15527667,1,2015,1
-118.27289,28.8805,18.679056,0.2637737,1,2015,1
-118.87954,28.881859,18.820595,0.1750705,1,2015,1
-119.02213,28.886473,18.719128,0.13740277,1,2015,1
-126.997154,28.888893,18.861904,0.07680054,1,2015,1
-118.438675,28.88932,18.860498,0.22198503,1,2015,1
-118.790535,28.889965,18.876453,0.18693843,1,2015,1
-118.32923,28.890747,18.689938,0.22484216,1,2015,1
-119.10084,28.8911,18.690664,0.14432827,1,2015,1
-118.49915,28.892693,18.859203,0.21732703,1,2015,1
-130.61444,28.895432,19.805012,0.07858702,1,2015,1
-118.71676,28.896112,18.87916,0.18660259,1,2015,1
-119.177765,28.896255,18.59281,0.1390345,1,2015,1
-118.525505,28.898617,18.857733,0.20189644,1,2015,1
-118.56401,28.899193,18.87233,0.20180842,1,2015,1
-118.633995,28.899227,18.902239,0.20357287,1,2015,1
-119.25199,28.902649,18.569437,0.13079385,1,2015,1
-119.32736,28.91045,18.572918,0.1200889,1,2015,1
-130.65091,28.910526,19.776344,0.07437838,1,2015,1
-119.402626,28.916767,18.573538,0.11387612,1,2015,1
-118.32045,28.9174,18.619432,0.22029795,1,2015,1
-127.04094,28.918959,18.841932,0.07619107,1,2015,1
-130.70416,28.925049,19.723106,0.076162614,1,2015,1
-119.477295,28.927862,18.622255,0.10820911,1,2015,1
-119.55211,28.934612,18.611324,0.10858738,1,2015,1
-130.7552,28.938988,19.725657,0.0749979,1,2015,1
-119.62415,28.93956,18.618616,0.10416477,1,2015,1
-127.07502,28.946468,18.840942,0.07115755,1,2015,1
-119.69953,28.947773,18.7223,0.09948449,1,2015,1
-119.77585,28.954788,18.830326,0.09022503,1,2015,1
-130.82376,28.956987,19.673273,0.080187015,1,2015,1
-119.85539,28.957977,18.870016,0.09258038,1,2015,1
-127.10331,28.96233,18.820219,0.0706713,1,2015,1
-119.93095,28.964323,18.942766,0.09039588,1,2015,1
-120.00825,28.96995,18.95613,0.08834164,1,2015,1
-118.37998,28.970945,18.652662,0.22278014,1,2015,1
-120.08901,28.98023,18.963503,0.0913736,1,2015,1
-130.91518,28.981604,19.684702,0.076373324,1,2015,1
-130.93353,28.989056,19.708843,0.07709041,1,2015,1
-120.16682,28.992043,18.97628,0.09478076,1,2015,1
-120.2307,28.999146,18.991209,0.09088293,1,2015,1
-127.14463,29.003654,18.828608,0.072589345,1,2015,1
-131.00117,29.004505,19.734173,0.07514471,1,2015,1
-120.30452,29.004707,19.046867,0.087522194,1,2015,1
-120.37967,29.013187,19.084677,0.09396518,1,2015,1
-120.47272,29.021051,19.083958,0.08635982,1,2015,1
-131.06975,29.023659,19.680866,0.07039159,1,2015,1
-120.48314,29.02611,19.035894,0.09028495,1,2015,1
-127.21209,29.033344,18.905005,0.076771356,1,2015,1
-118.40072,29.034666,18.70371,0.21578494,1,2015,1
-120.55946,29.036814,19.052574,0.09002298,1,2015,1
-131.13635,29.038006,19.680828,0.0724337,1,2015,1
-120.63857,29.041847,19.02912,0.091025,1,2015,1
-120.71563,29.04397,18.968422,0.08843914,1,2015,1
-127.25601,29.051636,18.94567,0.07269772,1,2015,1
-131.19658,29.05282,19.678276,0.07084155,1,2015,1
-120.788216,29.057001,19.002478,0.09019101,1,2015,1
-131.26239,29.063723,19.672935,0.07319441,1,2015,1
-120.85973,29.072329,18.953527,0.08921993,1,2015,1
-127.32174,29.076546,19.00309,0.07398541,1,2015,1
-131.29247,29.079992,19.671463,0.06907427,1,2015,1
-127.35003,29.084112,19.034973,0.069632724,1,2015,1
-120.93758,29.084988,18.881063,0.090070195,1,2015,1
-120.93664,29.08576,18.909725,0.08765955,1,2015,1
-121.00168,29.097958,18.855322,0.08971499,1,2015,1
-131.35722,29.09994,19.6741,0.07079244,1,2015,1
-118.43745,29.105843,18.799269,0.19765863,1,2015,1
-121.07668,29.106527,18.795769,0.08910882,1,2015,1
-131.40533,29.107452,19.715748,0.06868573,1,2015,1
-127.52433,29.110638,19.163027,0.07117248,1,2015,1
-127.428246,29.115038,19.107563,0.071337394,1,2015,1
-121.15008,29.115698,18.788855,0.08930606,1,2015,1
-127.53779,29.11774,19.184055,0.06982526,1,2015,1
-118.405716,29.12664,18.703205,0.20737186,1,2015,1
-131.46536,29.129488,19.736635,0.072846495,1,2015,1
-127.49935,29.129568,19.137005,0.074462585,1,2015,1
-127.4938,29.13846,19.12918,0.07397248,1,2015,1
-121.21127,29.142593,18.806906,0.09300235,1,2015,1
-127.57722,29.146948,19.20752,0.0670962,1,2015,1
-131.53705,29.152077,19.692335,0.07498332,1,2015,1
-118.42533,29.158367,18.787352,0.19854611,1,2015,1
-131.56387,29.166452,19.676018,0.06968906,1,2015,1
-121.27766,29.166462,18.808563,0.09082356,1,2015,1
-127.63118,29.174768,19.233192,0.06798698,1,2015,1
-121.34815,29.18263,18.807587,0.08957296,1,2015,1
-118.3782,29.18691,18.59275,0.2221709,1,2015,1
-131.62329,29.189337,19.679834,0.07389221,1,2015,1
-121.42574,29.195812,18.789442,0.0938967,1,2015,1
-127.67841,29.201374,19.247978,0.068925284,1,2015,1
-121.50033,29.210703,18.798569,0.09032917,1,2015,1
-131.68456,29.210714,19.732922,0.07722083,1,2015,1
-118.41282,29.212843,18.62481,0.18140353,1,2015,1
-131.70665,29.213978,19.740458,0.075962715,1,2015,1
-127.72821,29.225231,19.267975,0.0694709,1,2015,1
-121.575714,29.226603,18.84524,0.09420014,1,2015,1
-131.75554,29.244442,19.739922,0.07440891,1,2015,1
-118.35841,29.249683,18.550272,0.19263415,1,2015,1
-127.798775,29.257298,19.270895,0.07126232,1,2015,1
-131.80641,29.262049,19.732513,0.0742067,1,2015,1
-121.663086,29.266125,18.92736,0.09196142,1,2015,1
-118.38713,29.26794,18.49848,0.16951895,1,2015,1
-127.858284,29.276066,19.264961,0.07180755,1,2015,1
-131.86247,29.286034,19.724342,0.07367028,1,2015,1
-127.884186,29.286345,19.248707,0.07051888,1,2015,1
-121.73599,29.29157,18.990192,0.09060769,1,2015,1
-131.90355,29.298822,19.723925,0.07172683,1,2015,1
-127.92458,29.304659,19.2471,0.07188444,1,2015,1
-121.803635,29.311228,18.971989,0.09139216,1,2015,1
-118.35284,29.316095,18.453281,0.14958932,1,2015,1
-127.98187,29.329945,19.280497,0.07061285,1,2015,1
-121.874535,29.331898,18.965961,0.08667036,1,2015,1
-118.37049,29.333536,18.406427,0.1402812,1,2015,1
-131.9883,29.338497,19.717615,0.07638217,1,2015,1
-121.94424,29.349068,18.968403,0.08991779,1,2015,1
-128.03386,29.35097,19.28347,0.077130586,1,2015,1
-122.02214,29.367073,18.95993,0.08632773,1,2015,1
-128.09557,29.367477,19.262455,0.07954271,1,2015,1
-132.04874,29.369417,19.739813,0.07709268,1,2015,1
-122.08498,29.379341,18.968609,0.08870371,1,2015,1
-118.3519,29.384527,18.348513,0.13918997,1,2015,1
-128.14847,29.387741,19.272747,0.081586376,1,2015,1
-118.3398,29.393143,18.320217,0.13810472,1,2015,1
-122.15165,29.394253,18.945301,0.08870135,1,2015,1
-122.224014,29.404625,18.912256,0.091294624,1,2015,1
-128.22133,29.406307,19.30095,0.076940954,1,2015,1
-132.12479,29.407734,19.680475,0.0733815,1,2015,1
-122.28798,29.42447,18.91424,0.09316134,1,2015,1
-132.16367,29.429382,19.662622,0.07486892,1,2015,1
-128.27812,29.431665,19.302061,0.07822701,1,2015,1
-122.35667,29.439354,18.95366,0.09307011,1,2015,1
-118.3573,29.450567,18.32929,0.13211279,1,2015,1
-122.42328,29.455482,18.995289,0.09209208,1,2015,1
-118.312325,29.458782,18.253893,0.13629922,1,2015,1
-132.21942,29.462831,19.646988,0.07358671,1,2015,1
-128.33553,29.463827,19.24842,0.07562819,1,2015,1
-122.48884,29.474207,19.074226,0.0907322,1,2015,1
-128.38025,29.488863,19.202612,0.077228285,1,2015,1
-132.27797,29.49606,19.659008,0.07773572,1,2015,1
-122.54373,29.497074,19.11102,0.089068115,1,2015,1
-132.30336,29.503489,19.66463,0.07913653,1,2015,1
-118.280426,29.511028,18.248108,0.13287662,1,2015,1
-128.40114,29.516499,19.204193,0.07321265,1,2015,1
-118.36015,29.51872,18.323915,0.12510107,1,2015,1
-122.60289,29.519907,19.138435,0.09102855,1,2015,1
-122.65403,29.520185,19.135061,0.08950378,1,2015,1
-122.709015,29.533623,19.101595,0.089989275,1,2015,1
-132.36646,29.536665,19.696384,0.07791313,1,2015,1
-128.45245,29.549126,19.250648,0.07619289,1,2015,1
-122.767006,29.550852,19.0352,0.0858249,1,2015,1
-132.4029,29.558075,19.708422,0.0785195,1,2015,1
-122.82966,29.563316,18.987103,0.09446477,1,2015,1
-132.42978,29.575527,19.698061,0.07679385,1,2015,1
-118.24785,29.576286,18.225365,0.12851715,1,2015,1
-122.8953,29.581198,19.006975,0.09033194,1,2015,1
-118.361435,29.589447,18.363821,0.12543827,1,2015,1
-128.49573,29.590193,19.195581,0.080923274,1,2015,1
-122.946014,29.598988,19.010548,0.08560931,1,2015,1
-132.47162,29.606268,19.685228,0.08099896,1,2015,1
-123.00487,29.61741,19.024622,0.08562822,1,2015,1
-132.49084,29.62062,19.645782,0.075359024,1,2015,1
-123.06121,29.631138,19.017998,0.08156545,1,2015,1
-128.53389,29.636827,19.21575,0.08024196,1,2015,1
-118.227715,29.645123,18.151245,0.13079394,1,2015,1
-123.10694,29.650349,19.03156,0.07694506,1,2015,1
-132.53755,29.654005,19.607454,0.077205524,1,2015,1
-123.158325,29.658802,19.019318,0.08045554,1,2015,1
-128.56648,29.659052,19.259077,0.07153596,1,2015,1
-118.37264,29.662212,18.36481,0.12565449,1,2015,1
-123.216705,29.664179,18.943632,0.080193765,1,2015,1
-123.27777,29.671972,18.921024,0.078910895,1,2015,1
-123.342224,29.682272,18.935476,0.07347363,1,2015,1
-132.59827,29.685669,19.598097,0.0743506,1,2015,1
-118.68236,29.691938,18.512054,0.12798004,1,2015,1
-123.40099,29.69563,18.93248,0.07512217,1,2015,1
-128.62006,29.69646,19.281397,0.081745714,1,2015,1
-132.65611,29.71385,19.574762,0.07537834,1,2015,1
-123.457565,29.7151,18.88721,0.07168183,1,2015,1
-118.21064,29.718374,18.069626,0.12752192,1,2015,1
-123.514175,29.73151,18.92052,0.0733456,1,2015,1
-118.373856,29.736307,18.279764,0.12702188,1,2015,1
-118.7324,29.738302,18.479206,0.12564066,1,2015,1
-128.66158,29.740337,19.239145,0.07771692,1,2015,1
-118.197044,29.740395,18.050325,0.12544355,1,2015,1
-132.72118,29.741785,19.587702,0.076754235,1,2015,1
-118.79156,29.743921,18.478592,0.12711883,1,2015,1
-123.56971,29.750189,18.895967,0.07762269,1,2015,1
-123.62781,29.764103,18.861975,0.07978888,1,2015,1
-128.73033,29.764791,19.24023,0.080761485,1,2015,1
-132.78596,29.77212,19.574202,0.077870645,1,2015,1
-128.80031,29.77777,19.21634,0.08151427,1,2015,1
-118.86174,29.783342,18.512363,0.12590638,1,2015,1
-123.67419,29.785307,18.77849,0.07689281,1,2015,1
-132.84819,29.800053,19.600351,0.07614086,1,2015,1
-123.735634,29.806467,18.762197,0.07485627,1,2015,1
-118.38834,29.808064,18.181562,0.124125265,1,2015,1
-118.21651,29.811476,18.047419,0.12231356,1,2015,1
-132.90988,29.828108,19.601665,0.07935949,1,2015,1
-123.78035,29.828367,18.697964,0.07779169,1,2015,1
-128.86105,29.840122,19.192005,0.07893587,1,2015,1
-123.830475,29.851332,18.590498,0.08818631,1,2015,1
-132.969,29.858364,19.582201,0.07923417,1,2015,1
-118.82766,29.862984,18.524605,0.118220575,1,2015,1
-118.26931,29.864582,18.041834,0.12080351,1,2015,1
-123.88386,29.870975,18.52209,0.08550921,1,2015,1
-128.90448,29.880976,19.170618,0.08098946,1,2015,1
-118.40234,29.883121,18.118103,0.122202635,1,2015,1
-133.0298,29.884977,19.583643,0.0770568,1,2015,1
-123.92642,29.889015,18.440542,0.08738056,1,2015,1
-123.9531,29.899282,18.414858,0.08879365,1,2015,1
-128.94034,29.917608,19.144365,0.08090053,1,2015,1
-118.30284,29.921297,18.049364,0.114287905,1,2015,1
-124.0049,29.922323,18.40168,0.08648559,1,2015,1
-124.03295,29.93634,18.330912,0.0868785,1,2015,1
-118.788605,29.940304,18.537416,0.12088999,1,2015,1
-118.435905,29.945677,18.127802,0.11987909,1,2015,1
-124.078186,29.955397,18.29874,0.08949052,1,2015,1
-128.99318,29.96399,19.113466,0.08223135,1,2015,1
-124.12668,29.973942,18.146585,0.09814831,1,2015,1
-129.02055,29.984434,19.123413,0.07889629,1,2015,1
-118.339645,29.98558,18.06286,0.115159884,1,2015,1
-124.17293,29.994982,18.118238,0.09837944,1,2015,1
-118.330986,30.00014,18.091476,0.116080634,1,2015,1
-118.47458,30.00598,18.322824,0.1220132,1,2015,1
-124.22462,30.012053,18.08022,0.09897354,1,2015,1
-133.28773,30.013758,19.460573,0.074270524,1,2015,1
-118.75888,30.024002,18.653528,0.12755576,1,2015,1
-124.27966,30.024647,18.083195,0.0961127,1,2015,1
-118.36196,30.028477,18.11554,0.11682503,1,2015,1
-129.0624,30.03364,19.098135,0.08032866,1,2015,1
-124.326164,30.04624,18.072803,0.10335329,1,2015,1
-133.34805,30.052439,19.413303,0.07131071,1,2015,1
-124.38322,30.05955,18.082823,0.09908403,1,2015,1
-118.40783,30.061163,18.18946,0.116492584,1,2015,1
-118.493004,30.072023,18.341297,0.12262538,1,2015,1
-129.10295,30.0796,19.035639,0.08562413,1,2015,1
-124.4235,30.080124,18.0479,0.10137461,1,2015,1
-133.40036,30.087778,19.370436,0.063267425,1,2015,1
-124.45692,30.106647,18.063963,0.10338347,1,2015,1
-118.73259,30.106869,18.658232,0.12557936,1,2015,1
-129.14362,30.11328,19.022978,0.08317121,1,2015,1
-133.45758,30.11577,19.320631,0.06845614,1,2015,1
-118.443886,30.116638,18.298199,0.11672723,1,2015,1
-118.52382,30.131989,18.402243,0.12368317,1,2015,1
-124.46712,30.136322,18.04761,0.102160364,1,2015,1
-133.51723,30.142832,19.311964,0.06878679,1,2015,1
-118.723915,30.148178,18.600805,0.12477567,1,2015,1
-129.1791,30.156673,19.025574,0.082089156,1,2015,1
-124.48496,30.162695,18.02228,0.10653146,1,2015,1
-133.55888,30.16561,19.248255,0.06907545,1,2015,1
-124.95583,30.170038,18.015928,0.10245015,1,2015,1
-124.88341,30.173092,17.998026,0.098562226,1,2015,1
-124.703384,30.173508,18.031446,0.104455955,1,2015,1
-124.81945,30.17481,18.0202,0.09796783,1,2015,1
-124.53429,30.175003,18.018658,0.10290112,1,2015,1
-124.751175,30.175861,18.03981,0.101368904,1,2015,1
-124.6505,30.176794,18.03138,0.097961396,1,2015,1
-124.589035,30.178463,18.021017,0.098245844,1,2015,1
-125.02914,30.17862,18.04505,0.09794987,1,2015,1
-118.47588,30.185518,18.385319,0.1255897,1,2015,1
-118.5679,30.185528,18.49876,0.122081056,1,2015,1
-125.10039,30.18661,18.060936,0.08841361,1,2015,1
-125.1752,30.193321,18.090048,0.09387016,1,2015,1
-118.71228,30.196785,18.535425,0.12259717,1,2015,1
-125.25524,30.19782,18.130175,0.08910963,1,2015,1
-129.23013,30.200424,19.011814,0.08718163,1,2015,1
-133.6164,30.202908,19.187752,0.065950654,1,2015,1
-125.3368,30.2036,18.192842,0.09258838,1,2015,1
-125.386826,30.217913,18.224518,0.09216055,1,2015,1
-133.64845,30.226229,19.156462,0.067232825,1,2015,1
-126.78339,30.226786,18.639986,0.08046616,1,2015,1
-126.85165,30.229486,18.655859,0.087914534,1,2015,1
-126.713936,30.23048,18.62643,0.08103527,1,2015,1
-126.57654,30.230858,18.58665,0.07962676,1,2015,1
-126.644035,30.230885,18.63836,0.08220961,1,2015,1
-125.38599,30.232365,18.23016,0.09074601,1,2015,1
-125.43857,30.234177,18.272058,0.09127034,1,2015,1
-126.91912,30.235048,18.669615,0.08169825,1,2015,1
-126.506035,30.235912,18.527962,0.08338986,1,2015,1
-127.13122,30.236156,18.783415,0.07885666,1,2015,1
-127.20047,30.236256,18.772049,0.07814788,1,2015,1
-127.06264,30.238052,18.76601,0.07996301,1,2015,1
-127.26116,30.238348,18.784952,0.08015428,1,2015,1
-126.4352,30.238592,18.525879,0.085461855,1,2015,1
-126.98752,30.238916,18.714903,0.0814019,1,2015,1
-125.503845,30.239426,18.250631,0.09058339,1,2015,1
-127.341675,30.240189,18.799232,0.0806527,1,2015,1
-126.36256,30.240198,18.500574,0.08632068,1,2015,1
-125.66396,30.24218,18.262217,0.08330117,1,2015,1
-125.58466,30.242247,18.260134,0.088707946,1,2015,1
-126.28919,30.242805,18.460733,0.084846936,1,2015,1
-129.29349,30.242838,18.99919,0.089433245,1,2015,1
-126.217896,30.246193,18.431816,0.08618154,1,2015,1
-126.14613,30.246305,18.409424,0.08409219,1,2015,1
-127.40285,30.246447,18.743004,0.07870793,1,2015,1
-126.076584,30.247553,18.405144,0.087762274,1,2015,1
-127.475945,30.2484,18.71037,0.077017345,1,2015,1
-126.00626,30.249825,18.37961,0.08725115,1,2015,1
-125.932686,30.250568,18.361025,0.08623207,1,2015,1
-118.59794,30.251278,18.465193,0.123561576,1,2015,1
-125.78664,30.251308,18.29376,0.0852106,1,2015,1
-125.85667,30.252129,18.321693,0.08704701,1,2015,1
-118.50338,30.252533,18.471739,0.12316896,1,2015,1
-133.71165,30.253654,19.168436,0.070902675,1,2015,1
-125.70869,30.253702,18.264572,0.08851688,1,2015,1
-127.539505,30.253742,18.743656,0.07677521,1,2015,1
-127.60398,30.262997,18.736025,0.07914087,1,2015,1
-129.34143,30.270838,18.974987,0.086704604,1,2015,1
-133.7765,30.276133,19.18379,0.06578552,1,2015,1
-127.664925,30.279064,18.717413,0.0800995,1,2015,1
-118.71002,30.279932,18.40109,0.12148534,1,2015,1
-127.7244,30.294949,18.719248,0.07576463,1,2015,1
-129.40054,30.30145,18.975554,0.089053646,1,2015,1
-127.78376,30.311274,18.679144,0.08187056,1,2015,1
-133.82883,30.31452,19.180677,0.06598976,1,2015,1
-118.64326,30.314636,18.375298,0.12161049,1,2015,1
-129.44061,30.323881,18.972538,0.08594892,1,2015,1
-118.530075,30.324354,18.343021,0.121126376,1,2015,1
-127.84544,30.327267,18.630224,0.077587396,1,2015,1
-127.90487,30.345737,18.594793,0.079801746,1,2015,1
-133.88394,30.347912,19.170927,0.073420756,1,2015,1
-127.96605,30.360567,18.595085,0.0810839,1,2015,1
-118.71703,30.361067,18.319023,0.1197898,1,2015,1
-129.4729,30.362993,18.981033,0.08203596,1,2015,1
-118.68536,30.366285,18.32944,0.12255727,1,2015,1
-128.02095,30.378027,18.563272,0.08041183,1,2015,1
-133.94672,30.384668,19.150883,0.067611404,1,2015,1
-118.829865,30.391083,18.350996,0.11790735,1,2015,1
-118.55519,30.395374,18.102074,0.12345149,1,2015,1
-128.08313,30.396448,18.588223,0.07550652,1,2015,1
-118.92003,30.399569,18.34805,0.11035329,1,2015,1
-118.74426,30.409208,18.322088,0.12280395,1,2015,1
-133.99194,30.409546,19.148981,0.07030578,1,2015,1
-119.00751,30.41473,18.344736,0.1116229,1,2015,1
-128.14351,30.417137,18.603268,0.08010515,1,2015,1
-129.51633,30.421635,19.020618,0.08053094,1,2015,1
-134.01991,30.426971,19.12256,0.07219247,1,2015,1
-118.74307,30.431814,18.280024,0.12382904,1,2015,1
-128.21175,30.43651,18.627857,0.07860589,1,2015,1
-119.079475,30.450193,18.283934,0.110125035,1,2015,1
-129.57712,30.453245,19.063316,0.082807556,1,2015,1
-128.26413,30.456528,18.626093,0.08059997,1,2015,1
-134.08562,30.463043,19.11414,0.062298276,1,2015,1
-118.58365,30.466616,17.958517,0.12504067,1,2015,1
-128.32018,30.477503,18.639402,0.07787119,1,2015,1
-129.60735,30.478123,19.046816,0.078303844,1,2015,1
-119.1525,30.485567,18.280231,0.11092985,1,2015,1
-134.13405,30.490942,19.109627,0.06710296,1,2015,1
-118.787704,30.49707,18.170303,0.11809482,1,2015,1
-128.37093,30.500978,18.669453,0.081040315,1,2015,1
-119.20917,30.507563,18.287601,0.11407899,1,2015,1
-128.42686,30.52234,18.662418,0.08059362,1,2015,1
-134.19176,30.522938,19.177757,0.07161458,1,2015,1
-129.67012,30.523243,19.091238,0.07907579,1,2015,1
-118.61512,30.52865,18.002638,0.12234688,1,2015,1
-119.29388,30.532803,18.20915,0.11214454,1,2015,1
-128.47636,30.545559,18.674267,0.07975532,1,2015,1
-118.838745,30.55494,18.228966,0.1183245,1,2015,1
-134.24727,30.55692,19.186522,0.07113128,1,2015,1
-119.343925,30.559696,18.221973,0.11207728,1,2015,1
-129.71997,30.568872,19.154642,0.07989419,1,2015,1
-128.52301,30.56941,18.674694,0.07926158,1,2015,1
-119.425385,30.588528,18.164661,0.10887718,1,2015,1
-134.30319,30.59031,19.275364,0.07031239,1,2015,1
-118.65064,30.594482,18.036678,0.1188855,1,2015,1
-128.55835,30.597517,18.703285,0.083206184,1,2015,1
-118.89514,30.612057,18.158834,0.11506524,1,2015,1
-134.35378,30.620113,19.265896,0.07160301,1,2015,1
-128.60374,30.623663,18.744984,0.0864291,1,2015,1
-129.80391,30.62605,19.214848,0.078658484,1,2015,1
-119.49298,30.633871,18.108994,0.11419976,1,2015,1
-118.66357,30.634409,18.015413,0.12182685,1,2015,1
-118.93877,30.642145,18.126465,0.11763391,1,2015,1
-134.39392,30.645977,19.276766,0.070329726,1,2015,1
-128.65022,30.652092,18.7652,0.085510924,1,2015,1
-129.85756,30.671019,19.252531,0.07881206,1,2015,1
-128.69691,30.681751,18.788496,0.082785,1,2015,1
-134.44957,30.681812,19.42325,0.073358044,1,2015,1
-118.99745,30.691334,18.10345,0.11436103,1,2015,1
-119.54214,30.693163,18.086239,0.11450615,1,2015,1
-118.68631,30.698109,17.986841,0.12089956,1,2015,1
-128.7409,30.708836,18.802126,0.082271054,1,2015,1
-129.89935,30.713028,19.26048,0.08114657,1,2015,1
-134.50093,30.719133,19.498428,0.075640455,1,2015,1
-128.76813,30.730553,18.796377,0.08596306,1,2015,1
-119.04649,30.745787,18.12372,0.11449057,1,2015,1
-119.59664,30.747372,18.03394,0.10791651,1,2015,1
-119.048,30.752014,18.106047,0.11547399,1,2015,1
-134.55705,30.753473,19.54467,0.07698659,1,2015,1
-129.94208,30.753904,19.259983,0.07767525,1,2015,1
-118.7243,30.756367,17.977064,0.11965495,1,2015,1
-128.80411,30.75906,18.81562,0.08198753,1,2015,1
-128.84796,30.78722,18.847834,0.08071873,1,2015,1
-134.60278,30.79608,19.54228,0.074229494,1,2015,1
-130.01764,30.806273,19.224358,0.07769325,1,2015,1
-118.766716,30.806986,18.000883,0.11881814,1,2015,1
-119.63954,30.810858,18.052038,0.10964124,1,2015,1
-128.88853,30.816113,18.877817,0.08352914,1,2015,1
-119.12238,30.826143,18.021133,0.11474695,1,2015,1
-134.65678,30.830412,19.532,0.075870015,1,2015,1
-128.91515,30.845757,18.867424,0.083095744,1,2015,1
-130.04462,30.857063,19.19832,0.07930626,1,2015,1
-118.806465,30.861637,17.9672,0.12524132,1,2015,1
-134.70981,30.862833,19.558363,0.07243603,1,2015,1
-119.68778,30.874416,18.05719,0.114747055,1,2015,1
-128.95956,30.874718,18.84837,0.08299193,1,2015,1
-119.181725,30.881811,18.10765,0.11649375,1,2015,1
-134.75772,30.894209,19.576963,0.0725453,1,2015,1
-130.07388,30.899435,19.193287,0.07746018,1,2015,1
-128.98674,30.90528,18.816465,0.07904099,1,2015,1
-130.08275,30.916267,19.200384,0.07745654,1,2015,1
-118.841354,30.91705,17.934053,0.11983789,1,2015,1
-134.7913,30.921152,19.577349,0.07870485,1,2015,1
-119.75057,30.93142,18.060452,0.10944894,1,2015,1
-129.02606,30.938541,18.77761,0.07415434,1,2015,1
-119.75799,30.940666,18.090065,0.11124699,1,2015,1
-134.82352,30.943758,19.548368,0.07232339,1,2015,1
-119.22666,30.944735,18.093204,0.11891595,1,2015,1
-134.86139,30.963285,19.573341,0.07546594,1,2015,1
-118.88614,30.964296,17.927359,0.118477836,1,2015,1
-130.11588,30.967264,19.202496,0.084109455,1,2015,1
-129.06345,30.969416,18.75274,0.073876925,1,2015,1
-134.87683,30.978077,19.54117,0.07266528,1,2015,1
-119.28333,30.991968,18.067572,0.11756157,1,2015,1
-134.88821,30.995228,19.546362,0.0750447,1,2015,1
-129.10435,30.997116,18.731323,0.075731985,1,2015,1
-134.92513,31.001448,19.535923,0.07400618,1,2015,1
-130.17511,31.003443,19.169416,0.082130104,1,2015,1
-118.92867,31.018448,17.95843,0.11680075,1,2015,1
-129.15157,31.031193,18.714949,0.078514524,1,2015,1
-130.19614,31.040014,19.163935,0.08146038,1,2015,1
-119.793594,31.040592,18.112976,0.11395671,1,2015,1
-134.94281,31.057528,19.47398,0.08158564,1,2015,1
-119.33877,31.061111,18.080658,0.11506294,1,2015,1
-118.977905,31.062157,17.952784,0.11912976,1,2015,1
-129.19084,31.074984,18.742096,0.077520885,1,2015,1
-130.21898,31.088018,19.088707,0.08108886,1,2015,1
-119.36317,31.09964,18.082384,0.11840392,1,2015,1
-119.037224,31.099737,17.976711,0.11456334,1,2015,1
-129.23026,31.105207,18.757387,0.073607035,1,2015,1
-129.2161,31.105337,18.755926,0.07877505,1,2015,1
-119.82396,31.107033,18.05249,0.11291406,1,2015,1
-134.96016,31.114326,19.44369,0.0773244,1,2015,1
-134.96217,31.126118,19.410755,0.071817584,1,2015,1
-129.2381,31.128351,18.765213,0.075508274,1,2015,1
-130.2524,31.13267,19.045492,0.07641041,1,2015,1
-134.96751,31.13465,19.412401,0.08398461,1,2015,1
-119.08507,31.150415,17.972565,0.11791354,1,2015,1
-119.86519,31.161777,18.061607,0.1133532,1,2015,1
-119.41806,31.163172,18.122143,0.11604682,1,2015,1
-130.28624,31.169909,19.013346,0.075482756,1,2015,1
-134.97467,31.180748,19.371023,0.080980174,1,2015,1
-129.28061,31.182903,18.735584,0.075684324,1,2015,1
-119.14019,31.193283,18.002405,0.11697763,1,2015,1
-130.31581,31.198763,18.99856,0.07767718,1,2015,1
-130.32373,31.205997,18.977432,0.07850775,1,2015,1
-129.29738,31.213064,18.694338,0.07484628,1,2015,1
-130.31104,31.21979,18.98544,0.07818682,1,2015,1
-119.20396,31.227255,18.002546,0.11558547,1,2015,1
-134.99197,31.23164,19.345669,0.07577255,1,2015,1
-119.88646,31.235067,18.017653,0.120734006,1,2015,1
-119.4588,31.235542,18.116838,0.11717613,1,2015,1
-119.463425,31.247423,18.12845,0.11778358,1,2015,1
-129.33182,31.249525,18.663729,0.074313425,1,2015,1
-119.26059,31.265488,18.054539,0.12011946,1,2015,1
-135.00874,31.279226,19.29596,0.07561417,1,2015,1
-130.32274,31.285418,18.888609,0.07717895,1,2015,1
-129.36356,31.286777,18.63585,0.07619273,1,2015,1
-119.48024,31.286945,18.108791,0.11925363,1,2015,1
-119.29557,31.300266,18.065168,0.114433,1,2015,1
-119.9258,31.300282,17.890848,0.117712796,1,2015,1
-135.02605,31.316732,19.280476,0.0792952,1,2015,1
-129.39403,31.322613,18.628334,0.07575225,1,2015,1
-119.552635,31.339823,18.052359,0.1224618,1,2015,1
-130.36845,31.340612,18.881348,0.07495828,1,2015,1
-119.34968,31.342537,18.054407,0.1147886,1,2015,1
-129.43126,31.356213,18.581425,0.07530031,1,2015,1
-135.03922,31.356913,19.255404,0.07746904,1,2015,1
-119.96153,31.357794,17.881296,0.12143094,1,2015,1
-119.40754,31.377909,18.071619,0.11592457,1,2015,1
-130.39317,31.386333,18.891373,0.07209832,1,2015,1
-129.47234,31.387327,18.586527,0.0699088,1,2015,1
-135.05635,31.407722,19.264269,0.07243089,1,2015,1
-119.59405,31.411947,18.018446,0.118123665,1,2015,1
-119.46324,31.414724,18.057602,0.11698406,1,2015,1
-129.51381,31.4172,18.58953,0.0744021,1,2015,1
-119.995026,31.419641,17.828907,0.12544428,1,2015,1
-130.4156,31.421038,18.885006,0.0797719,1,2015,1
-129.53856,31.450233,18.603971,0.073620684,1,2015,1
-135.08119,31.4518,19.250967,0.07639662,1,2015,1
-130.4374,31.460663,18.87741,0.06998408,1,2015,1
-119.50772,31.466482,17.92407,0.12293794,1,2015,1
-120.04321,31.474491,17.680737,0.12476738,1,2015,1
-119.62584,31.480953,17.856977,0.12524733,1,2015,1
-129.54741,31.480955,18.589685,0.0750089,1,2015,1
-119.43922,31.485844,17.941982,0.12281689,1,2015,1
-130.43622,31.497652,18.860826,0.07482207,1,2015,1
-135.1109,31.500307,19.265362,0.07545404,1,2015,1
-135.06412,31.506573,19.259657,0.07513205,1,2015,1
-120.11883,31.507177,17.677925,0.12852935,1,2015,1
-119.554756,31.518007,17.830805,0.12382994,1,2015,1
-129.57712,31.520132,18.586447,0.07474736,1,2015,1
-119.69327,31.531742,17.765242,0.12723972,1,2015,1
-130.45734,31.541351,18.857418,0.076235324,1,2015,1
-135.08899,31.544317,19.258385,0.07926216,1,2015,1
-119.48685,31.547268,17.794886,0.12918223,1,2015,1
-120.16976,31.553059,17.642979,0.12522967,1,2015,1
-129.61208,31.557634,18.62232,0.07887158,1,2015,1
-119.598854,31.566807,17.73027,0.13131341,1,2015,1
-129.64316,31.587276,18.65043,0.0791686,1,2015,1
-119.73711,31.591354,17.60376,0.13031946,1,2015,1
-130.48009,31.592068,18.864428,0.07744154,1,2015,1
-135.11525,31.595951,19.263655,0.07574178,1,2015,1
-119.62579,31.598215,17.638643,0.1309924,1,2015,1
-120.21588,31.604042,17.615278,0.12180511,1,2015,1
-129.67673,31.612661,18.64896,0.075602874,1,2015,1
-119.5231,31.614672,17.679478,0.1316488,1,2015,1
-119.66056,31.624046,17.59642,0.13020308,1,2015,1
-120.25857,31.636805,17.585978,0.12141578,1,2015,1
-135.13171,31.64306,19.251715,0.07690708,1,2015,1
-130.49512,31.648937,18.85018,0.07497263,1,2015,1
-119.78257,31.660736,17.575747,0.12923686,1,2015,1
-119.70794,31.669752,17.570292,0.12686905,1,2015,1
-119.57633,31.670464,17.637905,0.13201848,1,2015,1
-120.269035,31.673115,17.583868,0.124479406,1,2015,1
-129.7399,31.679464,18.646132,0.07760069,1,2015,1
-130.52869,31.703062,18.770002,0.07773527,1,2015,1
-119.73143,31.705912,17.519442,0.13098048,1,2015,1
-120.294815,31.706793,17.529556,0.12591372,1,2015,1
-119.8401,31.71345,17.525776,0.12403994,1,2015,1
-129.77762,31.719118,18.653374,0.07619047,1,2015,1
-119.61648,31.733328,17.51783,0.13439837,1,2015,1
-129.79594,31.740913,18.554516,0.07467342,1,2015,1
-130.55182,31.761108,18.710955,0.076061115,1,2015,1
-119.76093,31.764877,17.41108,0.14054503,1,2015,1
-119.89764,31.767927,17.418285,0.13495737,1,2015,1
-129.82939,31.780388,18.476675,0.07487808,1,2015,1
-120.295815,31.784555,17.385777,0.13724522,1,2015,1
-119.654884,31.795942,17.436726,0.13562098,1,2015,1
-129.85216,31.80057,18.3927,0.07424011,1,2015,1
-130.58653,31.808413,18.580818,0.077370904,1,2015,1
-119.79344,31.82279,17.377407,0.140654,1,2015,1
-119.9479,31.824673,17.335218,0.13865519,1,2015,1
-120.34151,31.829994,17.356682,0.13223231,1,2015,1
-119.71065,31.844112,17.349392,0.14331852,1,2015,1
-135.19609,31.852406,19.047714,0.07444045,1,2015,1
-129.88544,31.853523,18.34983,0.08074963,1,2015,1
-120.41108,31.85931,17.292183,0.1496233,1,2015,1
-130.63438,31.861849,18.516459,0.077560976,1,2015,1
-119.81914,31.867905,17.320925,0.14897548,1,2015,1
-120.0118,31.88381,17.162085,0.14883281,1,2015,1
-120.45019,31.889587,17.30684,0.12838624,1,2015,1
-119.76662,31.894398,17.264889,0.14035968,1,2015,1
-129.91151,31.897688,18.313213,0.07998515,1,2015,1
-130.6679,31.90831,18.475603,0.06670264,1,2015,1
-119.860886,31.918,17.118294,0.14969823,1,2015,1
-135.2225,31.920572,18.915007,0.08088078,1,2015,1
-120.09635,31.923536,17.126158,0.16343486,1,2015,1
-129.93768,31.942184,18.286545,0.07718871,1,2015,1
-120.50269,31.942438,17.317476,0.12940839,1,2015,1
-119.8104,31.949287,17.155918,0.14602548,1,2015,1
-120.16967,31.96107,17.05951,0.1816676,1,2015,1
-119.90778,31.96374,17.013899,0.18250386,1,2015,1
-130.70299,31.967829,18.472183,0.06612865,1,2015,1
-120.53168,31.972942,17.365604,0.12728,1,2015,1
-135.25151,31.975435,18.905203,0.08028923,1,2015,1
-119.82334,31.980253,17.032677,0.16190875,1,2015,1
-129.9642,31.982843,18.255487,0.07814292,1,2015,1
-120.253235,31.99215,17.049162,0.16346994,1,2015,1
-119.8315,32.001564,16.97218,0.18540658,1,2015,1
-135.2669,32.011627,18.872995,0.07818367,1,2015,1
-119.94154,32.01768,16.9304,0.19133615,1,2015,1
-120.33692,32.022625,17.122578,0.15411054,1,2015,1
-129.98927,32.02386,18.244617,0.07433492,1,2015,1
-120.57084,32.025528,17.42087,0.11830547,1,2015,1
-130.72954,32.02853,18.465612,0.06855928,1,2015,1
-120.35195,32.032467,17.099646,0.14866215,1,2015,1
-119.882576,32.057816,16.855114,0.22028461,1,2015,1
-130.01968,32.061893,18.249557,0.07585603,1,2015,1
-135.28334,32.06916,18.824049,0.076505095,1,2015,1
-119.97259,32.069923,16.779383,0.23406598,1,2015,1
-130.75897,32.08497,18.43434,0.07101053,1,2015,1
-120.57782,32.095276,17.405691,0.12092031,1,2015,1
-120.583435,32.10108,17.377476,0.11869826,1,2015,1
-130.04988,32.102074,18.233679,0.07570004,1,2015,1
-120.37212,32.10753,16.9775,0.14906704,1,2015,1
-119.929855,32.113155,16.712612,0.2404343,1,2015,1
-120.00718,32.119816,16.713955,0.22491682,1,2015,1
-135.30687,32.12366,18.798456,0.07296459,1,2015,1
-130.785,32.135227,18.417406,0.07787486,1,2015,1
-120.42417,32.141956,17.147324,0.13880856,1,2015,1
-130.08003,32.14495,18.243595,0.074670605,1,2015,1
-120.040825,32.165207,16.658575,0.22916396,1,2015,1
-119.979965,32.16791,16.666481,0.22431648,1,2015,1
-135.33476,32.174,18.757406,0.072888464,1,2015,1
-120.56489,32.17516,17.367723,0.1220164,1,2015,1
-130.79993,32.176113,18.273144,0.07805959,1,2015,1
-130.1106,32.184822,18.245386,0.07578788,1,2015,1
-120.45701,32.209267,17.210146,0.13750072,1,2015,1
-120.06253,32.21541,16.538801,0.22528274,1,2015,1
-120.03145,32.22249,16.536114,0.2286211,1,2015,1
-130.14644,32.227497,18.246294,0.07253449,1,2015,1
-135.35616,32.228535,18.612167,0.076094866,1,2015,1
-130.8248,32.2292,18.165277,0.075858764,1,2015,1
-120.55859,32.243362,17.307167,0.1284313,1,2015,1
-120.09164,32.263195,16.55382,0.22095655,1,2015,1
-130.18327,32.26962,18.245253,0.07506639,1,2015,1
-130.84169,32.27614,18.0564,0.075834356,1,2015,1
-120.46744,32.279884,17.125061,0.13657093,1,2015,1
-120.06622,32.28501,16.51646,0.22775702,1,2015,1
-135.37857,32.28759,18.537529,0.07578856,1,2015,1
-130.86781,32.30186,17.967094,0.07252109,1,2015,1
-120.54901,32.303406,17.26243,0.13429481,1,2015,1
-130.21562,32.314644,18.238903,0.08393599,1,2015,1
-120.11129,32.321022,16.544693,0.21875605,1,2015,1
-135.40086,32.336178,18.535397,0.075107336,1,2015,1
-130.22694,32.34158,18.201763,0.07693489,1,2015,1
-130.886,32.34584,17.914093,0.07390979,1,2015,1
-120.55902,32.350258,17.241169,0.13823609,1,2015,1
-120.07882,32.35364,16.540901,0.22593227,1,2015,1
-120.45518,32.355324,17.057236,0.1400786,1,2015,1
-120.56368,32.36367,17.312641,0.13746051,1,2015,1
-135.42267,32.36396,18.521595,0.07391368,1,2015,1
-120.14309,32.37528,16.534601,0.22850531,1,2015,1
-130.25238,32.37991,18.158089,0.08139568,1,2015,1
-130.91136,32.3929,17.90033,0.07391787,1,2015,1
-135.44144,32.409264,18.473974,0.07371454,1,2015,1
-120.10274,32.41923,16.524523,0.24353492,1,2015,1
-130.27933,32.426884,18.126009,0.08004101,1,2015,1
-120.453445,32.430492,17.02604,0.14392366,1,2015,1
-120.167175,32.433067,16.534557,0.24308579,1,2015,1
-130.92639,32.442104,17.795832,0.073134035,1,2015,1
-120.17334,32.451336,16.554764,0.23797376,1,2015,1
-135.4641,32.465874,18.417885,0.073772095,1,2015,1
-120.56328,32.469803,17.27823,0.13121079,1,2015,1
-130.30603,32.471706,18.095007,0.07916957,1,2015,1
-120.445045,32.475914,16.990273,0.15681577,1,2015,1
-130.9252,32.49085,17.774946,0.07752981,1,2015,1
-120.19239,32.49192,16.625683,0.20836209,1,2015,1
-120.23161,32.499115,16.671001,0.19188781,1,2015,1
-130.33737,32.52014,18.047695,0.078476205,1,2015,1
-135.48314,32.524326,18.410318,0.070277214,1,2015,1
-120.440575,32.528126,17.018665,0.15947951,1,2015,1
-130.9222,32.54064,17.75365,0.081641525,1,2015,1
-120.555534,32.542774,17.212673,0.14466599,1,2015,1
-120.21907,32.552387,16.700432,0.19723296,1,2015,1
-120.279335,32.553032,16.770306,0.18230943,1,2015,1
-130.36401,32.553116,17.990719,0.07387872,1,2015,1
-120.47655,32.55856,17.088331,0.15908502,1,2015,1
-135.50475,32.57878,18.407913,0.075608864,1,2015,1
-130.92377,32.59401,17.665384,0.08264325,1,2015,1
-130.3973,32.59921,17.93088,0.077625595,1,2015,1
-120.49981,32.611607,17.167526,0.1531967,1,2015,1
-120.30123,32.61801,16.861801,0.17893523,1,2015,1
-120.24488,32.62265,16.785992,0.18221399,1,2015,1
-120.55127,32.6231,17.270363,0.13761105,1,2015,1
-135.53186,32.63083,18.402815,0.07450859,1,2015,1
-130.93347,32.637947,17.626719,0.08183765,1,2015,1
-130.43419,32.647957,17.868896,0.07571282,1,2015,1
-120.52459,32.669228,17.17869,0.15361187,1,2015,1
-130.94989,32.674606,17.573622,0.08403953,1,2015,1
-135.54776,32.67549,18.388039,0.07299755,1,2015,1
-120.2661,32.686348,16.889872,0.17069599,1,2015,1
-120.31984,32.6883,16.92519,0.16449396,1,2015,1
-120.61822,32.69267,17.445196,0.13278759,1,2015,1
-120.53977,32.692722,17.282328,0.15579589,1,2015,1
-130.4647,32.69705,17.832903,0.08100942,1,2015,1
-120.72604,32.7099,17.500494,0.1265435,1,2015,1
-130.97113,32.71116,17.547665,0.082459636,1,2015,1
-120.836044,32.723804,17.614658,0.12261608,1,2015,1
-135.56201,32.73243,18.390846,0.07234613,1,2015,1
-120.930565,32.73914,17.61979,0.13037696,1,2015,1
-130.49245,32.747993,17.753416,0.08723577,1,2015,1
-120.301,32.74866,16.927582,0.17414433,1,2015,1
-130.99094,32.755302,17.519556,0.078169554,1,2015,1
-120.34506,32.75759,16.960852,0.1833127,1,2015,1
-121.01868,32.76886,17.406233,0.12740158,1,2015,1
-120.53286,32.77289,17.253935,0.14897332,1,2015,1
-135.59052,32.782757,18.2674,0.071898,1,2015,1
-130.51355,32.79445,17.637535,0.08633953,1,2015,1
-130.99738,32.797665,17.47715,0.082809895,1,2015,1
-121.11626,32.797688,17.224596,0.13727878,1,2015,1
-120.344765,32.809254,16.945305,0.1912046,1,2015,1
-120.365524,32.819653,16.93372,0.18812734,1,2015,1
-130.5293,32.83298,17.55832,0.08360096,1,2015,1
-135.60841,32.837593,18.153564,0.07690167,1,2015,1
-131.00255,32.837826,17.453196,0.089570604,1,2015,1
-120.5254,32.838913,17.257349,0.15611175,1,2015,1
-121.162926,32.8448,17.131224,0.15305911,1,2015,1
-120.38538,32.870544,17.008709,0.17879227,1,2015,1
-131.01208,32.87371,17.45229,0.08047895,1,2015,1
-130.5478,32.87709,17.458109,0.09121144,1,2015,1
-120.51954,32.884853,17.217648,0.14901812,1,2015,1
-135.60138,32.888645,18.117016,0.07544728,1,2015,1
-121.153275,32.891045,17.077969,0.15753677,1,2015,1
-120.37595,32.892788,17.061878,0.17290607,1,2015,1
-130.56746,32.92006,17.388546,0.092737764,1,2015,1
-131.02946,32.921513,17.535137,0.09245306,1,2015,1
-120.431496,32.932407,17.216679,0.15376684,1,2015,1
-121.13427,32.944702,17.037971,0.16398193,1,2015,1
-135.59972,32.949253,18.136675,0.06784262,1,2015,1
-131.06038,32.951008,17.538898,0.08808633,1,2015,1
-120.37688,32.953026,17.107681,0.1569635,1,2015,1
-130.59143,32.959953,17.298496,0.0883524,1,2015,1
-120.51407,32.97203,17.254925,0.13920033,1,2015,1
-131.0768,32.990005,17.566782,0.07752745,1,2015,1
-120.4477,32.993008,17.250055,0.15314831,1,2015,1
-130.61096,33.003155,17.242006,0.09253073,1,2015,1
-121.12616,33.00687,16.838053,0.1831699,1,2015,1
-135.60712,33.00746,18.16077,0.075741835,1,2015,1
-120.39347,33.01872,17.23364,0.14752959,1,2015,1
-131.08769,33.03296,17.53903,0.096699096,1,2015,1
-121.19088,33.04666,16.58627,0.22671297,1,2015,1
-130.62654,33.04751,17.219646,0.09314273,1,2015,1
-121.154305,33.048786,16.662264,0.21378474,1,2015,1
-135.61237,33.050285,18.175585,0.07454559,1,2015,1
-120.497986,33.056126,17.260836,0.15069461,1,2015,1
-120.486015,33.058258,17.27703,0.15208167,1,2015,1
-131.0963,33.075474,17.36934,0.10044779,1,2015,1
-120.41834,33.08008,17.231993,0.14621918,1,2015,1
-135.63054,33.08359,18.181505,0.08127397,1,2015,1
-121.18686,33.086334,16.416187,0.24200372,1,2015,1
-130.65422,33.08995,17.175909,0.09462493,1,2015,1
-120.51576,33.10732,17.254095,0.14773445,1,2015,1
-120.47388,33.11196,17.255972,0.14870818,1,2015,1
-131.10867,33.120747,17.32504,0.08959318,1,2015,1
-130.6803,33.13267,17.185946,0.09552533,1,2015,1
-120.49624,33.139053,17.24408,0.16241969,1,2015,1
-135.64215,33.14177,18.1851,0.08021224,1,2015,1
-121.211365,33.146927,16.253582,0.26219738,1,2015,1
-131.14491,33.159714,17.327497,0.08772713,1,2015,1
-120.48987,33.16097,17.243,0.15719442,1,2015,1
-120.55525,33.172962,17.184593,0.16996999,1,2015,1
-130.69728,33.17377,17.197937,0.099911556,1,2015,1
-135.6726,33.193363,18.204643,0.0861246,1,2015,1
-121.23489,33.20155,16.011692,0.27883992,1,2015,1
-120.49988,33.210796,17.220465,0.1655544,1,2015,1
-131.152,33.2145,17.298416,0.09074831,1,2015,1
-130.71884,33.214775,17.186642,0.09485616,1,2015,1
-120.53408,33.217636,17.170757,0.17297463,1,2015,1
-120.53961,33.229248,17.160894,0.16783437,1,2015,1
-120.60215,33.233932,17.017803,0.16636935,1,2015,1
-121.29541,33.254864,15.902854,0.2891133,1,2015,1
-130.74062,33.25587,17.172735,0.09282515,1,2015,1
-131.17122,33.257298,17.253912,0.08963964,1,2015,1
-120.4991,33.285927,17.207228,0.16583838,1,2015,1
-120.63376,33.295967,16.974733,0.17914505,1,2015,1
-130.74544,33.298252,17.146585,0.09885679,1,2015,1
-131.17969,33.30068,17.1706,0.09713814,1,2015,1
-121.35744,33.30732,15.748133,0.3042171,1,2015,1
-130.74864,33.337296,17.136684,0.09150479,1,2015,1
-120.50583,33.35616,17.078234,0.17278466,1,2015,1
-121.437035,33.362118,15.622291,0.33399191,1,2015,1
-131.22713,33.364834,17.148718,0.10190454,1,2015,1
-120.68613,33.374104,16.614727,0.2562336,1,2015,1
-130.74702,33.377422,17.069595,0.099808924,1,2015,1
-131.23206,33.405888,17.145172,0.09994811,1,2015,1
-120.528145,33.413586,16.794342,0.20630124,1,2015,1
-130.74274,33.41612,17.026403,0.09998493,1,2015,1
-121.52101,33.423126,15.672971,0.35292104,1,2015,1
-131.2413,33.43109,17.139029,0.09651237,1,2015,1
-120.72907,33.445072,16.36656,0.30121294,1,2015,1
-130.75537,33.45447,16.997826,0.10015634,1,2015,1
-120.55017,33.47094,16.725164,0.20020257,1,2015,1
-121.610306,33.471207,15.716365,0.33995497,1,2015,1
-131.24774,33.472313,17.1297,0.102183394,1,2015,1
-120.561134,33.49088,16.61913,0.22265081,1,2015,1
-130.7527,33.495483,16.974964,0.1026302,1,2015,1
-120.77032,33.504093,16.154642,0.30834755,1,2015,1
-135.73746,33.50464,18.10503,0.06815502,1,2015,1
-131.2583,33.515686,17.12932,0.09692076,1,2015,1
-120.560234,33.53041,16.504158,0.2441783,1,2015,1
-121.69197,33.53162,15.757159,0.36287552,1,2015,1
-130.76086,33.536587,16.953417,0.10054798,1,2015,1
-131.27278,33.554867,17.121386,0.09941674,1,2015,1
-135.74759,33.573597,18.094173,0.086676754,1,2015,1
-130.783,33.57426,16.915594,0.107057504,1,2015,1
-120.809875,33.58105,16.109577,0.28861648,1,2015,1
-121.77442,33.591606,15.795367,0.353802,1,2015,1
-131.3004,33.59516,17.136765,0.09874458,1,2015,1
-120.55642,33.607468,16.43285,0.24317335,1,2015,1
-130.79457,33.614834,16.82353,0.100142576,1,2015,1
-131.33243,33.630287,17.140501,0.09519605,1,2015,1
-135.76028,33.636837,18.079742,0.09848259,1,2015,1
-120.84333,33.642265,16.17488,0.3275886,1,2015,1
-120.54691,33.646473,16.36077,0.23933494,1,2015,1
-130.79909,33.650307,16.75956,0.10582225,1,2015,1
-131.3657,33.666153,17.122644,0.10462818,1,2015,1
-121.825356,33.667725,15.832947,0.35049245,1,2015,1
-130.80725,33.68875,16.750431,0.09819677,1,2015,1
-120.55523,33.702522,16.29027,0.2460889,1,2015,1
-120.88524,33.711246,16.132313,0.34100044,1,2015,1
-135.76622,33.712677,18.014301,0.089683115,1,2015,1
-131.41731,33.71569,17.005018,0.10867232,1,2015,1
-130.83078,33.72453,16.706274,0.10441873,1,2015,1
-121.878204,33.737473,15.79254,0.33061382,1,2015,1
-130.84917,33.75996,16.686968,0.10264827,1,2015,1
-131.45917,33.76008,16.919277,0.109481625,1,2015,1
-120.932396,33.767353,16.038523,0.34490046,1,2015,1
-120.54603,33.773983,16.153013,0.27720666,1,2015,1
-135.7594,33.784065,18.007126,0.08831369,1,2015,1
-130.8563,33.790707,16.646957,0.10549849,1,2015,1
-121.91021,33.806927,15.690224,0.33758515,1,2015,1
-131.4969,33.80708,16.833502,0.11290654,1,2015,1
-130.86826,33.82674,16.614334,0.101394996,1,2015,1
-120.96667,33.840565,15.980253,0.33732638,1,2015,1
-131.51547,33.850727,16.786465,0.113432534,1,2015,1
-120.53572,33.85112,16.042225,0.2964619,1,2015,1
-135.75269,33.85481,17.950535,0.091342166,1,2015,1
-121.94417,33.856407,15.657588,0.34018973,1,2015,1
-130.88368,33.862896,16.618303,0.109276086,1,2015,1
-122.02037,33.870403,15.683009,0.3355947,1,2015,1
-122.11359,33.872406,15.641273,0.35853836,1,2015,1
-121.939865,33.874092,15.647087,0.34796503,1,2015,1
-121.77372,33.881622,15.67976,0.35283676,1,2015,1
-121.84928,33.88188,15.667056,0.35172048,1,2015,1
-122.20414,33.88467,15.666045,0.35234183,1,2015,1
-121.67461,33.88468,15.696117,0.33777544,1,2015,1
-121.59124,33.887486,15.6593895,0.3901344,1,2015,1
-121.5232,33.892456,15.641481,0.4311646,1,2015,1
-131.55334,33.89483,16.777384,0.11565153,1,2015,1
-120.52826,33.903812,15.877086,0.33705652,1,2015,1
-120.49438,33.904903,15.867443,0.35512778,1,2015,1
-121.425026,33.905777,15.623614,0.42445928,1,2015,1
-121.23484,33.911415,15.726427,0.35345963,1,2015,1
-120.97981,33.91172,15.918541,0.33883598,1,2015,1
-121.320145,33.917255,15.670158,0.4019,1,2015,1
-121.243065,33.9187,15.702024,0.39731532,1,2015,1
-130.90463,33.91879,16.594076,0.11562798,1,2015,1
-121.14903,33.91959,15.802232,0.3483452,1,2015,1
-121.08258,33.92808,15.8545065,0.36218876,1,2015,1
-135.76086,33.934902,17.934181,0.09912925,1,2015,1
-120.71158,33.93539,15.95924,0.3441588,1,2015,1
-120.87684,33.93904,15.998558,0.30789328,1,2015,1
-131.57924,33.93973,16.835894,0.104396746,1,2015,1
-120.99815,33.93988,15.884769,0.33574185,1,2015,1
-120.516075,33.940166,15.793489,0.38131398,1,2015,1
-121.97099,33.94221,15.639196,0.35456935,1,2015,1
-120.91096,33.946236,15.964065,0.31934342,1,2015,1
-120.629906,33.947575,15.793166,0.37178934,1,2015,1
-130.90685,33.95246,16.57061,0.11323716,1,2015,1
-120.528,33.952747,15.7932,0.36422583,1,2015,1
-120.773964,33.95545,16.032848,0.299827,1,2015,1
-122.196495,33.96279,15.671784,0.34621653,1,2015,1
-121.01968,33.97251,15.848655,0.3381834,1,2015,1
-120.95447,33.983612,15.87276,0.2971268,1,2015,1
-120.981804,33.987347,15.852745,0.29668733,1,2015,1
-130.89243,33.987534,16.547112,0.10450542,1,2015,1
-131.60631,33.989635,16.90392,0.10432878,1,2015,1
-121.01528,33.9937,15.832952,0.35340613,1,2015,1
-135.7974,33.993767,17.883081,0.08045094,1,2015,1
-121.275276,33.994556,15.684864,0.3867304,1,2015,1
-121.357605,33.998596,15.6968155,0.4050556,1,2015,1
-121.38639,34.01284,15.708833,0.39393046,1,2015,1
-121.38827,34.01374,15.681037,0.39613342,1,2015,1
-121.04697,34.013756,15.817398,0.31594858,1,2015,1
-121.00001,34.01436,15.834773,0.31001514,1,2015,1
-121.051414,34.01814,15.774982,0.33368248,1,2015,1
-121.960976,34.01918,15.622358,0.35024777,1,2015,1
-130.89915,34.02895,16.527653,0.11830996,1,2015,1
-131.63643,34.03708,16.960299,0.104699425,1,2015,1
-121.450264,34.037422,15.619522,0.39358908,1,2015,1
-122.19387,34.03913,15.698841,0.3324757,1,2015,1
-121.50824,34.04489,15.585832,0.4076479,1,2015,1
-121.063484,34.05538,15.744099,0.33723754,1,2015,1
-121.55102,34.060696,15.580275,0.40672836,1,2015,1
-130.91083,34.06111,16.503681,0.109830774,1,2015,1
-121.13274,34.074898,15.706437,0.33635134,1,2015,1
-131.6731,34.080074,16.981518,0.10182913,1,2015,1
-130.91255,34.09634,16.530405,0.1167931,1,2015,1
-121.95914,34.10507,15.604618,0.36066845,1,2015,1
-121.19186,34.110073,15.704174,0.33711538,1,2015,1
-131.70242,34.118294,16.977158,0.10645082,1,2015,1
-122.16809,34.11931,15.627949,0.3876965,1,2015,1
-121.54933,34.119614,15.576742,0.41522455,1,2015,1
-121.25176,34.13965,15.697686,0.36788082,1,2015,1
-130.94771,34.152073,16.505402,0.118317,1,2015,1
-121.54462,34.153446,15.590967,0.3720214,1,2015,1
-131.00275,34.164207,16.566967,0.12671147,1,2015,1
-121.310776,34.166126,15.693002,0.3758705,1,2015,1
-131.74712,34.16913,16.917099,0.10696465,1,2015,1
-121.97695,34.180264,15.603014,0.361644,1,2015,1
-121.32324,34.18136,15.708659,0.377752,1,2015,1
-131.05634,34.19156,16.612457,0.12914692,1,2015,1
-122.1546,34.194275,15.56186,0.4124777,1,2015,1
-121.330055,34.203354,15.702272,0.3828024,1,2015,1
-121.52773,34.205654,15.63797,0.3741634,1,2015,1
-131.10863,34.211723,16.610634,0.12281001,1,2015,1
-131.78355,34.21845,16.886356,0.11004249,1,2015,1
-121.357666,34.222687,15.717461,0.38053286,1,2015,1
-122.24331,34.225277,15.608818,0.37705472,1,2015,1
-121.355484,34.23833,15.718486,0.37121096,1,2015,1
-122.32492,34.245808,15.70186,0.36211076,1,2015,1
-131.14438,34.24838,16.597252,0.121921174,1,2015,1
-121.98201,34.255596,15.591267,0.38693807,1,2015,1
-121.50033,34.2581,15.668942,0.3741015,1,2015,1
-122.42444,34.258766,15.754344,0.31299254,1,2015,1
-131.81026,34.267414,16.87815,0.11138742,1,2015,1
-131.14075,34.28291,16.605825,0.10626856,1,2015,1
-121.477196,34.28912,15.701658,0.37466064,1,2015,1
-121.39143,34.292843,15.70407,0.36335936,1,2015,1
-122.46426,34.309593,15.838313,0.29230732,1,2015,1
-131.8395,34.31439,16.893637,0.11596872,1,2015,1
-122.01514,34.32541,15.524099,0.3960987,1,2015,1
-121.45305,34.334476,15.71515,0.37136585,1,2015,1
-131.18692,34.340206,16.660618,0.12060478,1,2015,1
-121.433174,34.361538,15.706665,0.36834824,1,2015,1
-131.86328,34.363644,16.886139,0.11408318,1,2015,1
-131.2358,34.364155,16.69047,0.113698535,1,2015,1
-122.4413,34.386387,15.861314,0.28353813,1,2015,1
-122.04213,34.390423,15.424374,0.39696026,1,2015,1
-121.420456,34.398663,15.677625,0.37131324,1,2015,1
-131.26744,34.40473,16.698538,0.114685714,1,2015,1
-131.90402,34.411057,16.866486,0.11211492,1,2015,1
-121.479645,34.430984,15.606744,0.3995978,1,2015,1
-131.30426,34.443047,16.715393,0.1100025,1,2015,1
-131.93777,34.449665,16.84922,0.11349518,1,2015,1
-121.395226,34.463604,15.590958,0.42260432,1,2015,1
-122.04777,34.463737,15.333331,0.38375556,1,2015,1
-122.42478,34.47384,15.668331,0.31982416,1,2015,1
-131.33081,34.487293,16.738121,0.10306968,1,2015,1
-131.96857,34.49256,16.82086,0.113701455,1,2015,1
-121.5143,34.495834,15.561635,0.39834303,1,2015,1
-121.36453,34.51427,15.588266,0.41330358,1,2015,1
-131.35883,34.528633,16.754526,0.10833666,1,2015,1
-122.075096,34.533627,15.33536,0.38959628,1,2015,1
-132.0066,34.537674,16.79857,0.11188317,1,2015,1
-122.163895,34.541737,15.398482,0.38945895,1,2015,1
-122.40248,34.546185,15.567012,0.34710333,1,2015,1
-122.07952,34.548286,15.301067,0.3792038,1,2015,1
-131.4076,34.553886,16.750427,0.111263804,1,2015,1
-122.00923,34.558655,15.249516,0.3743522,1,2015,1
-122.198235,34.567757,15.431304,0.3891241,1,2015,1
-121.544815,34.572613,15.481597,0.3889017,1,2015,1
-121.635925,34.572933,15.462821,0.38043022,1,2015,1
-131.50023,34.577225,16.743887,0.115470104,1,2015,1
-121.933426,34.577953,15.305232,0.39041352,1,2015,1
-121.56655,34.578068,15.450015,0.3984639,1,2015,1
-121.68883,34.579,15.405917,0.3929109,1,2015,1
-121.33884,34.579037,15.588952,0.39803636,1,2015,1
-132.06128,34.580338,16.791708,0.10941851,1,2015,1
-122.45586,34.58215,15.578884,0.35362193,1,2015,1
-121.510796,34.586746,15.453565,0.40030244,1,2015,1
-121.85424,34.588657,15.358146,0.38811225,1,2015,1
-121.441216,34.59059,15.485133,0.40807644,1,2015,1
-122.1113,34.59183,15.343516,0.37602618,1,2015,1
-131.43938,34.593723,16.74292,0.124198176,1,2015,1
-121.77441,34.596386,15.37186,0.3788034,1,2015,1
-131.51297,34.60075,16.752077,0.13047735,1,2015,1
-121.36217,34.603416,15.568687,0.4080528,1,2015,1
-131.50624,34.623463,16.750004,0.12139957,1,2015,1
-122.50447,34.627617,15.507587,0.36190918,1,2015,1
-131.4739,34.630493,16.737503,0.113293946,1,2015,1
-132.07852,34.63207,16.800482,0.112747975,1,2015,1
-122.144,34.634026,15.368069,0.38095397,1,2015,1
-131.51942,34.645336,16.760838,0.12403848,1,2015,1
-121.575554,34.651745,15.376131,0.4233302,1,2015,1
-132.07986,34.653843,16.792816,0.10883488,1,2015,1
-131.52174,34.6549,16.77733,0.11668673,1,2015,1
-122.135475,34.666092,15.370937,0.3905872,1,2015,1
-122.5509,34.687553,15.482374,0.3920738,1,2015,1
-131.52852,34.68857,16.791895,0.10844956,1,2015,1
-132.09988,34.696,16.7717,0.10961009,1,2015,1
-131.51247,34.71515,16.743519,0.115472354,1,2015,1
-121.611145,34.726234,15.300224,0.40511125,1,2015,1
-122.165054,34.746094,15.341079,0.3941982,1,2015,1
-132.11516,34.746822,16.773663,0.11498809,1,2015,1
-122.186066,34.774612,15.3209915,0.4072904,1,2015,1
-122.559715,34.77687,15.38411,0.40644887,1,2015,1
-131.49422,34.781563,16.763903,0.10316768,1,2015,1
-132.14061,34.78999,16.778784,0.117518485,1,2015,1
-121.637825,34.799114,15.283559,0.41063026,1,2015,1
-122.23162,34.812027,15.324003,0.39993164,1,2015,1
-131.47464,34.814507,16.725748,0.11521153,1,2015,1
-132.15714,34.81693,16.776703,0.11115554,1,2015,1
-132.17151,34.841133,16.768478,0.113524094,1,2015,1
-122.557655,34.8499,15.258543,0.3988629,1,2015,1
-131.46446,34.856888,16.69704,0.119363785,1,2015,1
-121.67405,34.874752,15.30598,0.40872025,1,2015,1
-122.2962,34.878128,15.276898,0.4593399,1,2015,1
-122.585144,34.903824,15.232109,0.42931327,1,2015,1
-132.1919,34.90571,16.78466,0.110312276,1,2015,1
-131.4411,34.907536,16.667297,0.11672987,1,2015,1
-122.322,34.938156,15.268318,0.44556588,1,2015,1
-121.71532,34.946236,15.321614,0.38275474,1,2015,1
-121.921425,34.957226,15.334612,0.39297482,1,2015,1
-131.45515,34.958256,16.671783,0.108552784,1,2015,1
-132.21274,34.9725,16.797377,0.11348636,1,2015,1
-122.58636,34.987164,15.170422,0.44633564,1,2015,1
-132.23137,34.99248,16.84618,0.10466661,1,2015,1
-121.89232,35.009228,15.359288,0.40447998,1,2015,1
-132.26294,35.01031,16.874327,0.11026091,1,2015,1
-121.77682,35.012447,15.365396,0.39678425,1,2015,1
-122.38799,35.036514,15.275245,0.45279443,1,2015,1
-131.42914,35.03882,16.667337,0.10873805,1,2015,1
-121.852036,35.057873,15.342966,0.38390934,1,2015,1
-132.30293,35.071117,16.901724,0.11256913,1,2015,1
-121.8557,35.073593,15.3281355,0.4050061,1,2015,1
-122.55497,35.079,15.160947,0.4319226,1,2015,1
-131.42622,35.086037,16.685385,0.11177372,1,2015,1
-131.4603,35.090775,16.6935,0.10698218,1,2015,1
-122.06282,35.11049,15.239273,0.42598936,1,2015,1
-122.43081,35.112644,15.260922,0.43104222,1,2015,1
-121.90419,35.11955,15.312003,0.40230313,1,2015,1
-122.10815,35.121223,15.254735,0.42724794,1,2015,1
-122.53661,35.129723,15.171502,0.4186596,1,2015,1
-121.96868,35.130157,15.292329,0.42326266,1,2015,1
-132.32469,35.1305,16.91851,0.11261024,1,2015,1
-136.3261,35.14004,17.001133,0.10570213,1,2015,1
-131.44177,35.14171,16.731707,0.10524164,1,2015,1
-121.888725,35.147152,15.31494,0.40157405,1,2015,1
-121.81063,35.165504,15.331355,0.4253859,1,2015,1
-131.40686,35.180748,16.707066,0.107468724,1,2015,1
-122.06425,35.18075,15.24604,0.45867106,1,2015,1
-136.32642,35.183495,17.031889,0.11269287,1,2015,1
-122.46463,35.18381,15.2193575,0.40969446,1,2015,1
-132.33621,35.187077,16.947899,0.10219012,1,2015,1
-122.21244,35.192852,15.250698,0.42362314,1,2015,1
-121.93736,35.19808,15.314931,0.46935624,1,2015,1
-122.12299,35.198196,15.247971,0.47831908,1,2015,1
-122.16564,35.20115,15.251416,0.44245642,1,2015,1
-131.3944,35.206394,16.681871,0.108653836,1,2015,1
-122.055954,35.216568,15.266282,0.44853383,1,2015,1
-122.50651,35.22103,15.160038,0.41743764,1,2015,1
-122.203285,35.231033,15.240726,0.4299545,1,2015,1
-136.33221,35.241493,17.052145,0.11210907,1,2015,1
-132.35616,35.24478,16.94228,0.09785383,1,2015,1
-122.502525,35.256096,15.108217,0.40150163,1,2015,1
-131.40059,35.271687,16.709436,0.11399679,1,2015,1
-121.96199,35.271793,15.326367,0.44855827,1,2015,1
-136.33638,35.285606,17.058357,0.119823374,1,2015,1
-122.14498,35.29648,15.260085,0.45747662,1,2015,1
-132.37607,35.299877,16.935162,0.09584409,1,2015,1
-122.48156,35.3036,15.050672,0.4181864,1,2015,1
-131.42624,35.30731,16.690502,0.118137136,1,2015,1
-122.523384,35.333652,15.055651,0.43907622,1,2015,1
-131.45464,35.33698,16.683414,0.11055781,1,2015,1
-121.99539,35.34873,15.317896,0.43915296,1,2015,1
-131.45529,35.3646,16.66473,0.11679498,1,2015,1
-132.39314,35.365276,16.899399,0.09190898,1,2015,1
-122.10196,35.36543,15.270177,0.45092005,1,2015,1
-131.40442,35.37379,16.625895,0.11864507,1,2015,1
-131.38522,35.378117,16.591986,0.114331,1,2015,1
-122.60055,35.38719,15.117466,0.44513264,1,2015,1
-122.46727,35.39941,14.967215,0.4537155,1,2015,1
-132.4048,35.419804,16.899092,0.084086396,1,2015,1
-122.028404,35.425514,15.285564,0.453218,1,2015,1
-131.38359,35.425842,16.568336,0.11134712,1,2015,1
-122.674194,35.43151,15.089516,0.43127382,1,2015,1
-122.462166,35.44824,14.928042,0.471863,1,2015,1
-122.06887,35.45138,15.251575,0.4515232,1,2015,1
-132.39386,35.464718,16.89808,0.07450261,1,2015,1
-131.36922,35.47389,16.560621,0.11807294,1,2015,1
-122.757706,35.50021,15.083578,0.43288097,1,2015,1
-122.45509,35.50137,14.914877,0.49518436,1,2015,1
-122.02961,35.505596,15.273823,0.43666825,1,2015,1
-132.42409,35.523685,16.895227,0.10430981,1,2015,1
-131.40134,35.523987,16.523794,0.116835944,1,2015,1
-131.37163,35.52658,16.50311,0.114959136,1,2015,1
-122.03741,35.531586,15.2896185,0.43506023,1,2015,1
-131.43843,35.547783,16.550667,0.117718436,1,2015,1
-122.811714,35.5636,14.942565,0.45980823,1,2015,1
-131.46535,35.566704,16.538797,0.1142045,1,2015,1
-122.05046,35.57922,15.3062,0.43685687,1,2015,1
-132.45471,35.583782,16.901379,0.09872298,1,2015,1
-122.844765,35.59416,14.889827,0.43959835,1,2015,1
-122.4497,35.603226,14.9892645,0.5446373,1,2015,1
-121.99337,35.60518,15.285476,0.4544399,1,2015,1
-131.44733,35.618732,16.53195,0.11073309,1,2015,1
-132.48608,35.63848,16.890842,0.10117847,1,2015,1
-122.081055,35.650833,15.278296,0.43083888,1,2015,1
-122.903915,35.65409,14.92319,0.40466115,1,2015,1
-131.45586,35.669426,16.492615,0.12772684,1,2015,1
-132.51808,35.686577,16.876076,0.09834861,1,2015,1
-121.95341,35.693844,15.227631,0.44165698,1,2015,1
-122.45954,35.695164,14.991895,0.59481686,1,2015,1
-122.15494,35.700165,15.270877,0.45704648,1,2015,1
-132.5318,35.71573,16.840704,0.095724955,1,2015,1
-131.4721,35.719707,16.494492,0.11961687,1,2015,1
-122.94806,35.723713,14.942491,0.42460054,1,2015,1
-131.49634,35.734596,16.51257,0.11710461,1,2015,1
-131.50226,35.738113,16.530151,0.12435144,1,2015,1
-122.23328,35.75853,15.173226,0.52433807,1,2015,1
-132.5799,35.772892,16.805864,0.09246607,1,2015,1
-122.48397,35.774445,14.905609,0.6023085,1,2015,1
-121.92188,35.777004,15.193283,0.4996902,1,2015,1
-122.98708,35.801,14.887218,0.45722386,1,2015,1
-122.29301,35.81147,15.106562,0.5577484,1,2015,1
-122.55814,35.81791,14.830192,0.6216762,1,2015,1
-132.59976,35.829773,16.81796,0.10829037,1,2015,1
-121.88658,35.85179,15.162353,0.56559235,1,2015,1
-136.4174,35.854916,16.912592,0.10008263,1,2015,1
-121.98398,35.857834,15.195812,0.53335327,1,2015,1
-123.06363,35.86184,14.852827,0.43725625,1,2015,1
-122.34913,35.872128,15.048405,0.6000417,1,2015,1
-122.60478,35.8849,14.825607,0.5832871,1,2015,1
-132.63846,35.89004,16.813122,0.086818,1,2015,1
-136.41798,35.89345,16.830399,0.10260867,1,2015,1
-122.03471,35.92062,15.23539,0.5419925,1,2015,1
-122.42172,35.925743,14.897984,0.7077989,1,2015,1
-121.973366,35.927563,15.1601515,0.58923036,1,2015,1
-123.10437,35.937557,14.841641,0.47490317,1,2015,1
-122.650185,35.941113,14.82382,0.64734846,1,2015,1
-132.66957,35.943565,16.809074,0.09843444,1,2015,1
-122.49295,35.97281,14.836917,0.7036137,1,2015,1
-122.05452,35.983494,15.17755,0.58070314,1,2015,1
-132.70183,35.999874,16.824337,0.09268734,1,2015,1
-123.14226,36.003246,14.792082,0.49265295,1,2015,1
-122.66517,36.012352,14.755474,0.6930622,1,2015,1
-122.56364,36.029716,14.819638,0.6051971,1,2015,1
-122.043236,36.05469,15.106265,0.6479293,1,2015,1
-132.73454,36.058228,16.845367,0.09440543,1,2015,1
-122.70469,36.072014,14.724332,0.652336,1,2015,1
-122.24065,36.07569,15.137788,0.63503593,1,2015,1
-123.15358,36.07705,14.727316,0.49158555,1,2015,1
-122.15826,36.081375,15.165742,0.63030064,1,2015,1
-122.08469,36.08388,15.106122,0.66967046,1,2015,1
-122.628555,36.086334,14.77205,0.6438263,1,2015,1
-122.288994,36.10765,15.035144,0.6727355,1,2015,1
-122.78985,36.11384,14.642928,0.6582776,1,2015,1
-132.75816,36.119335,16.838078,0.08850052,1,2015,1
-122.70585,36.131706,14.715911,0.6558041,1,2015,1
-123.20927,36.135384,14.727502,0.46730766,1,2015,1
-122.42721,36.14708,14.916532,0.74860716,1,2015,1
-122.521805,36.149994,14.814545,0.7566985,1,2015,1
-122.3308,36.154064,15.031311,0.65033853,1,2015,1
-122.75606,36.159595,14.660704,0.639344,1,2015,1
-122.83069,36.1672,14.610865,0.6774058,1,2015,1
-132.7827,36.18213,16.852707,0.09717473,1,2015,1
-123.26989,36.19668,14.783354,0.5370727,1,2015,1
-122.8284,36.219982,14.614664,0.68391836,1,2015,1
-122.51585,36.22264,14.815674,0.783358,1,2015,1
-122.8863,36.223278,14.596435,0.7122816,1,2015,1
-122.61032,36.223534,14.785162,0.7894559,1,2015,1
-132.81422,36.243664,16.878965,0.10130428,1,2015,1
-122.63908,36.257202,14.7109375,0.7302813,1,2015,1
-123.3385,36.263866,14.759063,0.51142514,1,2015,1
-122.95579,36.276424,14.56964,0.48118225,1,2015,1
-122.88032,36.284573,14.603364,0.48763397,1,2015,1
-132.83185,36.306168,16.836458,0.097795695,1,2015,1
-123.031395,36.306953,14.573798,0.47250667,1,2015,1
-123.42641,36.318127,14.709734,0.5367888,1,2015,1
-122.59494,36.322098,14.7675295,0.65206045,1,2015,1
-123.05427,36.3315,14.536305,0.49211386,1,2015,1
-122.924126,36.343746,14.640744,0.46697134,1,2015,1
-132.83708,36.370827,16.796246,0.09997972,1,2015,1
-123.49329,36.37909,14.6491375,0.57918155,1,2015,1
-123.12665,36.381294,14.528339,0.5860521,1,2015,1
-132.83723,36.381462,16.760492,0.091118895,1,2015,1
-122.563614,36.395798,14.821614,0.6951698,1,2015,1
-122.97403,36.400856,14.637959,0.4854699,1,2015,1
-123.19621,36.410843,14.601126,0.507387,1,2015,1
-123.56346,36.419388,14.706911,0.5244959,1,2015,1
-132.8566,36.44898,16.749222,0.090471216,1,2015,1
-123.02449,36.462116,14.63379,0.45157692,1,2015,1
-123.20645,36.472404,14.633621,0.4884892,1,2015,1
-122.55639,36.474625,14.799474,0.58513886,1,2015,1
-123.65449,36.47869,14.741726,0.4823479,1,2015,1
-122.62159,36.50303,14.726936,0.5696763,1,2015,1
-136.0702,36.511642,16.065502,0.116288595,1,2015,1
-132.85338,36.514526,16.720243,0.0757835,1,2015,1
-123.07981,36.51495,14.644132,0.46401078,1,2015,1
-136.08797,36.521255,16.099918,0.1072355,1,2015,1
-136.09874,36.525986,16.111797,0.09928222,1,2015,1
-122.68405,36.54481,14.655346,0.58984745,1,2015,1
-123.72926,36.548965,14.684631,0.44238597,1,2015,1
-123.184845,36.553352,14.64629,0.4750191,1,2015,1
-123.14817,36.56509,14.643199,0.4763665,1,2015,1
-132.86594,36.579628,16.662006,0.08248701,1,2015,1
-123.79271,36.58422,14.638641,0.4763,1,2015,1
-136.08287,36.586273,16.097267,0.11971852,1,2015,1
-123.17294,36.602,14.609597,0.4839236,1,2015,1
-132.86674,36.61283,16.63694,0.10017738,1,2015,1
-123.20912,36.613476,14.618722,0.47471738,1,2015,1
-122.66707,36.618015,14.700548,0.59765106,1,2015,1
-123.84632,36.624615,14.604997,0.53727317,1,2015,1
-136.05978,36.635674,16.101152,0.106537774,1,2015,1
-123.250244,36.644814,14.621836,0.50938755,1,2015,1
-122.72811,36.648327,14.68712,0.5880294,1,2015,1
-122.81906,36.664364,14.641807,0.5299836,1,2015,1
-123.26555,36.66937,14.628248,0.524828,1,2015,1
-136.03307,36.677673,16.097063,0.10777207,1,2015,1
-132.86218,36.678356,16.576376,0.09310351,1,2015,1
-123.27441,36.69232,14.6093025,0.51057625,1,2015,1
-123.938644,36.699635,14.524174,0.51003355,1,2015,1
-122.87355,36.701256,14.659529,0.5244819,1,2015,1
-135.98848,36.7104,16.0879,0.121327564,1,2015,1
-123.3284,36.715054,14.593114,0.5416308,1,2015,1
-122.906425,36.724598,14.665393,0.5293032,1,2015,1
-123.27621,36.731354,14.600991,0.5456903,1,2015,1
-135.94588,36.736313,16.076124,0.13003257,1,2015,1
-132.86226,36.743233,16.562506,0.10729085,1,2015,1
-124.00551,36.74645,14.501402,0.54090524,1,2015,1
-124.01339,36.75555,14.446711,0.6116781,1,2015,1
-122.96719,36.765038,14.671037,0.5595689,1,2015,1
-123.37125,36.77022,14.570213,0.5915719,1,2015,1
-135.92532,36.780807,16.057941,0.12285458,1,2015,1
-132.8802,36.803486,16.587318,0.09202089,1,2015,1
-124.06669,36.81111,14.389965,0.66428506,1,2015,1
-123.02085,36.8166,14.660324,0.54500866,1,2015,1
-135.89491,36.825397,16.077673,0.11982699,1,2015,1
-123.41599,36.826294,14.535013,0.6496471,1,2015,1
-123.51068,36.8553,14.4533615,0.72370684,1,2015,1
-124.130264,36.86627,14.420531,0.80735093,1,2015,1
-135.85083,36.871628,16.109922,0.11465115,1,2015,1
-132.88965,36.875988,16.545345,0.101148464,1,2015,1
-123.46184,36.881294,14.507351,0.64812213,1,2015,1
-123.6071,36.900406,14.468865,0.5771302,1,2015,1
-124.22069,36.916367,14.418381,0.7049518,1,2015,1
-135.81947,36.927742,16.140312,0.10035776,1,2015,1
-123.50785,36.938873,14.527936,0.59977,1,2015,1
-132.88779,36.94218,16.517473,0.0870227,1,2015,1
-123.53803,36.964794,14.519907,0.63911027,1,2015,1
-124.26948,36.971138,14.459479,0.66106886,1,2015,1
-135.78949,36.978004,16.125784,0.09789566,1,2015,1
-123.57527,36.98076,14.508689,0.60636806,1,2015,1
-132.88777,37.011623,16.484802,0.102958925,1,2015,1
-123.5718,37.016907,14.523916,0.5770342,1,2015,1
-124.26573,37.03584,14.527309,0.558045,1,2015,1
-135.76086,37.037094,16.10661,0.10060354,1,2015,1
-123.61292,37.038235,14.500356,0.58569604,1,2015,1
-123.609505,37.061993,14.496485,0.6003151,1,2015,1
-132.89163,37.07921,16.422844,0.10150982,1,2015,1
-124.304276,37.09427,14.51046,0.6089287,1,2015,1
-123.14555,37.094414,14.664041,0.6340063,1,2015,1
-123.593544,37.106056,14.497527,0.6168382,1,2015,1
-123.659,37.107594,14.492648,0.61277246,1,2015,1
-135.71706,37.108852,15.969536,0.11759929,1,2015,1
-123.18642,37.12908,14.632251,0.6896629,1,2015,1
-135.68982,37.138462,15.921048,0.11042561,1,2015,1
-132.90536,37.139896,16.36264,0.09565254,1,2015,1
-124.33528,37.1466,14.496368,0.6206209,1,2015,1
-123.62769,37.150463,14.491535,0.6196816,1,2015,1
-123.71594,37.150547,14.491374,0.70696664,1,2015,1
-135.65761,37.173626,15.9001465,0.11118454,1,2015,1
-123.251236,37.174976,14.489228,0.75004303,1,2015,1
-123.75556,37.19241,14.503374,0.7244765,1,2015,1
-124.357475,37.19625,14.500243,0.59877515,1,2015,1
-123.2979,37.1977,14.447358,0.68721557,1,2015,1
-123.6553,37.203896,14.51324,0.5699869,1,2015,1
-132.94809,37.208145,16.376772,0.10144132,1,2015,1
-123.8103,37.226955,14.504278,0.6838489,1,2015,1
-123.358055,37.237186,14.471731,0.7388914,1,2015,1
-135.63441,37.237324,15.846582,0.11710924,1,2015,1
-124.325356,37.252815,14.474951,1.0342358,1,2015,1
-132.96095,37.260746,16.36764,0.11210046,1,2015,1
-123.84491,37.272938,14.487261,0.64232767,1,2015,1
-123.6296,37.27827,14.530144,0.68609643,1,2015,1
-124.31481,37.283295,14.4556875,0.9213166,1,2015,1
-135.60321,37.298286,15.700948,0.11634795,1,2015,1
-123.385704,37.3072,14.527648,0.6104596,1,2015,1
-124.29088,37.30739,14.447196,0.95842177,1,2015,1
-124.294464,37.31451,14.47643,0.9442484,1,2015,1
-132.96786,37.314613,16.268387,0.09714163,1,2015,1
-123.88092,37.315014,14.476842,0.68532753,1,2015,1
-123.61521,37.31694,14.542161,0.69678223,1,2015,1
-123.48052,37.322227,14.583232,0.6210189,1,2015,1
-123.5659,37.33438,14.559136,0.7129098,1,2015,1
-123.660446,37.347874,14.535064,0.68667364,1,2015,1
-135.56355,37.353348,15.684881,0.13023216,1,2015,1
-123.7176,37.354946,14.514964,0.8333608,1,2015,1
-124.34972,37.35801,14.470447,0.85539854,1,2015,1
-123.90379,37.36726,14.4324255,0.84309393,1,2015,1
-133.00351,37.36919,16.168291,0.09267139,1,2015,1
-124.39691,37.386112,14.462651,1.0710891,1,2015,1
-123.58067,37.398518,14.4972105,0.65699613,1,2015,1
-135.55505,37.399643,15.672827,0.11642715,1,2015,1
-124.45042,37.40853,14.43832,0.8896223,1,2015,1
-123.94622,37.411903,14.408534,0.93155926,1,2015,1
-133.04381,37.424706,16.059172,0.095161475,1,2015,1
-124.44357,37.425194,14.405062,1.1723411,1,2015,1
-124.42495,37.43429,14.41587,1.2274219,1,2015,1
-123.97037,37.460804,14.435638,0.91243756,1,2015,1
-124.39999,37.462963,14.443738,1.0587837,1,2015,1
-135.57132,37.46666,15.639822,0.13272484,1,2015,1
-123.53682,37.472527,14.427947,0.9859735,1,2015,1
-133.087,37.47871,15.906084,0.10912046,1,2015,1
-124.38561,37.48375,14.458056,1.3230053,1,2015,1
-123.97576,37.489384,14.450495,0.8629526,1,2015,1
-133.14122,37.533073,15.903979,0.11819612,1,2015,1
-123.491005,37.53351,14.366865,1.0333662,1,2015,1
-123.99014,37.535683,14.48154,0.8901257,1,2015,1
-124.3956,37.539078,14.473845,1.2646173,1,2015,1
-135.54684,37.53975,15.615187,0.14154269,1,2015,1
-123.99763,37.55889,14.481399,1.2645785,1,2015,1
-133.20421,37.583134,15.775768,0.12811476,1,2015,1
-123.44727,37.606045,14.277228,1.2907349,1,2015,1
-135.50565,37.61036,15.612672,0.12490573,1,2015,1
-124.00018,37.611538,14.474624,1.185847,1,2015,1
-124.40114,37.613922,14.451631,1.0536315,1,2015,1
-135.47125,37.616558,15.60576,0.1377501,1,2015,1
-133.25018,37.63915,15.752428,0.1228466,1,2015,1
-124.00527,37.661587,14.447688,1.292482,1,2015,1
-123.39685,37.6818,14.213845,1.1632302,1,2015,1
-135.43939,37.692867,15.601066,0.12962231,1,2015,1
-133.28745,37.694202,15.690105,0.11660463,1,2015,1
-124.39591,37.69461,14.430137,1.067325,1,2015,1
-124.02209,37.70758,14.396397,1.0768554,1,2015,1
-123.463326,37.714336,14.309395,1.2010102,1,2015,1
-123.56863,37.733616,14.383122,1.1268705,1,2015,1
-124.045784,37.747814,14.354917,1.0518521,1,2015,1
-133.34358,37.749577,15.640795,0.113887064,1,2015,1
-123.67084,37.753246,14.33249,1.0513102,1,2015,1
-124.35809,37.763763,14.459869,0.9102961,1,2015,1
-123.76467,37.774963,14.2708435,1.1657726,1,2015,1
-124.05814,37.79384,14.338363,1.1239313,1,2015,1
-133.40431,37.795223,15.557334,0.11213398,1,2015,1
-135.41026,37.79792,15.603197,0.14128552,1,2015,1
-123.75127,37.800667,14.205112,0.95164835,1,2015,1
-123.858826,37.801376,14.244917,1.0400392,1,2015,1
-123.74951,37.803005,14.17278,1.029797,1,2015,1
-123.950325,37.805416,14.247067,1.135739,1,2015,1
-124.368195,37.80737,14.4554405,0.8344378,1,2015,1
-124.03431,37.822594,14.265928,1.0222301,1,2015,1
-124.03996,37.849796,14.242741,1.1150947,1,2015,1
-133.46219,37.85025,15.465825,0.116451085,1,2015,1
-124.40822,37.85501,14.431245,0.81932074,1,2015,1
-135.40465,37.879086,15.520986,0.15233149,1,2015,1
-133.50166,37.89095,15.421752,0.16733715,1,2015,1
-124.487045,37.89915,14.394913,0.823667,1,2015,1
-123.97367,37.90294,14.197898,0.97965074,1,2015,1
-124.024895,37.903584,14.218758,1.0911626,1,2015,1
-133.48982,37.92805,15.430169,0.14974274,1,2015,1
-124.02763,37.941444,14.192552,0.9954556,1,2015,1
-124.58657,37.945473,14.503161,0.57701933,1,2015,1
-123.90782,37.971428,14.112631,0.82195765,1,2015,1
-135.39256,37.974354,15.47708,0.15202901,1,2015,1
-133.52768,37.98977,15.398054,0.15370777,1,2015,1
-124.023415,37.991467,14.219471,0.7920946,1,2015,1
-124.6064,38.000015,14.492864,0.58672935,1,2015,1
-123.87225,38.01053,14.078324,0.7295839,1,2015,1
-124.01599,38.043297,14.233826,0.68820274,1,2015,1
-133.56888,38.0471,15.376086,0.12817542,1,2015,1
-135.42365,38.048183,15.449931,0.14356658,1,2015,1
-124.66331,38.049667,14.564543,0.5448135,1,2015,1
-123.99718,38.05603,14.183222,0.6281125,1,2015,1
-124.0086,38.062798,14.205406,0.6310645,1,2015,1
-123.80866,38.087425,14.0878,0.77793604,1,2015,1
-123.985214,38.102066,14.231562,0.5793017,1,2015,1
-124.73603,38.10215,14.494472,0.47535908,1,2015,1
-133.60219,38.109676,15.314041,0.16094185,1,2015,1
-135.48581,38.121655,15.429691,0.13901688,1,2015,1
-123.969025,38.148922,14.213653,0.5697847,1,2015,1
-124.78838,38.15246,14.500234,0.49625742,1,2015,1
-123.74814,38.161892,14.039482,0.6661558,1,2015,1
-133.59026,38.17621,15.286102,0.13927291,1,2015,1
-123.96859,38.17962,14.215599,0.5614379,1,2015,1
-123.97805,38.181854,14.248755,0.6096923,1,2015,1
-124.05912,38.186295,14.321458,0.5757424,1,2015,1
-123.72501,38.195286,14.075251,0.6554746,1,2015,1
-124.84856,38.199856,14.572962,0.56447726,1,2015,1
-123.69465,38.224216,14.074422,0.68460345,1,2015,1
-135.4617,38.22598,15.431844,0.13770013,1,2015,1
-123.984825,38.237,14.292689,0.5189241,1,2015,1
-133.56287,38.239582,15.293148,0.14209096,1,2015,1
-123.70647,38.25057,14.094486,0.7392306,1,2015,1
-123.991745,38.260006,14.309225,0.49089548,1,2015,1
-124.88343,38.265297,14.507987,0.4944143,1,2015,1
-124.01928,38.276726,14.333144,0.5857836,1,2015,1
-123.72188,38.293476,14.132496,0.6324165,1,2015,1
-133.5503,38.297073,15.267028,0.13911264,1,2015,1
-124.06923,38.308693,14.346656,0.5179954,1,2015,1
-123.9449,38.31866,14.289205,0.5428248,1,2015,1
-123.769424,38.32235,14.166915,0.5835476,1,2015,1
-123.95014,38.326633,14.250647,0.5575514,1,2015,1
-124.91237,38.32757,14.39972,0.41754246,1,2015,1
-135.42197,38.3316,15.481862,0.14428939,1,2015,1
-124.11592,38.347984,14.37862,0.55813354,1,2015,1
-133.54121,38.361668,15.274923,0.14710063,1,2015,1
-123.951195,38.36336,14.205992,0.5365131,1,2015,1
-123.739365,38.372334,14.169023,0.6600589,1,2015,1
-124.1636,38.38463,14.438407,0.56348205,1,2015,1
-124.927795,38.391056,14.3773155,0.414124,1,2015,1
-123.95321,38.400272,14.18277,0.5712959,1,2015,1
-133.51605,38.426838,15.319279,0.14580645,1,2015,1
-124.20027,38.427345,14.4402275,0.54419845,1,2015,1
-124.064804,38.430832,14.307975,0.5310729,1,2015,1
-123.70042,38.43208,14.140313,0.704668,1,2015,1
-124.169365,38.433823,14.424602,0.50911766,1,2015,1
-123.912735,38.43458,14.192798,0.565878,1,2015,1
-124.25953,38.43525,14.451352,0.52391344,1,2015,1
-135.38127,38.437218,15.464849,0.14973396,1,2015,1
-124.37647,38.44029,14.381697,0.62601274,1,2015,1
-124.39784,38.44277,14.384873,0.62158185,1,2015,1
-124.47269,38.445248,14.351049,0.56024146,1,2015,1
-123.83171,38.446434,14.203654,0.6814878,1,2015,1
-124.57153,38.449966,14.325161,0.523487,1,2015,1
-123.74321,38.45201,14.136525,0.64398533,1,2015,1
-124.95662,38.452652,14.334945,0.33423525,1,2015,1
-123.931946,38.454353,14.211827,0.5535528,1,2015,1
-124.68809,38.45802,14.215711,0.495493,1,2015,1
-124.24456,38.460228,14.3750925,0.5732218,1,2015,1
-124.790794,38.467564,14.249703,0.46195891,1,2015,1
-124.872406,38.474014,14.255233,0.44263303,1,2015,1
-123.93219,38.47599,14.206948,0.58576137,1,2015,1
-124.045975,38.48455,14.184291,0.52387893,1,2015,1
-124.97298,38.48487,14.314771,0.36427793,1,2015,1
-133.5103,38.493073,15.320515,0.15548353,1,2015,1
-124.29713,38.49314,14.329162,0.69591945,1,2015,1
-123.966156,38.4966,14.167779,0.5811778,1,2015,1
-125.07192,38.498573,14.494715,0.3082597,1,2015,1
-124.00668,38.5254,14.133348,0.5476872,1,2015,1
-124.97875,38.52585,14.283377,0.38237295,1,2015,1
-124.33765,38.53049,14.324741,0.64591116,1,2015,1
-135.34781,38.53665,15.400183,0.14102408,1,2015,1
-133.53128,38.54173,15.323163,0.13794233,1,2015,1
-124.02548,38.54211,14.155548,0.5285043,1,2015,1
-125.05894,38.54409,14.40404,0.3414154,1,2015,1
-124.08828,38.546013,14.234834,0.53905934,1,2015,1
-124.0608,38.548016,14.190818,0.5506448,1,2015,1
-123.98183,38.55459,14.112753,0.65519756,1,2015,1
-124.02281,38.555817,14.116396,0.57419074,1,2015,1
-133.55603,38.577374,15.309935,0.15951292,1,2015,1
-124.37636,38.579353,14.312473,0.6516085,1,2015,1
-125.02776,38.583817,14.386219,0.35489514,1,2015,1
-124.05757,38.588367,14.0936,0.6532897,1,2015,1
-124.02712,38.599236,14.073464,0.6485293,1,2015,1
-124.986176,38.606705,14.153177,0.4195612,1,2015,1
-133.55696,38.615013,15.302128,0.1272502,1,2015,1
-123.97999,38.617023,14.067506,0.6054097,1,2015,1
-124.42345,38.62308,14.262,0.5990159,1,2015,1
-125.09787,38.634933,14.3046055,0.45438728,1,2015,1
-135.3088,38.641132,15.4052305,0.1320339,1,2015,1
-124.00689,38.64196,14.034397,0.6453564,1,2015,1
-124.91859,38.658382,14.075572,0.5493542,1,2015,1
-124.47068,38.66665,14.124116,0.7018554,1,2015,1
-133.60089,38.67743,15.247197,0.1450639,1,2015,1
-125.16534,38.68609,14.268877,0.3936547,1,2015,1
-124.84709,38.70377,14.075856,0.53757346,1,2015,1
-123.95827,38.709217,13.959819,0.7537858,1,2015,1
-124.51227,38.71297,14.086353,0.6437672,1,2015,1
-124.79169,38.73774,14.050712,0.5970658,1,2015,1
-133.6516,38.739056,15.184909,0.12877658,1,2015,1
-124.82499,38.74203,14.053266,0.62133604,1,2015,1
-135.2562,38.744877,15.356051,0.1295262,1,2015,1
-125.224365,38.746204,14.323362,0.4658235,1,2015,1
-124.89328,38.756023,14.036318,0.57010853,1,2015,1
-124.54876,38.766537,14.07997,0.6115538,1,2015,1
-125.003265,38.781807,14.081976,0.5369356,1,2015,1
-123.9038,38.782406,13.852227,0.6940827,1,2015,1
-124.570915,38.783104,13.998652,0.6435229,1,2015,1
-133.70125,38.78558,15.166326,0.12181323,1,2015,1
-125.29857,38.791504,14.455378,0.43216425,1,2015,1
-133.6866,38.802593,15.17498,0.135899,1,2015,1
-125.09536,38.804764,14.100957,0.5261257,1,2015,1
-133.6927,38.8125,15.147236,0.13092634,1,2015,1
-133.67195,38.81454,15.162113,0.13625053,1,2015,1
-123.941795,38.82345,13.812732,0.71634936,1,2015,1
-124.59919,38.83508,13.869387,0.6505015,1,2015,1
-125.19125,38.835415,14.179419,0.43665943,1,2015,1
-125.37443,38.84237,14.52413,0.43219745,1,2015,1
-135.20857,38.845993,15.395172,0.13941379,1,2015,1
-125.29236,38.850124,14.388774,0.49999568,1,2015,1
-125.385544,38.862644,14.478111,0.48646167,1,2015,1
-133.6181,38.867,15.166057,0.19410773,1,2015,1
-125.463,38.86721,14.507548,0.42750308,1,2015,1
-133.6115,38.87182,15.181226,0.18861961,1,2015,1
-125.57492,38.88632,14.629902,0.4044969,1,2015,1
-124.63113,38.888744,13.834158,0.7937679,1,2015,1
-125.54499,38.88949,14.576135,0.41134334,1,2015,1
-123.9072,38.893116,13.665316,0.74713266,1,2015,1
-125.59615,38.89771,14.64143,0.43822798,1,2015,1
-125.44233,38.90235,14.509417,0.43943802,1,2015,1
-125.482864,38.904568,14.542334,0.4438155,1,2015,1
-125.63029,38.916576,14.655403,0.38996425,1,2015,1
-133.6181,38.92034,15.145546,0.17607124,1,2015,1
-123.95867,38.928097,13.666803,0.71702886,1,2015,1
-125.46403,38.93014,14.480866,0.37173012,1,2015,1
-125.48095,38.930977,14.525782,0.6217956,1,2015,1
-135.15044,38.934273,15.381405,0.14263217,1,2015,1
-125.53554,38.935394,14.566936,0.50507927,1,2015,1
-133.63919,38.942932,15.132859,0.12979288,1,2015,1
-124.652466,38.94406,13.83859,0.79526645,1,2015,1
-125.58047,38.94887,14.600485,0.4054176,1,2015,1
-125.600365,38.949215,14.621582,0.47125646,1,2015,1
-133.63792,38.962643,15.126163,0.14632209,1,2015,1
-125.5382,38.962902,14.535013,0.5336329,1,2015,1
-124.01472,38.965366,13.74845,0.80600846,1,2015,1
-125.49345,38.968403,14.498643,0.5482068,1,2015,1
-125.57173,38.976322,14.569846,0.43243214,1,2015,1
-133.60791,38.99068,15.137699,0.16059446,1,2015,1
-124.69659,38.99388,13.879051,0.7751976,1,2015,1
-133.57489,38.998302,15.147441,0.14471267,1,2015,1
-125.516495,39.006718,14.497415,0.4969098,1,2015,1
-124.71302,39.01094,13.906548,0.8195294,1,2015,1
-133.50302,39.023396,15.141459,0.108266,1,2015,1
-135.09866,39.02566,15.32165,0.12759122,1,2015,1
-125.573524,39.029617,14.53065,0.43878034,1,2015,1
-124.74408,39.051617,13.960175,0.74129987,1,2015,1
-125.497345,39.053097,14.4486685,0.54473615,1,2015,1
-133.42755,39.064873,15.114775,0.11853559,1,2015,1
-125.514435,39.06564,14.466628,0.51630664,1,2015,1
-124.75776,39.097294,14.004033,0.71462786,1,2015,1
-125.601036,39.098225,14.515887,0.4188254,1,2015,1
-125.628876,39.102325,14.553105,0.42175877,1,2015,1
-133.38046,39.10505,15.166456,0.13173984,1,2015,1
-135.09273,39.113403,15.296036,0.116248064,1,2015,1
-125.57268,39.131077,14.506029,0.44740295,1,2015,1
-124.78905,39.151894,14.101638,0.65628153,1,2015,1
-133.30907,39.16356,15.211463,0.13552147,1,2015,1
-133.32927,39.16506,15.198749,0.14492674,1,2015,1
-125.527504,39.16614,14.445128,0.44873798,1,2015,1
-125.68495,39.17098,14.570613,0.39812773,1,2015,1
-125.49532,39.18642,14.418477,0.5038844,1,2015,1
-133.25957,39.191174,15.19887,0.1447305,1,2015,1
-124.80355,39.19705,14.134635,0.6224487,1,2015,1
-125.464165,39.197937,14.400741,0.5000805,1,2015,1
-135.07726,39.2097,15.297844,0.13085015,1,2015,1
-125.4264,39.22543,14.406131,0.46043473,1,2015,1
-133.17026,39.23384,15.147805,0.15916549,1,2015,1
-125.74169,39.242683,14.553298,0.33686116,1,2015,1
-125.37927,39.249718,14.405877,0.48395163,1,2015,1
-124.844246,39.26266,14.158329,0.71929044,1,2015,1
-125.31772,39.271114,14.4375305,0.41851923,1,2015,1
-133.0777,39.271286,15.119121,0.13395114,1,2015,1
-135.0268,39.301132,15.161718,0.20399715,1,2015,1
-125.80158,39.312977,14.5405655,0.35002413,1,2015,1
-125.233505,39.315163,14.480213,0.3794206,1,2015,1
-133.03575,39.33607,15.091516,0.1856852,1,2015,1
-133.0351,39.341457,15.075845,0.13227004,1,2015,1
-124.89377,39.344753,14.186745,0.62611216,1,2015,1
-133.0118,39.349712,15.058744,0.13928483,1,2015,1
-125.24809,39.35877,14.473992,0.4004509,1,2015,1
-125.86714,39.37485,14.50177,0.3585779,1,2015,1
-124.051575,39.387154,13.606857,0.96799433,1,2015,1
-135.01802,39.389473,15.12894,0.18228906,1,2015,1
-124.90361,39.39234,14.221211,0.5764625,1,2015,1
-132.96246,39.402134,15.014637,0.13347483,1,2015,1
-125.31429,39.40475,14.421605,0.42128864,1,2015,1
-124.90277,39.423477,14.251176,0.66358167,1,2015,1
-125.39507,39.439335,14.38111,0.4466952,1,2015,1
-125.92611,39.442596,14.462709,0.44044003,1,2015,1
-125.42102,39.457195,14.357577,0.47844625,1,2015,1
-132.95255,39.463284,14.919497,0.1361615,1,2015,1
-124.921104,39.473618,14.287098,0.5356132,1,2015,1
-134.96843,39.480793,15.021087,0.16783173,1,2015,1
-124.03695,39.484535,13.53657,0.9643519,1,2015,1
-125.3514,39.489384,14.345683,0.46808448,1,2015,1
-125.306465,39.5096,14.360326,0.46641296,1,2015,1
-125.97412,39.51599,14.408397,0.43044296,1,2015,1
-125.28367,39.517933,14.365202,0.4597599,1,2015,1
-132.87341,39.52551,14.810439,0.1660802,1,2015,1
-124.9408,39.52703,14.353628,0.45849052,1,2015,1
-125.24308,39.53823,14.319265,0.40906712,1,2015,1
-124.08152,39.544685,13.694817,0.82348996,1,2015,1
-126.01687,39.55734,14.392526,0.4679864,1,2015,1
-125.21127,39.559044,14.297393,0.3755387,1,2015,1
-125.213196,39.562584,14.250987,0.44424888,1,2015,1
-134.91185,39.57461,14.8172035,0.17238083,1,2015,1
-124.95667,39.583786,14.354737,0.4476418,1,2015,1
-126.048096,39.593666,14.392724,0.42813432,1,2015,1
-125.20168,39.59371,14.251608,0.45281172,1,2015,1
-132.80977,39.598434,14.708007,0.14676705,1,2015,1
-124.194214,39.605408,13.838589,0.7711697,1,2015,1
-125.16543,39.617203,14.239878,0.4085351,1,2015,1
-124.96832,39.63452,14.342674,0.4426688,1,2015,1
-132.74196,39.65779,14.5712595,0.19041158,1,2015,1
-126.090355,39.661915,14.33807,0.43241006,1,2015,1
-134.85896,39.66412,14.740159,0.18035595,1,2015,1
-125.100266,39.66498,14.252748,0.44188148,1,2015,1
-124.982735,39.682934,14.320176,0.4337813,1,2015,1
-124.2645,39.69021,13.990845,0.60324454,1,2015,1
-132.67538,39.71796,14.5171385,0.21514855,1,2015,1
-125.03495,39.72198,14.262782,0.42081174,1,2015,1
-124.978516,39.732533,14.301148,0.46271616,1,2015,1
-125.01421,39.738174,14.285595,0.4216826,1,2015,1
-126.15546,39.74266,14.258244,0.4065772,1,2015,1
-134.79332,39.750465,14.554072,0.18113343,1,2015,1
-124.39763,39.762074,14.174194,0.5838265,1,2015,1
-132.60834,39.778416,14.465961,0.20796135,1,2015,1
-124.946236,39.78141,14.276832,0.4766873,1,2015,1
-124.97984,39.782867,14.272692,0.52334046,1,2015,1
-126.20593,39.81345,14.21119,0.44233662,1,2015,1
-124.869865,39.82987,14.195161,0.530059,1,2015,1
-124.99106,39.831627,14.165346,0.43315387,1,2015,1
-134.72694,39.832554,14.411904,0.15142404,1,2015,1
-124.515854,39.84413,14.169571,0.55657065,1,2015,1
-132.5419,39.84897,14.293358,0.18619381,1,2015,1
-124.79872,39.877773,14.16124,0.5261952,1,2015,1
-124.99889,39.879166,14.129842,0.44650704,1,2015,1
-134.67326,39.882187,14.318892,0.21266936,1,2015,1
-126.2598,39.883915,14.173328,0.3944889,1,2015,1
-132.4662,39.91384,14.265298,0.21631162,1,2015,1
-125.01902,39.924118,14.096448,0.41488186,1,2015,1
-124.61755,39.925064,14.120588,0.5087088,1,2015,1
-124.72259,39.934776,14.132688,0.5107786,1,2015,1
-134.63478,39.945652,14.245335,0.20594616,1,2015,1
-126.30569,39.95091,14.191442,0.40425932,1,2015,1
-125.04294,39.97254,14.044783,0.46393543,1,2015,1
-132.39574,39.985207,14.214717,0.25301552,1,2015,1
-124.65976,39.993496,13.974354,0.47745863,1,2015,1
-124.70473,40.001804,14.00779,0.50135875,1,2015,1
-125.05664,40.01757,13.951587,0.50765425,1,2015,1
-126.359146,40.022858,14.220723,0.37317947,1,2015,1
-134.58441,40.03048,14.196908,0.20970258,1,2015,1
-124.59679,40.05018,13.757889,0.48985535,1,2015,1
-125.05804,40.05866,13.913714,0.46258172,1,2015,1
-132.35002,40.06125,14.17086,0.2148264,1,2015,1
-124.72848,40.082973,13.880855,0.43537405,1,2015,1
-126.41214,40.09555,14.256631,0.4411352,1,2015,1
-124.535645,40.09839,13.564233,0.627176,1,2015,1
-125.079956,40.105076,13.918574,0.48257878,1,2015,1
-132.28201,40.128674,14.156119,0.19219343,1,2015,1
-124.60492,40.13935,13.593634,0.46972343,1,2015,1
-125.105965,40.144157,13.916315,0.5264001,1,2015,1
-124.79443,40.15762,13.737394,0.44917452,1,2015,1
-126.465744,40.165012,14.2174015,0.43460107,1,2015,1
-132.25136,40.173283,14.15477,0.24474436,1,2015,1
-124.67526,40.176224,13.610291,0.5066633,1,2015,1
-125.12864,40.191837,13.896504,0.46998423,1,2015,1
-132.19232,40.225193,14.145551,0.34733748,1,2015,1
-124.59664,40.228043,13.496289,0.5539413,1,2015,1
-126.48911,40.23207,14.165699,0.45342383,1,2015,1
-124.81515,40.235806,13.725001,0.42411116,1,2015,1
-125.15348,40.242817,13.943914,0.39103037,1,2015,1
-132.11465,40.271,14.1681385,0.3141758,1,2015,1
-124.530685,40.28087,13.232087,0.82192725,1,2015,1
-126.519775,40.289318,14.089275,0.36314645,1,2015,1
-125.18387,40.293743,14.00448,0.43084738,1,2015,1
-124.80719,40.29461,13.699808,0.43682852,1,2015,1
-132.03423,40.307278,14.215656,0.2325581,1,2015,1
-124.817154,40.324623,13.691967,0.4194811,1,2015,1
-124.53951,40.335213,13.264249,0.891871,1,2015,1
-131.95102,40.34166,14.174461,0.22337092,1,2015,1
-125.1894,40.34194,13.985647,0.39762166,1,2015,1
-124.60462,40.355156,13.339528,0.96335274,1,2015,1
-126.56649,40.358173,13.691777,0.44216704,1,2015,1
-124.68154,40.370926,13.464439,0.6305803,1,2015,1
-131.86041,40.375473,14.146585,0.22056933,1,2015,1
-124.75132,40.376038,13.567421,0.5681031,1,2015,1
-124.83155,40.38215,13.671078,0.41431317,1,2015,1
-125.22385,40.406258,13.915205,0.42835268,1,2015,1
-124.85608,40.416313,13.63208,0.43436298,1,2015,1
-126.6205,40.41842,13.465558,0.4929983,1,2015,1
-131.82558,40.42474,14.125178,0.21414438,1,2015,1
-124.83958,40.43049,13.565298,0.44647068,1,2015,1
-134.28806,40.44808,13.764233,0.3156727,1,2015,1
-131.74796,40.45194,14.141379,0.2700649,1,2015,1
-125.26078,40.465256,13.840784,0.40569338,1,2015,1
-126.667145,40.474697,13.207575,0.48553306,1,2015,1
-124.817154,40.484444,13.537203,0.4793919,1,2015,1
-131.66937,40.48756,14.1500635,0.22932981,1,2015,1
-124.79647,40.501907,13.499994,0.5415947,1,2015,1
-131.59024,40.51983,14.1636095,0.3025566,1,2015,1
-125.29433,40.528713,13.786589,0.39005926,1,2015,1
-126.71142,40.535923,13.131813,0.4749945,1,2015,1
-124.77034,40.549217,13.49287,0.5714327,1,2015,1
-131.5387,40.563076,14.134817,0.25395194,1,2015,1
-124.74599,40.565002,13.476402,0.6810559,1,2015,1
-125.35092,40.56621,13.731104,0.43143934,1,2015,1
-131.47446,40.582104,14.128245,0.2941308,1,2015,1
-126.759865,40.589493,12.939445,0.4966083,1,2015,1
-125.93986,40.59255,13.675674,0.36115795,1,2015,1
-125.88102,40.594074,13.911231,0.39668742,1,2015,1
-125.98125,40.599274,13.616167,0.40481928,1,2015,1
-126.00146,40.60332,13.578133,0.3648536,1,2015,1
-124.74787,40.605324,13.49408,0.73759794,1,2015,1
-125.43375,40.608597,13.707876,0.38500622,1,2015,1
-125.72729,40.609425,13.935019,0.3675224,1,2015,1
-125.76744,40.609787,13.972595,0.37537313,1,2015,1
-125.82598,40.611816,13.986626,0.36878017,1,2015,1
-131.34132,40.615177,14.137019,0.2755962,1,2015,1
-125.77423,40.615673,13.924776,0.3855132,1,2015,1
-131.39406,40.61914,14.112238,0.2553279,1,2015,1
-126.2916,40.620552,13.07428,0.43907204,1,2015,1
-124.69548,40.621563,13.500267,0.93330204,1,2015,1
-131.29872,40.623726,14.17002,0.26065207,1,2015,1
-126.031586,40.63612,13.495763,0.40434116,1,2015,1
-131.23657,40.637978,14.173649,0.26453683,1,2015,1
-126.811386,40.640366,12.873827,0.539059,1,2015,1
-124.6648,40.647896,13.481288,0.95883954,1,2015,1
-125.672485,40.650913,13.761286,0.31631866,1,2015,1
-126.255844,40.651142,13.015047,0.40047932,1,2015,1
-124.69999,40.655743,13.536617,0.7444713,1,2015,1
-125.51318,40.659115,13.668332,0.48191082,1,2015,1
-131.16957,40.67086,14.188298,0.2625235,1,2015,1
-126.07491,40.671314,13.372505,0.39797455,1,2015,1
-126.27941,40.67192,12.979662,0.46616682,1,2015,1
-126.834946,40.680927,12.743202,0.5425561,1,2015,1
-124.67855,40.682297,13.513781,0.9888474,1,2015,1
-125.626076,40.68377,13.7366,0.4122032,1,2015,1
-126.19091,40.69198,13.000535,0.40895307,1,2015,1
-125.58376,40.696407,13.620327,0.4237057,1,2015,1
-131.10086,40.698784,14.150312,0.2509043,1,2015,1
-126.109856,40.701523,13.206961,0.42021227,1,2015,1
-126.1644,40.701942,13.05148,0.3988398,1,2015,1
-134.06279,40.70432,13.590938,0.28342566,1,2015,1
-134.05727,40.707005,13.58812,0.30547747,1,2015,1
-131.05676,40.711704,14.1029005,0.3175677,1,2015,1
-126.14202,40.72042,13.119242,0.40571678,1,2015,1
-125.63206,40.72146,13.636553,0.40431705,1,2015,1
-126.2885,40.723267,12.920513,0.42896453,1,2015,1
-126.28653,40.725414,12.884473,0.42366573,1,2015,1
-131.02762,40.725643,14.104924,0.26552883,1,2015,1
-125.61749,40.72946,13.563144,0.3943769,1,2015,1
-124.651726,40.73061,13.540117,0.9867346,1,2015,1
-126.20366,40.733124,12.946051,0.41139597,1,2015,1
-126.179146,40.734173,12.99128,0.45577288,1,2015,1
-126.86464,40.73858,12.695797,0.5982701,1,2015,1
-130.98534,40.745884,14.059893,0.28478575,1,2015,1
-130.9254,40.748096,14.037246,0.26983786,1,2015,1
-125.674385,40.74865,13.578269,0.34842187,1,2015,1
-125.65902,40.753536,13.562858,0.36485514,1,2015,1
-126.24414,40.761414,12.914066,0.40416023,1,2015,1
-126.057,40.763252,13.13085,0.41190353,1,2015,1
-130.92168,40.76331,14.058104,0.2811572,1,2015,1
-130.91183,40.763756,14.025967,0.25326183,1,2015,1
-126.87348,40.77609,12.66466,0.5113622,1,2015,1
-125.69385,40.778645,13.523344,0.42999142,1,2015,1
-126.29203,40.78105,12.856139,0.48173773,1,2015,1
-130.75162,40.794014,13.945187,0.33771634,1,2015,1
-124.61631,40.795586,13.475988,1.1744462,1,2015,1
-130.81187,40.796043,13.983068,0.2849607,1,2015,1
-130.66464,40.79857,13.860693,0.37071314,1,2015,1
-134.05806,40.800846,13.553983,0.3130316,1,2015,1
-125.723755,40.80565,13.410357,0.40261385,1,2015,1
-130.5798,40.81111,13.817135,0.3658271,1,2015,1
-130.44722,40.814957,13.798778,0.3772359,1,2015,1
-130.50215,40.816174,13.822361,0.33974817,1,2015,1
-130.30675,40.81925,13.728144,0.32657552,1,2015,1
-126.88925,40.821003,12.637052,0.5186652,1,2015,1
-126.28547,40.821323,12.845321,0.39479506,1,2015,1
-130.32738,40.822792,13.746794,0.34777063,1,2015,1
-130.39284,40.823044,13.792407,0.37351626,1,2015,1
-130.23073,40.824196,13.707798,0.52817273,1,2015,1
-126.309715,40.82538,12.831718,0.42412612,1,2015,1
-126.025505,40.82807,13.126203,0.4116447,1,2015,1
-125.74695,40.83076,13.3761635,0.38102642,1,2015,1
-125.93637,40.841488,13.14068,0.4206643,1,2015,1
-125.781364,40.845695,13.242634,0.4059477,1,2015,1
-126.00295,40.84919,13.099123,0.41070837,1,2015,1
-125.75851,40.84926,13.273918,0.40220502,1,2015,1
-130.14005,40.85205,13.637741,0.2922541,1,2015,1
-124.56898,40.852398,13.475405,0.676563,1,2015,1
-126.27604,40.853138,12.862774,0.38853517,1,2015,1
-126.31373,40.854416,12.848021,0.43691525,1,2015,1
-124.98081,40.85961,13.564645,0.49961105,1,2015,1
-125.85896,40.85998,13.169959,0.42888168,1,2015,1
-134.00902,40.867813,13.555262,0.35951108,1,2015,1
-126.44158,40.86965,12.81584,0.48664486,1,2015,1
-126.886284,40.873302,12.602824,0.4781318,1,2015,1
-130.05554,40.874184,13.605016,0.3048169,1,2015,1
-125.02055,40.87438,13.544079,0.49878347,1,2015,1
-125.9918,40.876198,13.128193,0.43472773,1,2015,1
-124.87054,40.881077,13.558443,0.560495,1,2015,1
-126.03956,40.881874,13.076221,0.45647013,1,2015,1
-124.87545,40.88363,13.5674095,0.5011096,1,2015,1
-126.51047,40.883663,12.807777,0.5214486,1,2015,1
-126.33246,40.886787,12.874455,0.38524327,1,2015,1
-126.412025,40.8884,12.831322,0.52326465,1,2015,1
-126.48173,40.89024,12.804398,0.5197324,1,2015,1
-126.42877,40.89112,12.810084,0.5250443,1,2015,1
-124.83549,40.89172,13.562064,0.50005454,1,2015,1
-124.66457,40.893543,13.620548,0.76800394,1,2015,1
-125.80801,40.89374,13.179446,0.4202545,1,2015,1
-126.547455,40.89464,12.803131,0.4593918,1,2015,1
-124.62321,40.89483,13.616969,0.7340981,1,2015,1
-129.96056,40.896973,13.554698,0.28252494,1,2015,1
-126.24856,40.899208,12.935675,0.43248194,1,2015,1
-126.601616,40.900208,12.782762,0.45113784,1,2015,1
-124.55788,40.900856,13.558842,0.66337097,1,2015,1
-126.34939,40.902493,12.853305,0.509549,1,2015,1
-125.079956,40.904945,13.533135,0.38960063,1,2015,1
-124.74683,40.90608,13.614205,0.5933883,1,2015,1
-124.78174,40.90686,13.588081,0.52413315,1,2015,1
-126.891655,40.906982,12.558392,0.47152272,1,2015,1
-126.00388,40.907417,13.112872,0.4861155,1,2015,1
-129.92244,40.907463,13.52848,0.35751566,1,2015,1
-126.5913,40.911533,12.7905,0.47539255,1,2015,1
-126.49924,40.9137,12.80208,0.4933689,1,2015,1
-125.82138,40.914745,13.127392,0.4290588,1,2015,1
-126.29073,40.915516,12.941422,0.40735033,1,2015,1
-126.54219,40.915607,12.79187,0.43602166,1,2015,1
-126.48483,40.91783,12.80141,0.4957502,1,2015,1
-126.39792,40.917892,12.833762,0.48901168,1,2015,1
-126.212845,40.918633,13.002311,0.41375536,1,2015,1
-126.25638,40.91984,12.977851,0.421933,1,2015,1
-126.44479,40.92611,12.80335,0.49528247,1,2015,1
-126.56545,40.9271,12.782741,0.46617025,1,2015,1
-125.11399,40.927677,13.549828,0.48357922,1,2015,1
-125.158165,40.927856,13.526815,0.43300483,1,2015,1
-125.7623,40.928207,13.145895,0.41392368,1,2015,1
-126.60022,40.931618,12.77164,0.5523366,1,2015,1
-129.9052,40.93167,13.390969,0.33453637,1,2015,1
-126.35525,40.93582,12.8689375,0.48408824,1,2015,1
-125.88539,40.93899,13.111823,0.42556217,1,2015,1
-133.94028,40.939606,13.563352,0.3832471,1,2015,1
-126.07768,40.93979,13.019659,0.39680204,1,2015,1
-125.961174,40.943962,13.093368,0.41159675,1,2015,1
-126.909515,40.945156,12.516842,0.4482115,1,2015,1
-126.51024,40.950268,12.794526,0.42038774,1,2015,1
-126.53042,40.950584,12.782548,0.44271803,1,2015,1
-126.48571,40.951344,12.7996645,0.50758666,1,2015,1
-125.198044,40.951374,13.548401,0.5771233,1,2015,1
-126.03689,40.952393,13.065014,0.49405232,1,2015,1
-126.07112,40.955376,13.054332,0.39524433,1,2015,1
-129.83029,40.9566,13.1899605,0.36805636,1,2015,1
-125.8274,40.95736,13.09851,0.45697019,1,2015,1
-125.91827,40.958218,13.05311,0.4159194,1,2015,1
-126.412384,40.958336,12.843436,0.48028415,1,2015,1
-126.56624,40.95851,12.769603,0.49097526,1,2015,1
-125.99554,40.962814,13.057804,0.45805383,1,2015,1
-125.93426,40.964046,13.045456,0.40974158,1,2015,1
-126.633575,40.967094,12.749601,0.5781216,1,2015,1
-125.25608,40.97048,13.505351,0.48301777,1,2015,1
-125.88415,40.971004,13.07547,0.46373534,1,2015,1
-125.78108,40.971462,13.112942,0.4894449,1,2015,1
-126.223854,40.971554,12.986611,0.43396404,1,2015,1
-125.76044,40.974586,13.1266,0.51328605,1,2015,1
-129.7494,40.977592,13.078534,0.5037147,1,2015,1
-126.44015,40.979286,12.812817,0.5056047,1,2015,1
-125.89176,40.98791,13.048577,0.45439813,1,2015,1
-125.84924,40.988163,13.080747,0.47024474,1,2015,1
-125.96532,40.988262,13.059075,0.42423463,1,2015,1
-126.43878,40.98837,12.838701,0.44855848,1,2015,1
-125.85146,40.98863,13.059696,0.4631411,1,2015,1
-126.46416,40.98895,12.8129835,0.4203142,1,2015,1
-126.011444,40.989117,13.0690975,0.47356194,1,2015,1
-126.5024,40.98934,12.792294,0.46053916,1,2015,1
-125.950066,40.990463,13.045001,0.4204005,1,2015,1
-126.531105,40.99091,12.774473,0.39631227,1,2015,1
-126.38611,40.991215,12.86164,0.4445176,1,2015,1
-125.31858,40.99309,13.489008,0.5207606,1,2015,1
-126.12559,40.99418,13.011289,0.4074541,1,2015,1
-125.69941,40.994373,13.16138,0.49382126,1,2015,1
-125.58218,41.008495,13.258018,0.45346293,1,2015,1
-129.68954,41.009903,12.987788,0.52342236,1,2015,1
-126.10119,41.009922,13.044939,0.38729,1,2015,1
-133.86125,41.009983,13.536637,0.3261691,1,2015,1
-125.80632,41.01198,13.101763,0.436355,1,2015,1
-126.24367,41.012512,12.938485,0.4237114,1,2015,1
-125.63903,41.013336,13.193067,0.45794225,1,2015,1
-126.932175,41.015213,12.49567,0.55455595,1,2015,1
-125.72641,41.017235,13.134106,0.44621012,1,2015,1
-126.1622,41.02012,12.975778,0.41948783,1,2015,1
-126.22263,41.02455,12.955184,0.41701868,1,2015,1
-126.57449,41.02469,12.764918,0.46486217,1,2015,1
-125.369705,41.02483,13.40393,0.47948188,1,2015,1
-125.830055,41.025005,13.095203,0.4487087,1,2015,1
-126.00476,41.0252,13.092325,0.34072503,1,2015,1
-126.44574,41.02522,12.839314,0.47527355,1,2015,1
-126.235435,41.026424,12.910369,0.36908394,1,2015,1
-125.886505,41.027504,13.086342,0.46237782,1,2015,1
-125.564,41.028587,13.275809,0.47492433,1,2015,1
-125.49254,41.030506,13.317648,0.516504,1,2015,1
-125.78066,41.03066,13.1055565,0.40730527,1,2015,1
-129.60765,41.03318,12.91581,0.30853105,1,2015,1
-125.89046,41.03522,13.080163,0.44808525,1,2015,1
-125.64407,41.03785,13.194311,0.4798537,1,2015,1
-125.429726,41.038265,13.358322,0.531827,1,2015,1
-126.05794,41.0396,13.081116,0.42656463,1,2015,1
-126.285866,41.040916,12.897156,0.40990034,1,2015,1
-129.55568,41.04569,12.916709,0.64868623,1,2015,1
-126.30076,41.050636,12.885105,0.43965176,1,2015,1
-125.767555,41.05454,13.1086035,0.40645635,1,2015,1
-126.17802,41.055367,12.968462,0.39676055,1,2015,1
-129.48863,41.06116,12.92698,0.54692173,1,2015,1
-126.46848,41.06193,12.812156,0.4524698,1,2015,1
-125.8165,41.067085,13.110933,0.42769375,1,2015,1
-125.79192,41.067852,13.119646,0.41722965,1,2015,1
-125.90257,41.073006,13.100647,0.40348816,1,2015,1
-126.95275,41.076427,12.569543,0.5412077,1,2015,1
-125.66718,41.07932,13.172943,0.3910637,1,2015,1
-125.85045,41.0804,13.103568,0.41098803,1,2015,1
-133.8246,41.084953,13.527459,0.33113545,1,2015,1
-129.43484,41.09793,12.907814,0.5858352,1,2015,1
-126.21481,41.09839,12.954645,0.4834872,1,2015,1
-125.799385,41.100197,13.136034,0.43138862,1,2015,1
-126.43738,41.100758,12.846454,0.4575634,1,2015,1
-126.97517,41.11345,12.627678,0.41703734,1,2015,1
-125.774216,41.11537,13.141642,0.40978885,1,2015,1
-125.65516,41.1154,13.23408,0.3915328,1,2015,1
-129.36638,41.12879,12.888824,0.5606869,1,2015,1
-133.80385,41.13925,13.486472,0.24943802,1,2015,1
-126.42083,41.141483,12.837742,0.4710031,1,2015,1
-125.69498,41.1449,13.1850195,0.43234685,1,2015,1
-125.701515,41.146263,13.153989,0.46446598,1,2015,1
-126.26443,41.15137,12.878773,0.4099549,1,2015,1
-125.602295,41.15275,13.270642,0.3771477,1,2015,1
-154.60599,41.155037,10.101991,0.32464662,1,2015,1
-126.48362,41.156395,12.80136,0.5084687,1,2015,1
-126.51192,41.167732,12.774539,0.49618134,1,2015,1
-125.6427,41.168148,13.227938,0.37750033,1,2015,1
-154.6493,41.17116,10.077293,0.3201929,1,2015,1
-126.337326,41.17122,12.859052,0.4200257,1,2015,1
-126.999756,41.176258,12.547565,0.5332247,1,2015,1
-129.30763,41.17828,12.910119,0.5615065,1,2015,1
-126.564026,41.18292,12.713249,0.6410214,1,2015,1
-129.28847,41.20677,12.931622,0.55408865,1,2015,1
-126.60561,41.208237,12.678041,0.61339235,1,2015,1
-154.595,41.20912,10.103156,0.33231872,1,2015,1
-126.40252,41.21431,12.855516,0.43991074,1,2015,1
-154.6736,41.215908,10.022409,0.37652263,1,2015,1
-133.76334,41.220818,13.394098,0.26245296,1,2015,1
-154.62476,41.227062,10.057812,0.41769764,1,2015,1
-126.4408,41.228416,12.825172,0.4585139,1,2015,1
-126.64119,41.233006,12.665439,0.6397866,1,2015,1
-127.03541,41.237995,12.5111685,0.5537213,1,2015,1
-125.29334,41.246292,13.419092,0.52316093,1,2015,1
-129.22809,41.248314,12.9475355,0.4492823,1,2015,1
-126.48563,41.251724,12.828544,0.46769598,1,2015,1
-126.489815,41.257122,12.815523,0.4660175,1,2015,1
-126.70011,41.25878,12.652499,0.62839377,1,2015,1
-154.62814,41.27809,10.046854,0.34057263,1,2015,1
-154.70401,41.279533,10.012683,0.40293273,1,2015,1
-133.7342,41.28085,13.393284,0.24183503,1,2015,1
-126.76929,41.28126,12.609756,0.60104734,1,2015,1
-152.24918,41.28669,10.535819,0.2810887,1,2015,1
-129.19756,41.288406,12.944662,0.46480796,1,2015,1
-125.37811,41.29151,13.31165,0.48855945,1,2015,1
-127.07195,41.29658,12.50066,0.5229984,1,2015,1
-126.82546,41.297,12.566856,0.46956587,1,2015,1
-152.20087,41.29796,10.44746,0.3222914,1,2015,1
-129.16689,41.302315,12.959644,0.47976264,1,2015,1
-126.5269,41.303467,12.80192,0.44578934,1,2015,1
-126.97101,41.304913,12.522258,0.6677073,1,2015,1
-126.97528,41.307495,12.489305,0.52019095,1,2015,1
-129.08394,41.30889,12.989329,0.41112673,1,2015,1
-129.0118,41.30974,13.027878,0.4626167,1,2015,1
-154.63834,41.316578,10.036935,0.3307944,1,2015,1
-158.98053,41.31892,9.842728,0.5031138,1,2015,1
-152.24388,41.3207,10.482267,0.317346,1,2015,1
-126.93691,41.32378,12.550355,0.5224084,1,2015,1
-127.09321,41.324177,12.498483,0.57677877,1,2015,1
-126.99627,41.32712,12.547547,0.4585868,1,2015,1
-152.3002,41.328625,10.493403,0.35164613,1,2015,1
-128.9262,41.329514,13.070685,0.4864567,1,2015,1
-128.84413,41.3324,13.196773,0.44108272,1,2015,1
-125.46935,41.33623,13.208065,0.5500744,1,2015,1
-154.71886,41.337463,9.9498005,0.36510938,1,2015,1
-158.98009,41.34289,9.825914,0.48350388,1,2015,1
-127.07064,41.34426,12.533102,0.5765044,1,2015,1
-126.962234,41.347,12.575099,0.4679226,1,2015,1
-152.3527,41.348732,10.508385,0.32705107,1,2015,1
-133.72803,41.351192,13.350665,0.28364843,1,2015,1
-125.49642,41.351696,13.177282,0.52782536,1,2015,1
-128.7628,41.355774,13.230009,0.47133294,1,2015,1
-126.58117,41.357998,12.779346,0.47864872,1,2015,1
-127.439064,41.358845,12.442634,0.48116997,1,2015,1
-127.11253,41.36227,12.51843,0.60725904,1,2015,1
-154.63692,41.363396,9.999168,0.3566592,1,2015,1
-127.36135,41.365322,12.370327,0.5443122,1,2015,1
-158.92888,41.36695,9.84454,0.39877647,1,2015,1
-154.65828,41.367493,9.950775,0.32478836,1,2015,1
-127.1518,41.369606,12.497608,0.5646416,1,2015,1
-128.54788,41.37494,13.3626585,0.39664862,1,2015,1
-127.22327,41.374943,12.437347,0.49433607,1,2015,1
-128.5516,41.37517,13.324118,0.4190936,1,2015,1
-152.3689,41.376755,10.483217,0.3229251,1,2015,1
-127.49404,41.37819,12.450899,0.5599802,1,2015,1
-127.57263,41.38141,12.514335,0.4956481,1,2015,1
-127.29699,41.38522,12.401789,0.61498237,1,2015,1
-158.97202,41.386917,9.827273,0.457565,1,2015,1
-127.62463,41.389378,12.563206,0.5006078,1,2015,1
-128.68112,41.39459,13.255051,0.504626,1,2015,1
-158.91135,41.396214,9.8493,0.39302918,1,2015,1
-154.74083,41.396606,9.922729,0.35778373,1,2015,1
-125.6149,41.401646,12.9741745,0.42056763,1,2015,1
-152.40193,41.403374,10.451939,0.32540876,1,2015,1
-126.624435,41.405247,12.6652775,0.64506894,1,2015,1
-127.14097,41.406136,12.520987,0.5603411,1,2015,1
-127.66824,41.409794,12.53157,0.41880125,1,2015,1
-127.74156,41.40986,12.577481,0.40436926,1,2015,1
-128.61076,41.41237,13.271585,0.42067292,1,2015,1
-154.6361,41.412563,9.999873,0.41275698,1,2015,1
-128.48007,41.413815,13.400467,0.4294195,1,2015,1
-127.81951,41.415188,12.7105055,0.39255935,1,2015,1
-152.4581,41.428596,10.455332,0.26586694,1,2015,1
-146.44908,41.428772,11.31877,0.5140848,1,2015,1
-158.90955,41.43393,9.840696,0.489714,1,2015,1
-127.87318,41.43432,12.789606,0.43531147,1,2015,1
-152.87164,41.43923,10.502793,0.35238367,1,2015,1
-154.7505,41.445553,9.917187,0.3330081,1,2015,1
-154.05934,41.446476,10.534906,0.34688634,1,2015,1
-125.678246,41.447987,12.894808,0.41824242,1,2015,1
-146.52528,41.449177,11.301218,0.58199346,1,2015,1
-146.38966,41.44957,11.301591,0.5314916,1,2015,1
-154.10078,41.450466,10.54128,0.2573832,1,2015,1
-127.934265,41.4538,12.8090315,0.3715831,1,2015,1
-152.4706,41.455208,10.4282055,0.3168792,1,2015,1
-127.19359,41.458145,12.512846,0.4570881,1,2015,1
-154.63066,41.45918,10.004793,0.28345892,1,2015,1
-127.97543,41.461662,12.844332,0.36287314,1,2015,1
-128.40475,41.461983,13.349672,0.44384652,1,2015,1
-126.67153,41.462822,12.643849,0.62506676,1,2015,1
-127.200615,41.463264,12.483548,0.57954824,1,2015,1
-146.40001,41.469994,11.285801,0.5332752,1,2015,1
-158.92058,41.47044,9.828117,0.5421603,1,2015,1
-146.5921,41.47056,11.314126,0.498492,1,2015,1
-128.13086,41.471928,13.023458,0.4168953,1,2015,1
-128.04959,41.473595,12.928828,0.35882115,1,2015,1
-158.88283,41.47437,9.832515,0.4661953,1,2015,1
-127.20722,41.475014,12.518939,0.4940254,1,2015,1
-146.59436,41.475574,11.294691,0.5110258,1,2015,1
-128.20186,41.48019,12.977954,0.40009153,1,2015,1
-154.02856,41.48132,10.517837,0.25681505,1,2015,1
-152.86778,41.485786,10.493313,0.3652153,1,2015,1
-146.62633,41.486267,11.308669,0.5160038,1,2015,1
-152.51125,41.48762,10.417524,0.2982149,1,2015,1
-146.57977,41.48892,11.281725,0.54969406,1,2015,1
-154.641,41.49344,10.013457,0.33619618,1,2015,1
-125.75781,41.495304,12.89631,0.5029019,1,2015,1
-154.0714,41.49641,10.53624,0.31439433,1,2015,1
-127.238144,41.49649,12.481756,0.6565166,1,2015,1
-128.32819,41.502262,13.157462,0.4497959,1,2015,1
-133.77167,41.50348,13.318709,0.21458612,1,2015,1
-128.25586,41.506264,12.9968,0.41556102,1,2015,1
-152.90625,41.506386,10.52024,0.35787892,1,2015,1
-154.76633,41.51001,9.945383,0.32407716,1,2015,1
-158.84685,41.511543,9.819667,0.46296442,1,2015,1
-158.8473,41.51349,9.801309,0.47130063,1,2015,1
-152.51021,41.51496,10.431283,0.27806294,1,2015,1
-126.71655,41.51579,12.608658,0.5943502,1,2015,1
-158.92201,41.51923,9.790093,0.44887856,1,2015,1
-153.99605,41.52238,10.520009,0.32738727,1,2015,1
-125.824875,41.528557,12.85816,0.42318615,1,2015,1
-154.06131,41.53297,10.554971,0.33002764,1,2015,1
-146.35066,41.533813,11.275017,0.56758964,1,2015,1
-152.87013,41.53399,10.499698,0.37910748,1,2015,1
-150.94598,41.535534,10.512873,0.40918532,1,2015,1
-150.99094,41.53607,10.48081,0.38180274,1,2015,1
-152.54253,41.540115,10.417713,0.25902835,1,2015,1
-154.63234,41.54284,10.005796,0.36483234,1,2015,1
-152.94444,41.556217,10.521196,0.34295723,1,2015,1
-151.05914,41.55942,10.364757,0.33003208,1,2015,1
-126.764046,41.56086,12.608547,0.3673824,1,2015,1
-146.63258,41.566154,11.289233,0.5984141,1,2015,1
-154.05077,41.56652,10.561556,0.31143987,1,2015,1
-152.53636,41.56692,10.438785,0.30353826,1,2015,1
-158.92804,41.568157,9.733947,0.490282,1,2015,1
-158.8373,41.56888,9.793436,0.50654507,1,2015,1
-127.28277,41.571247,12.453031,0.60341495,1,2015,1
-125.90328,41.572376,12.769101,0.42168695,1,2015,1
-154.79317,41.572556,9.94362,0.42978308,1,2015,1
-133.81543,41.573143,13.302273,0.25012106,1,2015,1
-152.28174,41.574345,10.38366,0.3174509,1,2015,1
-152.50238,41.575287,10.444114,0.30637807,1,2015,1
-153.96356,41.584084,10.536728,0.3234278,1,2015,1
-152.31981,41.587635,10.386841,0.3392948,1,2015,1
-151.07529,41.587948,10.343805,0.49301228,1,2015,1
-152.87952,41.58828,10.504556,0.3220146,1,2015,1
-150.93529,41.58898,10.485458,0.314988,1,2015,1
-154.61203,41.59683,10.027446,0.40947405,1,2015,1
-154.03786,41.601097,10.556367,0.36833915,1,2015,1
-151.11557,41.602924,10.318575,0.3466622,1,2015,1
-152.54495,41.6042,10.452608,0.32335994,1,2015,1
-127.32645,41.605667,12.398189,0.73529434,1,2015,1
-152.43541,41.608795,10.434821,0.3225844,1,2015,1
-152.97679,41.609024,10.538327,0.29983854,1,2015,1
-152.32573,41.609592,10.388089,0.32629424,1,2015,1
-125.98662,41.610268,12.686896,0.41006872,1,2015,1
-152.38441,41.61128,10.404411,0.3171019,1,2015,1
-146.36464,41.614807,11.260145,0.56244504,1,2015,1
-152.50838,41.6178,10.443704,0.32242188,1,2015,1
-158.92972,41.618008,9.7267885,0.50057197,1,2015,1
-126.81245,41.618618,12.634581,0.45744973,1,2015,1
-158.81139,41.621883,9.801884,0.42825603,1,2015,1
-151.1507,41.62263,10.299535,0.32552418,1,2015,1
-154.05235,41.624943,10.558399,0.37470943,1,2015,1
-154.05379,41.62542,10.578307,0.40096328,1,2015,1
-133.83818,41.627018,13.262061,0.35520458,1,2015,1
-152.98457,41.628025,10.559543,0.30387986,1,2015,1
-152.56793,41.628185,10.494219,0.3149775,1,2015,1
-154.04753,41.628693,10.575016,0.34653357,1,2015,1
-146.66449,41.63191,11.288292,0.47785652,1,2015,1
-154.80896,41.632153,9.877438,0.3940096,1,2015,1
-153.92833,41.632954,10.560425,0.40435097,1,2015,1
-151.14984,41.633743,10.288857,0.32328862,1,2015,1
-150.92635,41.635223,10.444521,0.343045,1,2015,1
-152.36084,41.636776,10.404102,0.31795934,1,2015,1
-152.77184,41.642296,10.534347,0.35557973,1,2015,1
-126.056366,41.646416,12.633364,0.4509241,1,2015,1
-152.80388,41.64653,10.5174055,0.26667035,1,2015,1
-154.57866,41.647858,10.000526,0.4132513,1,2015,1
-127.363235,41.65142,12.3737,0.65938395,1,2015,1
-152.6125,41.65417,10.523902,0.30666474,1,2015,1
-152.4039,41.66373,10.408828,0.27800027,1,2015,1
-151.16827,41.66493,10.28339,0.31950262,1,2015,1
-152.85532,41.665012,10.5472765,0.36978778,1,2015,1
-133.86465,41.66545,13.248128,0.31688166,1,2015,1
-154.06424,41.666496,10.593613,0.32005432,1,2015,1
-126.85374,41.66734,12.691275,0.4498332,1,2015,1
-152.6501,41.669262,10.538596,0.33600882,1,2015,1
-153.00696,41.671055,10.592254,0.34294352,1,2015,1
-152.90245,41.67244,10.561737,0.36357513,1,2015,1
-151.1622,41.672607,10.2954445,0.39572367,1,2015,1
-158.77898,41.674255,9.811147,0.43583727,1,2015,1
-151.21751,41.676594,10.275174,0.31150076,1,2015,1
-152.7827,41.678932,10.539382,0.29838088,1,2015,1
-152.52167,41.680363,10.458805,0.28123432,1,2015,1
-150.85992,41.681988,10.499075,0.39379904,1,2015,1
-158.93156,41.683895,9.720666,0.5113397,1,2015,1
-152.62378,41.683907,10.528272,0.33355632,1,2015,1
-126.120026,41.685375,12.584451,0.5017038,1,2015,1
-154.83112,41.68549,9.862028,0.2762422,1,2015,1
-152.77225,41.68625,10.533596,0.25205854,1,2015,1
-146.38525,41.687546,11.3107815,0.5923599,1,2015,1
-152.44801,41.687565,10.414261,0.2795512,1,2015,1
-153.89601,41.687813,10.586006,0.14901985,1,2015,1
-154.04216,41.691296,10.5902405,0.35474655,1,2015,1
-152.5854,41.69391,10.498332,0.2856075,1,2015,1
-152.50316,41.699795,10.426221,0.32424656,1,2015,1
-152.56757,41.701004,10.49269,0.33414572,1,2015,1
-152.71106,41.701015,10.538466,0.32677135,1,2015,1
-152.53764,41.70137,10.460438,0.49109596,1,2015,1
-152.4876,41.70209,10.427535,0.3993825,1,2015,1
-154.5491,41.70257,10.018713,0.39373922,1,2015,1
-151.19754,41.707146,10.295389,0.3641137,1,2015,1
-152.91422,41.70789,10.5808735,0.301349,1,2015,1
-158.89232,41.709602,9.733913,0.42653286,1,2015,1
-126.90587,41.709858,12.684447,0.49973616,1,2015,1
-151.26215,41.71348,10.2547,0.310301,1,2015,1
-127.40655,41.717922,12.319515,0.4569824,1,2015,1
-150.77759,41.718113,10.537262,0.34854266,1,2015,1
-126.19711,41.71867,12.554444,0.4764421,1,2015,1
-158.77213,41.72141,9.830165,0.43220717,1,2015,1
-146.69514,41.724632,11.285396,0.522662,1,2015,1
-152.75955,41.726738,10.544344,0.25563347,1,2015,1
-153.86467,41.7289,10.584315,0.34488067,1,2015,1
-153.03723,41.730156,10.594333,0.350201,1,2015,1
-152.5882,41.73038,10.516248,0.3686315,1,2015,1
-152.80663,41.731667,10.555969,0.26176473,1,2015,1
-150.69746,41.735725,10.5941515,0.41162917,1,2015,1
-133.83461,41.73586,13.257461,0.53535825,1,2015,1
-150.63089,41.735985,10.617549,0.4730638,1,2015,1
-158.8617,41.73926,9.759258,0.42764413,1,2015,1
-154.02562,41.739647,10.598493,0.23521867,1,2015,1
-152.73894,41.74096,10.548617,0.27103305,1,2015,1
-154.8655,41.742073,9.791469,0.32037845,1,2015,1
-150.56444,41.74298,10.614551,0.4529162,1,2015,1
-152.69931,41.74357,10.516545,0.3055269,1,2015,1
-154.51088,41.743717,10.083786,0.29923463,1,2015,1
-151.30156,41.743767,10.206367,0.33045214,1,2015,1
-146.40639,41.746307,11.323589,0.538843,1,2015,1
-158.72412,41.751427,9.827654,0.47569147,1,2015,1
-126.97559,41.75229,12.670414,0.6496916,1,2015,1
-152.92682,41.754116,10.591019,0.34637195,1,2015,1
-152.64214,41.754414,10.501066,0.3258,1,2015,1
-126.27631,41.75668,12.5905285,0.68077344,1,2015,1
-150.4965,41.75974,10.608983,0.47927636,1,2015,1
-150.41585,41.761345,10.633691,0.4467462,1,2015,1
-158.80602,41.764633,9.808928,0.47938794,1,2015,1
-150.3384,41.76996,10.662482,0.35955635,1,2015,1
-146.71474,41.774513,11.29325,0.47079563,1,2015,1
-152.83913,41.775604,10.566044,0.28035793,1,2015,1
-153.05028,41.77617,10.568908,0.36978707,1,2015,1
-151.33777,41.7772,10.189245,0.30583462,1,2015,1
-157.56363,41.778023,10.15086,0.42681304,1,2015,1
-153.1458,41.7783,10.591954,0.2961837,1,2015,1
-127.447266,41.781742,12.312933,0.6929785,1,2015,1
-152.7215,41.78196,10.517419,0.30449778,1,2015,1
-151.35347,41.782166,10.187243,0.32556713,1,2015,1
-150.24942,41.782715,10.602451,0.38943666,1,2015,1
-158.80273,41.784184,9.799429,0.5251443,1,2015,1
-153.15395,41.78529,10.595878,0.2503485,1,2015,1
-133.77185,41.785816,13.289788,0.30579224,1,2015,1
-153.83745,41.787933,10.599943,0.33913058,1,2015,1
-153.26978,41.789284,10.575961,0.28876263,1,2015,1
-154.002,41.790615,10.59809,0.3109269,1,2015,1
-152.94766,41.7908,10.582064,0.27353552,1,2015,1
-154.45258,41.791435,10.203097,0.34235266,1,2015,1
-153.1049,41.792442,10.581242,0.30353665,1,2015,1
-127.01487,41.794014,12.655674,0.6605198,1,2015,1
-157.5153,41.79434,10.170973,0.38655925,1,2015,1
-154.89532,41.795105,9.768236,0.32736364,1,2015,1
-126.34811,41.796844,12.646863,0.6268817,1,2015,1
-152.74622,41.798985,10.537469,0.2821217,1,2015,1
-150.15984,41.799847,10.598215,0.4381996,1,2015,1
-153.19437,41.80044,10.590351,0.2753305,1,2015,1
-157.36168,41.802387,10.195108,0.42455962,1,2015,1
-153.22733,41.804478,10.582664,0.27030382,1,2015,1
-146.4484,41.8054,11.32767,0.56109244,1,2015,1
-152.97125,41.805496,10.578924,0.28273025,1,2015,1
-158.76439,41.81196,9.810554,0.4915416,1,2015,1
-151.44215,41.815754,10.172572,0.3571945,1,2015,1
-152.69356,41.816914,10.476349,0.30390385,1,2015,1
-158.69969,41.81844,9.838662,0.5558307,1,2015,1
-152.86984,41.82217,10.556607,0.28679678,1,2015,1
-158.17325,41.823936,9.88159,0.47596386,1,2015,1
-152.9692,41.82475,10.5527525,0.2852239,1,2015,1
-157.47768,41.82768,10.174162,0.354129,1,2015,1
-152.84059,41.828342,10.549626,0.28499117,1,2015,1
-146.74632,41.828514,11.240316,0.5365786,1,2015,1
-126.40072,41.829514,12.678001,0.6910602,1,2015,1
-153.98936,41.830505,10.586741,0.38261604,1,2015,1
-157.32437,41.83468,10.139315,0.45638978,1,2015,1
-157.35054,41.83708,10.160254,0.42351094,1,2015,1
-133.71541,41.837234,13.27942,0.32403123,1,2015,1
-149.85988,41.838028,10.669231,0.40264294,1,2015,1
-151.49641,41.838074,10.157863,0.35083973,1,2015,1
-158.24431,41.839897,9.8777485,0.4853382,1,2015,1
-154.40157,41.839943,10.23243,0.28131342,1,2015,1
-127.50041,41.84216,12.297148,0.67423016,1,2015,1
-158.1053,41.842712,9.895717,0.49184415,1,2015,1
-153.83098,41.843018,10.595331,0.34897992,1,2015,1
-157.53273,41.843586,10.165387,0.40595075,1,2015,1
-158.7123,41.8458,9.822521,0.5411517,1,2015,1
-146.97789,41.847767,11.266547,0.40544897,1,2015,1
-127.05326,41.848324,12.651603,0.8252133,1,2015,1
-152.73033,41.849846,10.499424,0.31529567,1,2015,1
-154.93434,41.850918,9.78148,0.3903558,1,2015,1
-152.83864,41.851383,10.514796,0.29065993,1,2015,1
-155.8296,41.85143,9.472109,0.41773257,1,2015,1
-153.78333,41.853287,10.569387,0.3481182,1,2015,1
-153.80035,41.853996,10.580369,0.34784117,1,2015,1
-152.86024,41.857624,10.517192,0.34778818,1,2015,1
-157.2854,41.85789,10.075609,0.7203333,1,2015,1
-147.06595,41.858128,11.267275,0.339336,1,2015,1
-149.79678,41.860657,10.7143755,0.42421558,1,2015,1
-151.56369,41.86109,10.097627,0.3488842,1,2015,1
-158.68617,41.862255,9.821955,0.5392163,1,2015,1
-146.48915,41.86716,11.28819,0.52829814,1,2015,1
-153.97107,41.869137,10.589296,0.33514026,1,2015,1
-147.1707,41.87106,11.267112,0.42967984,1,2015,1
-152.90553,41.871296,10.519408,0.337599,1,2015,1
-153.30421,41.87149,10.565706,0.37599877,1,2015,1
-155.88112,41.871853,9.455612,0.3770801,1,2015,1
-133.64717,41.872066,13.292424,0.28671893,1,2015,1
-157.33289,41.875687,10.1079,0.5471187,1,2015,1
-152.68163,41.876575,10.454601,0.32478085,1,2015,1
-158.02426,41.877388,9.956054,0.5132851,1,2015,1
-146.75493,41.878098,11.217574,0.47257408,1,2015,1
-157.41792,41.87985,10.130954,0.5094563,1,2015,1
-126.44964,41.88248,12.677924,0.858983,1,2015,1
-147.27112,41.883827,11.248423,0.42737088,1,2015,1
-155.90083,41.885563,9.447821,0.32368496,1,2015,1
-152.94572,41.887375,10.52731,0.36313435,1,2015,1
-151.62134,41.88927,10.088885,0.32710212,1,2015,1
-149.68893,41.889423,10.775133,0.3994348,1,2015,1
-154.36327,41.891766,10.24115,0.3308771,1,2015,1
-152.88103,41.892277,10.490016,0.305422,1,2015,1
-157.50182,41.894222,10.0929785,0.47981516,1,2015,1
-155.87982,41.894356,9.451927,0.38395804,1,2015,1
-147.37779,41.89581,11.2422695,0.35246062,1,2015,1
-153.71791,41.896736,10.560811,0.36426017,1,2015,1
-157.25217,41.897537,10.011374,0.35045746,1,2015,1
-156.24814,41.8985,9.494501,0.74336016,1,2015,1
-153.79216,41.89868,10.557829,0.37797147,1,2015,1
-156.34204,41.89983,9.512627,0.61175823,1,2015,1
-127.560905,41.90164,12.35249,0.42420644,1,2015,1
-127.09446,41.901733,12.581936,0.73092407,1,2015,1
-158.23822,41.903976,9.8622265,0.48943236,1,2015,1
-154.97182,41.906265,9.784449,0.36482507,1,2015,1
-147.49777,41.906868,11.216869,0.40806067,1,2015,1
-152.94519,41.90776,10.517838,0.36431447,1,2015,1
-149.61037,41.912506,10.812543,0.36360046,1,2015,1
-146.54512,41.912743,11.272273,0.49813452,1,2015,1
-158.6437,41.912827,9.808757,0.53455204,1,2015,1
-155.9435,41.91418,9.44228,0.36891657,1,2015,1
-153.7656,41.914825,10.551844,0.36052263,1,2015,1
-152.71635,41.91507,10.446891,0.2866204,1,2015,1
-157.32262,41.915676,10.076126,0.49069682,1,2015,1
-153.95242,41.920002,10.566716,0.36908424,1,2015,1
-147.58723,41.920113,11.157963,0.5221457,1,2015,1
-152.68863,41.920837,10.449716,0.3200105,1,2015,1
-151.67412,41.92141,10.086471,0.31456774,1,2015,1
-156.424,41.921482,9.516478,0.48306218,1,2015,1
-146.94406,41.92363,11.231013,0.40198004,1,2015,1
-157.93602,41.925022,9.931809,0.5416868,1,2015,1
-133.58112,41.926426,13.307364,0.22999981,1,2015,1
-155.93417,41.926594,9.456636,0.44601083,1,2015,1
-147.67915,41.92727,11.050445,0.524834,1,2015,1
-156.20883,41.92755,9.473976,0.41296297,1,2015,1
-153.35365,41.929707,10.581149,0.38248083,1,2015,1
-157.38014,41.92991,10.06385,0.47825295,1,2015,1
-146.77713,41.93012,11.179924,0.40894845,1,2015,1
-153.75475,41.931873,10.530391,0.3412707,1,2015,1
-126.509476,41.932484,12.636107,0.991031,1,2015,1
-154.30412,41.936104,10.349975,0.33118263,1,2015,1
-156.49109,41.93859,9.519022,0.5748988,1,2015,1
-157.21712,41.939148,9.965165,0.50535876,1,2015,1
-147.76376,41.939617,11.038237,0.5505127,1,2015,1
-152.98055,41.940353,10.514571,0.28670296,1,2015,1
-127.107506,41.946953,12.547042,0.6931809,1,2015,1
-158.58438,41.94703,9.833463,0.48979017,1,2015,1
-156.01324,41.94775,9.463669,0.45438004,1,2015,1
-157.85156,41.947773,9.924815,0.49998027,1,2015,1
-153.68808,41.948097,10.57791,0.25765586,1,2015,1
-149.54543,41.949253,10.800501,0.4529728,1,2015,1
-157.31374,41.949856,10.051289,0.38961932,1,2015,1
-151.7154,41.95384,10.069239,0.29418558,1,2015,1
-156.5763,41.9548,9.537607,0.5594588,1,2015,1
-146.60648,41.95693,11.221078,0.43595448,1,2015,1
-156.05331,41.958183,9.466324,0.3557302,1,2015,1
-147.8258,41.959347,11.0591755,0.358816,1,2015,1
-154.9945,41.960796,9.804001,0.37401634,1,2015,1
-156.75073,41.962486,9.650368,0.42340872,1,2015,1
-158.62318,41.962555,9.813886,0.43778586,1,2015,1
-127.62344,41.963173,12.437884,0.31614843,1,2015,1
-149.34947,41.96467,10.769821,0.35869563,1,2015,1
-157.7796,41.964787,9.857978,0.41177306,1,2015,1
-156.65608,41.96522,9.551781,0.39049402,1,2015,1
-149.4701,41.967823,10.774528,0.39099973,1,2015,1
-153.93657,41.969246,10.540684,0.31602126,1,2015,1
-153.664,41.97008,10.583066,0.32949993,1,2015,1
-147.92207,41.97061,11.062233,0.32958883,1,2015,1
-157.29968,41.9713,10.014178,0.41786543,1,2015,1
-157.33661,41.971664,10.020527,0.48023382,1,2015,1
-157.48087,41.97197,9.982512,0.46807942,1,2015,1
-157.70102,41.973198,9.846831,0.41808447,1,2015,1
-149.40585,41.97731,10.7790575,0.3792646,1,2015,1
-133.51619,41.97756,13.240764,0.22540268,1,2015,1
-155.91913,41.978485,9.483145,0.4255542,1,2015,1
-157.4012,41.978867,10.016555,0.3091593,1,2015,1
-156.82642,41.97914,9.68562,0.4114899,1,2015,1
-154.26285,41.98017,10.352648,0.3357143,1,2015,1
-156.08224,41.980183,9.479641,0.3760273,1,2015,1
-156.23943,41.980236,9.471445,0.4338011,1,2015,1
-149.26172,41.98055,10.747258,0.41428357,1,2015,1
-156.92184,41.98065,9.723702,0.44402015,1,2015,1
-157.60776,41.98128,9.942765,0.3696842,1,2015,1
-155.96114,41.983597,9.472058,0.4589159,1,2015,1
-151.77582,41.98424,9.986228,0.32312614,1,2015,1
-146.80447,41.98456,11.171559,0.38149524,1,2015,1
-149.18109,41.986404,10.741541,0.3797276,1,2015,1
-157.18117,41.9871,9.940681,0.43764305,1,2015,1
-153.72255,41.991825,10.538358,0.32819346,1,2015,1
-148.02623,41.993374,11.02105,0.34737954,1,2015,1
-126.54885,41.99357,12.582885,0.7194074,1,2015,1
-153.0176,41.99408,10.52119,0.36452687,1,2015,1
-158.56146,41.99556,9.833827,0.44824108,1,2015,1
-158.23827,41.99856,9.866596,0.48542762,1,2015,1
-133.47633,41.999184,13.226388,0.2160303,1,2015,1
-157.50603,41.999207,9.97257,0.334878,1,2015,1
-158.53935,41.99999,9.846413,0.4888262,1,2015,1
-127.12746,42.000103,12.476279,0.52319574,1,2015,1
-157.52498,42.000343,9.954249,0.41497195,1,2015,1
-157.30835,42.00092,9.98994,0.4477247,1,2015,1
-153.65361,42.00171,10.555726,0.32126603,1,2015,1
-157.40459,42.003025,9.983678,0.51041305,1,2015,1
-158.5444,42.003544,9.834573,0.4752704,1,2015,1
-157.46889,42.003704,9.957705,0.48155895,1,2015,1
-157.01372,42.004833,9.781479,0.48380855,1,2015,1
-146.91565,42.004982,11.165126,0.41626254,1,2015,1
-151.80873,42.005238,9.958019,0.307202,1,2015,1
-155.93866,42.0111,9.48791,0.46626443,1,2015,1
-153.73196,42.01228,10.541741,0.31603503,1,2015,1
-153.38608,42.012337,10.569379,0.27184758,1,2015,1
-146.65752,42.014004,11.144436,0.40443873,1,2015,1
-155.02309,42.01411,9.832305,0.34269026,1,2015,1
-153.92186,42.014225,10.519974,0.3612452,1,2015,1
-146.57803,42.014675,11.159143,0.438021,1,2015,1
-148.10922,42.014835,11.03334,0.34822953,1,2015,1
-149.15918,42.01522,10.741873,0.33270764,1,2015,1
-158.51076,42.015293,9.857499,0.4802016,1,2015,1
-156.1909,42.0175,9.469355,0.4558837,1,2015,1
-156.14188,42.0207,9.482137,0.397857,1,2015,1
-156.24956,42.02081,9.471204,0.42421478,1,2015,1
-146.82013,42.02115,11.140748,0.3660228,1,2015,1
-157.36462,42.024166,9.995417,0.516903,1,2015,1
-127.69049,42.024864,12.524366,0.34844026,1,2015,1
-157.1098,42.02511,9.871318,0.43064627,1,2015,1
-156.15253,42.026093,9.470941,0.3736908,1,2015,1
-147.41298,42.02756,11.179253,0.4965064,1,2015,1
-151.86353,42.02823,9.980964,0.30694073,1,2015,1
-147.31915,42.02894,11.218967,0.34330064,1,2015,1
-153.68704,42.029037,10.550441,0.33390206,1,2015,1
-153.8755,42.029404,10.511762,0.28000304,1,2015,1
-148.20154,42.02963,11.004325,0.38887647,1,2015,1
-146.67923,42.031353,11.143787,0.4282099,1,2015,1
-157.4493,42.031647,9.964788,0.3906677,1,2015,1
-154.2125,42.03239,10.379517,0.36905012,1,2015,1
-157.2079,42.034847,9.948404,0.38026568,1,2015,1
-133.43321,42.036163,13.207022,0.28055108,1,2015,1
-157.26355,42.037777,9.954151,0.47913006,1,2015,1
-146.83614,42.03927,11.096391,0.39401558,1,2015,1
-147.23318,42.039623,11.18036,0.35326225,1,2015,1
-157.46968,42.040955,9.942614,0.6525107,1,2015,1
-146.51498,42.042835,11.120011,0.39233187,1,2015,1
-157.1515,42.046234,9.868868,0.46414065,1,2015,1
-153.05188,42.046642,10.513875,0.3080058,1,2015,1
-126.59459,42.04821,12.561745,0.63030195,1,2015,1
-146.75502,42.048496,11.080731,0.44893172,1,2015,1
-158.43137,42.048546,9.872062,0.46316922,1,2015,1
-146.72833,42.050053,11.087153,0.4214627,1,2015,1
-157.28091,42.050854,9.969531,0.42733866,1,2015,1
-127.155464,42.052174,12.434143,0.5483108,1,2015,1
-147.1599,42.052753,11.162976,0.37498376,1,2015,1
-148.30779,42.053757,10.952865,0.36997205,1,2015,1
-153.61842,42.054928,10.537087,0.268726,1,2015,1
-153.80249,42.055176,10.498412,0.3895453,1,2015,1
-149.21869,42.0553,10.760906,0.4649484,1,2015,1
-153.66013,42.055805,10.536876,0.37229717,1,2015,1
-157.38515,42.05913,9.962945,0.482895,1,2015,1
-151.91678,42.059834,9.958081,0.32803613,1,2015,1
-147.04335,42.060204,11.13187,0.4254239,1,2015,1
-147.48695,42.061764,11.168218,0.38726646,1,2015,1
-153.3928,42.06599,10.551712,0.27016175,1,2015,1
-158.47516,42.0666,9.847186,0.46583852,1,2015,1
-155.9618,42.06707,9.48781,0.46156618,1,2015,1
-158.19984,42.06759,9.88305,0.635953,1,2015,1
-147.21956,42.06813,11.174492,0.38613743,1,2015,1
-155.02922,42.070282,9.832125,0.34538025,1,2015,1
-157.3425,42.071274,9.969987,0.5021031,1,2015,1
-147.10718,42.072994,11.137717,0.44655982,1,2015,1
-153.69356,42.073177,10.5371475,0.36932155,1,2015,1
-146.94493,42.073776,11.1431875,0.4026466,1,2015,1
-149.28395,42.074516,10.751798,0.45976105,1,2015,1
-147.29477,42.07481,11.187797,0.38112837,1,2015,1
-153.86029,42.076023,10.501018,0.41396424,1,2015,1
-157.34195,42.07608,9.938752,0.5707957,1,2015,1
-153.89963,42.076523,10.501089,0.33862975,1,2015,1
-147.2975,42.07656,11.159014,0.29796547,1,2015,1
-147.3128,42.076714,11.1620035,0.3436386,1,2015,1
-151.99576,42.07692,9.874218,0.41729516,1,2015,1
-146.86328,42.0777,11.073476,0.39585397,1,2015,1
-147.17162,42.078304,11.10212,0.34874555,1,2015,1
-148.39993,42.078632,10.958943,0.31269786,1,2015,1
-151.94733,42.07866,9.902513,0.3086602,1,2015,1
-153.73793,42.079323,10.5083475,0.3884226,1,2015,1
-147.24818,42.079388,11.153814,0.3343347,1,2015,1
-153.66359,42.079414,10.52445,0.29725993,1,2015,1
-146.79338,42.08074,11.032987,0.43513027,1,2015,1
-154.17612,42.080795,10.396891,0.28443998,1,2015,1
-157.45532,42.08421,9.926751,0.5087511,1,2015,1
-127.74709,42.084503,12.616185,0.43022692,1,2015,1
-158.38083,42.086567,9.84186,0.5823931,1,2015,1
-133.3574,42.08671,13.152375,0.3069622,1,2015,1
-157.48627,42.087666,9.925989,0.52710485,1,2015,1
-157.22246,42.08863,9.902224,0.51106405,1,2015,1
-146.84392,42.0891,11.049567,0.4418929,1,2015,1
-127.167946,42.090256,12.352031,0.51089334,1,2015,1
-157.19508,42.090744,9.867122,0.36133173,1,2015,1
-147.37352,42.091316,11.157033,0.3033977,1,2015,1
-153.63177,42.09159,10.533743,0.36083582,1,2015,1
-126.62332,42.09247,12.568809,0.60162896,1,2015,1
-155.39484,42.094494,9.733566,0.3928316,1,2015,1
-157.38007,42.095264,9.932452,0.60116917,1,2015,1
-149.30118,42.095444,10.729671,0.43541715,1,2015,1
-146.77126,42.096527,11.03601,0.44151765,1,2015,1
-147.38943,42.097095,11.151649,0.31502116,1,2015,1
-157.28683,42.09784,9.941675,0.5197971,1,2015,1
-149.23329,42.09868,10.748873,0.43067667,1,2015,1
-147.45407,42.098766,11.15555,0.35708636,1,2015,1
-157.11551,42.098824,9.797094,0.3983219,1,2015,1
-155.98837,42.099552,9.478305,0.3961714,1,2015,1
-153.54755,42.10104,10.544535,0.26625204,1,2015,1
-146.6769,42.103497,11.064978,0.4241783,1,2015,1
-148.47855,42.104324,10.9388075,0.32255107,1,2015,1
-146.59497,42.105865,11.087995,0.41308147,1,2015,1
-154.13829,42.106403,10.415727,0.30928147,1,2015,1
-149.12715,42.106483,10.750852,0.386026,1,2015,1
-146.56403,42.106678,11.079887,0.38411787,1,2015,1
-152.11511,42.10981,9.882565,0.4198366,1,2015,1
-147.29048,42.112522,11.09327,0.29283002,1,2015,1
-154.14522,42.112995,10.380625,0.3489962,1,2015,1
-149.13722,42.113136,10.752499,0.36262614,1,2015,1
-133.29488,42.11329,13.138168,0.26233357,1,2015,1
-146.63504,42.113605,11.05193,0.40440553,1,2015,1
-152.0729,42.115658,9.85792,0.27745065,1,2015,1
-146.49521,42.11593,11.042248,0.40209454,1,2015,1
-149.14992,42.11602,10.745821,0.41229868,1,2015,1
-146.76018,42.116814,10.989891,0.40280265,1,2015,1
-146.69778,42.117996,11.03265,0.43059587,1,2015,1
-147.38535,42.118214,11.119344,0.29380825,1,2015,1
-153.86276,42.119347,10.466125,0.32548207,1,2015,1
-146.90291,42.11952,11.048477,0.4010338,1,2015,1
-155.0576,42.120564,9.874483,0.3458852,1,2015,1
-147.43774,42.121502,11.137026,0.3235834,1,2015,1
-147.55458,42.12293,11.129382,0.3335429,1,2015,1
-153.81523,42.123444,10.469732,0.42319018,1,2015,1
-155.34464,42.1243,9.8010025,0.37675843,1,2015,1
-157.18448,42.125053,9.848521,0.50059897,1,2015,1
-153.63187,42.125267,10.526987,0.3400319,1,2015,1
-148.57298,42.125553,10.853603,0.29209808,1,2015,1
-158.3477,42.1261,9.799654,0.6373379,1,2015,1
-158.46684,42.126312,9.783104,0.48312116,1,2015,1
-147.46564,42.12641,11.147775,0.31996945,1,2015,1
-153.40012,42.127216,10.545633,0.2959347,1,2015,1
-147.14317,42.127636,11.0350485,0.32363603,1,2015,1
-127.2121,42.127823,12.287961,0.46539006,1,2015,1
-147.65062,42.13204,11.075305,0.3291088,1,2015,1
-155.44914,42.1321,9.690477,0.32665592,1,2015,1
-146.87694,42.13224,11.023558,0.41644406,1,2015,1
-153.65062,42.132458,10.516777,0.30997676,1,2015,1
-156.0115,42.13315,9.4716425,0.39124063,1,2015,1
-157.4694,42.133827,9.9143715,0.5063887,1,2015,1
-157.15785,42.133972,9.797216,0.43892413,1,2015,1
-153.57271,42.134075,10.531577,0.3607817,1,2015,1
-147.00888,42.134125,11.063473,0.37470362,1,2015,1
-157.44641,42.13447,9.915117,0.4915014,1,2015,1
-157.33241,42.13695,9.913928,0.42356634,1,2015,1
-126.65606,42.13859,12.606655,0.65051395,1,2015,1
-146.9603,42.140358,11.062257,0.38257003,1,2015,1
-147.05304,42.143436,11.047195,0.4193506,1,2015,1
-158.25069,42.145824,9.824165,0.66614854,1,2015,1
-158.16794,42.14585,9.823878,0.6368329,1,2015,1
-127.81412,42.147377,12.691878,0.34646025,1,2015,1
-154.09343,42.149117,10.383219,0.36943147,1,2015,1
-149.12102,42.15008,10.721347,0.3474877,1,2015,1
-157.32841,42.151283,9.908413,0.67324907,1,2015,1
-148.65157,42.15238,10.757026,0.291232,1,2015,1
-157.26828,42.153793,9.891613,0.48506078,1,2015,1
-157.42667,42.154373,9.90561,0.61966646,1,2015,1
-147.73038,42.15481,11.009758,0.3883756,1,2015,1
-153.51532,42.15507,10.528297,0.34083402,1,2015,1
-146.98024,42.15678,11.035069,0.36329794,1,2015,1
-157.16252,42.157948,9.8404255,0.4517373,1,2015,1
-147.41847,42.15883,11.102722,0.29739222,1,2015,1
-157.07822,42.162346,9.728374,0.52015173,1,2015,1
-147.32819,42.162956,11.066198,0.28409562,1,2015,1
-153.84746,42.165325,10.439173,0.37850302,1,2015,1
-153.39032,42.166008,10.536842,0.34821784,1,2015,1
-157.5151,42.166103,9.890445,0.6473039,1,2015,1
-147.34406,42.16647,11.076396,0.29643682,1,2015,1
-133.20276,42.167065,13.155081,0.24900988,1,2015,1
-155.06082,42.167545,9.891296,0.27148414,1,2015,1
-127.249405,42.16813,12.2634325,0.6675982,1,2015,1
-147.0667,42.17058,11.007785,0.36135846,1,2015,1
-147.19547,42.170612,11.023599,0.34256664,1,2015,1
-147.49875,42.170803,11.108138,0.36366016,1,2015,1
-157.5525,42.17148,9.875398,0.4604013,1,2015,1
-147.80817,42.17203,11.024784,0.34517276,1,2015,1
-148.7334,42.172474,10.770369,0.31447613,1,2015,1
-157.49535,42.172867,9.903341,0.52308315,1,2015,1
-147.65706,42.17294,11.0391245,0.36466184,1,2015,1
-126.67958,42.17317,12.607139,0.61563057,1,2015,1
-146.90656,42.17371,11.017209,0.3592652,1,2015,1
-158.44244,42.17468,9.721233,0.47846684,1,2015,1
-147.2407,42.175972,11.038791,0.31973708,1,2015,1
-147.14764,42.17615,11.005852,0.33277324,1,2015,1
-153.77435,42.176655,10.44472,0.40997443,1,2015,1
-147.59518,42.17687,11.087925,0.3267474,1,2015,1
-157.42284,42.17846,9.912486,0.5056943,1,2015,1
-155.51265,42.18043,9.62016,0.4163057,1,2015,1
-155.31268,42.183167,9.858462,0.37598202,1,2015,1
-156.03304,42.185253,9.442004,0.36790738,1,2015,1
-147.15651,42.18638,11.011945,0.33018422,1,2015,1
-153.6064,42.186546,10.500222,0.36025822,1,2015,1
-157.47717,42.1875,9.900664,0.7827379,1,2015,1
-157.53198,42.18752,9.88422,0.8304713,1,2015,1
-157.31885,42.19025,9.895795,0.5758377,1,2015,1
-149.20149,42.191383,10.652058,0.41323894,1,2015,1
-133.17078,42.19267,13.176794,0.24648109,1,2015,1
-153.60945,42.19287,10.460913,0.3694388,1,2015,1
-147.12025,42.193386,10.993408,0.33107284,1,2015,1
-155.07597,42.193604,9.895441,0.24264118,1,2015,1
-157.13475,42.194744,9.795993,0.4030353,1,2015,1
-148.78607,42.194817,10.762303,0.29350126,1,2015,1
-157.58278,42.195908,9.85712,0.5845884,1,2015,1
-147.07771,42.198345,10.978513,0.34342226,1,2015,1
-127.26563,42.19858,12.290057,0.712484,1,2015,1
-146.45522,42.201828,11.051128,0.42191416,1,2015,1
-154.04996,42.203754,10.320426,0.29510856,1,2015,1
-146.98192,42.204205,11.003918,0.40115052,1,2015,1
-147.88649,42.205593,11.024127,0.24442956,1,2015,1
-127.86709,42.205864,12.730392,0.3516951,1,2015,1
-147.71492,42.207745,10.959208,0.32515684,1,2015,1
-157.40953,42.20925,9.920714,0.6155462,1,2015,1
-157.0399,42.209366,9.702167,0.7343647,1,2015,1
-153.47334,42.210045,10.524648,0.3836684,1,2015,1
-147.1672,42.212196,10.998456,0.33260748,1,2015,1
-148.83113,42.21517,10.75916,0.29476148,1,2015,1
-147.21786,42.215233,10.992362,0.31801954,1,2015,1
-146.90585,42.21856,10.997691,0.35494828,1,2015,1
-149.01054,42.220642,10.72137,0.38004526,1,2015,1
-148.02528,42.22115,11.004952,0.28033373,1,2015,1
-157.25206,42.221962,9.871178,0.54264534,1,2015,1
-158.43422,42.22215,9.667367,0.56844413,1,2015,1
-153.75119,42.223278,10.408794,0.34636477,1,2015,1
-126.71234,42.223427,12.5796995,0.6107835,1,2015,1
-153.95663,42.22354,10.361597,0.3750905,1,2015,1
-154.0525,42.2246,10.300245,0.40114388,1,2015,1
-152.31346,42.224926,9.800467,0.36169323,1,2015,1
-149.26346,42.224957,10.652717,0.42203075,1,2015,1
-149.0009,42.225147,10.713266,0.37139532,1,2015,1
-157.30922,42.225433,9.867345,0.61963314,1,2015,1
-147.2732,42.228413,10.964669,0.34261245,1,2015,1
-155.55417,42.22843,9.562387,0.45687142,1,2015,1
-147.96257,42.229656,10.991421,0.25442156,1,2015,1
-152.33463,42.230625,9.749172,0.36414412,1,2015,1
-155.2883,42.231705,9.906189,0.39534253,1,2015,1
-153.4024,42.233658,10.483884,0.27449465,1,2015,1
-149.06387,42.23375,10.663921,0.32784986,1,2015,1
-152.3225,42.237022,9.749698,0.30595446,1,2015,1
-148.9846,42.237858,10.724875,0.36965102,1,2015,1
-157.10359,42.237892,9.763051,0.5246248,1,2015,1
-157.00357,42.237904,9.715587,0.57487416,1,2015,1
-153.83426,42.23799,10.402336,0.3354451,1,2015,1
-147.88596,42.239628,10.984719,0.30017856,1,2015,1
-147.81339,42.240105,10.935394,0.29469517,1,2015,1
-156.04031,42.240833,9.405445,0.3182374,1,2015,1
-157.6356,42.24153,9.842918,0.56092274,1,2015,1
-133.10301,42.241924,13.220076,0.38296586,1,2015,1
-157.38998,42.24233,9.919988,0.6189773,1,2015,1
-153.79333,42.24286,10.391372,0.40641475,1,2015,1
-157.32603,42.24529,9.889862,0.72165626,1,2015,1
-149.14183,42.24611,10.632273,0.40974775,1,2015,1
-153.53764,42.246265,10.442646,0.46873796,1,2015,1
-155.10712,42.246655,9.949913,0.23563068,1,2015,1
-157.24815,42.247017,9.853859,0.46774313,1,2015,1
-154.00777,42.248634,10.33862,0.32724515,1,2015,1
-153.58191,42.248974,10.423989,0.42176932,1,2015,1
-148.89174,42.249798,10.714425,0.374054,1,2015,1
-147.33362,42.250416,10.976108,0.3432888,1,2015,1
-153.52435,42.254173,10.468796,0.2871727,1,2015,1
-148.94601,42.254353,10.716927,0.37426937,1,2015,1
-153.45541,42.257618,10.485639,0.44297147,1,2015,1
-127.2962,42.25782,12.317249,0.57205516,1,2015,1
-158.41537,42.257835,9.589724,0.49947092,1,2015,1
-148.015,42.26047,10.972962,0.25517333,1,2015,1
-149.21362,42.261986,10.6356535,0.35924986,1,2015,1
-149.29865,42.262657,10.645288,0.44119442,1,2015,1
-153.51758,42.26267,10.417834,0.3475873,1,2015,1
-153.71405,42.262787,10.38203,0.41840586,1,2015,1
-147.39452,42.26307,10.9676285,0.34565434,1,2015,1
-153.3974,42.26455,10.43817,0.341083,1,2015,1
-152.09572,42.26465,9.637881,0.3434466,1,2015,1
-153.56366,42.266163,10.402731,0.43829033,1,2015,1
-152.14085,42.266712,9.632824,0.28062034,1,2015,1
-147.01572,42.2671,10.934374,0.3253068,1,2015,1
-157.35585,42.26815,9.916629,0.44601852,1,2015,1
-148.04417,42.268253,10.951392,0.23150402,1,2015,1
-152.37634,42.269207,9.691231,0.4143455,1,2015,1
-127.910576,42.270428,12.741659,0.34372237,1,2015,1
-147.45929,42.27086,10.983706,0.35161665,1,2015,1
-153.70316,42.270874,10.385119,0.28698248,1,2015,1
-151.99022,42.270958,9.664695,0.36213568,1,2015,1
-152.21349,42.27181,9.678947,0.31397983,1,2015,1
-155.58272,42.27413,9.5598345,0.39656964,1,2015,1
-154.41823,42.27437,10.174037,0.27844223,1,2015,1
-154.42514,42.27477,10.161337,0.3292542,1,2015,1
-158.33804,42.27547,9.552556,0.58435315,1,2015,1
-153.48643,42.27661,10.429264,0.4110959,1,2015,1
-126.76496,42.27716,12.463041,0.5679081,1,2015,1
-157.08034,42.27721,9.740223,0.6177109,1,2015,1
-152.28442,42.27936,9.697989,0.31184945,1,2015,1
-152.29301,42.28042,9.70342,0.31812808,1,2015,1
-155.59344,42.280537,9.538217,0.3692202,1,2015,1
-156.99898,42.28107,9.729529,0.62342805,1,2015,1
-146.42729,42.281834,11.035361,0.44053042,1,2015,1
-157.24802,42.282646,9.841891,0.4995785,1,2015,1
-154.04659,42.28324,10.296443,0.33808395,1,2015,1
-153.62256,42.283443,10.393798,0.48020697,1,2015,1
-147.51324,42.28445,10.970157,0.34284565,1,2015,1
-148.10396,42.28638,10.944254,0.27585328,1,2015,1
-156.91351,42.286476,9.674369,0.45861477,1,2015,1
-151.90175,42.28939,9.737395,0.37980142,1,2015,1
-147.5717,42.28962,10.94468,0.3126802,1,2015,1
-153.98547,42.291534,10.322032,0.3502487,1,2015,1
-147.62643,42.292007,10.94067,0.31528917,1,2015,1
-157.81282,42.294727,9.735919,0.33502886,1,2015,1
-157.29063,42.297558,9.858676,0.7377994,1,2015,1
-157.71509,42.297626,9.79119,0.45788938,1,2015,1
-153.52864,42.297684,10.409644,0.46618354,1,2015,1
-127.328964,42.299686,12.340405,0.48640633,1,2015,1
-156.04626,42.30002,9.392012,0.42729083,1,2015,1
-152.39873,42.302223,9.671836,0.41612685,1,2015,1
-147.74496,42.302437,10.866656,0.2985047,1,2015,1
-147.69423,42.30247,10.875393,0.3518365,1,2015,1
-153.42122,42.30253,10.383957,0.44424003,1,2015,1
-155.2648,42.303284,9.9401245,0.38589242,1,2015,1
-155.12811,42.303814,10.012926,0.3071218,1,2015,1
-157.76329,42.304485,9.723237,0.31589776,1,2015,1
-147.91888,42.306606,10.905049,0.42676932,1,2015,1
-153.539,42.31171,10.361612,0.3235076,1,2015,1
-152.4327,42.312664,9.681781,0.45801196,1,2015,1
-151.75256,42.314217,9.873776,0.3325031,1,2015,1
-148.16193,42.316677,10.896673,0.2895498,1,2015,1
-151.8198,42.316822,9.809139,0.34498942,1,2015,1
-158.25746,42.3184,9.524039,0.38080683,1,2015,1
-153.64835,42.31898,10.365357,0.42831635,1,2015,1
-147.07277,42.320213,10.908749,0.2811984,1,2015,1
-155.6508,42.320415,9.504681,0.3582461,1,2015,1
-151.7842,42.324345,9.841768,0.4096907,1,2015,1
-147.94322,42.327496,10.902826,0.41333273,1,2015,1
-147.8172,42.327682,10.880746,0.27975675,1,2015,1
-156.81189,42.335903,9.61401,0.5176679,1,2015,1
-151.78793,42.33789,9.842181,0.29940134,1,2015,1
-126.80307,42.338207,12.405659,0.53189826,1,2015,1
-127.947876,42.338413,12.761691,0.3464847,1,2015,1
-151.67009,42.338818,9.921951,0.4495335,1,2015,1
-157.25072,42.339096,9.802839,0.5371417,1,2015,1
-154.41582,42.339264,10.018645,0.3445089,1,2015,1
-153.80255,42.340324,10.2906685,0.3950672,1,2015,1
-154.02258,42.340855,10.203035,0.43134657,1,2015,1
-147.82727,42.34101,10.8420105,0.34085473,1,2015,1
-156.02219,42.34271,9.38839,0.4416929,1,2015,1
-127.34232,42.342823,12.35973,0.43597853,1,2015,1
-153.42741,42.34389,10.350066,0.38266757,1,2015,1
-152.47078,42.345165,9.667503,0.37493667,1,2015,1
-154.3078,42.345722,10.066499,0.38165182,1,2015,1
-154.31523,42.347095,10.048868,0.38143748,1,2015,1
-148.24976,42.34809,10.782084,0.2882233,1,2015,1
-153.55405,42.34873,10.328786,0.35701117,1,2015,1
-153.9514,42.348766,10.2291765,0.35650483,1,2015,1
-147.75162,42.352127,10.835338,0.37929687,1,2015,1
-155.1452,42.35254,9.964641,0.34759226,1,2015,1
-147.87753,42.35367,10.852364,0.34616438,1,2015,1
-127.37497,42.354286,12.375942,0.42961648,1,2015,1
-146.39977,42.355034,11.032783,0.4538898,1,2015,1
-157.86014,42.355606,9.667,0.39737794,1,2015,1
-156.9666,42.35611,9.675819,0.5223358,1,2015,1
-155.689,42.362823,9.467725,0.36534524,1,2015,1
-158.19922,42.365017,9.49665,0.40966856,1,2015,1
-151.59149,42.365128,9.959861,0.3105406,1,2015,1
-153.49973,42.365887,10.326817,0.44808537,1,2015,1
-155.23108,42.36892,9.937807,0.36514732,1,2015,1
-147.6639,42.369366,10.8419285,0.28775424,1,2015,1
-147.0744,42.3706,10.880377,0.27799484,1,2015,1
-153.59695,42.372902,10.339434,0.43874282,1,2015,1
-148.33708,42.376938,10.693038,0.2591809,1,2015,1
-147.5913,42.380604,10.822097,0.27257988,1,2015,1
-147.81699,42.382507,10.794863,0.35490197,1,2015,1
-127.39965,42.3854,12.39736,0.44375813,1,2015,1
-154.39299,42.38559,9.929834,0.2546523,1,2015,1
-153.77324,42.386635,10.257393,0.37954044,1,2015,1
-147.7466,42.38761,10.803259,0.26390895,1,2015,1
-155.13411,42.389046,9.928979,0.3471777,1,2015,1
-152.47722,42.390358,9.606996,0.3708565,1,2015,1
-156.72398,42.39196,9.547872,0.41600868,1,2015,1
-147.92578,42.392036,10.815785,0.41138142,1,2015,1
-153.99931,42.395172,10.140161,0.41292083,1,2015,1
-154.26926,42.39666,9.984193,0.34769067,1,2015,1
-128.0014,42.397736,12.72875,0.33115765,1,2015,1
-155.97545,42.39834,9.384475,0.5710269,1,2015,1
-147.50476,42.39953,10.843124,0.3007394,1,2015,1
-148.42691,42.40026,10.693405,0.25296512,1,2015,1
-157.89037,42.400627,9.612745,0.3909349,1,2015,1
-151.51396,42.401463,9.961948,0.29921946,1,2015,1
-153.90802,42.4019,10.152489,0.35523057,1,2015,1
-157.24252,42.40225,9.780892,0.47018862,1,2015,1
-147.75807,42.40266,10.795685,0.30218247,1,2015,1
-126.78982,42.405148,12.395846,0.47924718,1,2015,1
-155.23326,42.405293,9.886186,0.37320805,1,2015,1
-153.5887,42.407288,10.300124,0.45208228,1,2015,1
-155.73906,42.407413,9.4152775,0.41612193,1,2015,1
-127.45015,42.40957,12.438604,0.41622812,1,2015,1
-147.7125,42.41134,10.806207,0.40670958,1,2015,1
-153.44788,42.41245,10.29028,0.39353773,1,2015,1
-153.52863,42.41443,10.229133,0.3621872,1,2015,1
-158.12418,42.41509,9.448466,0.38345137,1,2015,1
-148.52414,42.417107,10.668299,0.26624253,1,2015,1
-148.14899,42.41731,10.750208,0.25475168,1,2015,1
-147.37381,42.421738,10.732503,0.3068866,1,2015,1
-156.93208,42.42286,9.667512,0.5227705,1,2015,1
-153.5154,42.424397,10.222678,0.37492293,1,2015,1
-147.42178,42.425095,10.780332,0.27350852,1,2015,1
-147.10182,42.42542,10.816555,0.3135746,1,2015,1
-151.45464,42.42594,9.924515,0.31547785,1,2015,1
-153.44638,42.427734,10.199121,0.4521956,1,2015,1
-147.88074,42.437542,10.756853,0.33627015,1,2015,1
-148.19394,42.437965,10.711502,0.27283123,1,2015,1
-153.98726,42.438457,10.05664,0.37760097,1,2015,1
-155.15834,42.438847,9.880533,0.32553792,1,2015,1
-148.61746,42.438988,10.667668,0.25368348,1,2015,1
-147.28914,42.439186,10.755543,0.3112617,1,2015,1
-153.74623,42.440327,10.206432,0.4005144,1,2015,1
-147.64293,42.440395,10.768425,0.23912428,1,2015,1
-146.35934,42.44102,11.023987,0.41133726,1,2015,1
-154.29108,42.441364,9.878099,0.19868894,1,2015,1
-156.62256,42.442947,9.484329,0.526698,1,2015,1
-127.48802,42.443237,12.475098,0.5374902,1,2015,1
-151.41176,42.446815,9.916721,0.32514557,1,2015,1
-153.8568,42.44772,10.124522,0.35779807,1,2015,1
-154.26883,42.44994,9.894611,0.3514531,1,2015,1
-153.99042,42.450726,9.952377,0.33696467,1,2015,1
-147.62888,42.45115,10.734933,0.26432416,1,2015,1
-155.93839,42.453026,9.305642,0.45308685,1,2015,1
-154.19937,42.454052,9.815614,0.4304466,1,2015,1
-155.75761,42.455563,9.3551445,0.4648671,1,2015,1
-154.2504,42.456238,9.79629,0.2777544,1,2015,1
-128.05998,42.457893,12.693338,0.39840385,1,2015,1
-154.28455,42.458263,9.800697,0.27325356,1,2015,1
-153.43454,42.45851,10.088888,0.38616118,1,2015,1
-132.79231,42.459034,13.180455,0.4274863,1,2015,1
-126.77447,42.46189,12.372288,0.50456077,1,2015,1
-153.50739,42.462444,10.1038685,0.38611728,1,2015,1
-157.93102,42.462967,9.503959,0.37764668,1,2015,1
-148.67093,42.463467,10.665562,0.24625674,1,2015,1
-153.3916,42.46593,10.069834,0.3875818,1,2015,1
-148.26613,42.468254,10.582109,0.25989616,1,2015,1
-147.206,42.468998,10.778654,0.26590174,1,2015,1
-147.12842,42.470013,10.8155575,0.32147503,1,2015,1
-127.55747,42.473408,12.537039,0.37991008,1,2015,1
-151.29356,42.475334,9.859594,0.3073074,1,2015,1
-155.21716,42.47563,9.721859,0.4521809,1,2015,1
-154.11984,42.477318,9.85976,0.37048313,1,2015,1
-147.57552,42.481956,10.733866,0.26205915,1,2015,1
-158.06003,42.485165,9.4305315,0.42133686,1,2015,1
-153.47298,42.486763,10.096624,0.40015772,1,2015,1
-153.47742,42.490482,9.926966,0.4502342,1,2015,1
-148.75632,42.491173,10.664606,0.2611901,1,2015,1
-147.15198,42.491714,10.81853,0.2800789,1,2015,1
-153.35951,42.492283,9.917007,0.3892415,1,2015,1
-154.11066,42.4926,9.739295,0.3816701,1,2015,1
-153.81607,42.49344,9.924559,0.33535588,1,2015,1
-156.90239,42.49371,9.640306,0.45830512,1,2015,1
-146.21071,42.494198,11.085745,0.5286482,1,2015,1
-156.50836,42.495457,9.416024,0.44822878,1,2015,1
-154.08647,42.49564,9.768406,0.34466538,1,2015,1
-155.78404,42.496094,9.305294,0.42739785,1,2015,1
-147.19392,42.497276,10.776128,0.25648645,1,2015,1
-153.70691,42.497314,10.000245,0.3929853,1,2015,1
-132.732,42.49904,13.118405,0.38212276,1,2015,1
-148.32263,42.49928,10.567081,0.25408483,1,2015,1
-151.20847,42.502266,9.811729,0.31873488,1,2015,1
-146.3017,42.504158,11.050326,0.4893822,1,2015,1
-147.50339,42.50461,10.666753,0.34657696,1,2015,1
-147.11421,42.507053,10.839108,0.3082354,1,2015,1
-153.93713,42.5092,9.850523,0.36368078,1,2015,1
-126.75643,42.510384,12.375904,0.5175558,1,2015,1
-127.60136,42.511486,12.555225,0.35542467,1,2015,1
-154.32684,42.514473,9.731985,0.1804519,1,2015,1
-158.00299,42.515175,9.412721,0.3661025,1,2015,1
-148.8341,42.5157,10.670201,0.26998955,1,2015,1
-147.09776,42.5164,10.848709,0.34922153,1,2015,1
-154.2364,42.517525,9.706691,0.32807168,1,2015,1
-128.11063,42.518112,12.672826,0.39504114,1,2015,1
-153.97697,42.519035,9.827812,0.3077554,1,2015,1
-155.93019,42.519703,9.273645,0.51065713,1,2015,1
-154.29514,42.52233,9.729489,0.28853166,1,2015,1
-146.93367,42.523884,10.871964,0.30468974,1,2015,1
-146.92972,42.526016,10.876803,0.3819125,1,2015,1
-153.96297,42.526684,9.69404,0.35029668,1,2015,1
-147.97737,42.526684,10.60534,0.2467725,1,2015,1
-148.38326,42.527325,10.552836,0.25624454,1,2015,1
-147.26796,42.52934,10.66113,0.31826138,1,2015,1
-151.129,42.530396,9.778172,0.3380481,1,2015,1
-147.44363,42.531025,10.629539,0.3060422,1,2015,1
-147.20993,42.53202,10.773983,0.36633113,1,2015,1
-148.15952,42.532444,10.580386,0.3006856,1,2015,1
-148.05937,42.533657,10.597587,0.2456604,1,2015,1
-154.23946,42.534164,9.618416,0.30508792,1,2015,1
-147.1677,42.534798,10.818627,0.28768992,1,2015,1
-147.14879,42.536224,10.846422,0.28758457,1,2015,1
-146.896,42.537167,10.892351,0.3256359,1,2015,1
-147.23485,42.53857,10.7135,0.33980635,1,2015,1
-147.0507,42.539356,10.856413,0.315383,1,2015,1
-132.67549,42.539845,13.088437,0.3297478,1,2015,1
-155.82014,42.541103,9.246368,0.5023846,1,2015,1
-148.89223,42.54157,10.570404,0.22600909,1,2015,1
-154.31247,42.54359,9.63313,0.2880906,1,2015,1
-154.31491,42.54447,9.650712,0.30720985,1,2015,1
-154.05905,42.544964,9.647681,0.25773004,1,2015,1
-148.25194,42.54526,10.566659,0.30036914,1,2015,1
-153.8366,42.545567,9.714212,0.32810366,1,2015,1
-153.78903,42.54752,9.764203,0.33297014,1,2015,1
-153.45189,42.54826,9.758563,0.3936975,1,2015,1
-154.03204,42.548615,9.665681,0.32181072,1,2015,1
-147.00797,42.54875,10.8624325,0.30254787,1,2015,1
-147.10228,42.54979,10.856571,0.29083583,1,2015,1
-153.673,42.55057,9.827761,0.3501702,1,2015,1
-147.90636,42.550877,10.639272,0.2607498,1,2015,1
-148.94005,42.551792,10.534205,0.27615133,1,2015,1
-127.65666,42.55193,12.580309,0.36656857,1,2015,1
-147.30396,42.554546,10.635295,0.30714494,1,2015,1
-147.8087,42.556614,10.667175,0.23699667,1,2015,1
-146.17258,42.556896,11.093729,0.50924397,1,2015,1
-147.38254,42.558025,10.62393,0.28087315,1,2015,1
-147.36807,42.55995,10.622472,0.35074878,1,2015,1
-153.3227,42.55998,9.761996,0.3820348,1,2015,1
-156.39098,42.560978,9.35778,0.54828984,1,2015,1
-147.16678,42.562553,10.810012,0.3238174,1,2015,1
-149.04955,42.563534,10.516207,0.30427715,1,2015,1
-151.05237,42.5636,9.764988,0.30578113,1,2015,1
-154.04579,42.56521,9.562644,0.27094123,1,2015,1
-147.27519,42.566994,10.628526,0.35185885,1,2015,1
-147.54932,42.567135,10.613189,0.25977758,1,2015,1
-147.33893,42.56759,10.602872,0.32401612,1,2015,1
-154.20407,42.567596,9.508248,0.31132343,1,2015,1
-153.9443,42.56768,9.572361,0.33962485,1,2015,1
-126.72682,42.57057,12.288484,0.51752263,1,2015,1
-128.15866,42.57115,12.630138,0.37212178,1,2015,1
-147.23576,42.571163,10.69009,0.35250032,1,2015,1
-147.77519,42.571503,10.63002,0.23398265,1,2015,1
-154.31322,42.5722,9.542496,0.11230277,1,2015,1
-154.28238,42.57227,9.526019,0.27598733,1,2015,1
-155.91812,42.57438,9.243245,0.44130135,1,2015,1
-147.39462,42.5785,10.600579,0.35377678,1,2015,1
-147.63884,42.580196,10.61634,0.24320357,1,2015,1
-146.98384,42.580563,10.882115,0.3713447,1,2015,1
-147.08046,42.58145,10.85327,0.29555833,1,2015,1
-149.09874,42.5824,10.529066,0.3150315,1,2015,1
-132.61765,42.58241,13.043295,0.34145403,1,2015,1
-147.79767,42.585773,10.624259,0.2521086,1,2015,1
-147.32007,42.58613,10.604092,0.29229033,1,2015,1
-154.16061,42.58768,9.522056,0.30064267,1,2015,1
-127.72482,42.58901,12.59451,0.31278268,1,2015,1
-147.44212,42.58934,10.604737,0.35253885,1,2015,1
-149.77397,42.589813,10.507711,0.35037312,1,2015,1
-149.1441,42.589935,10.581201,0.32586613,1,2015,1
-153.74573,42.590687,9.691286,0.316915,1,2015,1
-147.71677,42.59131,10.630927,0.2291127,1,2015,1
-153.7674,42.591606,9.667375,0.33242014,1,2015,1
-147.21877,42.591614,10.760872,0.38032788,1,2015,1
-147.8961,42.59227,10.607945,0.23359326,1,2015,1
-149.71259,42.59308,10.519642,0.39347637,1,2015,1
-149.39513,42.593185,10.514707,0.41393197,1,2015,1
-155.85999,42.59364,9.242398,0.40180862,1,2015,1
-150.99103,42.59418,9.787957,0.2618632,1,2015,1
-149.63348,42.595833,10.523281,0.3770643,1,2015,1
-147.4658,42.596497,10.608459,0.29762444,1,2015,1
-146.9444,42.59662,10.877473,0.36494985,1,2015,1
-149.17796,42.598984,10.60816,0.35322526,1,2015,1
-147.14359,42.599773,10.841966,0.3104255,1,2015,1
-153.65765,42.60034,9.519228,0.31261015,1,2015,1
-153.42245,42.601967,9.4830065,0.29970735,1,2015,1
-147.27686,42.602104,10.625576,0.33424607,1,2015,1
-149.49515,42.602352,10.494664,0.39310113,1,2015,1
-149.40247,42.602627,10.5066395,0.38794002,1,2015,1
-149.33212,42.60265,10.537638,0.3491936,1,2015,1
-149.58376,42.60381,10.5045805,0.36669326,1,2015,1
-149.23625,42.605824,10.57268,0.3520196,1,2015,1
-128.18835,42.607185,12.605985,0.39747092,1,2015,1
-156.31253,42.607376,9.371852,0.44223756,1,2015,1
-147.25172,42.607758,10.673895,0.36992162,1,2015,1
-153.60445,42.60815,9.500937,0.32861823,1,2015,1
-154.18352,42.60933,9.405332,0.35409603,1,2015,1
-154.27258,42.60967,9.435656,0.30941296,1,2015,1
-154.28963,42.61215,9.453788,0.29205298,1,2015,1
-149.276,42.61262,10.564455,0.34858918,1,2015,1
-147.19923,42.612873,10.737956,0.38115528,1,2015,1
-153.1098,42.613747,9.459629,0.36594602,1,2015,1
-147.33269,42.6159,10.606419,0.30292356,1,2015,1
-154.0077,42.617867,9.473588,0.34564972,1,2015,1
-149.15784,42.618553,10.551489,0.3430601,1,2015,1
-146.91812,42.61948,10.914604,0.3542174,1,2015,1
-149.30597,42.62122,10.555178,0.31354353,1,2015,1
-147.74162,42.621338,10.59142,0.25694644,1,2015,1
-150.92743,42.62241,9.777404,0.27061185,1,2015,1
-153.89001,42.62309,9.48165,0.5099129,1,2015,1
-126.72371,42.624496,12.224002,0.4103494,1,2015,1
-153.39189,42.626587,9.511022,0.3446791,1,2015,1
-153.59137,42.62785,9.491632,0.3192739,1,2015,1
-153.70082,42.627934,9.538218,0.3199725,1,2015,1
-153.90788,42.62805,9.479524,0.46764237,1,2015,1
-149.8602,42.628307,10.437779,0.33435288,1,2015,1
-147.35017,42.629017,10.600919,0.33425072,1,2015,1
-147.17618,42.629562,10.792486,0.33659822,1,2015,1
-154.31549,42.629818,9.466945,0.30278954,1,2015,1
-147.53607,42.630424,10.561186,0.27912498,1,2015,1
-149.08864,42.63059,10.541637,0.32529926,1,2015,1
-132.5399,42.630745,13.048472,0.3454929,1,2015,1
-153.27676,42.63273,9.5352125,0.5039485,1,2015,1
-147.12494,42.63487,10.833068,0.3311976,1,2015,1
-153.17293,42.635468,9.492679,0.33205476,1,2015,1
-127.76759,42.636024,12.612224,0.3839092,1,2015,1
-147.39548,42.636154,10.598343,0.30715388,1,2015,1
-149.01768,42.637737,10.576254,0.30316326,1,2015,1
-153.71259,42.64061,9.428734,0.39555675,1,2015,1
-149.37758,42.642033,10.50857,0.37288657,1,2015,1
-147.22699,42.643295,10.683897,0.38955152,1,2015,1
-154.19987,42.643982,9.342988,0.36344352,1,2015,1
-147.36339,42.644474,10.59375,0.34792635,1,2015,1
-147.28516,42.645336,10.640863,0.35284886,1,2015,1
-153.02882,42.64548,9.362115,0.4647347,1,2015,1
-146.15286,42.64644,11.0742,0.5668327,1,2015,1
-150.87454,42.646538,9.777367,0.340108,1,2015,1
-147.20274,42.64666,10.733438,0.42494592,1,2015,1
-153.67538,42.648075,9.428491,0.38861308,1,2015,1
-154.35193,42.648563,9.433543,0.32074434,1,2015,1
-126.73693,42.651787,12.164523,0.51481855,1,2015,1
-154.11475,42.652424,9.351145,0.29712975,1,2015,1
-149.46902,42.65259,10.499293,0.38346833,1,2015,1
-146.84288,42.653595,10.992951,0.3760182,1,2015,1
-147.08578,42.654,10.835651,0.31805065,1,2015,1
-153.59827,42.655735,9.38201,0.28156877,1,2015,1
-154.28053,42.655785,9.410118,0.29695573,1,2015,1
-153.62573,42.656013,9.402951,0.27504295,1,2015,1
-147.61855,42.657284,10.526254,0.26104954,1,2015,1
-153.39682,42.66048,9.395205,0.3516199,1,2015,1
-153.65149,42.66093,9.420642,0.39645216,1,2015,1
-156.21352,42.661766,9.330995,0.49436083,1,2015,1
-149.54707,42.662663,10.495003,0.39594766,1,2015,1
-148.93703,42.66298,10.586329,0.27667654,1,2015,1
-126.7821,42.663727,12.176829,0.47436336,1,2015,1
-147.12958,42.664204,10.813056,0.4177241,1,2015,1
-153.9652,42.667534,9.412449,0.3759265,1,2015,1
-149.62921,42.668747,10.497926,0.36864492,1,2015,1
-147.6484,42.67025,10.538323,0.24472111,1,2015,1
-127.83036,42.670334,12.573888,0.41255882,1,2015,1
-149.71187,42.671993,10.507164,0.35295138,1,2015,1
-132.46367,42.672333,13.039502,0.43154982,1,2015,1
-149.80664,42.673656,10.473009,0.3672236,1,2015,1
-128.24294,42.67423,12.575431,0.33708978,1,2015,1
-153.84007,42.674866,9.42544,0.35960594,1,2015,1
-149.9013,42.675407,10.393902,0.33933577,1,2015,1
-147.65945,42.675453,10.516109,0.25968888,1,2015,1
-147.71182,42.67573,10.527913,0.26786974,1,2015,1
-153.59184,42.67663,9.310389,0.3739046,1,2015,1
-147.21147,42.67693,10.756171,0.42623323,1,2015,1
-153.71278,42.68086,9.335159,0.40483144,1,2015,1
-153.60443,42.681683,9.336113,0.42218122,1,2015,1
-153.69388,42.681927,9.349968,0.39892492,1,2015,1
-146.77167,42.682144,11.052538,0.43038815,1,2015,1
-148.87607,42.68252,10.645543,0.316935,1,2015,1
-150.8432,42.683876,9.787849,0.32991177,1,2015,1
-153.88066,42.68509,9.362006,0.32584587,1,2015,1
-126.79891,42.685833,12.160121,0.40751296,1,2015,1
-147.27237,42.688255,10.655688,0.33570865,1,2015,1
-153.37079,42.688717,9.348741,0.34655482,1,2015,1
-147.31923,42.688877,10.608256,0.39117885,1,2015,1
-147.45415,42.689796,10.560956,0.27012613,1,2015,1
-153.22998,42.69013,9.363618,0.51818556,1,2015,1
-146.14584,42.691307,11.074266,0.5213019,1,2015,1
-147.38048,42.692272,10.579255,0.3040299,1,2015,1
-153.30795,42.69812,9.34594,0.38438755,1,2015,1
-152.96652,42.698517,9.303555,0.4744132,1,2015,1
-147.15434,42.70281,10.789716,0.3898158,1,2015,1
-147.48962,42.70295,10.541661,0.25979367,1,2015,1
-154.38615,42.70301,9.411037,0.27599788,1,2015,1
-148.77795,42.70394,10.686337,0.2881663,1,2015,1
-148.6493,42.705494,10.629612,0.2535273,1,2015,1
-153.93753,42.70559,9.3540125,0.32723784,1,2015,1
-147.5592,42.711166,10.522432,0.26123726,1,2015,1
-147.62048,42.712666,10.488116,0.26826665,1,2015,1
-132.39996,42.71284,13.046484,0.5075442,1,2015,1
-153.58171,42.714943,9.26871,0.3231174,1,2015,1
-147.55145,42.71525,10.508942,0.3105537,1,2015,1
-147.46164,42.715862,10.546372,0.27720883,1,2015,1
-147.65857,42.71636,10.494621,0.2599395,1,2015,1
-147.13876,42.716858,10.835304,0.3586246,1,2015,1
-153.53679,42.71798,9.257812,0.3278432,1,2015,1
-153.3842,42.71848,9.279856,0.43863863,1,2015,1
-153.46646,42.718678,9.257283,0.3970817,1,2015,1
-147.35222,42.71899,10.581804,0.28423464,1,2015,1
-150.88042,42.719227,9.763377,0.32230973,1,2015,1
-147.10197,42.719658,10.870882,0.31087947,1,2015,1
-156.11407,42.720165,9.323579,0.5166226,1,2015,1
-147.29565,42.720284,10.668617,0.3240501,1,2015,1
-148.5562,42.720436,10.559203,0.2691058,1,2015,1
-127.862366,42.720837,12.538627,0.3073802,1,2015,1
-147.38795,42.721207,10.571108,0.27240464,1,2015,1
-153.67444,42.72167,9.30793,0.3803864,1,2015,1
-153.85643,42.723087,9.317584,0.2618774,1,2015,1
-126.84503,42.723255,12.161763,0.46266758,1,2015,1
-128.26562,42.72481,12.512171,0.38861802,1,2015,1
-147.78455,42.725643,10.550048,0.24730355,1,2015,1
-153.79468,42.725685,9.30181,0.4058424,1,2015,1
-152.92503,42.728386,9.265978,0.46124288,1,2015,1
-146.6903,42.7307,11.097261,0.42762175,1,2015,1
-147.84116,42.732025,10.575317,0.2595103,1,2015,1
-147.01833,42.734318,10.918904,0.3090304,1,2015,1
-153.60216,42.73478,9.291652,0.35932902,1,2015,1
-126.88867,42.740963,12.199571,0.46038494,1,2015,1
-150.9235,42.743027,9.742422,0.34823206,1,2015,1
-153.74678,42.745094,9.278084,0.37904117,1,2015,1
-153.90115,42.748333,9.323324,0.3561844,1,2015,1
-146.93932,42.749325,10.958522,0.38390556,1,2015,1
-153.6218,42.750374,9.245199,0.31626597,1,2015,1
-148.46631,42.7506,10.5545435,0.23617923,1,2015,1
-147.63841,42.751633,10.484077,0.28399238,1,2015,1
-154.39519,42.753773,9.392481,0.3158555,1,2015,1
-153.20299,42.75464,9.217789,0.34210506,1,2015,1
-147.11221,42.75483,10.925862,0.35674125,1,2015,1
-150.92448,42.756763,9.724673,0.33316,1,2015,1
-153.5246,42.758633,9.225144,0.32529742,1,2015,1
-153.66542,42.759907,9.247313,0.3593558,1,2015,1
-132.32986,42.759914,13.064511,0.4503007,1,2015,1
-126.946594,42.76538,12.218207,0.42095304,1,2015,1
-150.95688,42.767277,9.701139,0.37512276,1,2015,1
-127.918655,42.767757,12.545603,0.35974267,1,2015,1
-146.61546,42.76787,11.116601,0.43275502,1,2015,1
-146.91982,42.768517,10.965173,0.37352687,1,2015,1
-153.59315,42.768627,9.235867,0.35849202,1,2015,1
-156.02988,42.770203,9.29644,0.42166775,1,2015,1
-153.84673,42.770367,9.284375,0.36388162,1,2015,1
-146.1061,42.770603,11.030609,0.46020064,1,2015,1
-147.90002,42.77289,10.585493,0.28298002,1,2015,1
-153.75233,42.776497,9.236228,0.42684805,1,2015,1
-147.04767,42.77803,10.930273,0.34408444,1,2015,1
-153.7175,42.778473,9.223623,0.3957523,1,2015,1
-140.03271,42.77872,12.045883,0.3629662,1,2015,1
-151.01219,42.77878,9.682702,0.38084164,1,2015,1
-151.09215,42.77918,9.692463,0.3655136,1,2015,1
-139.79738,42.780567,12.085549,0.34354496,1,2015,1
-148.37599,42.78087,10.541402,0.26847813,1,2015,1
-152.92047,42.785683,9.242077,0.41630018,1,2015,1
-147.0929,42.787647,10.902584,0.32553485,1,2015,1
-153.60583,42.78811,9.195063,0.3550739,1,2015,1
-139.92744,42.78824,12.049616,0.33138362,1,2015,1
-153.76149,42.78845,9.193063,0.3719652,1,2015,1
-127.0001,42.7885,12.210076,0.4110283,1,2015,1
-147.65797,42.78971,10.488587,0.28841233,1,2015,1
-153.85919,42.791885,9.250049,0.3210321,1,2015,1
-132.26466,42.797016,13.055548,0.51588684,1,2015,1
-155.9871,42.797077,9.302059,0.52332556,1,2015,1
-151.16508,42.79753,9.67215,0.34871468,1,2015,1
-146.81427,42.79884,10.994699,0.4575339,1,2015,1
-147.95322,42.79952,10.58608,0.2988921,1,2015,1
-127.063934,42.8033,12.239668,0.43851754,1,2015,1
-140.13757,42.806503,11.987673,0.33092153,1,2015,1
-151.23718,42.80744,9.647172,0.40800223,1,2015,1
-153.57422,42.81003,9.196824,0.3894646,1,2015,1
-153.82039,42.81195,9.225009,0.35993457,1,2015,1
-148.30446,42.812138,10.555623,0.2888727,1,2015,1
-128.33424,42.812958,12.448764,0.43894047,1,2015,1
-139.52736,42.814922,12.1424675,0.35860336,1,2015,1
-151.34482,42.815075,9.606646,0.3493498,1,2015,1
-127.961266,42.815407,12.5532465,0.37179527,1,2015,1
-147.01245,42.81671,10.897617,0.42533082,1,2015,1
-153.43831,42.81715,9.165726,0.3768061,1,2015,1
-146.5313,42.81755,11.115202,0.43416637,1,2015,1
-153.55421,42.82017,9.189435,0.2885107,1,2015,1
-139.61903,42.821243,12.060156,0.37316635,1,2015,1
-146.74976,42.82214,11.0527,0.4485779,1,2015,1
-127.12502,42.823055,12.250037,0.4130083,1,2015,1
-154.40614,42.823174,9.356937,0.3295906,1,2015,1
-155.94687,42.823376,9.309831,0.4455831,1,2015,1
-147.60558,42.82681,10.487293,0.24759462,1,2015,1
-140.23227,42.82835,11.914199,0.3554969,1,2015,1
-139.70493,42.82992,12.048919,0.35549647,1,2015,1
-153.24472,42.82997,9.134581,0.32519594,1,2015,1
-153.7021,42.83125,9.118149,0.45047656,1,2015,1
-132.19023,42.83555,13.00809,0.5000677,1,2015,1
-153.78078,42.83563,9.143689,0.6286324,1,2015,1
-153.64668,42.835693,9.130661,0.33763227,1,2015,1
-148.20847,42.838608,10.586306,0.2584029,1,2015,1
-148.0234,42.840157,10.577041,0.2718446,1,2015,1
-151.34659,42.84081,9.573811,0.35456365,1,2015,1
-146.66786,42.842075,11.118212,0.4281609,1,2015,1
-145.355,42.84229,10.816358,0.4535657,1,2015,1
-127.16053,42.842796,12.211767,0.40020075,1,2015,1
-152.90115,42.844433,9.179537,0.39117423,1,2015,1
-145.30849,42.845837,10.782309,0.4973299,1,2015,1
-146.98033,42.84792,10.869449,0.46356964,1,2015,1
-140.32735,42.848198,11.881209,0.35392413,1,2015,1
-139.43016,42.853687,12.128875,0.3269974,1,2015,1
-153.32883,42.854164,9.117401,0.38388535,1,2015,1
-146.0671,42.855274,11.003988,0.5080014,1,2015,1
-147.70374,42.85652,10.496449,0.23896676,1,2015,1
-146.57207,42.857803,11.133344,0.42955732,1,2015,1
-147.98856,42.862186,10.57938,0.27888545,1,2015,1
-127.97614,42.863506,12.485982,0.34395227,1,2015,1
-146.49126,42.863773,11.063987,0.45028508,1,2015,1
-127.21311,42.864223,12.262924,0.44721323,1,2015,1
-153.24332,42.865307,9.105547,0.3062105,1,2015,1
-148.11829,42.865574,10.581392,0.30775118,1,2015,1
-140.44847,42.86622,11.81555,0.35872716,1,2015,1
-153.20717,42.866627,9.09523,0.3171116,1,2015,1
-147.97151,42.869663,10.561946,0.26353198,1,2015,1
-153.80632,42.870697,9.134645,0.25624698,1,2015,1
-151.25652,42.87269,9.569426,0.40702683,1,2015,1
-128.3869,42.873177,12.4308,0.45827883,1,2015,1
-153.71704,42.87327,9.10034,0.51252794,1,2015,1
-145.25261,42.874638,10.773159,0.54757994,1,2015,1
-151.34375,42.87476,9.546714,0.35010037,1,2015,1
-145.42761,42.87657,10.794007,0.42255396,1,2015,1
-153.16449,42.878357,9.077527,0.32606152,1,2015,1
-151.39473,42.878757,9.514652,0.31236708,1,2015,1
-132.12398,42.880123,13.007585,0.50274175,1,2015,1
-148.08417,42.8815,10.580158,0.3043261,1,2015,1
-132.11057,42.88185,13.028029,0.5996659,1,2015,1
-153.64345,42.882984,9.112068,0.3516286,1,2015,1
-151.30418,42.883522,9.558267,0.41721466,1,2015,1
-146.93153,42.884716,10.844929,0.38219425,1,2015,1
-148.04851,42.88661,10.579351,0.30452576,1,2015,1
-152.9074,42.890594,9.134472,0.43024966,1,2015,1
-147.92088,42.891155,10.544961,0.25471672,1,2015,1
-151.38164,42.89174,9.532461,0.30810946,1,2015,1
-145.61461,42.89215,10.7196665,0.46695104,1,2015,1
-140.61395,42.892403,11.780856,0.37281707,1,2015,1
-153.76343,42.892445,9.115097,0.229621,1,2015,1
-145.54732,42.893238,10.7262,0.47997862,1,2015,1
-127.256905,42.893642,12.275511,0.37916118,1,2015,1
-145.48479,42.893963,10.765055,0.4118238,1,2015,1
-145.91441,42.894035,10.993985,0.51903516,1,2015,1
-140.52847,42.895157,11.804067,0.34542257,1,2015,1
-147.89821,42.89685,10.532031,0.29142994,1,2015,1
-154.44263,42.897,9.285752,0.40682194,1,2015,1
-147.93373,42.900345,10.539843,0.24635102,1,2015,1
-153.67389,42.90097,9.113347,0.3232234,1,2015,1
-144.01665,42.9048,11.020159,0.3593131,1,2015,1
-146.00734,42.90498,11.024843,0.49979207,1,2015,1
-128.03595,42.907574,12.479148,0.33839068,1,2015,1
-151.35168,42.90767,9.515109,0.32490143,1,2015,1
-155.84946,42.907784,9.252883,0.46379364,1,2015,1
-127.2774,42.907974,12.217058,0.39338866,1,2015,1
-143.98691,42.90819,11.045657,0.40779072,1,2015,1
-145.8475,42.90837,10.949197,0.51077235,1,2015,1
-147.99657,42.90856,10.55511,0.2910824,1,2015,1
-151.44136,42.91239,9.496197,0.30308127,1,2015,1
-143.89203,42.912655,11.074123,0.3897893,1,2015,1
-139.33273,42.914173,12.084146,0.36547583,1,2015,1
-145.18117,42.91677,10.760901,0.5024738,1,2015,1
-132.00533,42.91758,13.052152,0.4956317,1,2015,1
-128.46132,42.918667,12.408326,0.38170612,1,2015,1
-153.14711,42.919586,9.048519,0.29295585,1,2015,1
-147.68822,42.9222,10.491682,0.22870696,1,2015,1
-143.02985,42.922215,11.137272,0.27113512,1,2015,1
-144.1177,42.923122,10.961032,0.36230326,1,2015,1
-147.83281,42.92402,10.513631,0.24356149,1,2015,1
-145.73558,42.925266,10.814965,0.4713923,1,2015,1
-143.78845,42.92542,11.075549,0.4279204,1,2015,1
-143.6813,42.92636,11.112721,0.3941498,1,2015,1
-143.75648,42.92676,11.072978,0.38760626,1,2015,1
-153.11072,42.92936,9.0518465,0.2471004,1,2015,1
-147.95837,42.930244,10.547417,0.2568816,1,2015,1
-152.8473,42.930634,9.160305,0.3872748,1,2015,1
-146.88286,42.931576,10.819415,0.4599,1,2015,1
-148.1074,42.93195,10.5513315,0.28733343,1,2015,1
-143.4159,42.932735,11.122594,0.3395545,1,2015,1
-145.80672,42.93287,10.912059,0.40795437,1,2015,1
-151.60683,42.936836,9.492523,0.29374674,1,2015,1
-151.51363,42.93706,9.494265,0.3104944,1,2015,1
-145.0898,42.93728,10.788399,0.42938593,1,2015,1
-143.51164,42.937477,11.122574,0.31506836,1,2015,1
-147.91306,42.93873,10.525401,0.2867064,1,2015,1
-143.58318,42.94033,11.081061,0.3438254,1,2015,1
-143.1372,42.940407,11.108752,0.30220288,1,2015,1
-155.82181,42.94087,9.220202,0.4562906,1,2015,1
-153.59903,42.942055,9.1163435,0.51099026,1,2015,1
-140.6902,42.942398,11.72104,0.399765,1,2015,1
-128.05324,42.943367,12.448459,0.33328924,1,2015,1
-147.72998,42.943726,10.527275,0.2652682,1,2015,1
-147.75606,42.94478,10.519097,0.3120178,1,2015,1
-131.95345,42.94876,13.053866,0.4893223,1,2015,1
-142.942,42.950768,11.121746,0.23290965,1,2015,1
-154.4443,42.953888,9.212645,0.39226654,1,2015,1
-144.21259,42.95409,10.921826,0.3640488,1,2015,1
-153.64679,42.958805,9.116404,0.3231287,1,2015,1
-147.89885,42.95883,10.519919,0.25425932,1,2015,1
-148.07503,42.95934,10.516585,0.28528923,1,2015,1
-143.37779,42.960186,11.092458,0.2769132,1,2015,1
-151.64963,42.960197,9.482535,0.26578268,1,2015,1
-127.33993,42.960297,12.122443,0.36566392,1,2015,1
-153.07568,42.962624,9.032508,0.39699298,1,2015,1
-128.5295,42.96662,12.409537,0.39757425,1,2015,1
-139.27794,42.966637,12.045333,0.36370915,1,2015,1
-153.06303,42.966854,9.040993,0.30096534,1,2015,1
-142.7908,42.967636,11.151031,0.23188734,1,2015,1
-142.87561,42.96993,11.114318,0.2385152,1,2015,1
-146.83562,42.970444,10.794725,0.41314223,1,2015,1
-153.62584,42.970604,9.119862,0.42049214,1,2015,1
-143.22339,42.972546,11.085619,0.25017026,1,2015,1
-142.70132,42.975803,11.202256,0.2241084,1,2015,1
-152.7853,42.976055,9.15273,0.30867472,1,2015,1
-128.11522,42.97812,12.431074,0.3311859,1,2015,1
-151.73416,42.97949,9.56031,0.29156417,1,2015,1
-147.85884,42.979618,10.5163765,0.24806434,1,2015,1
-151.93732,42.98065,9.669253,0.34051752,1,2015,1
-151.97403,42.982506,9.685169,0.35135192,1,2015,1
-151.84009,42.984043,9.64294,0.3186623,1,2015,1
-143.3076,42.98609,11.0658455,0.29917178,1,2015,1
-144.30783,42.988094,10.893199,0.4478495,1,2015,1
-131.8906,42.988605,13.049722,0.3851036,1,2015,1
-140.78952,42.98887,11.690427,0.35391083,1,2015,1
-143.35246,42.989468,11.06789,0.32995892,1,2015,1
-152.08012,42.990875,9.687294,0.2841865,1,2015,1
-127.38498,42.99246,12.041622,0.49592176,1,2015,1
-153.55759,42.994686,9.026153,0.42873958,1,2015,1
-152.68712,42.995487,9.22835,0.44734478,1,2015,1
-144.39055,42.997265,10.877062,0.40262836,1,2015,1
-152.18806,43.000935,9.643004,0.32938078,1,2015,1
-155.762,43.00341,9.195818,0.41430843,1,2015,1
-153.57367,43.006123,9.042294,0.40219247,1,2015,1
-152.59045,43.007107,9.2978325,0.34801283,1,2015,1
-145.06065,43.008835,10.767848,0.41493568,1,2015,1
-152.27753,43.009365,9.59392,0.39882123,1,2015,1
-146.79353,43.00997,10.768938,0.4562527,1,2015,1
-152.38454,43.011177,9.500142,0.30959994,1,2015,1
-128.59258,43.013603,12.415609,0.39964283,1,2015,1
-144.50653,43.01411,10.852541,0.36968452,1,2015,1
-152.4835,43.01436,9.390396,0.32741547,1,2015,1
-140.89124,43.017002,11.669665,0.35080993,1,2015,1
-128.15909,43.020367,12.3738575,0.3880913,1,2015,1
-131.8513,43.023605,13.022068,0.37472942,1,2015,1
-142.64238,43.02439,11.243666,0.2527783,1,2015,1
-148.06287,43.027332,10.412535,0.28271142,1,2015,1
-127.400475,43.031967,11.9811945,0.5326265,1,2015,1
-154.47829,43.032215,9.139038,0.36697245,1,2015,1
-146.76859,43.03381,10.704266,0.45406014,1,2015,1
-144.62733,43.035538,10.823988,0.3889798,1,2015,1
-144.71004,43.0356,10.82891,0.44464794,1,2015,1
-139.22478,43.037895,12.018218,0.3364995,1,2015,1
-153.5283,43.0421,8.976194,0.37204206,1,2015,1
-128.21957,43.04369,12.369488,0.31304383,1,2015,1
-155.7186,43.04578,9.230292,0.4878313,1,2015,1
-131.86955,43.050217,12.995513,0.3688226,1,2015,1
-144.80647,43.05108,10.753106,0.42300498,1,2015,1
-145.04333,43.058502,10.662948,0.36396894,1,2015,1
-144.9017,43.066914,10.67834,0.37692925,1,2015,1
-140.95523,43.070255,11.676711,0.37043974,1,2015,1
-127.41352,43.071808,11.888992,0.5907166,1,2015,1
-155.69171,43.07562,9.237293,0.45143273,1,2015,1
-148.03291,43.0758,10.368943,0.26064163,1,2015,1
-144.99854,43.07587,10.674402,0.3772502,1,2015,1
-128.68689,43.079777,12.409012,0.3690434,1,2015,1
-146.7207,43.07984,10.639351,0.295887,1,2015,1
-128.27788,43.0816,12.335145,0.3477978,1,2015,1
-142.60034,43.081657,11.267937,0.23005877,1,2015,1
-139.20372,43.09125,11.960362,0.33372244,1,2015,1
-127.445274,43.100365,11.850113,0.5629432,1,2015,1
-142.22308,43.10474,11.349325,0.29823515,1,2015,1
-141.85222,43.105736,11.464611,0.37666878,1,2015,1
-142.14326,43.106766,11.35975,0.27751225,1,2015,1
-142.2501,43.107613,11.349431,0.24166802,1,2015,1
-141.93529,43.10782,11.407134,0.30735302,1,2015,1
-147.9544,43.108597,10.426466,0.2980817,1,2015,1
-142.46356,43.10861,11.337893,0.23645405,1,2015,1
-141.59862,43.10904,11.515174,0.45851853,1,2015,1
-147.9227,43.1095,10.451658,0.26006207,1,2015,1
-141.77005,43.11011,11.4927435,0.3253682,1,2015,1
-128.3226,43.110214,12.289713,0.32003403,1,2015,1
-154.54605,43.110275,9.0738535,0.43822375,1,2015,1
-141.69745,43.11041,11.503867,0.32472548,1,2015,1
-141.52756,43.111954,11.525866,0.45257482,1,2015,1
-142.01776,43.1131,11.364781,0.29534793,1,2015,1
-142.09464,43.11331,11.368607,0.27577302,1,2015,1
-142.43323,43.11677,11.357698,0.23863651,1,2015,1
-142.30548,43.116894,11.355114,0.2363251,1,2015,1
-146.68909,43.119434,10.587726,0.37648705,1,2015,1
-141.02443,43.119713,11.663799,0.34708264,1,2015,1
-141.44127,43.120266,11.591914,0.36252135,1,2015,1
-131.83798,43.121574,12.993757,0.34593487,1,2015,1
-141.34692,43.122097,11.616787,0.33703402,1,2015,1
-141.27097,43.125446,11.622409,0.39499012,1,2015,1
-127.48885,43.125748,11.805398,0.6264966,1,2015,1
-142.42915,43.125828,11.318848,0.2212534,1,2015,1
-142.54482,43.125946,11.266935,0.25623783,1,2015,1
-141.19815,43.12604,11.625365,0.40311334,1,2015,1
-142.42464,43.12837,11.336195,0.2309815,1,2015,1
-128.36687,43.12942,12.292357,0.34286657,1,2015,1
-128.75061,43.13103,12.308354,0.3065811,1,2015,1
-142.32983,43.132988,11.360485,0.27803916,1,2015,1
-155.63547,43.136944,9.185379,0.39880216,1,2015,1
-141.111,43.139977,11.653038,0.35136938,1,2015,1
-142.37393,43.14298,11.353995,0.27612466,1,2015,1
-147.81859,43.14313,10.478999,0.2446331,1,2015,1
-139.12738,43.147957,11.938514,0.3009724,1,2015,1
-127.5086,43.14842,11.848914,0.6826795,1,2015,1
-141.01662,43.153683,11.672525,0.35656026,1,2015,1
-131.78767,43.15761,12.956351,0.38970742,1,2015,1
-146.63994,43.162582,10.531395,0.27301183,1,2015,1
-128.40259,43.164852,12.267584,0.33281723,1,2015,1
-141.02725,43.16512,11.667273,0.38306943,1,2015,1
-140.9315,43.16686,11.669986,0.4163759,1,2015,1
-128.80055,43.172394,12.264054,0.31176642,1,2015,1
-127.524155,43.181408,11.751196,0.73592186,1,2015,1
-154.57257,43.182835,9.038366,0.47980398,1,2015,1
-147.73605,43.18545,10.466417,0.28046757,1,2015,1
-140.84479,43.185883,11.648952,0.32782733,1,2015,1
-146.61377,43.19437,10.545687,0.27169856,1,2015,1
-131.7299,43.196552,12.954289,0.39396733,1,2015,1
-141.11008,43.199654,11.6547575,0.37732,1,2015,1
-155.56215,43.20681,9.061362,0.43468603,1,2015,1
-140.75897,43.20788,11.6076355,0.4050212,1,2015,1
-127.515884,43.211994,11.698695,0.63882726,1,2015,1
-140.67523,43.219646,11.601029,0.4057091,1,2015,1
-128.89114,43.223297,12.254113,0.40246016,1,2015,1
-140.61137,43.22974,11.603792,0.4086784,1,2015,1
-128.41551,43.230984,12.227322,0.36668268,1,2015,1
-141.24089,43.237724,11.594854,0.42903253,1,2015,1
-146.57611,43.238102,10.49909,0.34389454,1,2015,1
-140.52454,43.243465,11.571728,0.35475844,1,2015,1
-127.50503,43.246315,11.662953,0.67775553,1,2015,1
-154.62292,43.25213,9.001798,0.50964737,1,2015,1
-128.51205,43.253586,12.201482,0.379683,1,2015,1
-131.657,43.25646,12.941946,0.4823331,1,2015,1
-155.49828,43.258057,9.0413,0.4163795,1,2015,1
-140.43936,43.258064,11.571186,0.34568313,1,2015,1
-147.705,43.26395,10.446322,0.24537072,1,2015,1
-128.5752,43.26517,12.210821,0.37462077,1,2015,1
-140.35722,43.27496,11.553962,0.33164087,1,2015,1
-154.63023,43.276653,8.991249,0.52978754,1,2015,1
-128.96411,43.277264,12.261018,0.33027095,1,2015,1
-141.30275,43.280315,11.530026,0.37856713,1,2015,1
-146.56032,43.281532,10.495226,0.37277982,1,2015,1
-127.501434,43.28792,11.633811,0.73536694,1,2015,1
-128.6234,43.289204,12.19997,0.33661607,1,2015,1
-140.28699,43.289364,11.50743,0.34650412,1,2015,1
-128.66434,43.291138,12.201682,0.43086672,1,2015,1
-129.04726,43.291443,12.229657,0.4444428,1,2015,1
-139.0239,43.29169,11.900417,0.24609081,1,2015,1
-128.78143,43.297043,12.209944,0.4293942,1,2015,1
-131.59999,43.306076,12.9564295,0.4817388,1,2015,1
-139.00502,43.306324,11.935188,0.23845355,1,2015,1
-155.44334,43.310417,9.025736,0.48581144,1,2015,1
-139.00262,43.31338,11.9278,0.32325235,1,2015,1
-140.19994,43.314243,11.483096,0.3862368,1,2015,1
-138.97229,43.31549,11.958555,0.32102838,1,2015,1
-128.88,43.319317,12.214323,0.3450713,1,2015,1
-127.48283,43.320354,11.599987,0.75045043,1,2015,1
-146.5293,43.325996,10.463739,0.3695319,1,2015,1
-139.0135,43.327095,11.896566,0.3728382,1,2015,1
-141.39774,43.330437,11.469592,0.34002063,1,2015,1
-147.71303,43.33479,10.389674,0.23878723,1,2015,1
-129.00014,43.336845,12.238277,0.42347077,1,2015,1
-138.90413,43.33834,11.979912,0.28950337,1,2015,1
-140.11725,43.34106,11.503515,0.3701467,1,2015,1
-154.6364,43.342827,8.965795,0.49158326,1,2015,1
-129.2074,43.343094,12.271235,0.39289603,1,2015,1
-129.11238,43.34572,12.219001,0.4015795,1,2015,1
-129.13438,43.34889,12.228034,0.36643124,1,2015,1
-129.33067,43.349247,12.324516,0.38493177,1,2015,1
-141.50352,43.350414,11.41336,0.35464355,1,2015,1
-129.17775,43.350437,12.256508,0.37926152,1,2015,1
-131.5281,43.35657,12.881689,0.3582483,1,2015,1
-127.520065,43.36156,11.591021,0.684916,1,2015,1
-140.04565,43.363125,11.489872,0.3494588,1,2015,1
-129.4523,43.367912,12.480758,0.2999807,1,2015,1
-138.83064,43.369713,12.013014,0.22135909,1,2015,1
-155.3736,43.37083,8.960504,0.41316196,1,2015,1
-138.76105,43.37361,12.06078,0.25208735,1,2015,1
-146.50966,43.373764,10.421093,0.3382495,1,2015,1
-131.4552,43.390015,12.858452,0.30652887,1,2015,1
-139.96791,43.394176,11.500033,0.38320556,1,2015,1
-127.53853,43.395435,11.624745,0.7496228,1,2015,1
-129.19405,43.398,12.2873955,0.37198243,1,2015,1
-139.86314,43.402653,11.544271,0.3711038,1,2015,1
-139.81245,43.406166,11.564395,0.3332959,1,2015,1
-139.90916,43.406673,11.52676,0.38166353,1,2015,1
-146.50906,43.4078,10.376388,0.3022806,1,2015,1
-147.74261,43.40846,10.280552,0.22928873,1,2015,1
-154.64886,43.409035,8.848122,0.5352421,1,2015,1
-141.57452,43.409035,11.390996,0.33701444,1,2015,1
-139.7898,43.414036,11.582452,0.3411062,1,2015,1
-138.6875,43.415718,12.065762,0.32924953,1,2015,1
-139.7315,43.426247,11.590654,0.39982074,1,2015,1
-155.32353,43.430725,8.890875,0.5380152,1,2015,1
-129.46194,43.433464,12.548854,0.4167069,1,2015,1
-146.51013,43.43748,10.364021,0.31690747,1,2015,1
-127.559586,43.437874,11.609724,0.7363749,1,2015,1
-139.65535,43.447586,11.6222,0.39202654,1,2015,1
-131.37178,43.451305,12.885361,0.29060307,1,2015,1
-129.29323,43.456142,12.347452,0.36976194,1,2015,1
-131.3334,43.45955,12.918327,0.25441706,1,2015,1
-146.52332,43.460384,10.379634,0.32633266,1,2015,1
-147.77904,43.463524,10.160698,0.25760785,1,2015,1
-138.61627,43.463634,12.070328,0.27658668,1,2015,1
-129.27545,43.463943,12.353073,0.38555592,1,2015,1
-141.63866,43.46419,11.370863,0.35650924,1,2015,1
-154.63843,43.470875,8.702779,0.4976085,1,2015,1
-139.5883,43.472195,11.614231,0.385802,1,2015,1
-127.57149,43.476643,11.604428,0.6502885,1,2015,1
-129.53406,43.491344,12.6401415,0.3478063,1,2015,1
-155.26282,43.494034,8.854298,0.5365594,1,2015,1
-138.56004,43.49899,12.079009,0.27442086,1,2015,1
-129.37677,43.500618,12.5097885,0.38190955,1,2015,1
-141.6739,43.50401,11.35386,0.33723077,1,2015,1
-139.58922,43.506775,11.606066,0.4022339,1,2015,1
-127.57395,43.511227,11.606512,0.60394055,1,2015,1
-146.51004,43.511597,10.318055,0.29076636,1,2015,1
-139.66858,43.513996,11.593692,0.36609018,1,2015,1
-141.60797,43.517967,11.340789,0.33601967,1,2015,1
-131.27489,43.519062,12.961755,0.29418272,1,2015,1
-147.84157,43.52054,10.102061,0.2303984,1,2015,1
-155.20528,43.53509,8.818168,0.4796374,1,2015,1
-155.17293,43.53815,8.793895,0.48342708,1,2015,1
-155.25923,43.541653,8.778132,0.5043232,1,2015,1
-129.45496,43.54671,12.616916,0.3274798,1,2015,1
-127.59284,43.54674,11.630471,0.6398565,1,2015,1
-138.51202,43.549652,12.075125,0.58590543,1,2015,1
-146.47025,43.552967,10.299008,0.2979345,1,2015,1
-139.6762,43.553764,11.584312,0.3842613,1,2015,1
-129.62915,43.55737,12.707805,0.1952492,1,2015,1
-154.66602,43.566227,8.636523,0.5091906,1,2015,1
-147.83968,43.569733,10.088174,0.2623609,1,2015,1
-141.64622,43.570335,11.334143,0.3644012,1,2015,1
-127.60199,43.57784,11.630433,0.63651985,1,2015,1
-155.15001,43.585037,8.789999,0.4991835,1,2015,1
-138.45512,43.593563,12.090351,0.32080257,1,2015,1
-129.52596,43.59444,12.686358,0.21206164,1,2015,1
-146.43437,43.595158,10.316795,0.28812313,1,2015,1
-139.59732,43.59613,11.627052,0.36950132,1,2015,1
-129.73338,43.61622,12.75642,0.3154368,1,2015,1
-127.5994,43.618126,11.601899,0.73473203,1,2015,1
-141.74455,43.618675,11.249807,0.29784694,1,2015,1
-139.51611,43.628223,11.67857,0.40411165,1,2015,1
-129.61032,43.632282,12.725969,0.21980354,1,2015,1
-146.39638,43.6338,10.34775,0.28171244,1,2015,1
-155.13127,43.635727,8.779929,0.46986172,1,2015,1
-138.4408,43.63601,12.105783,0.32257262,1,2015,1
-131.16982,43.637657,12.931695,0.31832325,1,2015,1
-154.72144,43.656406,8.596489,0.54476935,1,2015,1
-139.45804,43.657253,11.714683,0.30201533,1,2015,1
-127.5916,43.659378,11.586908,0.7289534,1,2015,1
-129.70126,43.6664,12.760763,0.28145465,1,2015,1
-138.42819,43.668148,12.11495,0.3375447,1,2015,1
-146.39552,43.672832,10.319619,0.24567887,1,2015,1
-141.84604,43.676434,11.228736,0.31113055,1,2015,1
-131.14467,43.677708,12.930337,0.35516608,1,2015,1
-154.92804,43.690083,8.660028,0.4434945,1,2015,1
-129.80249,43.690887,12.7773,0.23417036,1,2015,1
-155.09781,43.692703,8.698284,0.40750384,1,2015,1
-154.81754,43.703255,8.59754,0.48488972,1,2015,1
-127.5355,43.709457,11.614577,0.713298,1,2015,1
-139.38042,43.711178,11.770815,0.29714784,1,2015,1
-129.8782,43.714428,12.789926,0.23596084,1,2015,1
-146.39449,43.714863,10.283284,0.25538015,1,2015,1
-155.0537,43.716427,8.690202,0.41489658,1,2015,1
-138.39862,43.716686,12.124797,0.4252598,1,2015,1
-154.7939,43.718533,8.581741,0.5320293,1,2015,1
-154.97556,43.723976,8.681218,0.47609848,1,2015,1
-154.81334,43.730278,8.585672,0.4931334,1,2015,1
-141.93633,43.732376,11.173791,0.29762286,1,2015,1
-154.77551,43.736664,8.566225,0.49283373,1,2015,1
-127.504684,43.736988,11.612787,0.672684,1,2015,1
-155.02458,43.73831,8.6615,0.41334,1,2015,1
-131.08932,43.73843,12.924761,0.27443156,1,2015,1
-155.05856,43.743195,8.667898,0.3983975,1,2015,1
-147.83783,43.753616,10.014957,0.2082242,1,2015,1
-129.95448,43.754807,12.818435,0.24368158,1,2015,1
-139.31622,43.75516,11.8130245,0.27917555,1,2015,1
-146.37285,43.75942,10.264369,0.24369656,1,2015,1
-154.84952,43.759537,8.607128,0.4645698,1,2015,1
-127.46732,43.761734,11.629706,0.69809574,1,2015,1
-138.35667,43.762154,12.127078,0.29430136,1,2015,1
-155.01497,43.764927,8.623489,0.41077408,1,2015,1
-142.0277,43.772205,11.153944,0.34111103,1,2015,1
-139.25192,43.774715,11.903509,0.36890504,1,2015,1
-130.03656,43.78473,12.786668,0.37934616,1,2015,1
-154.9698,43.78618,8.615687,0.4236559,1,2015,1
-127.4362,43.79072,11.636598,0.7352665,1,2015,1
-129.94234,43.795948,12.806178,0.24467267,1,2015,1
-138.23798,43.796005,12.114663,0.2873563,1,2015,1
-138.04866,43.80026,12.13721,0.29774615,1,2015,1
-131.06323,43.801407,12.903264,0.35799083,1,2015,1
-138.18611,43.802864,12.109125,0.3808704,1,2015,1
-138.10919,43.803055,12.1398115,0.29117206,1,2015,1
-154.99336,43.80485,8.601753,0.40936336,1,2015,1
-137.96661,43.805103,12.12193,0.4652192,1,2015,1
-146.37729,43.805996,10.268622,0.29218638,1,2015,1
-138.30063,43.80666,12.10896,0.282183,1,2015,1
-142.04965,43.806683,11.1316595,0.33627003,1,2015,1
-138.02396,43.80851,12.129502,0.26837116,1,2015,1
-131.0183,43.810535,12.927412,0.35974234,1,2015,1
-137.88516,43.81516,12.107597,0.26932034,1,2015,1
-127.40195,43.816254,11.628637,0.7442195,1,2015,1
-154.97574,43.8184,8.600324,0.4068664,1,2015,1
-139.16612,43.819183,11.960043,0.30162108,1,2015,1
-143.58965,43.82913,10.7050705,0.2232092,1,2015,1
-143.50513,43.829338,10.697107,0.2507438,1,2015,1
-130.11049,43.830166,12.796208,0.19947672,1,2015,1
-154.94467,43.838715,8.58885,0.3903967,1,2015,1
-146.33218,43.841408,10.271273,0.30136475,1,2015,1
-131.01282,43.84175,12.910657,0.38556066,1,2015,1
-127.39143,43.846092,11.616645,0.5216183,1,2015,1
-139.0646,43.85634,12.019944,0.31333762,1,2015,1
-142.13284,43.858173,11.08645,0.36592424,1,2015,1
-137.81406,43.864407,12.12009,0.2385415,1,2015,1
-130.0573,43.864624,12.819278,0.22025107,1,2015,1
-138.98334,43.87318,12.030966,0.2980563,1,2015,1
-130.18336,43.875843,12.821723,0.19032183,1,2015,1
-143.65128,43.876064,10.677811,0.21498486,1,2015,1
-127.37924,43.887928,11.601919,0.7013331,1,2015,1
-146.3202,43.888065,10.296889,0.30329385,1,2015,1
-143.42111,43.891247,10.672431,0.27154002,1,2015,1
-130.98479,43.893856,12.897354,0.4835388,1,2015,1
-137.79707,43.896255,12.155679,0.29470024,1,2015,1
-138.87854,43.8984,12.032528,0.37360996,1,2015,1
-142.23256,43.905514,11.036,0.3319035,1,2015,1
-130.25867,43.910557,12.841553,0.14608504,1,2015,1
-142.29396,43.91851,10.969704,0.28112873,1,2015,1
-127.35987,43.922325,11.597771,0.6630844,1,2015,1
-137.7105,43.92294,12.229374,0.26231596,1,2015,1
-146.29068,43.928043,10.296856,0.30625865,1,2015,1
-138.78099,43.93139,11.985625,0.28832826,1,2015,1
-137.5386,43.932182,12.29382,0.3373363,1,2015,1
-147.94771,43.933117,9.8429,0.17395991,1,2015,1
-130.91089,43.933804,12.913083,0.37207544,1,2015,1
-143.70403,43.936737,10.668003,0.25534794,1,2015,1
-137.61827,43.93767,12.27759,0.34597942,1,2015,1
-137.45364,43.938915,12.32382,0.33109978,1,2015,1
-137.67108,43.94185,12.254827,0.26558232,1,2015,1
-130.12614,43.944412,12.790596,0.18728836,1,2015,1
-130.34346,43.946457,12.861475,0.24893582,1,2015,1
-143.3347,43.946835,10.675259,0.20508249,1,2015,1
-137.89708,43.94987,12.169162,0.28462932,1,2015,1
-137.73932,43.950367,12.248484,0.27040944,1,2015,1
-137.4341,43.955654,12.335979,0.31136864,1,2015,1
-137.97221,43.957497,12.166212,0.36335322,1,2015,1
-138.05383,43.957573,12.118162,0.25496167,1,2015,1
-142.41211,43.957645,10.90229,0.30867004,1,2015,1
-127.329346,43.957863,11.597243,0.6123567,1,2015,1
-137.81516,43.95801,12.219622,0.2652809,1,2015,1
-137.63434,43.95822,12.280852,0.2955211,1,2015,1
-138.7068,43.962013,11.978328,0.21902414,1,2015,1
-138.20451,43.966156,12.078645,0.2946179,1,2015,1
-138.12004,43.969345,12.085852,0.29308355,1,2015,1
-142.49567,43.96973,10.845824,0.32943565,1,2015,1
-130.83829,43.97022,12.914067,0.30622828,1,2015,1
-138.27238,43.971893,12.060542,0.29910007,1,2015,1
-146.27557,43.975277,10.3068695,0.32384098,1,2015,1
-138.60997,43.98148,11.988282,0.2469488,1,2015,1
-137.54846,43.98476,12.296522,0.30781904,1,2015,1
-143.75209,43.985237,10.652138,0.1966995,1,2015,1
-138.56926,43.988056,11.996179,0.28167102,1,2015,1
-137.40334,43.988987,12.347163,0.34375143,1,2015,1
-127.29863,43.990368,11.629159,0.55251354,1,2015,1
-130.41754,43.99238,12.856007,0.37121058,1,2015,1
-138.31694,43.992527,12.029944,0.2700611,1,2015,1
-143.26125,43.9953,10.594866,0.26968503,1,2015,1
-137.3809,43.998604,12.354253,0.28157878,1,2015,1
-142.54662,44.003544,10.809391,0.28027555,1,2015,1
-138.3568,44.006184,12.022606,0.29987124,1,2015,1
-137.53372,44.011112,12.303165,0.31259063,1,2015,1
-137.50424,44.01466,12.318718,0.3086618,1,2015,1
-130.77448,44.014988,12.912278,0.2000515,1,2015,1
-138.43045,44.01633,12.003531,0.24002357,1,2015,1
-130.11255,44.0175,12.784643,0.21348804,1,2015,1
-138.49835,44.018856,11.998864,0.28942576,1,2015,1
-146.25426,44.021496,10.299335,0.3437252,1,2015,1
-127.26152,44.02434,11.667202,0.63170445,1,2015,1
-130.49084,44.02502,12.8493395,0.4288057,1,2015,1
-143.79092,44.02959,10.611404,0.33465487,1,2015,1
-130.50867,44.033024,12.857808,0.28316832,1,2015,1
-143.21164,44.03528,10.589816,0.24337514,1,2015,1
-137.47502,44.038734,12.327286,0.32874447,1,2015,1
-142.64603,44.039314,10.776037,0.27622128,1,2015,1
-143.81894,44.04983,10.626404,0.26587677,1,2015,1
-142.73459,44.05877,10.736007,0.29396436,1,2015,1
-147.9711,44.059437,9.840683,0.21741126,1,2015,1
-130.59903,44.061256,12.849452,0.263614,1,2015,1
-127.2364,44.061783,11.7539215,0.6418562,1,2015,1
-146.24033,44.064224,10.3056965,0.4055767,1,2015,1
-127.22783,44.06539,11.79527,0.7118535,1,2015,1
-130.71692,44.07141,12.8711815,0.2559824,1,2015,1
-143.17902,44.071503,10.571048,0.16413367,1,2015,1
-137.41377,44.07206,12.356193,0.31157073,1,2015,1
-142.94197,44.078274,10.619911,0.3356012,1,2015,1
-143.10747,44.080273,10.604885,0.23647743,1,2015,1
-142.83896,44.080704,10.656459,0.3178054,1,2015,1
-137.34943,44.08536,12.364577,0.23561773,1,2015,1
-143.02945,44.090847,10.5935135,0.25528738,1,2015,1
-130.67848,44.093487,12.855701,0.24204959,1,2015,1
-143.82788,44.09351,10.582397,0.2670975,1,2015,1
-137.27252,44.109913,12.362247,0.25819382,1,2015,1
-130.155,44.1185,12.689333,0.21732084,1,2015,1
-147.93166,44.12163,9.8051,0.21749464,1,2015,1
-146.25778,44.122353,10.3229,0.4818423,1,2015,1
-137.17224,44.123863,12.353203,0.27494857,1,2015,1
-130.76738,44.12941,12.856378,0.23347618,1,2015,1
-130.65677,44.13164,12.853517,0.24897648,1,2015,1
-137.0939,44.13351,12.325972,0.26554266,1,2015,1
-137.19073,44.136353,12.361946,0.27311158,1,2015,1
-143.88245,44.149426,10.552462,0.27817082,1,2015,1
-146.21614,44.158657,10.339075,0.24443682,1,2015,1
-137.10582,44.16279,12.326358,0.22355787,1,2015,1
-130.57854,44.163464,12.820114,0.25472224,1,2015,1
-130.863,44.16608,12.798188,0.28921136,1,2015,1
-147.86612,44.16796,9.79665,0.47410116,1,2015,1
-126.98708,44.168568,12.013177,0.56509143,1,2015,1
-137.10335,44.17576,12.309533,0.28482315,1,2015,1
-146.16768,44.187897,10.335675,0.3391042,1,2015,1
-143.91081,44.19361,10.538342,0.25538492,1,2015,1
-130.95483,44.19572,12.814681,0.37116048,1,2015,1
-126.93127,44.195976,12.003447,0.61415994,1,2015,1
-137.02592,44.196514,12.28841,0.27449483,1,2015,1
-130.52394,44.200027,12.728786,0.36677703,1,2015,1
-137.15025,44.20849,12.326932,0.30149764,1,2015,1
-130.51118,44.213047,12.690475,0.22456706,1,2015,1
-127.42866,44.21742,11.673554,0.6421812,1,2015,1
-131.0479,44.222534,12.798101,0.27628535,1,2015,1
-147.78825,44.224518,9.816847,0.21716678,1,2015,1
-146.13542,44.224586,10.32048,0.34883896,1,2015,1
-143.99077,44.22497,10.537939,0.27138463,1,2015,1
-136.94055,44.230885,12.266742,0.26881948,1,2015,1
-137.11337,44.234596,12.297865,0.2617093,1,2015,1
-137.02434,44.23765,12.273875,0.29719928,1,2015,1
-136.86307,44.24253,12.258604,0.3008048,1,2015,1
-127.83788,44.243088,11.873733,0.31238687,1,2015,1
-131.14151,44.243668,12.801521,0.24112542,1,2015,1
-127.79406,44.244877,11.78664,0.41881913,1,2015,1
-127.75077,44.24505,11.752001,0.41958845,1,2015,1
-130.46556,44.248196,12.681979,0.23435536,1,2015,1
-136.89368,44.248844,12.26284,0.25591692,1,2015,1
-127.90954,44.250023,11.874567,0.29549947,1,2015,1
-144.06064,44.2503,10.546106,0.30939597,1,2015,1
-130.46225,44.250454,12.633649,0.21221699,1,2015,1
-127.42963,44.25063,11.689297,0.6407252,1,2015,1
-131.23123,44.250957,12.78055,0.24950515,1,2015,1
-127.48111,44.253647,11.662284,0.6094234,1,2015,1
-145.4508,44.254597,10.40815,0.3278276,1,2015,1
-145.39108,44.257984,10.40876,0.28915757,1,2015,1
-145.30878,44.25971,10.428369,0.44500276,1,2015,1
-136.67114,44.26117,12.161526,0.19945541,1,2015,1
-144.8992,44.26169,10.590638,0.27987,1,2015,1
-147.70786,44.26268,9.90966,0.23839957,1,2015,1
-145.50748,44.262943,10.387456,0.36181983,1,2015,1
-146.11452,44.263763,10.283921,0.33761743,1,2015,1
-145.0733,44.264168,10.533524,0.19889534,1,2015,1
-131.3261,44.265118,12.773593,0.22566763,1,2015,1
-145.15291,44.26657,10.470983,0.23088415,1,2015,1
-145.57791,44.266582,10.354279,0.30243355,1,2015,1
-127.66471,44.266945,11.656862,0.52996975,1,2015,1
-127.515656,44.267467,11.632953,0.6543652,1,2015,1
-144.979,44.26761,10.568577,0.18650797,1,2015,1
-145.22112,44.26842,10.423147,0.26815176,1,2015,1
-136.8111,44.27179,12.243571,0.24576052,1,2015,1
-127.56556,44.271976,11.610476,0.57218534,1,2015,1
-127.62445,44.272514,11.621191,0.49941525,1,2015,1
-127.344246,44.27411,11.808885,0.7617307,1,2015,1
-145.64047,44.274117,10.333695,0.3185231,1,2015,1
-144.80101,44.27691,10.591787,0.20888038,1,2015,1
-144.12064,44.277348,10.569102,0.2851268,1,2015,1
-131.5187,44.278294,12.754591,0.19494858,1,2015,1
-127.42494,44.27846,11.723936,0.57699895,1,2015,1
-145.03795,44.278526,10.553881,0.2612344,1,2015,1
-136.59506,44.27958,12.101767,0.22961979,1,2015,1
-130.42233,44.280006,12.621407,0.22306682,1,2015,1
-144.27791,44.280155,10.565619,0.33272117,1,2015,1
-131.42531,44.280693,12.749131,0.34168103,1,2015,1
-127.38472,44.281925,11.766108,0.59009796,1,2015,1
-127.70152,44.282585,11.686146,0.34390837,1,2015,1
-127.7509,44.286064,11.707569,0.43893975,1,2015,1
-145.71701,44.28696,10.306341,0.29892018,1,2015,1
-144.79567,44.288338,10.555491,0.27652305,1,2015,1
-144.89067,44.28841,10.56763,0.36584294,1,2015,1
-130.15813,44.28879,12.540773,0.19163223,1,2015,1
-127.8031,44.290653,11.7141485,0.36121777,1,2015,1
-144.83942,44.29183,10.563212,0.34702784,1,2015,1
-127.35017,44.292084,11.787985,0.7891503,1,2015,1
-131.61545,44.29376,12.728528,0.2057451,1,2015,1
-136.64738,44.293835,12.146891,0.15898557,1,2015,1
-147.62535,44.293835,10.002977,0.19065279,1,2015,1
-127.48181,44.2956,11.653686,0.6230738,1,2015,1
-144.20052,44.295734,10.524984,0.23976198,1,2015,1
-128.18445,44.29575,12.14302,0.25820434,1,2015,1
-127.88065,44.29774,11.827247,0.31095314,1,2015,1
-128.24593,44.298534,12.1725025,0.28240085,1,2015,1
-146.08888,44.299725,10.229135,0.26251096,1,2015,1
-144.35176,44.29989,10.558408,0.31526783,1,2015,1
-127.39222,44.300426,11.745872,0.5796794,1,2015,1
-127.979675,44.301838,11.9056425,0.29856083,1,2015,1
-128.15623,44.302834,12.10457,0.2803294,1,2015,1
-127.99976,44.303604,11.944481,0.30370656,1,2015,1
-128.06595,44.304787,12.030997,0.2887293,1,2015,1
-136.51695,44.30501,12.108048,0.18761787,1,2015,1
-131.71368,44.3058,12.710248,0.24706642,1,2015,1
-145.7651,44.30657,10.266684,0.39497933,1,2015,1
-136.55869,44.307617,12.109687,0.22990353,1,2015,1
-146.14091,44.30784,10.248701,0.30195415,1,2015,1
-146.2204,44.308006,10.255839,0.40475696,1,2015,1
-128.30269,44.30853,12.202885,0.22662346,1,2015,1
-146.04802,44.31219,10.238317,0.28356162,1,2015,1
-136.4761,44.31302,12.115103,0.22979864,1,2015,1
-145.84077,44.313194,10.292854,0.33379838,1,2015,1
-145.9504,44.31597,10.269843,0.34629232,1,2015,1
-128.36061,44.317467,12.201023,0.25249034,1,2015,1
-144.31645,44.319977,10.552417,0.3166537,1,2015,1
-128.27222,44.32122,12.191473,0.25304165,1,2015,1
-128.45688,44.321465,12.202708,0.24920034,1,2015,1
-146.26349,44.321587,10.2598095,0.28149483,1,2015,1
-145.88864,44.321667,10.287206,0.37147304,1,2015,1
-128.55818,44.322174,12.157486,0.3399406,1,2015,1
-128.65184,44.32499,12.139842,0.34790027,1,2015,1
-125.48294,44.325336,12.552443,0.60340613,1,2015,1
-128.45984,44.32535,12.160733,0.406725,1,2015,1
-126.028656,44.32556,11.70947,0.5962174,1,2015,1
-136.44926,44.325935,12.131514,0.269357,1,2015,1
-136.4126,44.326057,12.125167,0.25511098,1,2015,1
-144.26085,44.327766,10.533276,0.26390806,1,2015,1
-144.95561,44.32828,10.518634,0.2567341,1,2015,1
-147.53708,44.328697,10.028876,0.23070048,1,2015,1
-147.08156,44.33005,10.014437,0.27229244,1,2015,1
-125.529015,44.330242,12.522486,0.6673116,1,2015,1
-146.40524,44.332516,10.18447,0.28840193,1,2015,1
-146.46277,44.33354,10.146962,0.30132467,1,2015,1
-146.03784,44.33399,10.2107115,0.329547,1,2015,1
-146.3174,44.33408,10.242825,0.30725607,1,2015,1
-147.23984,44.336277,10.045906,0.2633267,1,2015,1
-136.32483,44.337788,12.107531,0.28432092,1,2015,1
-125.35959,44.33817,12.662956,0.6252544,1,2015,1
-125.42691,44.338856,12.604056,0.5394275,1,2015,1
-147.14687,44.33934,9.998347,0.26084232,1,2015,1
-125.29355,44.339924,12.685705,0.6261666,1,2015,1
-131.8099,44.3407,12.601826,0.2988283,1,2015,1
-136.15074,44.341637,12.047537,0.28756633,1,2015,1
-147.434,44.34201,10.026211,0.23692322,1,2015,1
-136.23776,44.34207,12.079644,0.2960429,1,2015,1
-128.48613,44.342655,12.132163,0.27109185,1,2015,1
-146.55602,44.343777,10.094805,0.4076508,1,2015,1
-146.98512,44.3439,10.0674515,0.29976144,1,2015,1
-125.18421,44.344494,12.732252,0.48090777,1,2015,1
-147.32962,44.345478,10.041901,0.28557453,1,2015,1
-146.6384,44.346073,10.072274,0.3832188,1,2015,1
-125.22881,44.346302,12.723165,0.528973,1,2015,1
-125.1709,44.346355,12.735011,0.49889517,1,2015,1
-125.104515,44.347137,12.741071,0.53484666,1,2015,1
-146.47737,44.347187,10.123648,0.38311324,1,2015,1
-125.59816,44.347794,12.430582,0.7175885,1,2015,1
-125.97335,44.349197,11.758779,0.5957699,1,2015,1
-146.89517,44.349335,10.091417,0.25883213,1,2015,1
-125.0331,44.35127,12.745566,0.50475425,1,2015,1
-146.71973,44.351837,10.07341,0.3617885,1,2015,1
-128.52963,44.353165,12.105696,0.34541366,1,2015,1
-144.31113,44.35591,10.548993,0.30082268,1,2015,1
-128.74866,44.356537,12.055454,0.3851617,1,2015,1
-136.11998,44.35845,12.053209,0.2906947,1,2015,1
-144.35265,44.358967,10.554252,0.3019747,1,2015,1
-145.99876,44.359753,10.232915,0.36123848,1,2015,1
-146.80833,44.35982,10.082303,0.36174724,1,2015,1
-144.41452,44.360893,10.5811405,0.35710588,1,2015,1
-125.96187,44.36234,11.812257,0.6152348,1,2015,1
-125.97459,44.363358,11.702691,0.5960213,1,2015,1
-125.67541,44.36353,12.145132,0.5976755,1,2015,1
-145.99567,44.364567,10.231606,0.33061513,1,2015,1
-124.9721,44.36609,12.770453,0.47866088,1,2015,1
-131.90938,44.36844,12.566292,0.20111509,1,2015,1
-128.78589,44.3697,11.997924,0.38946727,1,2015,1
-144.34029,44.369827,10.560512,0.30966714,1,2015,1
-126.0147,44.370758,11.668333,0.58467597,1,2015,1
-144.38525,44.375027,10.567088,0.2695704,1,2015,1
-145.02158,44.375477,10.482823,0.36882588,1,2015,1
-125.75221,44.37571,12.002851,0.57108337,1,2015,1
-129.12135,44.376118,12.16942,0.25761202,1,2015,1
-145.98174,44.37616,10.240825,0.3534824,1,2015,1
-129.19379,44.37625,12.214192,0.28958854,1,2015,1
-128.734,44.3771,12.040892,0.3760146,1,2015,1
-128.52554,44.378166,12.043953,0.36870205,1,2015,1
-128.59195,44.379734,12.041466,0.30923223,1,2015,1
-144.33739,44.379803,10.553214,0.3093784,1,2015,1
-128.66187,44.381363,12.057094,0.3819682,1,2015,1
-128.92487,44.382137,12.04257,0.20980752,1,2015,1
-132.01213,44.382294,12.541236,0.20703281,1,2015,1
-129.03748,44.382683,12.105074,0.25385812,1,2015,1
-130.18694,44.383434,12.447374,0.17187116,1,2015,1
-128.86395,44.385838,12.022793,0.57343763,1,2015,1
-136.11247,44.38615,12.049884,0.30625826,1,2015,1
-132.20422,44.389694,12.476867,0.23168272,1,2015,1
-132.11006,44.39004,12.482271,0.21793272,1,2015,1
-128.95726,44.39303,12.057178,0.21362081,1,2015,1
-125.82533,44.393436,11.890123,0.5550331,1,2015,1
-136.0297,44.395332,12.053961,0.29744214,1,2015,1
-136.08571,44.395527,12.051077,0.2937336,1,2015,1
-145.91682,44.398197,10.245926,0.3472392,1,2015,1
-145.08536,44.400627,10.472826,0.33969522,1,2015,1
-129.9765,44.401115,12.461897,0.23516981,1,2015,1
-129.9274,44.402973,12.489464,0.23421332,1,2015,1
-129.81631,44.403378,12.460944,0.27483085,1,2015,1
-132.3082,44.404324,12.452041,0.30282378,1,2015,1
-129.84903,44.40564,12.4796295,0.251306,1,2015,1
-144.38347,44.406452,10.583024,0.3540071,1,2015,1
-129.57373,44.407993,12.40223,0.23354211,1,2015,1
-124.98367,44.40857,12.692176,0.507156,1,2015,1
-128.98341,44.410545,12.042451,0.3018162,1,2015,1
-129.73463,44.412605,12.42687,0.25990838,1,2015,1
-125.89289,44.413906,11.725218,0.6337121,1,2015,1
-130.1232,44.415653,12.38915,0.27658772,1,2015,1
-129.56085,44.417267,12.385406,0.24355984,1,2015,1
-129.65013,44.417503,12.418364,0.25941554,1,2015,1
-145.87228,44.420742,10.241225,0.41289115,1,2015,1
-132.39594,44.421013,12.456633,0.27601168,1,2015,1
-135.94423,44.42189,12.06012,0.24184997,1,2015,1
-144.42427,44.422382,10.590817,0.344167,1,2015,1
-135.9373,44.42265,12.074753,0.26824093,1,2015,1
-126.01703,44.422768,11.640765,0.59278965,1,2015,1
-129.33623,44.42376,12.271327,0.24723968,1,2015,1
-129.953,44.42377,12.48339,0.196364,1,2015,1
-125.977905,44.425667,11.665227,0.62739545,1,2015,1
-129.09695,44.428684,12.117107,0.28933838,1,2015,1
-125.950325,44.431572,11.692653,0.62710893,1,2015,1
-129.45,44.436626,12.348617,0.21547431,1,2015,1
-125.035515,44.43671,12.691947,0.45810997,1,2015,1
-129.38792,44.436943,12.336221,0.21050075,1,2015,1
-144.74593,44.437004,10.538051,0.34970587,1,2015,1
-132.50404,44.43719,12.463009,0.29659027,1,2015,1
-129.25743,44.437984,12.15053,0.27722463,1,2015,1
-135.86072,44.43833,12.112089,0.27171084,1,2015,1
-145.14682,44.438957,10.426988,0.30420366,1,2015,1
-144.4303,44.441303,10.591318,0.33879068,1,2015,1
-133.78194,44.441338,12.512326,0.35955012,1,2015,1
-133.88261,44.441563,12.446943,0.3167682,1,2015,1
-144.65977,44.44221,10.560653,0.3516598,1,2015,1
-144.84143,44.44605,10.504696,0.34606433,1,2015,1
-133.94255,44.44689,12.425983,0.3299184,1,2015,1
-133.9516,44.446953,12.408295,0.30819088,1,2015,1
-133.6886,44.447704,12.536325,0.21344931,1,2015,1
-130.04832,44.447975,12.407994,0.45909292,1,2015,1
-126.02727,44.4498,11.618853,0.66197443,1,2015,1
-129.92822,44.452248,12.459429,0.27491674,1,2015,1
-132.60503,44.453445,12.391603,0.2862955,1,2015,1
-135.75229,44.455124,12.181914,0.29518202,1,2015,1
-129.20892,44.456413,12.112754,0.23158282,1,2015,1
-144.99521,44.456738,10.483374,0.24987876,1,2015,1
-129.3251,44.456757,12.233597,0.2354283,1,2015,1
-144.9115,44.458435,10.491765,0.33236757,1,2015,1
-144.57538,44.458614,10.5851755,0.38712326,1,2015,1
-133.60127,44.45904,12.419767,0.3633224,1,2015,1
-129.3527,44.460278,12.273046,0.29786128,1,2015,1
-132.6787,44.460644,12.337661,0.32333082,1,2015,1
-125.09095,44.460968,12.646008,0.52011186,1,2015,1
-145.8424,44.462387,10.251368,0.32187822,1,2015,1
-133.51384,44.464638,12.391048,0.36217,1,2015,1
-135.6952,44.46533,12.271462,0.3381696,1,2015,1
-145.12471,44.465446,10.428969,0.3021212,1,2015,1
-144.48477,44.46795,10.590723,0.35413033,1,2015,1
-145.05327,44.472214,10.446616,0.2726682,1,2015,1
-134.0605,44.472607,12.396951,0.36413503,1,2015,1
-133.42007,44.474182,12.432481,0.34293213,1,2015,1
-129.60567,44.47633,12.283267,0.38464746,1,2015,1
-129.5912,44.476616,12.280749,0.331513,1,2015,1
-129.74492,44.47904,12.318175,0.27865744,1,2015,1
-129.40889,44.479397,12.228367,0.2337654,1,2015,1
-134.15735,44.479904,12.3755665,0.34516397,1,2015,1
-129.78316,44.482178,12.340988,0.2934733,1,2015,1
-135.70512,44.482517,12.264644,0.33429405,1,2015,1
-129.63828,44.482704,12.289804,0.3414372,1,2015,1
-129.31624,44.48296,12.172552,0.3227994,1,2015,1
-129.97801,44.483517,12.38719,0.2697515,1,2015,1
-132.77275,44.48353,12.235227,0.28439918,1,2015,1
-129.69029,44.48381,12.301673,0.25223023,1,2015,1
-129.95169,44.487965,12.402909,0.26053873,1,2015,1
-129.34732,44.488365,12.205048,0.23782721,1,2015,1
-135.62578,44.488518,12.3205805,0.36335117,1,2015,1
-132.87206,44.49071,12.210628,0.24290198,1,2015,1
-133.24142,44.491154,12.359943,0.33593225,1,2015,1
-125.13339,44.491943,12.579115,0.5993495,1,2015,1
-135.66382,44.493084,12.297048,0.3309112,1,2015,1
-129.8025,44.493214,12.368793,0.27273387,1,2015,1
-133.32945,44.49347,12.388583,0.36285982,1,2015,1
-145.80359,44.49423,10.230552,0.30037886,1,2015,1
-129.84787,44.494484,12.401151,0.26760393,1,2015,1
-129.52208,44.496998,12.278431,0.23481533,1,2015,1
-133.17831,44.497906,12.33863,0.24864843,1,2015,1
-133.16167,44.500984,12.315518,0.22838768,1,2015,1
-134.46028,44.50126,12.429176,0.24019872,1,2015,1
-132.97906,44.501415,12.211822,0.22581492,1,2015,1
-133.07494,44.503536,12.264336,0.20212531,1,2015,1
-129.8702,44.50705,12.414213,0.20367844,1,2015,1
-134.47739,44.50712,12.404953,0.24639735,1,2015,1
-129.46469,44.508373,12.269938,0.24322622,1,2015,1
-135.53741,44.50873,12.354279,0.35914606,1,2015,1
-135.49231,44.509254,12.368729,0.34297594,1,2015,1
-135.727,44.509422,12.225158,0.3334985,1,2015,1
-125.15022,44.51205,12.571327,0.5742471,1,2015,1
-125.15618,44.512722,12.543086,0.5641525,1,2015,1
-129.38979,44.51384,12.150064,0.28679937,1,2015,1
-129.42427,44.514793,12.180112,0.24168825,1,2015,1
-135.62894,44.51597,12.294854,0.2549614,1,2015,1
-135.44136,44.516365,12.343792,0.24047385,1,2015,1
-129.45802,44.51639,12.214266,0.25470716,1,2015,1
-135.59554,44.516483,12.314119,0.31674406,1,2015,1
-134.5612,44.51972,12.288947,0.22429153,1,2015,1
-135.36638,44.520668,12.346008,0.32062715,1,2015,1
-135.39044,44.52072,12.341174,0.2869244,1,2015,1
-129.80403,44.52218,12.316847,0.28889227,1,2015,1
-145.8526,44.522686,10.201483,0.34957266,1,2015,1
-145.78374,44.522804,10.183412,0.4759425,1,2015,1
-129.37192,44.5247,12.130425,0.2883847,1,2015,1
-129.95567,44.52647,12.349632,0.25574213,1,2015,1
-130.01662,44.526577,12.323562,0.2709771,1,2015,1
-129.7848,44.528202,12.297889,0.27080736,1,2015,1
-129.51965,44.528767,12.236459,0.2564527,1,2015,1
-134.67418,44.52958,12.270135,0.22265771,1,2015,1
-135.19601,44.530373,12.3661585,0.31123582,1,2015,1
-129.58162,44.533764,12.244246,0.2678801,1,2015,1
-125.18875,44.53595,12.51739,0.57984954,1,2015,1
-145.90794,44.53597,10.194424,0.35252428,1,2015,1
-135.26764,44.5371,12.353688,0.29267058,1,2015,1
-134.98741,44.537243,12.330683,0.3723858,1,2015,1
-129.87408,44.53734,12.348008,0.2800063,1,2015,1
-135.08572,44.540096,12.350162,0.325325,1,2015,1
-134.87198,44.54178,12.342446,0.3842077,1,2015,1
-134.77116,44.542656,12.313534,0.28486806,1,2015,1
-128.96402,44.54743,11.818117,0.3911244,1,2015,1
-129.01881,44.54863,11.871254,0.31162798,1,2015,1
-129.12363,44.548923,11.996522,0.2506434,1,2015,1
-129.99861,44.549908,12.338856,0.26169246,1,2015,1
-129.74367,44.549946,12.281848,0.27496246,1,2015,1
-130.05298,44.55153,12.272044,0.2544011,1,2015,1
-129.17369,44.55211,11.9709,0.29339162,1,2015,1
-129.21063,44.552727,11.987406,0.26241413,1,2015,1
-129.2683,44.553234,12.03911,0.28729454,1,2015,1
-145.92513,44.558777,10.126743,0.40882367,1,2015,1
-129.06435,44.558777,11.864763,0.2941792,1,2015,1
-135.17819,44.559254,12.325195,0.21925633,1,2015,1
-129.1191,44.561867,11.946214,0.31778896,1,2015,1
-129.83485,44.56225,12.284418,0.29815146,1,2015,1
-129.01996,44.56237,11.813897,0.31823513,1,2015,1
-129.09135,44.563946,11.909187,0.30729395,1,2015,1
-125.2311,44.56789,12.432674,0.52737683,1,2015,1
-135.08754,44.568157,12.30775,0.26820433,1,2015,1
-145.96379,44.575275,10.114865,0.3741036,1,2015,1
-129.72305,44.57688,12.248675,0.2732901,1,2015,1
-130.08981,44.580326,12.257076,0.26666707,1,2015,1
-134.98988,44.585724,12.277514,0.3439844,1,2015,1
-129.80733,44.587914,12.228397,0.27387574,1,2015,1
-129.6873,44.58872,12.197122,0.28280827,1,2015,1
-145.18486,44.589954,10.431485,0.25335008,1,2015,1
-145.87082,44.59067,10.121936,0.39328992,1,2015,1
-130.03413,44.59221,12.23283,0.30624688,1,2015,1
-146.00146,44.5939,10.088435,0.34376892,1,2015,1
-129.22661,44.60145,11.938706,0.30800813,1,2015,1
-145.20311,44.601997,10.416394,0.28039107,1,2015,1
-134.91373,44.60228,12.238441,0.40603298,1,2015,1
-145.16122,44.603825,10.431834,0.29783684,1,2015,1
-129.67253,44.607117,12.187074,0.24857236,1,2015,1
-129.90907,44.607544,12.256476,0.22246541,1,2015,1
-125.26116,44.608128,12.3792715,0.51328206,1,2015,1
-134.8764,44.610336,12.240363,0.23407762,1,2015,1
-130.08711,44.61067,12.225677,0.30540502,1,2015,1
-129.72989,44.618313,12.211348,0.2750278,1,2015,1
-145.89511,44.622154,10.10005,0.38602698,1,2015,1
-145.83298,44.627483,10.147489,0.37953067,1,2015,1
-145.17075,44.629807,10.405844,0.24966934,1,2015,1
-130.17549,44.630547,12.189466,0.30582356,1,2015,1
-129.97502,44.630684,12.215871,0.3100026,1,2015,1
-145.95813,44.632034,10.07255,0.3493174,1,2015,1
-129.267,44.632164,11.887693,0.26280835,1,2015,1
-134.78471,44.63249,12.174622,0.35402456,1,2015,1
-145.16246,44.634937,10.411269,0.27442354,1,2015,1
-134.71983,44.63783,12.141482,0.33842263,1,2015,1
-145.79387,44.63793,10.164179,0.3997641,1,2015,1
-134.65257,44.643715,12.110667,0.30843648,1,2015,1
-130.02888,44.646038,12.203248,0.31470427,1,2015,1
-134.57738,44.653988,12.099077,0.30369428,1,2015,1
-145.73088,44.654594,10.179773,0.32073665,1,2015,1
-125.43592,44.65871,12.160935,0.5670736,1,2015,1
-125.3264,44.65909,12.276855,0.5098821,1,2015,1
-145.7384,44.664097,10.189362,0.38360837,1,2015,1
-134.48793,44.664368,12.054378,0.2797191,1,2015,1
-125.373695,44.66532,12.184118,0.5237714,1,2015,1
-129.31454,44.665394,11.8473835,0.29859415,1,2015,1
-130.0153,44.673298,12.19001,0.30922824,1,2015,1
-145.17928,44.67452,10.343461,0.26014587,1,2015,1
-125.49832,44.67475,12.040084,0.64136094,1,2015,1
-134.39171,44.681858,12.080569,0.29549855,1,2015,1
-129.97661,44.683758,12.198182,0.28343135,1,2015,1
-145.66396,44.68526,10.188207,0.35491538,1,2015,1
-125.30918,44.685654,12.287687,0.6034517,1,2015,1
-145.12375,44.68633,10.354162,0.2693863,1,2015,1
-125.47215,44.68698,12.084129,0.5753,1,2015,1
-134.29701,44.68987,12.083579,0.30564463,1,2015,1
-125.281265,44.691837,12.330074,0.50795776,1,2015,1
-125.53674,44.695187,11.99495,0.6758566,1,2015,1
-145.64043,44.697075,10.19522,0.43111283,1,2015,1
-125.55323,44.698208,11.9505005,0.6727394,1,2015,1
-129.35355,44.699,11.881029,0.25415725,1,2015,1
-125.137054,44.70074,12.483003,0.55396074,1,2015,1
-125.20755,44.700756,12.370869,0.54153514,1,2015,1
-134.22871,44.701313,12.063141,0.27655387,1,2015,1
-145.18971,44.7023,10.280142,0.2505661,1,2015,1
-130.09581,44.70451,12.1614,0.30294433,1,2015,1
-125.091934,44.70508,12.525488,0.49786612,1,2015,1
-145.15884,44.706337,10.284005,0.2813873,1,2015,1
-125.59235,44.706585,11.861581,0.5904245,1,2015,1
-145.60286,44.708134,10.186179,0.24636169,1,2015,1
-130.17285,44.708694,12.160801,0.31119412,1,2015,1
-129.93285,44.710606,12.166401,0.24796675,1,2015,1
-125.646484,44.714397,11.816828,0.59433734,1,2015,1
-125.71408,44.716454,11.778653,0.7192977,1,2015,1
-145.54474,44.721485,10.196092,0.2044815,1,2015,1
-134.1506,44.722942,12.09449,0.52217937,1,2015,1
-125.78735,44.72643,11.726345,0.744093,1,2015,1
-129.95395,44.73064,12.171343,0.53015566,1,2015,1
-134.05588,44.7346,12.160457,0.5147915,1,2015,1
-145.0844,44.73469,10.300082,0.2746436,1,2015,1
-129.39967,44.736305,11.8743105,0.3855284,1,2015,1
-125.85479,44.73646,11.604868,0.701554,1,2015,1
-145.4733,44.73678,10.237151,0.29936424,1,2015,1
-125.06482,44.738136,12.514465,0.5756474,1,2015,1
-125.858955,44.73847,11.620404,0.75012296,1,2015,1
-145.04509,44.74191,10.259883,0.28576648,1,2015,1
-130.14934,44.742825,12.157542,0.31539214,1,2015,1
-125.90332,44.744984,11.57417,0.7014624,1,2015,1
-125.06171,44.745274,12.55295,0.54177284,1,2015,1
-125.66938,44.7469,11.776122,0.71520865,1,2015,1
-133.9892,44.74753,12.147413,0.3488118,1,2015,1
-125.95689,44.752773,11.5462,0.59781903,1,2015,1
-145.4154,44.755444,10.227096,0.41202477,1,2015,1
-145.14432,44.75699,10.249352,0.2586477,1,2015,1
-129.91328,44.761597,12.135116,0.37823185,1,2015,1
-125.73063,44.762238,11.769024,0.71216536,1,2015,1
-126.029945,44.76279,11.50853,0.46221057,1,2015,1
-145.07254,44.769245,10.258811,0.28911114,1,2015,1
-129.44926,44.76972,11.875313,0.30356866,1,2015,1
-145.37851,44.774933,10.232569,0.27846992,1,2015,1
-126.104195,44.776188,11.49867,0.5946967,1,2015,1
-145.08182,44.778374,10.227167,0.28574055,1,2015,1
-133.89,44.778526,12.132989,0.27740604,1,2015,1
-144.9997,44.778908,10.225633,0.39607683,1,2015,1
-126.165504,44.787678,11.500327,0.7733945,1,2015,1
-145.378,44.792686,10.164444,0.29575026,1,2015,1
-145.03859,44.795444,10.225424,0.3143361,1,2015,1
-125.14692,44.798347,12.392278,0.57294273,1,2015,1
-126.23608,44.79981,11.521927,0.5622067,1,2015,1
-125.7455,44.80343,11.761098,0.65922445,1,2015,1
-133.79295,44.805946,12.130715,0.2955836,1,2015,1
-129.91083,44.806187,12.107969,0.25615758,1,2015,1
-126.305336,44.80654,11.569665,0.5035951,1,2015,1
-133.50746,44.80761,12.149368,0.28757343,1,2015,1
-145.13077,44.80903,10.220858,0.26883152,1,2015,1
-126.3702,44.80953,11.59831,0.48732165,1,2015,1
-126.436874,44.81008,11.619878,0.5911462,1,2015,1
-133.5922,44.811687,12.172059,0.32038498,1,2015,1
-129.50964,44.812683,11.911287,0.2856012,1,2015,1
-126.50753,44.8138,11.660159,0.5575442,1,2015,1
-126.559364,44.815063,11.649477,0.59635824,1,2015,1
-133.45767,44.81773,12.141776,0.30050406,1,2015,1
-133.71213,44.81841,12.147941,0.34348476,1,2015,1
-133.66441,44.820683,12.157886,0.28361744,1,2015,1
-145.04399,44.824265,10.197118,0.33655816,1,2015,1
-144.98442,44.82436,10.194388,0.3192209,1,2015,1
-126.61409,44.825916,11.646459,0.48117912,1,2015,1
-145.34901,44.826317,10.106977,0.290059,1,2015,1
-125.20583,44.828194,12.316198,0.595358,1,2015,1
-133.57317,44.831425,12.149277,0.35088706,1,2015,1
-125.72286,44.831512,11.803216,0.65823513,1,2015,1
-133.50618,44.832336,12.151133,0.27760375,1,2015,1
-133.49411,44.83349,12.150825,0.28593612,1,2015,1
-129.5704,44.837154,11.994001,0.27946568,1,2015,1
-133.58118,44.84242,12.147853,0.31322932,1,2015,1
-126.68093,44.8437,11.699623,0.56925607,1,2015,1
-129.88509,44.84797,12.086096,0.27239126,1,2015,1
-145.3336,44.85006,10.068722,0.29129717,1,2015,1
-144.97208,44.852833,10.169518,0.33318332,1,2015,1
-145.05183,44.853367,10.145061,0.23511466,1,2015,1
-126.75776,44.856518,11.7368765,0.5709604,1,2015,1
-125.71811,44.86098,11.832135,0.68342006,1,2015,1
-125.23004,44.863586,12.231353,0.61636716,1,2015,1
-145.27444,44.865093,10.079278,0.28198332,1,2015,1
-145.09651,44.867912,10.126175,0.24453515,1,2015,1
-126.90936,44.86875,11.771848,0.526636,1,2015,1
-129.63574,44.869408,12.009703,0.27857932,1,2015,1
-145.01665,44.87097,10.164512,0.27057064,1,2015,1
-129.87119,44.875412,12.055867,0.26356837,1,2015,1
-127.090485,44.87549,11.759423,0.5789341,1,2015,1
-145.23512,44.875565,10.088449,0.32202205,1,2015,1
-127.05463,44.87778,11.738767,0.58600134,1,2015,1
-126.9712,44.88057,11.74843,0.6092125,1,2015,1
-127.20574,44.893417,11.74677,0.74345446,1,2015,1
-125.75672,44.89963,11.836716,0.68071836,1,2015,1
-125.25955,44.900066,12.133927,0.47455227,1,2015,1
-127.28247,44.905254,11.674647,0.6543217,1,2015,1
-144.90025,44.907616,10.195921,0.26518074,1,2015,1
-144.89932,44.908516,10.220489,0.2991413,1,2015,1
-145.15475,44.90956,10.062847,0.39523807,1,2015,1
-144.94858,44.910175,10.150958,0.26856855,1,2015,1
-129.69507,44.912224,12.018876,0.30188006,1,2015,1
-129.83473,44.912247,12.035274,0.27435696,1,2015,1
-127.35175,44.9162,11.559871,0.6057184,1,2015,1
-125.72991,44.91709,11.853309,0.7054665,1,2015,1
-144.97508,44.9185,10.127986,0.29165554,1,2015,1
-125.321045,44.922512,12.076187,0.51110727,1,2015,1
-125.663704,44.92305,11.850799,0.5911545,1,2015,1
-127.41637,44.924473,11.525906,0.46239957,1,2015,1
-125.59597,44.925194,11.894066,0.6675655,1,2015,1
-127.498566,44.930206,11.521229,0.5517049,1,2015,1
-144.93103,44.930264,10.165972,0.30297196,1,2015,1
-130.34616,44.930603,12.10357,0.31686077,1,2015,1
-129.64772,44.9324,11.984942,0.29338062,1,2015,1
-130.41788,44.93491,12.104577,0.76226395,1,2015,1
-144.99265,44.938206,10.116757,0.26795965,1,2015,1
-145.11288,44.93857,10.043199,0.27217722,1,2015,1
-129.84148,44.93915,12.008061,0.33331135,1,2015,1
-130.63245,44.940826,12.110832,0.20295551,1,2015,1
-125.36093,44.9416,12.021876,0.47176936,1,2015,1
-130.43076,44.941883,12.107719,0.38621986,1,2015,1
-125.5284,44.948906,11.9682,0.55368096,1,2015,1
-129.56427,44.949455,11.955625,0.27366632,1,2015,1
-144.8175,44.94998,10.184417,0.24042831,1,2015,1
-129.5543,44.94999,11.917606,0.3100107,1,2015,1
-144.84122,44.951324,10.18425,0.27196348,1,2015,1
-144.89273,44.95196,10.183335,0.28509805,1,2015,1
-130.20993,44.954105,12.10526,0.26466203,1,2015,1
-130.49544,44.955067,12.113095,0.20177615,1,2015,1
-127.53119,44.955765,11.517187,0.7568312,1,2015,1
-129.51642,44.958675,11.8787775,0.30972305,1,2015,1
-130.5677,44.95945,12.12569,0.19575639,1,2015,1
-145.08096,44.960205,10.070041,0.26812384,1,2015,1
-130.13545,44.961147,12.09956,0.3090082,1,2015,1
-145.08228,44.962906,10.033969,0.20503132,1,2015,1
-125.379845,44.96322,11.998904,0.5611983,1,2015,1
-129.88817,44.963554,11.973846,0.28515005,1,2015,1
-125.46885,44.964275,12.000091,0.6668878,1,2015,1
-130.68513,44.965755,12.075848,0.20139183,1,2015,1
-133.28816,44.965786,11.934768,0.2616159,1,2015,1
-127.60805,44.966366,11.45675,0.7769647,1,2015,1
-130.05664,44.969116,12.04676,0.27194324,1,2015,1
-144.86658,44.96919,10.117147,0.3010748,1,2015,1
-125.41413,44.971375,11.997319,0.6437064,1,2015,1
-127.67726,44.97383,11.407905,0.50168926,1,2015,1
-129.99333,44.97399,12.018711,0.2933963,1,2015,1
-129.94647,44.97536,11.997533,0.2671864,1,2015,1
-127.72762,44.97866,11.396989,0.7316647,1,2015,1
-144.94109,44.979805,10.095449,0.2704153,1,2015,1
-129.42476,44.98109,11.803408,0.32482588,1,2015,1
-144.93388,44.981464,10.105182,0.24684963,1,2015,1
-129.07002,44.982613,11.485287,0.6099162,1,2015,1
-145.04628,44.98294,10.069454,0.23274222,1,2015,1
-129.17316,44.984222,11.536265,0.37845075,1,2015,1
-130.75443,44.98753,12.067352,0.24651308,1,2015,1
-133.21931,44.989433,11.944185,0.2804889,1,2015,1
-130.89626,44.989594,12.0386095,0.28035644,1,2015,1
-130.82156,44.989826,12.061963,0.26303673,1,2015,1
-127.77408,44.990364,11.390351,0.79361147,1,2015,1
-144.78333,44.991177,10.138873,0.255137,1,2015,1
-144.83891,44.99141,10.13528,0.29167613,1,2015,1
-129.23477,44.992683,11.6034565,0.49615154,1,2015,1
-130.98361,44.9947,12.01761,0.27841905,1,2015,1
-127.83657,44.996788,11.383294,0.7961368,1,2015,1
-129.33966,44.996925,11.750164,0.332059,1,2015,1
-127.9912,44.997887,11.331486,0.47087038,1,2015,1
-127.90794,44.999126,11.372344,0.43901896,1,2015,1
-130.96777,45.00048,12.008884,0.27503306,1,2015,1
-128.9605,45.001846,11.436082,0.6244463,1,2015,1
-128.96703,45.002502,11.446504,0.44831717,1,2015,1
-128.07857,45.00482,11.278318,0.64287174,1,2015,1
-131.04732,45.00544,11.994145,0.25886258,1,2015,1
-144.6097,45.005577,10.16278,0.3102026,1,2015,1
-144.90408,45.00642,10.031955,0.28986517,1,2015,1
-144.57413,45.00781,10.18094,0.26718017,1,2015,1
-144.97394,45.011135,10.029824,0.27809942,1,2015,1
-128.1652,45.0119,11.2329855,0.6389493,1,2015,1
-144.69255,45.01541,10.118254,0.29286614,1,2015,1
-133.1394,45.01653,11.927055,0.2669888,1,2015,1
-128.23952,45.016983,11.186451,0.65173125,1,2015,1
-128.87495,45.01855,11.391558,0.46389854,1,2015,1
-144.65599,45.0199,10.139973,0.2573493,1,2015,1
-144.55956,45.02067,10.177818,0.31560597,1,2015,1
-128.29434,45.0222,11.135119,0.6252822,1,2015,1
-131.10692,45.022636,11.9808655,0.29089484,1,2015,1
-128.28331,45.023407,11.157277,0.6450749,1,2015,1
-128.38574,45.02792,11.102413,0.52765065,1,2015,1
-133.09012,45.02799,11.923542,0.25672755,1,2015,1
-128.78346,45.031544,11.336456,0.47802514,1,2015,1
-144.88687,45.033802,10.039446,0.25709423,1,2015,1
-144.8225,45.034634,10.068392,0.30954674,1,2015,1
-131.10924,45.037773,11.973474,0.2849717,1,2015,1
-144.81958,45.03817,10.000234,0.2942372,1,2015,1
-128.46886,45.03874,11.072394,0.55901957,1,2015,1
-144.82846,45.04107,9.986463,0.2750637,1,2015,1
-128.55302,45.0444,11.1237755,0.4499505,1,2015,1
-133.00772,45.04603,11.886386,0.2639549,1,2015,1
-132.95395,45.049652,11.87871,0.2740406,1,2015,1
-128.62407,45.05034,11.156324,0.5237369,1,2015,1
-128.70161,45.05172,11.243137,0.5583806,1,2015,1
-144.47957,45.05192,10.107758,0.27218604,1,2015,1
-144.96436,45.06323,9.978637,0.32022724,1,2015,1
-131.06798,45.071365,11.982652,0.2890281,1,2015,1
-132.87814,45.074238,11.827217,0.27181405,1,2015,1
-144.81306,45.0757,9.941145,0.32785633,1,2015,1
-144.92099,45.076164,9.935845,0.31760412,1,2015,1
-132.82057,45.081806,11.783569,0.27815786,1,2015,1
-144.41599,45.083992,10.057755,0.29031366,1,2015,1
-144.66914,45.094414,10.079277,0.26430959,1,2015,1
-132.71756,45.094723,11.785753,0.28256235,1,2015,1
-144.74397,45.095108,10.029522,0.39656243,1,2015,1
-131.02115,45.097282,11.982515,0.27306625,1,2015,1
-144.58867,45.10387,10.062154,0.28370208,1,2015,1
-130.94188,45.114395,11.983937,0.2782025,1,2015,1
-132.66406,45.118973,11.782192,0.30090654,1,2015,1
-144.38722,45.121952,10.035425,0.40424815,1,2015,1
-144.55838,45.124905,9.959407,0.24162701,1,2015,1
-130.87018,45.126835,11.987761,0.2968559,1,2015,1
-130.79155,45.130096,11.9916,0.30894274,1,2015,1
-132.57675,45.13191,11.77458,0.26368836,1,2015,1
-144.87047,45.134884,9.879376,0.34968743,1,2015,1
-132.45018,45.145184,11.776912,0.26150262,1,2015,1
-130.96611,45.14582,11.981763,0.24529529,1,2015,1
-132.33557,45.146336,11.800101,0.25417936,1,2015,1
-130.96873,45.15012,11.975254,0.28639418,1,2015,1
-144.34032,45.15196,10.035901,0.34131327,1,2015,1
-132.40154,45.153736,11.784172,0.26666483,1,2015,1
-144.5346,45.154255,9.895981,0.28076342,1,2015,1
-132.24942,45.15972,11.761248,0.2557749,1,2015,1
-130.92888,45.161507,11.98039,0.27949843,1,2015,1
-130.74962,45.161606,11.988909,0.26075864,1,2015,1
-130.87338,45.16537,11.99471,0.24306817,1,2015,1
-132.20943,45.169144,11.74868,0.2983035,1,2015,1
-144.46461,45.180405,9.913981,0.18304265,1,2015,1
-144.27519,45.182117,10.09106,0.36989364,1,2015,1
-132.14163,45.183018,11.751754,0.28162134,1,2015,1
-144.42497,45.190186,9.909326,0.40577516,1,2015,1
-144.00792,45.19404,10.194571,0.351453,1,2015,1
-130.77956,45.19589,11.978047,0.26660082,1,2015,1
-144.37352,45.19908,9.981351,0.43886364,1,2015,1
-144.083,45.201275,10.164353,0.31981438,1,2015,1
-130.65233,45.201584,11.967941,0.27318248,1,2015,1
-132.06271,45.205505,11.81318,0.32641643,1,2015,1
-130.9243,45.206036,11.982505,0.28269282,1,2015,1
-144.31325,45.208134,10.008328,0.3863895,1,2015,1
-144.19316,45.2101,10.081722,0.3152419,1,2015,1
-144.28175,45.214443,10.029424,0.3772181,1,2015,1
-131.99083,45.22458,11.796707,0.32197836,1,2015,1
-144.13188,45.224674,10.146802,0.34706742,1,2015,1
-144.02301,45.226364,10.165571,0.2697002,1,2015,1
-144.2076,45.22722,10.001322,0.35785088,1,2015,1
-144.09515,45.228745,10.126598,0.44110453,1,2015,1
-144.15433,45.23299,10.036122,0.35507438,1,2015,1
-130.71925,45.23654,11.954392,0.31159788,1,2015,1
-130.89125,45.23671,12.002088,0.28380474,1,2015,1
-144.14162,45.238724,10.08192,0.44619626,1,2015,1
-131.91614,45.245533,11.820688,0.3017202,1,2015,1
-143.99944,45.25117,10.167194,0.30398518,1,2015,1
-130.87221,45.254616,11.994392,0.2739998,1,2015,1
-131.8381,45.261765,11.851883,0.28022936,1,2015,1
-143.99323,45.26258,10.1512985,0.27063873,1,2015,1
-144.08626,45.267094,10.069546,0.37592348,1,2015,1
-143.94739,45.268406,10.137849,0.2969361,1,2015,1
-130.83887,45.292946,11.985306,0.263185,1,2015,1
-143.89684,45.29331,10.11409,0.2582741,1,2015,1
-131.77168,45.296207,11.840541,0.25433025,1,2015,1
-131.6916,45.310738,11.849934,0.30094573,1,2015,1
-143.83228,45.31292,10.045791,0.44661763,1,2015,1
-131.63896,45.314842,11.860543,0.4701102,1,2015,1
-130.83731,45.315784,11.96835,0.26393804,1,2015,1
-143.85252,45.32098,10.057517,0.37143213,1,2015,1
-131.56311,45.32365,11.897609,0.35321963,1,2015,1
-131.53444,45.324787,11.908354,0.34120685,1,2015,1
-131.46436,45.334213,11.921497,0.30171734,1,2015,1
-130.84486,45.33915,11.9859,0.35975367,1,2015,1
-131.37785,45.344765,11.932199,0.29190505,1,2015,1
-143.8048,45.34833,9.973304,0.2976081,1,2015,1
-131.30064,45.34862,11.950995,0.28517088,1,2015,1
-131.21504,45.35555,11.964647,0.28432098,1,2015,1
-131.13733,45.359844,11.967715,0.2611112,1,2015,1
-131.07233,45.362576,11.976551,0.26962802,1,2015,1
-131.01553,45.3635,11.981672,0.25424197,1,2015,1
-130.90622,45.37443,11.990435,0.25451934,1,2015,1
-130.90521,45.375526,11.993712,0.24388427,1,2015,1
-131.00386,45.375786,12.000476,0.25617534,1,2015,1
-143.71805,45.37715,9.866736,0.29782835,1,2015,1
-130.87495,45.380196,11.995489,0.23536888,1,2015,1
-143.77916,45.381393,9.906463,0.3305375,1,2015,1
-130.98729,45.385406,12.002136,0.25065657,1,2015,1
-130.93948,45.406086,11.999614,0.25128967,1,2015,1
-143.72856,45.414394,9.810206,0.32487267,1,2015,1
-143.6772,45.43127,9.7942915,0.3814568,1,2015,1
-123.24375,28.14375,19.5513725280762,0.08990877866745,0,2015,1
-138.50625,28.51875,20.4708309173584,0.0718872919678688,0,2015,1
-140.94375,28.93125,20.6692581176758,0.0763369724154472,0,2015,1
-155.00625,44.56875,8.18371868133545,0.624091565608978,0,2015,1
-121.18125,27.05625,19.7068481445312,0.133585169911385,0,2015,1
-135.84375,29.11875,20.1775894165039,0.0712312012910843,0,2015,1
-126.80625,26.19375,20.2571697235107,0.0768318474292755,0,2015,1
-134.08125,29.53125,19.810884475708,0.071588546037674,0,2015,1
-131.71875,30.35625,19.2193946838379,0.0663003697991371,0,2015,1
-143.71875,30.20625,19.757884979248,0.0699866637587547,0,2015,1
-136.36875,49.93125,9.07401466369629,0.226857632398605,0,2015,1
-131.41875,32.56875,18.1199131011963,0.0695677250623703,0,2015,1
-144.76875,47.94375,9.01296424865723,0.431453168392181,0,2015,1
-159.54375,41.30625,9.66644954681396,0.31009978055954,0,2015,1
-137.75625,26.83125,21.000602722168,0.0690564140677452,0,2015,1
-141.28125,46.55625,9.8336181640625,0.44351053237915,0,2015,1
-146.90625,46.14375,8.89998626708984,0.303319245576859,0,2015,1
-142.78125,29.38125,20.22389793396,0.0796348601579666,0,2015,1
-128.79375,28.36875,19.6231594085693,0.0782133713364601,0,2015,1
-134.94375,29.00625,20.0744876861572,0.069290429353714,0,2015,1
-123.05625,26.34375,19.931079864502,0.0775511637330055,0,2015,1
-123.09375,26.90625,19.5479774475098,0.0775412917137146,0,2015,1
-123.46875,25.96875,20.4385623931885,0.0699756219983101,0,2015,1
-152.60625,48.50625,6.33337068557739,0.362571716308594,0,2015,1
-138.58125,30.09375,19.8954734802246,0.0757513046264648,0,2015,1
-129.35625,42.13125,12.5690631866455,0.771255254745483,0,2015,1
-133.40625,32.30625,18.3252143859863,0.0713626071810722,0,2015,1
-117.73125,25.59375,20.9344787597656,0.0919583439826965,0,2015,1
-122.45625,28.44375,19.4611949920654,0.0918526723980904,0,2015,1
-151.21875,44.08125,9.04381370544434,0.283947259187698,0,2015,1
-153.76875,45.01875,8.04426956176758,0.536289393901825,0,2015,1
-140.83125,28.36875,20.8730182647705,0.0634144768118858,0,2015,1
-125.56875,26.53125,20.2984237670898,0.0702935382723808,0,2015,1
-138.24375,30.69375,19.5464630126953,0.0735757872462273,0,2015,1
-145.93125,49.85625,7.5861554145813,0.327507972717285,0,2015,1
-136.48125,29.83125,19.9993896484375,0.0677582696080208,0,2015,1
-147.28125,45.16875,9.30685806274414,1.75743138790131,0,2015,1
-153.46875,45.61875,8.0634593963623,0.364966422319412,0,2015,1
-155.79375,45.76875,7.77368974685669,0.353685170412064,0,2015,1
-142.21875,29.04375,20.3665657043457,0.0673932209610939,0,2015,1
-152.19375,44.56875,8.68812942504883,0.358624637126923,0,2015,1
-123.46875,38.11875,13.8096618652344,1.20901823043823,0,2015,1
-139.93125,47.68125,9.3839693069458,0.446468353271484,0,2015,1
-138.54375,29.68125,20.076244354248,0.0730924904346466,0,2015,1
-148.89375,49.44375,6.51300430297852,0.278805941343307,0,2015,1
-142.48125,29.71875,20.2343769073486,0.0734771117568016,0,2015,1
-123.76875,38.60625,14.0549201965332,0.811030209064484,0,2015,1
-149.19375,44.38125,9.27016925811768,0.218485161662102,0,2015,1
-128.38125,25.48125,20.5645694732666,0.0727562978863716,0,2015,1
-131.15625,26.19375,20.8291053771973,0.0673291981220245,0,2015,1
-140.71875,29.34375,19.8370742797852,0.0696970522403717,0,2015,1
-137.98125,26.45625,21.2228336334229,0.0669148191809654,0,2015,1
-151.66875,42.84375,9.60905456542969,0.326419293880463,0,2015,1
-139.78125,29.53125,20.2241306304932,0.0761589035391808,0,2015,1
-153.58125,46.81875,7.12646198272705,0.290203005075455,0,2015,1
-121.63125,26.19375,19.97731590271,0.0955157652497292,0,2015,1
-146.30625,41.30625,11.5354375839233,0.62563157081604,0,2015,1
-122.41875,37.10625,14.3246288299561,0.766427397727966,0,2015,1
-124.25625,46.40625,10.9596891403198,4.03866815567017,0,2015,1
-144.50625,49.51875,7.82271909713745,0.541421413421631,0,2015,1
-133.18125,28.14375,20.52490234375,0.0694441199302673,0,2015,1
-122.53125,25.48125,20.3315868377686,0.0771935880184174,0,2015,1
-117.35625,26.71875,19.9199924468994,0.201742187142372,0,2015,1
-144.13125,29.94375,19.6288433074951,0.0692525804042816,0,2015,1
-123.43125,25.55625,20.469747543335,0.0740883722901344,0,2015,1
-122.56875,25.36875,20.5694389343262,0.0740162581205368,0,2015,1
-143.75625,50.04375,8.1236400604248,0.695628821849823,0,2015,1
-139.33125,28.06875,21.1847095489502,0.0884966105222702,0,2015,1
-143.38125,47.79375,9.37322521209717,0.284190744161606,0,2015,1
-152.23125,46.59375,7.46133613586426,0.405888676643372,0,2015,1
-147.84375,47.23125,7.95547199249268,0.222367271780968,0,2015,1
-134.15625,27.95625,20.4546127319336,0.0659265518188477,0,2015,1
-134.08125,29.08125,19.9896469116211,0.0693301782011986,0,2015,1
-139.81875,48.39375,9.37442398071289,0.481898754835129,0,2015,1
-127.25625,27.80625,19.1830577850342,0.0722081661224365,0,2015,1
-154.33125,47.00625,6.54568290710449,0.320377707481384,0,2015,1
-147.88125,43.93125,9.84612941741943,0.229593336582184,0,2015,1
-154.48125,46.89375,6.54752826690674,0.304276406764984,0,2015,1
-126.84375,26.60625,19.7659816741943,0.0724106952548027,0,2015,1
-134.30625,26.26875,20.9261817932129,0.0806736648082733,0,2015,1
-142.21875,30.76875,19.4941673278809,0.0815580189228058,0,2015,1
-115.48125,27.24375,19.9197101593018,0.27206215262413,0,2015,1
-139.06875,47.60625,9.7498607635498,0.456310003995895,0,2015,1
-141.58125,28.36875,20.432991027832,0.0692758485674858,0,2015,1
-153.24375,48.24375,6.1183876991272,0.372731029987335,0,2015,1
-147.20625,45.13125,9.39700889587402,0.383748054504395,0,2015,1
-115.21875,27.01875,19.9324512481689,0.221291020512581,0,2015,1
-138.84375,31.25625,18.886251449585,0.0709561556577682,0,2015,1
-121.48125,35.56875,15.1642265319824,0.643406331539154,0,2015,1
-136.63125,26.45625,21.388822555542,0.0676012709736824,0,2015,1
-125.38125,42.28125,13.1376609802246,0.706534087657928,0,2015,1
-128.94375,27.58125,20.0762310028076,0.0740050822496414,0,2015,1
-147.13125,48.46875,7.25790596008301,4.83696746826172,0,2015,1
-145.74375,47.94375,8.39005470275879,0.238017097115517,0,2015,1
-137.64375,27.80625,20.7321281433105,0.0747686848044395,0,2015,1
-139.89375,47.30625,9.3476619720459,0.378218084573746,0,2015,1
-124.36875,43.96875,12.8743457794189,0.698415696620941,0,2015,1
-146.71875,40.85625,11.8697748184204,0.590989232063293,0,2015,1
-119.00625,26.00625,20.7620544433594,0.0991486459970474,0,2015,1
-153.43125,42.58125,9.62889862060547,0.355956375598907,0,2015,1
-158.60625,43.36875,8.63114452362061,0.433608174324036,0,2015,1
-150.76875,44.15625,9.00333976745605,0.360825657844543,0,2015,1
-135.39375,29.15625,20.097562789917,0.0671678856015205,0,2015,1
-135.61875,32.94375,18.1193656921387,0.0684946551918983,0,2015,1
-136.44375,32.11875,18.1664409637451,0.0670396313071251,0,2015,1
-157.85625,44.11875,7.97356700897217,0.293273985385895,0,2015,1
-143.45625,48.76875,8.42978286743164,0.667694449424744,0,2015,1
-124.25625,25.70625,20.1768283843994,0.0716502293944359,0,2015,1
-133.74375,27.35625,20.7715702056885,0.0750776156783104,0,2015,1
-128.56875,27.39375,19.9766578674316,0.0721198990941048,0,2015,1
-115.55625,26.11875,21.0855731964111,0.145609393715858,0,2015,1
-139.21875,27.54375,21.3819999694824,0.0769838094711304,0,2015,1
-136.96875,28.74375,20.3450622558594,0.0686101168394089,0,2015,1
-156.88125,44.45625,7.86056661605835,0.468679785728455,0,2015,1
-136.66875,31.25625,18.5275497436523,0.0591316297650337,0,2015,1
-149.53125,49.25625,6.38264083862305,0.202886313199997,0,2015,1
-140.34375,30.35625,19.8136882781982,0.0669072866439819,0,2015,1
-124.93125,41.11875,13.6488199234009,0.592895269393921,0,2015,1
-140.11875,28.25625,21.1694107055664,0.0776614621281624,0,2015,1
-137.19375,29.45625,19.9893093109131,0.0657115131616592,0,2015,1
-133.06875,30.01875,19.5745258331299,0.0683335438370705,0,2015,1
-132.01875,41.90625,13.0929880142212,0.709261417388916,0,2015,1
-128.19375,28.14375,19.462854385376,0.0700812190771103,0,2015,1
-138.39375,26.83125,21.3827037811279,0.0714869722723961,0,2015,1
-127.44375,26.79375,19.9944324493408,0.0729251727461815,0,2015,1
-138.76875,28.93125,20.31471824646,0.0716598331928253,0,2015,1
-156.99375,43.59375,8.93060398101807,0.422715276479721,0,2015,1
-125.04375,45.54375,12.1728868484497,0.777861475944519,0,2015,1
-120.76875,26.79375,19.7812671661377,0.141579642891884,0,2015,1
-155.04375,43.40625,8.93303298950195,0.513609170913696,0,2015,1
-147.16875,48.61875,7.26692295074463,0.184842601418495,0,2015,1
-125.04375,28.89375,19.4111938476562,0.0711322352290154,0,2015,1
-146.08125,45.99375,9.16020393371582,0.412848263978958,0,2015,1
-126.39375,43.93125,12.3410701751709,0.601529359817505,0,2015,1
-126.35625,43.40625,12.1137428283691,0.601057708263397,0,2015,1
-136.55625,29.90625,20.0192852020264,0.0669873058795929,0,2015,1
-146.86875,47.04375,8.10347747802734,0.252821832895279,0,2015,1
-151.44375,46.25625,8.14442825317383,0.403773695230484,0,2015,1
-152.11875,45.20625,8.37544059753418,0.285782694816589,0,2015,1
-127.36875,28.81875,19.11962890625,0.0721476823091507,0,2015,1
-153.01875,43.66875,9.07798480987549,0.31011700630188,0,2015,1
-126.46875,27.54375,19.3911743164062,0.0698402002453804,0,2015,1
-149.38125,49.85625,6.38177394866943,0.529046714305878,0,2015,1
-128.75625,28.21875,19.6923046112061,0.0762108564376831,0,2015,1
-125.11875,25.89375,20.1520481109619,0.0619239322841167,0,2015,1
-134.64375,34.18125,17.898380279541,0.0725699290633202,0,2015,1
-117.61875,26.94375,19.8859672546387,0.178597256541252,0,2015,1
-156.61875,43.78125,8.95060157775879,0.398647218942642,0,2015,1
-150.84375,46.89375,7.44197034835815,0.486500859260559,0,2015,1
-139.25625,29.53125,19.9636459350586,0.0738922879099846,0,2015,1
-146.30625,49.85625,7.5748724937439,0.461807489395142,0,2015,1
-138.91875,47.79375,9.84182357788086,0.331385374069214,0,2015,1
-139.85625,30.84375,19.2958564758301,0.0727523937821388,0,2015,1
-144.13125,47.23125,9.34524059295654,0.586891949176788,0,2015,1
-121.21875,26.86875,19.7870197296143,0.132208272814751,0,2015,1
-136.25625,29.60625,19.9942150115967,0.0644391253590584,0,2015,1
-138.84375,46.10625,10.186728477478,0.778451979160309,0,2015,1
-129.46875,26.64375,20.487361907959,0.082677036523819,0,2015,1
-149.83125,46.63125,7.80304670333862,0.266788959503174,0,2015,1
-134.60625,29.26875,19.9570732116699,0.0728389620780945,0,2015,1
-154.81875,44.49375,8.21818542480469,0.758018791675568,0,2015,1
-145.48125,49.51875,7.65866661071777,0.24207429587841,0,2015,1
-126.91875,25.78125,20.2704849243164,0.0761263743042946,0,2015,1
-143.86875,47.75625,9.12365818023682,0.294246584177017,0,2015,1
-124.81875,43.33125,13.1267642974854,0.729313671588898,0,2015,1
-123.20625,25.10625,20.586238861084,0.0713445022702217,0,2015,1
-155.41875,42.39375,9.64939117431641,0.46043860912323,0,2015,1
-137.38125,26.26875,21.0619678497314,0.0609504766762257,0,2015,1
-158.30625,41.64375,9.89955902099609,0.613953113555908,0,2015,1
-123.43125,27.01875,19.5062274932861,0.0756861418485641,0,2015,1
-116.94375,25.81875,20.2285232543945,0.144390791654587,0,2015,1
-141.95625,29.64375,20.3019504547119,0.0637862682342529,0,2015,1
-133.03125,29.45625,19.6761455535889,0.0706497058272362,0,2015,1
-130.78125,26.71875,20.6032886505127,0.0708823874592781,0,2015,1
-139.10625,47.53125,9.69457817077637,0.418904185295105,0,2015,1
-142.36875,51.31875,8.09104919433594,0.471106857061386,0,2015,1
-131.68125,30.80625,19.0147800445557,0.0690765082836151,0,2015,1
-143.45625,29.19375,20.5793762207031,0.0764389261603355,0,2015,1
-150.09375,44.83125,9.02030467987061,0.314123213291168,0,2015,1
-134.15625,49.06875,9.48504257202148,0.228421941399574,0,2015,1
-156.95625,44.49375,7.83647441864014,0.515180885791779,0,2015,1
-138.58125,49.29375,9.12384033203125,0.223109722137451,0,2015,1
-143.11875,31.89375,19.4559268951416,0.087745413184166,0,2015,1
-141.80625,42.24375,11.764121055603,0.597714304924011,0,2015,1
-157.06875,42.20625,9.72868633270264,0.707195520401001,0,2015,1
-155.86875,42.84375,9.29263210296631,0.554828882217407,0,2015,1
-132.28125,30.88125,18.8640842437744,0.0645043328404427,0,2015,1
-139.48125,26.90625,21.6501426696777,0.0701023191213608,0,2015,1
-132.24375,30.91875,18.8610134124756,0.0657328069210052,0,2015,1
-136.66875,28.18125,20.6648597717285,0.0676415711641312,0,2015,1
-146.15625,47.38125,8.19453430175781,0.198363691568375,0,2015,1
-131.83125,42.31875,13.0728902816772,0.867246985435486,0,2015,1
-131.41875,30.80625,19.0217819213867,0.0691186711192131,0,2015,1
-152.19375,48.76875,6.31793880462646,0.465313166379929,0,2015,1
-152.26875,43.33125,9.59246444702148,0.383072048425674,0,2015,1
-124.63125,38.00625,14.5350408554077,0.741044461727142,0,2015,1
-155.90625,42.46875,9.30386066436768,0.455666065216064,0,2015,1
-119.34375,27.01875,19.6948947906494,0.150567159056664,0,2015,1
-138.43125,29.60625,20.1599464416504,0.0756132081151009,0,2015,1
-139.89375,28.44375,20.9113731384277,0.0809655413031578,0,2015,1
-114.54375,26.75625,20.4012641906738,0.159232467412949,0,2015,1
-125.68125,26.34375,20.3981590270996,0.0753397420048714,0,2015,1
-133.66875,29.94375,19.4367351531982,0.0688802897930145,0,2015,1
-124.29375,37.18125,14.5164051055908,0.635789453983307,0,2015,1
-144.84375,45.61875,9.41674423217773,0.37032413482666,0,2015,1
-130.55625,25.93125,20.8772754669189,0.0702536553144455,0,2015,1
-114.88125,29.23125,18.3181896209717,0.68206250667572,0,2015,1
-137.64375,28.10625,20.3437919616699,0.0660456195473671,0,2015,1
-115.59375,29.49375,17.6768131256104,0.654516100883484,0,2015,1
-150.31875,48.61875,6.89731740951538,0.389964759349823,0,2015,1
-124.18125,39.31875,13.6741027832031,0.820843994617462,0,2015,1
-128.79375,27.05625,20.073860168457,0.0787315517663956,0,2015,1
-120.84375,26.83125,19.7695598602295,0.148986220359802,0,2015,1
-156.73125,42.69375,9.51506996154785,0.498144507408142,0,2015,1
-142.48125,28.06875,21.1692733764648,0.0794159173965454,0,2015,1
-153.54375,46.33125,7.5995888710022,0.28158050775528,0,2015,1
-141.43125,47.49375,9.66153526306152,0.4218989610672,0,2015,1
-126.31875,26.71875,20.5271530151367,0.0768971666693687,0,2015,1
-139.03125,50.94375,8.56283092498779,0.220640286803246,0,2015,1
-152.53125,48.13125,6.25417995452881,0.393977671861649,0,2015,1
-135.50625,31.03125,19.6144409179688,0.076262503862381,0,2015,1
-151.33125,46.63125,7.69971752166748,0.199644848704338,0,2015,1
-133.25625,27.61875,20.7017688751221,0.0788210481405258,0,2015,1
-127.06875,43.85625,11.7724761962891,0.649901747703552,0,2015,1
-155.60625,44.75625,8.23781967163086,0.421035140752792,0,2015,1
-124.10625,28.89375,19.292200088501,0.0697964280843735,0,2015,1
-150.24375,45.88125,8.69724464416504,0.324902534484863,0,2015,1
-147.01875,50.04375,7.49072885513306,0.359578281641006,0,2015,1
-138.16875,46.70625,9.99292278289795,1.53962445259094,0,2015,1
-156.46875,42.01875,9.48843765258789,0.49305385351181,0,2015,1
-140.23125,29.19375,20.2915725708008,0.073378711938858,0,2015,1
-156.58125,44.49375,8.04137229919434,0.615089654922485,0,2015,1
-130.21875,28.93125,19.626256942749,0.0755427554249763,0,2015,1
-137.68125,29.98125,19.8343620300293,0.0724414438009262,0,2015,1
-128.90625,28.63125,19.5398921966553,0.0736185908317566,0,2015,1
-141.01875,28.66875,20.6749935150146,0.0683447495102882,0,2015,1
-144.84375,46.14375,9.10670948028564,0.36586582660675,0,2015,1
-130.78125,32.04375,18.4770698547363,0.0724896788597107,0,2015,1
-130.29375,26.34375,20.6032409667969,0.078709676861763,0,2015,1
-129.50625,28.21875,19.7716884613037,0.0825562477111816,0,2015,1
-136.74375,29.71875,20.0342273712158,0.0691628903150558,0,2015,1
-128.56875,26.71875,20.1633243560791,0.0737760066986084,0,2015,1
-152.15625,46.89375,7.21990251541138,0.375272214412689,0,2015,1
-122.00625,26.30625,20.1886081695557,0.0860104784369469,0,2015,1
-143.86875,28.74375,20.9105072021484,0.0833122208714485,0,2015,1
-126.13125,27.80625,19.7498626708984,0.0732759833335876,0,2015,1
-131.83125,26.79375,20.6959457397461,0.0707029327750206,0,2015,1
-123.88125,27.01875,19.5198020935059,0.0754523053765297,0,2015,1
-124.36875,46.93125,10.6609582901001,3.12156009674072,0,2015,1
-151.96875,43.63125,9.4232006072998,0.361570566892624,0,2015,1
-129.31875,27.05625,20.3974018096924,0.0658121854066849,0,2015,1
-142.33125,49.25625,8.42850685119629,0.467708319425583,0,2015,1
-145.36875,51.24375,7.6219687461853,0.100269995629787,0,2015,1
-136.96875,28.18125,20.3493022918701,0.0711387619376183,0,2015,1
-130.48125,26.08125,20.7392921447754,0.0754967927932739,0,2015,1
-156.43125,45.46875,7.4578971862793,0.386933267116547,0,2015,1
-137.45625,30.01875,19.6655578613281,0.0679938793182373,0,2015,1
-151.59375,48.35625,6.40855741500854,0.370137691497803,0,2015,1
-151.85625,44.41875,8.7870512008667,0.238756537437439,0,2015,1
-132.20625,31.03125,18.7747440338135,0.0700543001294136,0,2015,1
-153.95625,43.70625,8.73093605041504,0.42193678021431,0,2015,1
-127.59375,43.36875,11.6650514602661,0.597964704036713,0,2015,1
-129.65625,26.56875,20.4979343414307,0.083609513938427,0,2015,1
-125.11875,47.68125,11.3065166473389,0.738472938537598,0,2015,1
-143.56875,29.00625,20.8396320343018,0.0841239243745804,0,2015,1
-114.09375,27.69375,18.5207481384277,6.8931827545166,0,2015,1
-150.24375,45.20625,8.99013423919678,0.33488604426384,0,2015,1
-114.16875,26.83125,20.2701587677002,0.188644483685493,0,2015,1
-135.76875,31.06875,19.5847587585449,0.0652992129325867,0,2015,1
-150.58125,43.81875,9.44840812683105,0.27322244644165,0,2015,1
-145.70625,48.58125,8.05727481842041,0.262224406003952,0,2015,1
-151.33125,46.70625,7.45187997817993,0.155231550335884,0,2015,1
-136.55625,28.18125,20.7115230560303,0.0674062743782997,0,2015,1
-141.50625,48.54375,9.16768264770508,0.39201420545578,0,2015,1
-134.04375,30.91875,19.2153377532959,0.073103167116642,0,2015,1
-125.90625,26.79375,20.5658512115479,0.0758319422602654,0,2015,1
-127.59375,27.24375,19.7369117736816,0.0721413120627403,0,2015,1
-127.44375,25.40625,20.4847793579102,0.0761806219816208,0,2015,1
-136.40625,31.40625,18.4282875061035,0.0577879585325718,0,2015,1
-152.64375,45.39375,8.1617956161499,0.404335528612137,0,2015,1
-155.64375,43.93125,8.59012699127197,0.399325877428055,0,2015,1
-132.01875,27.58125,20.4231109619141,0.0779153034090996,0,2015,1
-133.03125,26.34375,20.8356342315674,0.0721012353897095,0,2015,1
-140.23125,49.14375,8.80591869354248,0.818577826023102,0,2015,1
-137.75625,28.70625,20.0878658294678,0.0674532800912857,0,2015,1
-155.04375,44.00625,8.54189872741699,0.49734690785408,0,2015,1
-148.06875,49.10625,6.87572765350342,0.481457620859146,0,2015,1
-156.58125,41.71875,9.68663311004639,0.369905531406403,0,2015,1
-120.88125,25.40625,19.740161895752,0.117519348859787,0,2015,1
-149.15625,46.51875,8.04361343383789,0.207172080874443,0,2015,1
-130.03125,26.90625,20.508659362793,0.0797182098031044,0,2015,1
-135.84375,32.00625,18.4846153259277,0.0615655891597271,0,2015,1
-138.80625,29.34375,20.261194229126,0.0771462917327881,0,2015,1
-142.85625,47.08125,9.61102294921875,0.488346517086029,0,2015,1
-143.41875,46.36875,9.48368263244629,0.392494201660156,0,2015,1
-136.74375,27.99375,20.6726608276367,0.0727854073047638,0,2015,1
-143.38125,47.45625,9.45011520385742,0.429912567138672,0,2015,1
-158.11875,42.76875,9.23138236999512,0.460940629243851,0,2015,1
-147.69375,45.05625,9.30103874206543,0.423195064067841,0,2015,1
-155.00625,45.84375,7.42241048812866,0.363343894481659,0,2015,1
-123.69375,37.85625,14.0903577804565,0.845194399356842,0,2015,1
-142.10625,47.53125,9.76380252838135,0.343310177326202,0,2015,1
-143.26875,50.41875,8.08574676513672,0.308123677968979,0,2015,1
-153.80625,44.11875,8.46989250183105,0.408649891614914,0,2015,1
-136.66875,30.58125,19.0532035827637,0.0624552965164185,0,2015,1
-114.99375,29.26875,18.272554397583,0.657885909080505,0,2015,1
-139.96875,29.83125,20.0439529418945,0.077732540667057,0,2015,1
-146.64375,49.36875,7.19055604934692,0.236210152506828,0,2015,1
-146.90625,46.21875,8.82447624206543,0.290719389915466,0,2015,1
-127.33125,44.04375,11.6319303512573,0.592330873012543,0,2015,1
-142.03125,29.49375,20.2080326080322,0.0683619007468224,0,2015,1
-119.34375,26.98125,19.7529487609863,0.149479478597641,0,2015,1
-143.75625,29.00625,20.8456001281738,0.0846434533596039,0,2015,1
-151.55625,47.26875,6.96881055831909,0.281758248806,0,2015,1
-134.71875,32.19375,18.7181606292725,0.0688659846782684,0,2015,1
-126.99375,47.15625,10.8083610534668,0.812167823314667,0,2015,1
-139.36875,48.58125,9.48542404174805,0.371189415454865,0,2015,1
-151.74375,47.15625,7.05586338043213,0.299529820680618,0,2015,1
-135.99375,26.53125,21.3670387268066,0.0737238302826881,0,2015,1
-130.93125,50.04375,9.79330921173096,0.305687993764877,0,2015,1
-136.89375,28.74375,20.4020156860352,0.0658213198184967,0,2015,1
-134.34375,31.55625,19.0400466918945,0.0726121738553047,0,2015,1
-122.23125,27.16875,19.8697547912598,0.0930938497185707,0,2015,1
-137.00625,32.71875,17.6806716918945,0.0726376995444298,0,2015,1
-135.99375,30.69375,19.6493587493896,0.0656837001442909,0,2015,1
-156.16875,44.86875,8.16915321350098,0.511691510677338,0,2015,1
-150.20625,45.91875,8.69854927062988,0.355021893978119,0,2015,1
-139.33125,30.20625,19.6674194335938,0.077335812151432,0,2015,1
-131.38125,26.45625,20.7580890655518,0.0777771845459938,0,2015,1
-153.31875,48.13125,6.02660894393921,0.496328890323639,0,2015,1
-127.18125,26.56875,19.739818572998,0.0657791718840599,0,2015,1
-135.46875,30.13125,19.8410339355469,0.0771773681044579,0,2015,1
-131.79375,30.76875,19.0618591308594,0.0730373859405518,0,2015,1
-140.83125,47.83125,9.48954772949219,0.350820064544678,0,2015,1
-147.16875,49.70625,7.17466831207275,0.47371968626976,0,2015,1
-126.95625,28.55625,18.9354572296143,0.0724471658468246,0,2015,1
-131.71875,29.00625,19.7669563293457,0.0698474645614624,0,2015,1
-140.15625,46.89375,9.81179714202881,0.725632667541504,0,2015,1
-115.51875,29.64375,17.2037963867188,2.48142218589783,0,2015,1
-114.84375,26.79375,20.3254337310791,0.160834670066833,0,2015,1
-141.09375,47.30625,9.75677299499512,0.407107025384903,0,2015,1
-123.39375,37.06875,14.5297927856445,0.663109540939331,0,2015,1
-130.70625,30.84375,19.1990833282471,0.0699691995978355,0,2015,1
-152.34375,43.70625,9.43446636199951,0.307766377925873,0,2015,1
-132.28125,31.81875,18.3664798736572,0.0720719769597054,0,2015,1
-152.45625,44.15625,9.09289932250977,0.355308443307877,0,2015,1
-129.43125,29.98125,19.1884326934814,0.0713755786418915,0,2015,1
-145.66875,48.24375,8.38002681732178,0.203882351517677,0,2015,1
-124.93125,28.25625,19.5740909576416,0.0751243755221367,0,2015,1
-146.75625,46.74375,8.29413890838623,0.20151199400425,0,2015,1
-128.00625,28.63125,19.3664722442627,0.0659762546420097,0,2015,1
-141.50625,27.84375,20.8659114837646,0.0713695958256721,0,2015,1
-116.64375,25.48125,20.4330272674561,0.125829234719276,0,2015,1
-135.09375,33.16875,18.5207271575928,0.0731155425310135,0,2015,1
-159.05625,41.30625,9.81239604949951,0.511796057224274,0,2015,1
-149.49375,48.84375,6.62114334106445,0.323579668998718,0,2015,1
-132.46875,29.53125,19.6584491729736,0.0777736976742744,0,2015,1
-142.70625,29.83125,20.1951236724854,0.0796894654631615,0,2015,1
-137.11875,27.09375,20.8370742797852,0.0701291710138321,0,2015,1
-129.95625,30.65625,19.2707805633545,0.0730090290307999,0,2015,1
-136.81875,31.63125,18.3149356842041,0.0681889802217484,0,2015,1
-158.71875,42.46875,9.3292179107666,0.465608716011047,0,2015,1
-145.63125,41.79375,11.4568662643433,0.609335660934448,0,2015,1
-145.21875,30.13125,19.6245365142822,0.0792969986796379,0,2015,1
-137.30625,47.94375,9.68121433258057,0.201268881559372,0,2015,1
-139.81875,29.19375,20.3527927398682,0.0671904236078262,0,2015,1
-126.69375,25.40625,20.8150787353516,0.0820858851075172,0,2015,1
-133.48125,26.75625,20.7017402648926,0.0808801129460335,0,2015,1
-116.64375,28.33125,19.4299659729004,0.292021721601486,0,2015,1
-135.76875,31.70625,19.0557098388672,0.0621208474040031,0,2015,1
-144.65625,29.56875,19.7890968322754,0.0757432579994202,0,2015,1
-153.09375,44.56875,8.34545421600342,0.479833871126175,0,2015,1
-125.11875,47.23125,11.5586538314819,0.598425209522247,0,2015,1
-130.51875,27.35625,20.5859527587891,0.0734641999006271,0,2015,1
-127.55625,43.59375,11.6070833206177,0.689367473125458,0,2015,1
-136.63125,27.76875,20.9320201873779,0.0752879902720451,0,2015,1
-133.33125,32.53125,18.1366786956787,0.0713661313056946,0,2015,1
-153.95625,46.29375,7.31932592391968,0.318405717611313,0,2015,1
-149.00625,49.29375,6.42650556564331,0.368555903434753,0,2015,1
-153.84375,47.38125,6.60681200027466,0.250570565462112,0,2015,1
-142.81875,31.18125,19.6647071838379,0.0879260003566742,0,2015,1
-137.86875,31.29375,19.4205951690674,0.072580985724926,0,2015,1
-157.78125,42.95625,9.14070415496826,0.583598077297211,0,2015,1
-154.70625,46.93125,6.56174325942993,0.329754024744034,0,2015,1
-139.59375,47.64375,9.40741157531738,0.333497256040573,0,2015,1
-151.93125,48.20625,6.3902850151062,0.292944133281708,0,2015,1
-125.49375,27.65625,19.7611045837402,0.0738746598362923,0,2015,1
-154.66875,43.14375,9.07909679412842,0.490910291671753,0,2015,1
-139.44375,28.78125,20.583869934082,0.0719553157687187,0,2015,1
-137.45625,27.24375,20.8329658508301,0.0674989968538284,0,2015,1
-120.61875,25.55625,19.5730285644531,0.108685255050659,0,2015,1
-152.94375,43.70625,9.10394477844238,0.312386929988861,0,2015,1
-121.93125,27.05625,19.6422576904297,0.098813958466053,0,2015,1
-141.84375,27.50625,21.3020725250244,0.0728871300816536,0,2015,1
-124.48125,47.15625,10.775333404541,4.04478693008423,0,2015,1
-140.83125,28.40625,20.838134765625,0.06734649091959,0,2015,1
-120.24375,26.15625,19.8272933959961,0.166509285569191,0,2015,1
-142.93125,48.39375,9.11734867095947,0.529476881027222,0,2015,1
-151.96875,44.45625,8.77986907958984,0.347275376319885,0,2015,1
-143.64375,50.00625,8.14298725128174,0.185345113277435,0,2015,1
-144.88125,47.94375,9.02040100097656,0.289384365081787,0,2015,1
-125.00625,43.59375,13.1221160888672,0.75236713886261,0,2015,1
-121.70625,25.03125,20.330150604248,0.0800340324640274,0,2015,1
-135.73125,50.56875,9.07095909118652,0.256292015314102,0,2015,1
-139.40625,27.28125,21.6225776672363,0.0686804428696632,0,2015,1
-138.58125,29.60625,20.0920085906982,0.0755113810300827,0,2015,1
-157.70625,42.35625,9.71907711029053,0.570624053478241,0,2015,1
-128.26875,28.96875,19.3426570892334,0.0638108626008034,0,2015,1
-138.20625,28.85625,20.4211807250977,0.077768363058567,0,2015,1
-134.45625,30.84375,19.4713916778564,0.0721459537744522,0,2015,1
-158.60625,39.99375,10.6262645721436,0.618452608585358,0,2015,1
-136.63125,27.09375,21.0964069366455,0.0752410739660263,0,2015,1
-147.76875,45.24375,9.05945014953613,0.30291748046875,0,2015,1
-140.60625,50.53125,8.27462291717529,0.23491807281971,0,2015,1
-124.40625,40.89375,13.3328619003296,0.844669103622437,0,2015,1
-146.34375,46.66875,8.47248840332031,0.402351975440979,0,2015,1
-145.10625,29.90625,19.6433162689209,0.0743772983551025,0,2015,1
-143.83125,45.73125,9.6190710067749,0.311232686042786,0,2015,1
-137.49375,48.24375,9.61200904846191,0.377336025238037,0,2015,1
-124.63125,26.49375,19.9132480621338,0.0723426789045334,0,2015,1
-131.04375,31.18125,18.9534931182861,0.0705009922385216,0,2015,1
-144.65625,30.99375,18.9119625091553,0.0713205188512802,0,2015,1
-146.26875,45.99375,9.15448665618896,0.344062715768814,0,2015,1
-142.89375,30.91875,19.706335067749,0.0826902687549591,0,2015,1
-132.50625,29.71875,19.6136589050293,0.0769055113196373,0,2015,1
-139.63125,47.56875,9.39101028442383,0.407334685325623,0,2015,1
-129.24375,26.00625,20.5206813812256,0.0711504444479942,0,2015,1
-139.48125,48.76875,9.3139762878418,0.513522922992706,0,2015,1
-143.23125,48.05625,9.48072528839111,0.332693696022034,0,2015,1
-125.90625,27.58125,20.1906299591064,0.075758159160614,0,2015,1
-140.56875,50.26875,8.52525806427002,0.527681589126587,0,2015,1
-133.55625,30.54375,19.0290031433105,0.0673941448330879,0,2015,1
-140.86875,27.91875,21.0627593994141,0.0711746066808701,0,2015,1
-150.65625,44.79375,8.83788776397705,0.324364066123962,0,2015,1
-156.16875,42.39375,9.39209079742432,0.345680296421051,0,2015,1
-119.38125,25.48125,20.4245052337646,0.119701012969017,0,2015,1
-140.86875,51.09375,8.20351028442383,0.350160479545593,0,2015,1
-118.78125,27.05625,19.5667762756348,0.2211784273386,0,2015,1
-140.11875,30.46875,19.734302520752,0.0668206959962845,0,2015,1
-143.26875,31.36875,19.5762252807617,0.0831700563430786,0,2015,1
-143.23125,30.99375,19.5728950500488,0.0866746231913567,0,2015,1
-125.04375,44.86875,12.5794305801392,0.644834399223328,0,2015,1
-143.53125,46.96875,9.23413276672363,0.483109772205353,0,2015,1
-152.23125,43.18125,9.65289688110352,0.357561707496643,0,2015,1
-139.70625,49.66875,8.69841480255127,0.302799224853516,0,2015,1
-148.63125,44.08125,9.68939018249512,0.255436688661575,0,2015,1
-135.09375,29.83125,19.8133182525635,0.07735226303339,0,2015,1
-120.84375,26.71875,19.7109851837158,0.157669901847839,0,2015,1
-139.33125,27.65625,21.288553237915,0.0776664391160011,0,2015,1
-125.56875,45.39375,11.6206388473511,0.686327695846558,0,2015,1
-129.76875,28.29375,19.8291778564453,0.0741611048579216,0,2015,1
-153.31875,42.73125,9.26158142089844,0.396452307701111,0,2015,1
-142.29375,48.95625,8.84664726257324,0.464117586612701,0,2015,1
-152.45625,47.41875,6.73841667175293,0.184304311871529,0,2015,1
-131.45625,28.78125,19.7949390411377,0.0677968338131905,0,2015,1
-121.93125,25.96875,20.3100261688232,0.0827249437570572,0,2015,1
-153.69375,46.29375,7.49521398544312,0.355457842350006,0,2015,1
-122.79375,28.25625,19.7932453155518,0.0962896421551704,0,2015,1
-151.33125,47.08125,7.19618368148804,0.300384342670441,0,2015,1
-124.10625,26.23125,20.1047611236572,0.0703861117362976,0,2015,1
-146.94375,48.35625,7.33839082717896,0.242645889520645,0,2015,1
-135.80625,32.34375,18.4033012390137,0.0668250396847725,0,2015,1
-126.65625,25.96875,20.5912933349609,0.0728477314114571,0,2015,1
-151.89375,45.65625,8.08289337158203,0.384992510080338,0,2015,1
-123.31875,26.34375,20.0037231445312,0.0749416649341583,0,2015,1
-134.04375,30.05625,19.4620494842529,0.0735253617167473,0,2015,1
-118.66875,26.11875,20.8302536010742,0.0962141156196594,0,2015,1
-154.70625,42.91875,9.37307739257812,0.381356298923492,0,2015,1
-134.49375,28.29375,20.2407493591309,0.0734910890460014,0,2015,1
-147.28125,50.38125,7.24063968658447,0.401899397373199,0,2015,1
-146.68125,49.70625,7.44433784484863,0.347037881612778,0,2015,1
-147.95625,50.19375,6.88402700424194,0.514482140541077,0,2015,1
-146.41875,48.88125,7.51404762268066,0.207813948392868,0,2015,1
-131.75625,30.95625,18.9374561309814,0.0697110071778297,0,2015,1
-137.68125,29.68125,19.9036254882812,0.0709851533174515,0,2015,1
-128.08125,27.28125,19.748384475708,0.0713322833180428,0,2015,1
-145.44375,47.64375,8.68476009368896,0.303950190544128,0,2015,1
-157.03125,43.36875,9.07559490203857,0.35606050491333,0,2015,1
-142.03125,48.39375,9.50168991088867,0.340941995382309,0,2015,1
-159.76875,42.16875,9.5032901763916,0.563844203948975,0,2015,1
-142.74375,29.68125,20.199728012085,0.0805167108774185,0,2015,1
-137.30625,29.68125,19.8665561676025,0.0685480684041977,0,2015,1
-125.23125,40.78125,13.3737382888794,0.628897786140442,0,2015,1
-124.51875,25.40625,20.516170501709,0.0759848356246948,0,2015,1
-142.29375,50.71875,8.12358570098877,0.461359232664108,0,2015,1
-126.84375,43.48125,11.8069686889648,0.737463235855103,0,2015,1
-139.21875,30.24375,19.6234741210938,0.0786591246724129,0,2015,1
-136.85625,28.74375,20.428768157959,0.0676208138465881,0,2015,1
-132.65625,26.11875,20.8389358520508,0.0701899304986,0,2015,1
-142.36875,30.16875,20.2363662719727,0.0764576494693756,0,2015,1
-136.21875,31.93125,18.412899017334,0.0609252750873566,0,2015,1
-134.38125,30.31875,19.4498062133789,0.0680934861302376,0,2015,1
-125.79375,41.98125,12.8222875595093,0.643280208110809,0,2015,1
-149.41875,46.93125,7.7728328704834,0.211276978254318,0,2015,1
-145.81875,49.18125,7.66225242614746,0.167296200990677,0,2015,1
-140.08125,27.20625,21.4727020263672,0.073604553937912,0,2015,1
-139.59375,47.71875,9.40571689605713,0.355291843414307,0,2015,1
-116.94375,26.60625,20.040491104126,0.217885866761208,0,2015,1
-147.31875,47.23125,7.90969228744507,0.248944014310837,0,2015,1
-133.48125,32.64375,18.220832824707,0.0722156316041946,0,2015,1
-133.48125,31.66875,18.6999969482422,0.0691892579197884,0,2015,1
-131.90625,27.20625,20.6915378570557,0.0750285238027573,0,2015,1
-156.65625,44.00625,8.43527412414551,0.405484050512314,0,2015,1
-141.13125,27.91875,20.7064094543457,0.0694204941391945,0,2015,1
-132.20625,50.11875,9.46627902984619,0.246762871742249,0,2015,1
-133.14375,27.39375,20.7015914916992,0.0857941284775734,0,2015,1
-147.05625,49.33125,6.98987865447998,0.282013058662415,0,2015,1
-148.89375,40.74375,11.3549318313599,0.6140376329422,0,2015,1
-135.50625,31.89375,19.0918006896973,0.0679941400885582,0,2015,1
-124.85625,45.05625,12.5805110931396,0.584726095199585,0,2015,1
-129.91875,26.90625,20.4995174407959,0.0753967240452766,0,2015,1
-154.51875,46.10625,7.16113758087158,0.289569526910782,0,2015,1
-130.18125,26.68125,20.5220794677734,0.0771909430623055,0,2015,1
-150.91875,43.63125,9.35329341888428,0.305095583200455,0,2015,1
-141.28125,49.06875,8.71875667572021,0.503103375434875,0,2015,1
-135.31875,28.89375,20.3714790344238,0.0663879811763763,0,2015,1
-143.08125,46.48125,9.4945125579834,0.41845116019249,0,2015,1
-140.04375,47.94375,9.3943567276001,0.402644217014313,0,2015,1
-125.79375,42.95625,12.7168912887573,0.720111310482025,0,2015,1
-140.08125,30.01875,19.9527435302734,0.0796783715486526,0,2015,1
-127.66875,25.78125,20.21409034729,0.0694210976362228,0,2015,1
-133.18125,50.79375,8.97920322418213,0.212914317846298,0,2015,1
-137.79375,29.53125,19.9029903411865,0.069371335208416,0,2015,1
-129.58125,26.26875,20.4474487304688,0.0770761296153069,0,2015,1
-138.99375,48.31875,9.73004817962646,0.645216226577759,0,2015,1
-153.95625,46.74375,6.77837800979614,0.338157504796982,0,2015,1
-130.21875,29.26875,19.4751281738281,0.0697346776723862,0,2015,1
-150.50625,43.55625,9.75924968719482,0.300457447767258,0,2015,1
-133.36875,29.60625,19.633544921875,0.0725410506129265,0,2015,1
-145.70625,49.89375,7.58692979812622,0.509129464626312,0,2015,1
-152.83125,47.23125,6.93178129196167,0.242626249790192,0,2015,1
-135.16875,30.46875,19.7603416442871,0.0792157649993896,0,2015,1
-136.70625,26.41875,21.2829246520996,0.0640619620680809,0,2015,1
-157.14375,42.35625,9.70714473724365,0.336356937885284,0,2015,1
-116.53125,31.29375,16.8877182006836,0.606784701347351,0,2015,1
-139.10625,31.44375,18.8349380493164,0.0649749413132668,0,2015,1
-127.85625,28.06875,19.2199687957764,0.068199947476387,0,2015,1
-136.78125,32.08125,17.9555912017822,0.0722343176603317,0,2015,1
-139.55625,48.69375,9.3529224395752,0.39382392168045,0,2015,1
-155.60625,42.13125,9.58709526062012,0.325078785419464,0,2015,1
-122.56875,36.31875,14.8073148727417,0.697759091854095,0,2015,1
-149.08125,44.49375,9.23816013336182,0.205183297395706,0,2015,1
-123.69375,25.36875,20.4790992736816,0.0741031914949417,0,2015,1
-132.35625,30.99375,18.826416015625,0.0675924271345139,0,2015,1
-154.74375,45.43125,7.79159593582153,0.379765510559082,0,2015,1
-155.23125,42.61875,9.4549617767334,0.425842255353928,0,2015,1
-140.23125,47.15625,9.57882785797119,0.367632985115051,0,2015,1
-149.86875,49.25625,6.44450044631958,0.653917133808136,0,2015,1
-130.10625,28.63125,19.8135280609131,0.0729482546448708,0,2015,1
-137.71875,29.83125,19.8528938293457,0.066002644598484,0,2015,1
-126.65625,27.46875,19.1981029510498,0.0710859894752502,0,2015,1
-147.28125,46.89375,8.21243286132812,0.279751300811768,0,2015,1
-139.74375,27.65625,21.383207321167,0.0796719044446945,0,2015,1
-115.21875,25.93125,20.4074459075928,0.185507729649544,0,2015,1
-119.26875,25.78125,20.6261253356934,0.107670478522778,0,2015,1
-153.73125,47.38125,6.69905948638916,0.302556395530701,0,2015,1
-138.58125,30.46875,19.646089553833,0.0717164650559425,0,2015,1
-130.44375,27.16875,20.6149559020996,0.074135422706604,0,2015,1
-130.48125,29.49375,19.4480762481689,0.0666813030838966,0,2015,1
-140.86875,30.91875,19.2973041534424,0.0689466372132301,0,2015,1
-140.75625,29.26875,19.981517791748,0.0679614990949631,0,2015,1
-135.58125,30.69375,19.7602825164795,0.0753027126193047,0,2015,1
-147.13125,48.58125,7.29366016387939,0.166644990444183,0,2015,1
-120.84375,35.15625,15.2319622039795,0.826167166233063,0,2015,1
-138.54375,26.86875,21.5253772735596,0.0664031058549881,0,2015,1
-141.31875,48.54375,9.08880233764648,0.642183244228363,0,2015,1
-130.25625,25.66875,20.9719867706299,0.0807601809501648,0,2015,1
-123.65625,38.26875,14.077467918396,0.79772537946701,0,2015,1
-122.94375,28.44375,19.762674331665,0.100504629313946,0,2015,1
-126.24375,26.90625,20.3657283782959,0.0772485211491585,0,2015,1
-130.06875,29.60625,19.4339427947998,0.0700593739748001,0,2015,1
-137.00625,29.94375,19.7695960998535,0.06793612241745,0,2015,1
-119.00625,25.25625,20.7619190216064,0.105034627020359,0,2015,1
-137.90625,29.60625,19.93701171875,0.0649281293153763,0,2015,1
-135.76875,29.60625,19.9789524078369,0.0683198943734169,0,2015,1
-153.95625,44.00625,8.55923748016357,0.32163667678833,0,2015,1
-134.41875,29.86875,19.5441932678223,0.0711028203368187,0,2015,1
-124.89375,42.73125,13.1674718856812,0.72712779045105,0,2015,1
-136.81875,48.61875,9.31587696075439,0.602858901023865,0,2015,1
-155.11875,42.88125,9.38730430603027,0.379591137170792,0,2015,1
-150.91875,48.24375,6.70094203948975,0.488622814416885,0,2015,1
-134.94375,29.30625,19.9188690185547,0.0738744214177132,0,2015,1
-124.63125,46.06875,12.0769176483154,0.991974294185638,0,2015,1
-152.08125,43.14375,9.66382217407227,0.356348544359207,0,2015,1
-136.55625,30.39375,19.3873062133789,0.0643026977777481,0,2015,1
-121.89375,35.98125,15.1030206680298,0.638715028762817,0,2015,1
-140.98125,30.65625,19.5188598632812,0.0705312713980675,0,2015,1
-139.93125,49.63125,8.73824691772461,0.579716801643372,0,2015,1
-122.56875,26.19375,20.0921058654785,0.0784894749522209,0,2015,1
-154.66875,43.93125,8.50692653656006,0.56516420841217,0,2015,1
-113.79375,26.86875,19.9933032989502,0.483545064926147,0,2015,1
-151.21875,42.61875,9.71601867675781,0.338555634021759,0,2015,1
-127.48125,41.56875,12.3359994888306,0.611586034297943,0,2015,1
-140.19375,47.15625,9.53765678405762,0.433217495679855,0,2015,1
-117.99375,26.79375,19.9980869293213,0.190972626209259,0,2015,1
-122.26875,24.99375,20.8012180328369,0.0732031315565109,0,2015,1
-127.89375,25.85625,20.2295627593994,0.0707737281918526,0,2015,1
-124.70625,40.78125,13.575385093689,0.903931438922882,0,2015,1
-114.95625,29.00625,18.4745273590088,0.599539875984192,0,2015,1
-145.29375,48.24375,8.80451393127441,0.347496777772903,0,2015,1
-133.25625,27.69375,20.6984348297119,0.0773759931325912,0,2015,1
-127.96875,44.86875,11.284291267395,0.93225359916687,0,2015,1
-145.03125,47.94375,8.96138858795166,0.336770087480545,0,2015,1
-138.91875,48.80625,9.45395088195801,0.981486558914185,0,2015,1
-153.20625,42.84375,9.12826061248779,0.275154322385788,0,2015,1
-133.21875,26.83125,20.7294120788574,0.0785366147756577,0,2015,1
-142.63125,47.30625,9.78312301635742,0.41378253698349,0,2015,1
-152.30625,46.33125,7.65879678726196,0.280763328075409,0,2015,1
-124.21875,36.54375,14.5714387893677,0.582046091556549,0,2015,1
-143.49375,47.08125,9.33759880065918,0.567734003067017,0,2015,1
-116.34375,25.89375,20.9364528656006,0.153085619211197,0,2015,1
-140.60625,31.06875,19.3192501068115,0.0702137425541878,0,2015,1
-143.19375,30.43125,19.8063297271729,0.0743915438652039,0,2015,1
-117.95625,27.01875,19.959400177002,0.173486307263374,0,2015,1
-134.79375,29.53125,19.7084903717041,0.0741327032446861,0,2015,1
-141.05625,49.18125,8.64734840393066,0.454244643449783,0,2015,1
-133.06875,29.04375,19.8588638305664,0.0679423063993454,0,2015,1
-137.41875,47.94375,9.7207555770874,0.253648549318314,0,2015,1
-138.95625,28.36875,20.5017795562744,0.0724784880876541,0,2015,1
-139.10625,28.81875,20.1841087341309,0.0725613906979561,0,2015,1
-127.44375,29.41875,19.1804084777832,0.0721179023385048,0,2015,1
-136.29375,26.19375,21.5603485107422,0.0650357827544212,0,2015,1
-139.40625,32.41875,18.7864589691162,0.0729154795408249,0,2015,1
-144.43125,46.55625,9.1942892074585,0.421755313873291,0,2015,1
-140.30625,48.76875,8.93489551544189,0.750032782554626,0,2015,1
-154.48125,43.33125,8.82808113098145,0.455346345901489,0,2015,1
-156.46875,44.41875,8.11572074890137,0.551466584205627,0,2015,1
-119.19375,26.86875,19.6554870605469,0.156939342617989,0,2015,1
-137.26875,27.50625,20.8080425262451,0.0747973173856735,0,2015,1
-143.79375,47.75625,9.15423965454102,0.331994622945786,0,2015,1
-127.48125,42.13125,12.3896427154541,0.668794870376587,0,2015,1
-136.89375,49.89375,8.98653602600098,0.180697441101074,0,2015,1
-154.81875,43.96875,8.5013256072998,0.495586156845093,0,2015,1
-154.33125,47.34375,6.50546026229858,0.363506257534027,0,2015,1
-142.33125,50.41875,8.21610069274902,0.375934720039368,0,2015,1
-137.38125,27.05625,20.8953189849854,0.067914791405201,0,2015,1
-123.31875,28.10625,19.5325622558594,0.0881088301539421,0,2015,1
-115.29375,25.66875,21.1253604888916,0.14838770031929,0,2015,1
-149.60625,47.68125,7.27815103530884,0.293995648622513,0,2015,1
-149.64375,48.91875,6.62699794769287,0.505102455615997,0,2015,1
-146.08125,48.01875,8.13507270812988,0.239995017647743,0,2015,1
-149.90625,44.15625,9.52518081665039,0.319221287965775,0,2015,1
-135.65625,29.08125,20.1107921600342,0.0655918121337891,0,2015,1
-125.94375,45.16875,11.4518785476685,0.595851421356201,0,2015,1
-156.28125,44.30625,8.19226551055908,0.58417159318924,0,2015,1
-149.64375,47.56875,7.41971397399902,0.291837602853775,0,2015,1
-142.29375,30.39375,20.0914516448975,0.0770847871899605,0,2015,1
-134.30625,30.50625,19.309757232666,0.0683415755629539,0,2015,1
-142.33125,30.16875,20.2499675750732,0.0694844126701355,0,2015,1
-143.79375,49.63125,8.03896713256836,0.372956812381744,0,2015,1
-136.25625,30.05625,19.9394130706787,0.0700505971908569,0,2015,1
-126.84375,41.83125,12.6458921432495,0.652395784854889,0,2015,1
-141.46875,50.64375,8.08522701263428,0.408030927181244,0,2015,1
-126.50625,26.64375,20.3869915008545,0.080814965069294,0,2015,1
-131.45625,27.91875,20.2474842071533,0.0790841281414032,0,2015,1
-151.63125,44.56875,8.83572196960449,0.267198204994202,0,2015,1
-146.79375,45.31875,9.45284080505371,0.43068927526474,0,2015,1
-130.25625,25.78125,20.8322811126709,0.0686782523989677,0,2015,1
-131.71875,26.53125,20.6769485473633,0.0756052434444427,0,2015,1
-139.03125,30.95625,19.0808029174805,0.0676318034529686,0,2015,1
-159.84375,41.15625,9.68389892578125,0.339800715446472,0,2015,1
-132.46875,32.41875,18.0592956542969,0.0678819045424461,0,2015,1
-132.31875,30.80625,18.8729724884033,0.0685428380966187,0,2015,1
-124.18125,28.96875,19.2822799682617,0.0731137096881866,0,2015,1
-143.11875,47.75625,9.51567554473877,0.42064043879509,0,2015,1
-143.08125,30.39375,19.967378616333,0.082012265920639,0,2015,1
-131.53125,27.20625,20.6041355133057,0.0739943087100983,0,2015,1
-135.65625,31.36875,19.5205593109131,0.0679511651396751,0,2015,1
-135.05625,29.83125,19.8136787414551,0.0699166283011436,0,2015,1
-135.50625,47.83125,9.90753936767578,1.10227596759796,0,2015,1
-117.05625,26.19375,20.0008926391602,0.216752201318741,0,2015,1
-127.85625,44.60625,11.2963714599609,0.743680119514465,0,2015,1
-148.03125,41.75625,11.0907611846924,0.657436192035675,0,2015,1
-116.53125,26.15625,20.5509586334229,0.151129394769669,0,2015,1
-123.20625,26.68125,19.7136478424072,0.0721065700054169,0,2015,1
-125.49375,42.88125,13.1205673217773,0.722688376903534,0,2015,1
-141.35625,27.80625,20.8543281555176,0.0688857957720757,0,2015,1
-125.34375,28.51875,19.5965442657471,0.0715536028146744,0,2015,1
-140.34375,27.46875,21.3599090576172,0.0796582996845245,0,2015,1
-124.59375,26.53125,19.9234580993652,0.0692808777093887,0,2015,1
-143.00625,40.74375,12.6030645370483,0.580064237117767,0,2015,1
-152.56875,46.55625,7.56758403778076,0.362750113010406,0,2015,1
-127.06875,43.96875,11.8712711334229,0.792694866657257,0,2015,1
-121.48125,26.19375,19.8091125488281,0.0902843922376633,0,2015,1
-155.90625,43.14375,9.14246273040771,0.523323178291321,0,2015,1
-155.60625,43.33125,9.0020580291748,0.455615371465683,0,2015,1
-151.29375,44.79375,8.66592025756836,0.259187310934067,0,2015,1
-148.55625,45.39375,9.03691673278809,0.281111836433411,0,2015,1
-151.33125,47.90625,6.69000625610352,0.496336877346039,0,2015,1
-147.46875,47.56875,7.78593397140503,0.252974838018417,0,2015,1
-146.86875,48.84375,7.23291540145874,0.230755478143692,0,2015,1
-132.65625,27.58125,20.5702037811279,0.0814219787716866,0,2015,1
-139.51875,49.29375,8.94335079193115,0.338119804859161,0,2015,1
-151.74375,44.34375,8.8761510848999,0.318168103694916,0,2015,1
-157.96875,42.24375,9.71227359771729,0.438032448291779,0,2015,1
-129.80625,25.93125,20.7085475921631,0.0757498070597649,0,2015,1
-157.51875,42.46875,9.66063022613525,0.446916997432709,0,2015,1
-153.31875,44.71875,8.39903831481934,0.493821054697037,0,2015,1
-124.93125,41.34375,13.6010494232178,0.605659902095795,0,2015,1
-129.39375,27.80625,19.9680633544922,0.0735040903091431,0,2015,1
-141.58125,29.15625,20.138011932373,0.0735947266221046,0,2015,1
-157.29375,42.46875,9.71685600280762,0.431869447231293,0,2015,1
-138.76875,30.99375,19.1888179779053,0.064941480755806,0,2015,1
-121.14375,26.71875,19.6825008392334,0.129334524273872,0,2015,1
-116.56875,25.59375,20.4848709106445,0.13868410885334,0,2015,1
-153.20625,42.58125,9.57658100128174,0.419386595487595,0,2015,1
-124.48125,46.96875,10.9449939727783,1.69482135772705,0,2015,1
-121.21875,35.41875,15.2101440429688,0.707781732082367,0,2015,1
-147.76875,47.64375,7.66000509262085,0.252504765987396,0,2015,1
-155.79375,43.93125,8.6085319519043,0.464984923601151,0,2015,1
-139.29375,29.60625,19.9553203582764,0.0808212384581566,0,2015,1
-142.10625,47.60625,9.69013690948486,0.338213503360748,0,2015,1
-128.56875,26.38125,20.2265434265137,0.0742354318499565,0,2015,1
-140.23125,34.33125,17.2471332550049,0.0711192414164543,0,2015,1
-122.15625,25.51875,20.3437309265137,0.0725182965397835,0,2015,1
-124.81875,46.06875,12.2020931243896,0.694326341152191,0,2015,1
-150.99375,42.88125,9.69421577453613,0.400942921638489,0,2015,1
-137.64375,48.09375,9.7263069152832,0.333631426095963,0,2015,1
-149.83125,46.25625,8.30246257781982,0.273177713155746,0,2015,1
-154.81875,41.83125,9.79444885253906,0.312891483306885,0,2015,1
-125.60625,42.73125,12.9883270263672,0.62846827507019,0,2015,1
-125.53125,26.11875,20.3366718292236,0.0684192255139351,0,2015,1
-126.13125,26.56875,20.7347888946533,0.0696370303630829,0,2015,1
-135.76875,31.74375,19.0105495452881,0.0570118464529514,0,2015,1
-123.95625,27.54375,19.4638576507568,0.0776988863945007,0,2015,1
-127.40625,43.74375,11.6538829803467,0.808517754077911,0,2015,1
-139.29375,49.74375,8.75253295898438,0.307185888290405,0,2015,1
-125.00625,42.05625,13.3758001327515,0.647881984710693,0,2015,1
-155.15625,45.91875,7.47704792022705,0.294763565063477,0,2015,1
-135.01875,27.28125,21.0813751220703,0.0743390619754791,0,2015,1
-136.36875,28.25625,20.7442321777344,0.0665799230337143,0,2015,1
-150.24375,47.30625,7.47619676589966,0.26044961810112,0,2015,1
-157.21875,42.80625,9.45588397979736,0.52262681722641,0,2015,1
-145.03125,46.55625,9.08108615875244,0.301716834306717,0,2015,1
-124.03125,36.91875,14.486424446106,0.803224265575409,0,2015,1
-135.09375,50.34375,9.23535537719727,0.272994190454483,0,2015,1
-115.14375,25.78125,20.4719047546387,0.182078182697296,0,2015,1
-158.11875,43.18125,8.695387840271,0.405887573957443,0,2015,1
-142.93125,45.91875,9.84147453308105,0.326751083135605,0,2015,1
-142.81875,49.74375,8.28343963623047,0.85991096496582,0,2015,1
-115.44375,27.35625,19.7205772399902,0.299905747175217,0,2015,1
-131.98125,27.35625,20.6038303375244,0.0814749449491501,0,2015,1
-139.63125,29.98125,19.743537902832,0.0746412128210068,0,2015,1
-136.70625,30.88125,18.8236198425293,0.0698821246623993,0,2015,1
-149.94375,44.08125,9.60298919677734,0.309480011463165,0,2015,1
-137.86875,29.08125,20.1157703399658,0.0661593377590179,0,2015,1
-125.08125,27.65625,19.5439472198486,0.0656644031405449,0,2015,1
-136.21875,49.29375,9.49532222747803,0.205174282193184,0,2015,1
-140.00625,31.89375,18.2372150421143,0.0702454820275307,0,2015,1
-119.38125,27.05625,19.6986389160156,0.156347498297691,0,2015,1
-141.69375,28.89375,20.487606048584,0.0628127232193947,0,2015,1
-134.68125,26.98125,20.9812316894531,0.0773926228284836,0,2015,1
-133.63125,25.89375,20.9369659423828,0.0731601044535637,0,2015,1
-140.75625,50.68125,8.20557689666748,0.666609883308411,0,2015,1
-123.88125,26.00625,20.2407073974609,0.0700123608112335,0,2015,1
-134.30625,26.19375,20.9269886016846,0.0697494745254517,0,2015,1
-123.91875,39.09375,13.5554237365723,1.02621376514435,0,2015,1
-143.38125,31.36875,19.5338954925537,0.0813888683915138,0,2015,1
-157.63125,43.74375,8.64847564697266,0.299708247184753,0,2015,1
-117.31875,27.24375,19.7591323852539,0.249514222145081,0,2015,1
-122.34375,27.01875,19.8364429473877,0.0917194113135338,0,2015,1
-124.63125,27.31875,19.5249137878418,0.0746067091822624,0,2015,1
-122.71875,26.68125,19.8122863769531,0.0762437880039215,0,2015,1
-134.71875,26.26875,20.8713550567627,0.0727045238018036,0,2015,1
-133.70625,30.46875,19.1325378417969,0.0694816336035728,0,2015,1
-135.95625,50.08125,9.10898303985596,0.227177053689957,0,2015,1
-132.99375,50.56875,8.94336128234863,0.209853500127792,0,2015,1
-141.91875,30.58125,19.4411602020264,0.0785190016031265,0,2015,1
-131.26875,28.44375,19.7985286712646,0.070515051484108,0,2015,1
-141.24375,27.43125,21.1989154815674,0.0688974559307098,0,2015,1
-137.75625,26.98125,20.9751949310303,0.0686700567603111,0,2015,1
-133.63125,27.35625,20.8043899536133,0.0728277415037155,0,2015,1
-152.30625,44.11875,9.07740497589111,0.354629904031754,0,2015,1
-139.96875,33.35625,17.988431930542,0.0674451589584351,0,2015,1
-139.89375,31.96875,18.2379169464111,0.0703344196081161,0,2015,1
-131.00625,27.35625,20.547815322876,0.0734466686844826,0,2015,1
-145.81875,49.93125,7.53887891769409,0.470289707183838,0,2015,1
-131.94375,29.79375,19.6081848144531,0.080369271337986,0,2015,1
-128.38125,26.56875,20.0023612976074,0.068337693810463,0,2015,1
-124.21875,46.21875,11.2980298995972,3.36945128440857,0,2015,1
-143.04375,49.85625,8.34256649017334,0.496326804161072,0,2015,1
-157.96875,43.78125,8.47155666351318,0.37377518415451,0,2015,1
-144.58125,45.35625,9.80499172210693,0.402506142854691,0,2015,1
-114.05625,26.38125,20.9950885772705,0.140534535050392,0,2015,1
-141.05625,31.10625,18.8183975219727,0.0679223388433456,0,2015,1
-122.86875,37.36875,14.4122076034546,0.748749375343323,0,2015,1
-148.29375,45.05625,9.53422927856445,0.402140319347382,0,2015,1
-130.63125,28.66875,19.8777923583984,0.0767646655440331,0,2015,1
-135.61875,31.06875,19.5839214324951,0.0690730810165405,0,2015,1
-152.41875,46.78125,7.34004640579224,0.378842800855637,0,2015,1
-157.48125,42.95625,9.2281494140625,0.399506777524948,0,2015,1
-153.39375,47.30625,6.77313995361328,0.38075914978981,0,2015,1
-124.14375,36.84375,14.3914909362793,0.744596302509308,0,2015,1
-147.61875,47.53125,7.80211019515991,0.219981744885445,0,2015,1
-126.28125,26.08125,20.740514755249,0.0705361068248749,0,2015,1
-140.45625,50.98125,8.2352123260498,0.198970854282379,0,2015,1
-133.70625,29.34375,19.905855178833,0.0724392980337143,0,2015,1
-133.63125,29.11875,19.9309883117676,0.0649278834462166,0,2015,1
-122.19375,26.38125,20.2396717071533,0.0826048403978348,0,2015,1
-127.33125,43.36875,11.6140880584717,0.746455132961273,0,2015,1
-128.60625,28.74375,19.3623485565186,0.061850231140852,0,2015,1
-141.39375,28.55625,20.5493717193604,0.0657385811209679,0,2015,1
-123.31875,38.08125,13.7773628234863,1.06321108341217,0,2015,1
-139.48125,47.64375,9.44056987762451,0.3616963326931,0,2015,1
-135.39375,26.56875,20.9749164581299,0.0691346749663353,0,2015,1
-145.70625,47.19375,8.58100318908691,0.280297070741653,0,2015,1
-134.30625,33.80625,17.885009765625,0.0718656107783318,0,2015,1
-126.65625,26.38125,20.4190330505371,0.079661637544632,0,2015,1
-143.90625,48.73125,8.57107925415039,0.348572492599487,0,2015,1
-144.28125,49.78125,7.88495969772339,0.227398544549942,0,2015,1
-143.75625,30.16875,19.7514228820801,0.0732495188713074,0,2015,1
-127.93125,26.86875,20.0951461791992,0.0640887916088104,0,2015,1
-114.99375,26.53125,20.502368927002,0.149782985448837,0,2015,1
-135.24375,31.33125,19.3227481842041,0.0712918639183044,0,2015,1
-126.73125,27.58125,19.1101055145264,0.0687282457947731,0,2015,1
-139.96875,46.96875,9.58878231048584,0.679287314414978,0,2015,1
-135.73125,47.90625,9.80004787445068,0.39195504784584,0,2015,1
-137.38125,28.03125,20.284912109375,0.0663986578583717,0,2015,1
-143.86875,29.60625,19.868616104126,0.0709083899855614,0,2015,1
-145.03125,46.93125,9.00234794616699,0.354004859924316,0,2015,1
-124.06875,27.20625,19.514347076416,0.0774483159184456,0,2015,1
-131.98125,29.15625,19.6957511901855,0.0701601058244705,0,2015,1
-158.34375,42.95625,8.98301982879639,0.517253637313843,0,2015,1
-144.05625,28.63125,21.0025482177734,0.079533688724041,0,2015,1
-122.49375,25.40625,20.4831981658936,0.0748608261346817,0,2015,1
-147.09375,44.98125,9.70147895812988,0.197462245821953,0,2015,1
-138.65625,28.96875,20.3351345062256,0.0714807286858559,0,2015,1
-125.00625,27.50625,19.5553588867188,0.0701003968715668,0,2015,1
-142.36875,29.11875,20.3538703918457,0.0698642134666443,0,2015,1
-120.58125,25.06875,19.6818065643311,0.103215247392654,0,2015,1
-133.85625,28.96875,19.9982395172119,0.0673056840896606,0,2015,1
-136.33125,32.23125,18.2576007843018,0.0670490488409996,0,2015,1
-154.66875,46.25625,7.00976133346558,0.324549645185471,0,2015,1
-152.94375,42.50625,9.65706157684326,0.463730156421661,0,2015,1
-138.01875,27.35625,21.1624698638916,0.0833505988121033,0,2015,1
-153.01875,44.45625,8.50757884979248,0.637142360210419,0,2015,1
-129.99375,29.75625,19.3890018463135,0.0710804164409637,0,2015,1
-143.00625,50.68125,8.04911804199219,0.432094395160675,0,2015,1
-135.01875,28.66875,20.4418869018555,0.0671651065349579,0,2015,1
-115.96875,26.94375,20.3710098266602,0.176777109503746,0,2015,1
-156.69375,42.16875,9.58936500549316,0.629859089851379,0,2015,1
-122.64375,25.29375,20.7367877960205,0.0765284970402718,0,2015,1
-136.55625,32.41875,17.9699954986572,0.066555492579937,0,2015,1
-139.03125,26.83125,21.5983123779297,0.0696160271763802,0,2015,1
-128.19375,28.74375,19.390962600708,0.0689361393451691,0,2015,1
-152.90625,47.30625,6.81062507629395,0.255687683820724,0,2015,1
-153.88125,45.84375,7.72128868103027,0.416939675807953,0,2015,1
-124.51875,40.48125,13.2016382217407,0.936416923999786,0,2015,1
-139.48125,49.06875,9.04390525817871,0.295925915241241,0,2015,1
-123.24375,37.29375,14.5143213272095,0.838289499282837,0,2015,1
-137.86875,28.78125,20.1386680603027,0.0687675997614861,0,2015,1
-153.50625,42.95625,9.10519599914551,0.329443365335464,0,2015,1
-136.40625,27.35625,21.1824932098389,0.0772988498210907,0,2015,1
-127.44375,26.68125,19.9980716705322,0.0709237158298492,0,2015,1
-156.31875,43.66875,8.97744274139404,0.459915280342102,0,2015,1
-135.50625,49.93125,9.37641143798828,0.351554363965988,0,2015,1
-134.15625,30.31875,19.2799243927002,0.0678936988115311,0,2015,1
-137.11875,47.86875,9.77431392669678,0.205056741833687,0,2015,1
-139.10625,29.56875,19.9896354675293,0.0791523978114128,0,2015,1
-151.18125,43.06875,9.45379161834717,0.405226200819016,0,2015,1
-132.16875,29.11875,19.6856365203857,0.0724287256598473,0,2015,1
-152.41875,48.58125,6.33501958847046,0.30175593495369,0,2015,1
-140.56875,27.28125,21.4550971984863,0.0736391842365265,0,2015,1
-124.29375,46.33125,11.2066011428833,3.24648189544678,0,2015,1
-141.80625,27.95625,20.9703807830811,0.076680101454258,0,2015,1
-141.05625,48.88125,8.7857666015625,0.747146368026733,0,2015,1
-135.24375,26.86875,20.9253120422363,0.0762752667069435,0,2015,1
-119.11875,26.94375,19.5237045288086,0.166180610656738,0,2015,1
-139.36875,47.94375,9.60276699066162,0.363819271326065,0,2015,1
-150.91875,49.40625,6.13433122634888,0.351201176643372,0,2015,1
-138.76875,31.29375,18.9295101165771,0.0712076276540756,0,2015,1
-147.80625,50.08125,6.90702199935913,0.535422325134277,0,2015,1
-125.41875,27.99375,19.8123893737793,0.0732470825314522,0,2015,1
-159.05625,42.80625,9.04525375366211,0.43051016330719,0,2015,1
-130.74375,27.35625,20.625316619873,0.0752461552619934,0,2015,1
-152.75625,46.25625,7.97702503204346,0.335970222949982,0,2015,1
-140.60625,29.00625,20.6981830596924,0.0747530683875084,0,2015,1
-133.18125,28.25625,20.4344253540039,0.0700727254152298,0,2015,1
-149.94375,45.95625,8.70088672637939,0.287938624620438,0,2015,1
-132.73125,25.93125,20.7972011566162,0.0718155279755592,0,2015,1
-151.51875,44.49375,8.83337593078613,0.274874597787857,0,2015,1
-116.38125,25.55625,20.8018569946289,0.134451940655708,0,2015,1
-126.31875,28.21875,18.9077739715576,0.0722252875566483,0,2015,1
-156.31875,43.51875,9.05156707763672,0.681407034397125,0,2015,1
-147.99375,45.50625,8.95881080627441,0.342100203037262,0,2015,1
-155.49375,45.99375,7.67625904083252,0.561227560043335,0,2015,1
-152.23125,42.20625,9.80407619476318,0.327752023935318,0,2015,1
-126.46875,44.68125,11.5107545852661,0.803447604179382,0,2015,1
-139.14375,30.88125,19.0390949249268,0.0669593662023544,0,2015,1
-158.08125,43.10625,8.82696628570557,0.407704293727875,0,2015,1
-151.03125,42.76875,9.67669486999512,0.372637242078781,0,2015,1
-125.19375,38.94375,14.2275733947754,0.588239550590515,0,2015,1
-142.44375,49.63125,8.41097259521484,1.00153768062592,0,2015,1
-114.20625,27.13125,19.6689586639404,0.586572349071503,0,2015,1
-148.93125,49.40625,6.48266506195068,0.4034563601017,0,2015,1
-134.34375,49.06875,9.43317127227783,0.201804682612419,0,2015,1
-152.68125,43.85625,9.24673938751221,0.380980432033539,0,2015,1
-151.66875,45.58125,8.1508264541626,0.343935906887054,0,2015,1
-137.08125,31.85625,18.2828617095947,0.0694791376590729,0,2015,1
-141.35625,50.45625,8.14198112487793,0.257674008607864,0,2015,1
-145.29375,50.11875,7.61365699768066,0.224717304110527,0,2015,1
-143.30625,47.38125,9.56442451477051,0.464914560317993,0,2015,1
-144.43125,45.39375,9.74925708770752,0.480809032917023,0,2015,1
-145.18125,46.85625,8.86253261566162,0.409737676382065,0,2015,1
-156.39375,41.53125,9.84995365142822,0.503750503063202,0,2015,1
-122.00625,25.85625,20.2507152557373,0.077740803360939,0,2015,1
-152.94375,44.30625,8.62601566314697,0.506413459777832,0,2015,1
-138.99375,48.65625,9.63290500640869,0.588301539421082,0,2015,1
-140.53125,27.95625,21.156343460083,0.07713533192873,0,2015,1
-125.86875,41.79375,12.7471485137939,0.633114993572235,0,2015,1
-148.21875,48.61875,6.94611072540283,0.401749908924103,0,2015,1
-150.24375,46.70625,7.68565034866333,0.406292051076889,0,2015,1
-124.81875,40.59375,13.5384540557861,0.582739651203156,0,2015,1
-152.60625,43.33125,9.28181171417236,0.342679291963577,0,2015,1
-146.34375,46.36875,8.78406143188477,0.255404770374298,0,2015,1
-133.63125,30.65625,18.9678993225098,0.0703213959932327,0,2015,1
-131.45625,42.09375,13.0402860641479,0.934121072292328,0,2015,1
-143.64375,47.64375,9.25523281097412,0.346870094537735,0,2015,1
-131.98125,28.18125,20.0020866394043,0.0744640752673149,0,2015,1
-114.54375,27.09375,20.1474761962891,0.198211416602135,0,2015,1
-135.95625,26.60625,21.3507843017578,0.0645743831992149,0,2015,1
-132.95625,32.79375,17.8006038665771,0.0720910131931305,0,2015,1
-138.35625,50.79375,8.82919692993164,0.211257889866829,0,2015,1
-156.54375,43.18125,9.19423198699951,0.536400496959686,0,2015,1
-149.49375,45.50625,9.00235557556152,0.291624486446381,0,2015,1
-141.46875,46.55625,9.80969619750977,0.439284592866898,0,2015,1
-153.65625,43.03125,9.01598072052002,0.36595630645752,0,2015,1
-140.45625,48.28125,9.18380546569824,0.434147238731384,0,2015,1
-126.05625,42.13125,12.4681787490845,0.629466533660889,0,2015,1
-145.18125,50.23125,7.5935583114624,0.182854950428009,0,2015,1
-134.71875,30.54375,19.7069664001465,0.0731053054332733,0,2015,1
-118.89375,26.98125,19.5955657958984,0.215664312243462,0,2015,1
-132.35625,32.68125,17.9686584472656,0.0731335878372192,0,2015,1
-142.48125,47.11875,9.68098545074463,0.580167829990387,0,2015,1
-146.30625,40.78125,11.7958211898804,0.785491585731506,0,2015,1
-136.03125,27.58125,21.0424423217773,0.0763945877552032,0,2015,1
-124.96875,28.59375,19.4866924285889,0.0722251012921333,0,2015,1
-125.98125,27.09375,20.5069408416748,0.073421873152256,0,2015,1
-135.50625,27.58125,21.0324115753174,0.0894394442439079,0,2015,1
-147.50625,48.16875,7.49189853668213,0.411064982414246,0,2015,1
-150.95625,47.08125,7.20476055145264,0.296456038951874,0,2015,1
-156.73125,44.53125,7.92320489883423,0.732838213443756,0,2015,1
-136.14375,27.46875,21.1341533660889,0.0699919685721397,0,2015,1
-155.23125,41.90625,9.67597770690918,0.348212957382202,0,2015,1
-145.44375,47.68125,8.70084953308105,0.339643061161041,0,2015,1
-136.66875,29.19375,20.3600482940674,0.0716679096221924,0,2015,1
-143.26875,47.34375,9.56129360198975,0.446926206350327,0,2015,1
-117.50625,26.98125,19.8662395477295,0.199269101023674,0,2015,1
-127.63125,29.08125,19.2384567260742,0.0702381879091263,0,2015,1
-135.80625,32.30625,18.4043884277344,0.0671516805887222,0,2015,1
-117.76875,25.40625,20.9549312591553,0.091859370470047,0,2015,1
-125.45625,40.93125,13.3085479736328,0.629254996776581,0,2015,1
-143.04375,30.46875,19.9675178527832,0.0843973755836487,0,2015,1
-136.21875,27.13125,21.361141204834,0.074152797460556,0,2015,1
-151.70625,45.20625,8.31892490386963,0.284034252166748,0,2015,1
-122.94375,28.51875,19.7098026275635,0.0914830043911934,0,2015,1
-153.39375,43.25625,8.94405841827393,0.34469199180603,0,2015,1
-124.63125,37.51875,14.5225105285645,0.873620450496674,0,2015,1
-140.60625,28.55625,20.9503326416016,0.0785656645894051,0,2015,1
-140.86875,27.95625,21.0715217590332,0.0696791708469391,0,2015,1
-151.48125,46.85625,7.25045490264893,0.29082116484642,0,2015,1
-144.91875,29.38125,20.2807960510254,0.0657785534858704,0,2015,1
-115.85625,26.79375,20.4945678710938,0.165808856487274,0,2015,1
-149.04375,46.10625,8.35775470733643,0.247176587581635,0,2015,1
-156.05625,44.23125,8.34628868103027,0.82366019487381,0,2015,1
-138.99375,29.56875,20.0573024749756,0.0800722762942314,0,2015,1
-131.26875,29.45625,19.5427722930908,0.0724692940711975,0,2015,1
-140.49375,29.41875,19.8961086273193,0.0643167495727539,0,2015,1
-145.74375,47.34375,8.49214744567871,0.222024753689766,0,2015,1
-127.44375,28.10625,19.1079216003418,0.0696758329868317,0,2015,1
-136.55625,49.29375,9.30840873718262,0.191180303692818,0,2015,1
-149.79375,45.13125,9.06665992736816,0.463272750377655,0,2015,1
-130.48125,27.20625,20.6237945556641,0.0733588114380836,0,2015,1
-124.44375,26.79375,19.8550338745117,0.0719105899333954,0,2015,1
-148.21875,44.64375,9.84702301025391,0.301084578037262,0,2015,1
-143.94375,47.45625,9.22166442871094,0.336555898189545,0,2015,1
-125.11875,44.83125,12.4621105194092,0.607962369918823,0,2015,1
-136.48125,30.73125,19.0558738708496,0.0627154037356377,0,2015,1
-136.55625,28.55625,20.5701904296875,0.0658920928835869,0,2015,1
-137.11875,48.46875,9.40457344055176,1.02273619174957,0,2015,1
-123.76875,38.83125,13.7525930404663,0.791845500469208,0,2015,1
-133.59375,31.18125,18.7704410552979,0.0675634443759918,0,2015,1
-141.84375,46.55625,9.68912410736084,0.521970212459564,0,2015,1
-137.04375,27.05625,20.8926887512207,0.0743532404303551,0,2015,1
-124.51875,46.74375,11.3102674484253,1.72623014450073,0,2015,1
-122.86875,28.44375,19.7169857025146,0.0972912237048149,0,2015,1
-130.81875,25.70625,20.9738941192627,0.0785353183746338,0,2015,1
-115.18125,27.84375,19.3254985809326,1.03545141220093,0,2015,1
-137.64375,28.74375,20.1230697631836,0.0657545030117035,0,2015,1
-146.30625,48.54375,7.56414270401001,0.214542165398598,0,2015,1
-124.89375,41.94375,13.4714698791504,0.657181024551392,0,2015,1
-146.60625,47.71875,8.01003837585449,0.255479067564011,0,2015,1
-157.18125,42.54375,9.6655158996582,0.495210736989975,0,2015,1
-154.36875,47.08125,6.51572608947754,0.367650330066681,0,2015,1
-125.19375,41.23125,13.5103721618652,0.599644958972931,0,2015,1
-157.29375,42.73125,9.62218189239502,0.228360787034035,0,2015,1
-138.84375,28.74375,20.2868766784668,0.077142246067524,0,2015,1
-148.74375,49.33125,6.5695595741272,0.269878089427948,0,2015,1
-150.91875,48.84375,6.43043375015259,0.499053329229355,0,2015,1
-136.63125,27.16875,21.0785827636719,0.0675787031650543,0,2015,1
-143.53125,46.06875,9.45616626739502,0.35756504535675,0,2015,1
-141.99375,47.41875,9.84942531585693,0.460932821035385,0,2015,1
-146.11875,47.34375,8.21143531799316,0.248868584632874,0,2015,1
-143.30625,46.10625,9.48601531982422,0.299225360155106,0,2015,1
-129.20625,42.09375,12.6039552688599,0.589673817157745,0,2015,1
-144.39375,29.90625,19.5160617828369,0.0761993527412415,0,2015,1
-136.06875,28.70625,20.5918712615967,0.071608193218708,0,2015,1
-150.01875,43.89375,9.81348323822021,0.262468010187149,0,2015,1
-134.60625,28.44375,20.1259632110596,0.0685740634799004,0,2015,1
-152.30625,43.89375,9.32917499542236,0.29466250538826,0,2015,1
-143.08125,28.93125,20.5610065460205,0.0764029920101166,0,2015,1
-115.10625,25.96875,20.4369239807129,0.165518879890442,0,2015,1
-136.40625,30.54375,19.2757244110107,0.0668455064296722,0,2015,1
-134.00625,31.06875,19.056568145752,0.0664121508598328,0,2015,1
-137.00625,29.83125,19.8865604400635,0.0688745379447937,0,2015,1
-146.64375,47.04375,8.18151950836182,0.229150995612144,0,2015,1
-122.56875,28.18125,19.8326377868652,0.0868186429142952,0,2015,1
-140.53125,29.30625,20.0710620880127,0.0738950371742249,0,2015,1
-130.63125,25.78125,20.9778690338135,0.0776947140693665,0,2015,1
-143.15625,47.90625,9.52815723419189,0.451391875743866,0,2015,1
-153.43125,47.64375,6.49860048294067,0.286358028650284,0,2015,1
-149.83125,46.55625,7.82639265060425,0.324761569499969,0,2015,1
-159.58125,42.13125,9.49597549438477,0.406475752592087,0,2015,1
-128.34375,25.81875,20.3850765228271,0.0800139605998993,0,2015,1
-153.69375,47.23125,6.76302480697632,0.291257441043854,0,2015,1
-125.26875,47.94375,11.1451416015625,1.19704115390778,0,2015,1
-152.04375,42.80625,9.79548072814941,0.311357438564301,0,2015,1
-154.93125,46.66875,6.85127973556519,0.308325231075287,0,2015,1
-150.20625,40.25625,11.4907627105713,0.973957479000092,0,2015,1
-143.15625,48.24375,9.24255466461182,0.3412706553936,0,2015,1
-124.55625,37.96875,14.4785528182983,0.598525822162628,0,2015,1
-152.15625,45.99375,7.76865291595459,0.458068251609802,0,2015,1
-125.38125,45.35625,11.8742694854736,0.642057657241821,0,2015,1
-142.55625,47.71875,9.74080657958984,0.634623765945435,0,2015,1
-159.20625,42.61875,9.18741607666016,0.293880313634872,0,2015,1
-124.25625,37.93125,14.3278293609619,0.887422978878021,0,2015,1
-133.40625,31.48125,18.7430152893066,0.0636917874217033,0,2015,1
-130.36875,26.23125,20.6377391815186,0.0753242298960686,0,2015,1
-147.80625,45.46875,9.06539058685303,0.491901457309723,0,2015,1
-131.38125,25.85625,20.8181266784668,0.0642729997634888,0,2015,1
-134.68125,49.89375,9.47817707061768,0.340795397758484,0,2015,1
-147.28125,47.04375,8.03424263000488,0.241729706525803,0,2015,1
-133.48125,29.71875,19.5714530944824,0.0725101083517075,0,2015,1
-146.60625,46.40625,8.65588665008545,0.268975347280502,0,2015,1
-138.65625,28.40625,20.432466506958,0.0705618485808372,0,2015,1
-141.65625,48.54375,9.20720767974854,0.327266573905945,0,2015,1
-125.56875,44.04375,12.6123552322388,0.754759550094604,0,2015,1
-143.79375,50.53125,7.97665596008301,0.173390865325928,0,2015,1
-130.18125,29.23125,19.5049610137939,0.0730838924646378,0,2015,1
-133.70625,30.99375,18.7592697143555,0.0617247372865677,0,2015,1
-141.73125,30.69375,19.4811630249023,0.0765074640512466,0,2015,1
-126.31875,27.09375,20.1960201263428,0.0740586295723915,0,2015,1
-153.24375,45.91875,7.94933557510376,0.318793296813965,0,2015,1
-128.41875,28.85625,19.3245086669922,0.0695338100194931,0,2015,1
-118.18125,25.59375,21.1573352813721,0.0827573090791702,0,2015,1
-135.95625,30.13125,19.867130279541,0.0730419084429741,0,2015,1
-122.60625,24.99375,20.8645725250244,0.0745119005441666,0,2015,1
-151.25625,47.68125,6.76346874237061,0.184961915016174,0,2015,1
-119.34375,26.75625,20.0397815704346,0.137843072414398,0,2015,1
-139.70625,46.85625,9.68398284912109,0.731613337993622,0,2015,1
-126.61875,41.45625,12.6802606582642,0.6560879945755,0,2015,1
-140.23125,47.49375,9.4846773147583,0.377559423446655,0,2015,1
-137.23125,29.00625,20.2013645172119,0.0690741986036301,0,2015,1
-150.58125,45.76875,8.56147384643555,0.332948327064514,0,2015,1
-116.49375,26.68125,20.2448196411133,0.188599035143852,0,2015,1
-144.05625,49.85625,8.06157875061035,0.637204170227051,0,2015,1
-145.78125,49.48125,7.5287880897522,0.359585613012314,0,2015,1
-130.78125,26.56875,20.6664428710938,0.0692876428365707,0,2015,1
-138.69375,29.00625,20.3750381469727,0.0667938143014908,0,2015,1
-133.81875,28.21875,20.3946571350098,0.0620493702590466,0,2015,1
-157.29375,43.48125,8.90937805175781,0.519058167934418,0,2015,1
-132.09375,28.48125,19.7945327758789,0.0683898329734802,0,2015,1
-152.53125,44.45625,8.65719413757324,0.300756692886353,0,2015,1
-139.81875,47.71875,9.36805629730225,0.444486677646637,0,2015,1
-134.75625,33.05625,18.5559997558594,0.070949599146843,0,2015,1
-148.14375,49.03125,6.88833999633789,0.337042063474655,0,2015,1
-156.95625,42.95625,9.35549926757812,0.324230372905731,0,2015,1
-130.70625,31.81875,18.5168647766113,0.0681452974677086,0,2015,1
-144.50625,47.56875,9.04375076293945,0.379849493503571,0,2015,1
-138.91875,31.55625,18.9813899993896,0.0660570040345192,0,2015,1
-141.31875,47.34375,9.80897045135498,0.428075909614563,0,2015,1
-137.19375,32.19375,17.9799270629883,0.0719496682286263,0,2015,1
-139.74375,46.81875,9.71817779541016,0.722612977027893,0,2015,1
-140.19375,32.53125,18.1563816070557,0.0707353428006172,0,2015,1
-154.18125,44.68125,8.22412109375,0.836024761199951,0,2015,1
-137.90625,27.76875,21.0111331939697,0.0771809816360474,0,2015,1
-127.81875,25.66875,20.3347301483154,0.0748284384608269,0,2015,1
-130.55625,25.81875,20.920711517334,0.0724414959549904,0,2015,1
-127.10625,26.98125,19.5802021026611,0.0674214139580727,0,2015,1
-153.20625,48.31875,6.11743593215942,0.357639640569687,0,2015,1
-127.40625,29.75625,19.0437297821045,0.0725322365760803,0,2015,1
-154.51875,44.79375,8.1607551574707,1.30418038368225,0,2015,1
-149.15625,48.76875,6.5831413269043,0.25119212269783,0,2015,1
-125.04375,47.56875,11.321044921875,0.66366183757782,0,2015,1
-129.39375,26.79375,20.4782791137695,0.0840412452816963,0,2015,1
-114.20625,28.63125,18.0790348052979,0.869580090045929,0,2015,1
-142.21875,29.11875,20.3438148498535,0.0616157166659832,0,2015,1
-154.25625,47.00625,6.55072736740112,0.257451295852661,0,2015,1
-143.64375,30.43125,19.5446395874023,0.0725287795066833,0,2015,1
-140.49375,31.44375,18.5284023284912,0.0679929852485657,0,2015,1
-151.74375,48.35625,6.43489933013916,0.565772116184235,0,2015,1
-142.85625,29.30625,20.3046245574951,0.0770626440644264,0,2015,1
-137.56875,32.11875,18.3385257720947,0.0709393098950386,0,2015,1
-125.53125,25.40625,20.6701316833496,0.0760691836476326,0,2015,1
-140.75625,46.81875,9.9052152633667,0.646560490131378,0,2015,1
-117.39375,27.13125,19.7401371002197,0.224832907319069,0,2015,1
-126.09375,27.16875,20.4680080413818,0.0755692049860954,0,2015,1
-140.64375,48.76875,8.86488437652588,0.322619557380676,0,2015,1
-156.73125,43.93125,8.66059684753418,0.384082555770874,0,2015,1
-149.11875,49.33125,6.43033170700073,0.37800857424736,0,2015,1
-141.35625,28.48125,20.526086807251,0.0762145146727562,0,2015,1
-142.14375,47.11875,9.74858093261719,0.406687647104263,0,2015,1
-120.28125,25.44375,19.6251354217529,0.122473850846291,0,2015,1
-154.85625,41.79375,9.77758121490479,0.32124125957489,0,2015,1
-125.26875,47.11875,11.5004301071167,0.656093001365662,0,2015,1
-156.95625,42.99375,9.33379364013672,0.471711814403534,0,2015,1
-123.46875,38.30625,13.8036642074585,1.44557678699493,0,2015,1
-125.38125,41.94375,13.1496686935425,0.637988209724426,0,2015,1
-140.98125,48.61875,8.98336505889893,0.415768474340439,0,2015,1
-129.20625,27.43125,20.2230339050293,0.073050245642662,0,2015,1
-135.73125,28.89375,20.4945583343506,0.0742219090461731,0,2015,1
-129.13125,28.85625,19.5031394958496,0.0713223442435265,0,2015,1
-121.40625,35.60625,15.1946239471436,0.724240005016327,0,2015,1
-139.33125,28.18125,21.1285266876221,0.0825773626565933,0,2015,1
-135.35625,30.84375,19.6931629180908,0.0754631981253624,0,2015,1
-155.08125,46.06875,7.29611825942993,0.387853860855103,0,2015,1
-147.20625,46.89375,8.19119930267334,0.259667277336121,0,2015,1
-136.63125,32.56875,17.852689743042,0.0660796537995338,0,2015,1
-142.59375,48.95625,8.5043830871582,0.218942880630493,0,2015,1
-116.98125,26.34375,20.0386047363281,0.197304397821426,0,2015,1
-140.34375,49.74375,8.84041595458984,0.272958308458328,0,2015,1
-138.69375,29.34375,20.2779445648193,0.0746842995285988,0,2015,1
-147.31875,48.73125,7.2161660194397,0.200726479291916,0,2015,1
-125.90625,26.68125,20.5892505645752,0.0752761587500572,0,2015,1
-157.93125,44.00625,8.15895080566406,0.465072244405746,0,2015,1
-137.71875,30.61875,19.6469287872314,0.0828275978565216,0,2015,1
-141.09375,29.11875,20.4809627532959,0.0696323737502098,0,2015,1
-154.40625,42.61875,9.47905158996582,0.324572950601578,0,2015,1
-114.88125,27.20625,19.7933921813965,0.250131905078888,0,2015,1
-155.08125,41.90625,9.74950790405273,0.277343332767487,0,2015,1
-156.91875,44.98125,7.6364951133728,0.412809282541275,0,2015,1
-149.56875,45.01875,9.04420471191406,0.372772842645645,0,2015,1
-122.68125,37.63125,13.7918691635132,1.66547191143036,0,2015,1
-152.45625,45.05625,8.44568252563477,0.309478491544724,0,2015,1
-157.63125,44.19375,7.91410446166992,0.317265063524246,0,2015,1
-141.58125,29.45625,19.9393844604492,0.0692145153880119,0,2015,1
-151.81875,46.74375,7.35868549346924,0.357777059078217,0,2015,1
-142.40625,29.83125,20.2347774505615,0.0708939135074615,0,2015,1
-141.13125,28.33125,20.5679149627686,0.0660597383975983,0,2015,1
-137.75625,50.60625,8.85832977294922,0.197619929909706,0,2015,1
-149.19375,48.73125,6.60874032974243,0.581083416938782,0,2015,1
-122.30625,36.43125,14.9856986999512,0.68840754032135,0,2015,1
-146.00625,46.10625,9.06310749053955,0.465761601924896,0,2015,1
-139.18125,29.60625,19.9278869628906,0.0792351141571999,0,2015,1
-123.01875,26.64375,19.7050342559814,0.0698448270559311,0,2015,1
-151.18125,45.09375,8.50589179992676,0.279570668935776,0,2015,1
-129.99375,27.24375,20.4240684509277,0.0734699666500092,0,2015,1
-135.73125,30.46875,19.7835998535156,0.0783006176352501,0,2015,1
-145.89375,45.69375,9.65808582305908,0.435332894325256,0,2015,1
-156.24375,44.30625,8.2344856262207,0.576190888881683,0,2015,1
-153.58125,45.01875,8.04773712158203,0.682588815689087,0,2015,1
-154.10625,43.44375,8.72478294372559,0.379009813070297,0,2015,1
-114.28125,27.95625,18.3460311889648,2.20299363136292,0,2015,1
-132.61875,28.85625,19.7884407043457,0.0734197273850441,0,2015,1
-144.91875,50.00625,7.75386476516724,0.544089317321777,0,2015,1
-142.63125,46.74375,9.49912261962891,0.452064663171768,0,2015,1
-134.49375,30.09375,19.5999507904053,0.0710710436105728,0,2015,1
-119.79375,26.23125,20.1985359191895,0.132473632693291,0,2015,1
-127.70625,27.16875,19.8603916168213,0.0709212422370911,0,2015,1
-129.46875,26.08125,20.4796276092529,0.0759613960981369,0,2015,1
-149.71875,48.69375,6.88651895523071,0.188421726226807,0,2015,1
-138.76875,30.09375,19.7789249420166,0.0764553993940353,0,2015,1
-151.51875,43.70625,9.23629379272461,0.260204076766968,0,2015,1
-140.04375,29.45625,20.2736473083496,0.0828059837222099,0,2015,1
-142.66875,31.44375,19.5496654510498,0.0981670692563057,0,2015,1
-121.63125,26.04375,20.0256938934326,0.090546727180481,0,2015,1
-122.71875,27.91875,19.7144565582275,0.084394283592701,0,2015,1
-131.00625,27.20625,20.5639705657959,0.0756802931427956,0,2015,1
-125.00625,45.61875,12.3072242736816,0.864628076553345,0,2015,1
-151.70625,45.39375,8.19824409484863,0.319131791591644,0,2015,1
-120.84375,26.38125,19.5770587921143,0.147975727915764,0,2015,1
-155.38125,44.68125,8.26787185668945,0.643133878707886,0,2015,1
-124.25625,46.66875,10.7068376541138,2.79851913452148,0,2015,1
-142.18125,49.36875,8.43550491333008,0.556637346744537,0,2015,1
-122.98125,25.14375,20.6694755554199,0.0734291821718216,0,2015,1
-128.56875,44.86875,11.2211942672729,0.612001597881317,0,2015,1
-136.29375,29.83125,20.0008296966553,0.0657475516200066,0,2015,1
-121.81875,26.49375,19.8769950866699,0.0930265411734581,0,2015,1
-132.61875,41.90625,13.2602691650391,0.754869818687439,0,2015,1
-129.73125,28.14375,19.9982948303223,0.0773070529103279,0,2015,1
-122.23125,27.35625,19.8983459472656,0.0974370986223221,0,2015,1
-133.66875,26.83125,20.8039150238037,0.0853419974446297,0,2015,1
-142.10625,29.49375,20.2059764862061,0.0650777742266655,0,2015,1
-137.79375,28.14375,20.4907836914062,0.074834980070591,0,2015,1
-150.91875,43.36875,9.4468879699707,0.298750221729279,0,2015,1
-136.78125,30.31875,19.4145030975342,0.0682085230946541,0,2015,1
-140.11875,28.74375,20.6533851623535,0.0827063098549843,0,2015,1
-141.05625,50.90625,8.02441120147705,0.262157201766968,0,2015,1
-157.81875,43.33125,8.87042808532715,0.438513964414597,0,2015,1
-144.43125,49.63125,7.73796558380127,0.318240076303482,0,2015,1
-151.66875,47.71875,6.7511944770813,0.218781515955925,0,2015,1
-128.38125,27.24375,19.8155212402344,0.0811899527907372,0,2015,1
-132.80625,31.18125,18.7513656616211,0.0701079443097115,0,2015,1
-156.16875,45.05625,8.00303173065186,0.57950747013092,0,2015,1
-132.69375,27.39375,20.5523777008057,0.0822200328111649,0,2015,1
-135.73125,49.93125,9.41291618347168,0.379775077104568,0,2015,1
-135.95625,31.89375,18.5474338531494,0.0618948824703693,0,2015,1
-124.55625,44.41875,12.7840251922607,0.631262481212616,0,2015,1
-141.61875,49.18125,8.67091464996338,0.812092125415802,0,2015,1
-128.08125,28.74375,19.4251766204834,0.0657683834433556,0,2015,1
-137.15625,28.81875,20.2714061737061,0.0662737414240837,0,2015,1
-149.34375,47.45625,7.63205480575562,1.16126823425293,0,2015,1
-155.38125,41.23125,9.84524059295654,0.345202833414078,0,2015,1
-149.64375,47.71875,7.2426609992981,0.314485818147659,0,2015,1
-139.81875,48.28125,9.43627262115479,0.378361314535141,0,2015,1
-147.73125,41.98125,11.0318698883057,0.580601394176483,0,2015,1
-156.24375,44.75625,8.1650972366333,0.477030366659164,0,2015,1
-136.48125,27.58125,21.0648574829102,0.0711189955472946,0,2015,1
-115.44375,26.11875,20.6955947875977,0.176818192005157,0,2015,1
-149.53125,44.45625,9.24009799957275,0.331608414649963,0,2015,1
-125.00625,42.39375,13.1906099319458,0.824145019054413,0,2015,1
-151.85625,44.64375,8.85540771484375,0.267826169729233,0,2015,1
-132.09375,27.16875,20.7208709716797,0.0792024508118629,0,2015,1
-131.00625,26.38125,20.7271423339844,0.0721776932477951,0,2015,1
-132.69375,50.53125,9.09074687957764,0.228639975190163,0,2015,1
-147.39375,49.55625,6.96940898895264,0.175114274024963,0,2015,1
-158.79375,42.28125,9.39777946472168,0.407394975423813,0,2015,1
-114.31875,27.05625,20.0897407531738,0.251944214105606,0,2015,1
-131.79375,25.81875,21.0669269561768,0.0761605873703957,0,2015,1
-150.28125,44.90625,8.94399642944336,0.347244083881378,0,2015,1
-136.14375,27.05625,21.3882656097412,0.0675811022520065,0,2015,1
-150.46875,45.50625,8.799560546875,0.256770938634872,0,2015,1
-124.78125,44.60625,12.6890306472778,0.585702121257782,0,2015,1
-120.24375,25.63125,19.5709476470947,0.128721222281456,0,2015,1
-119.94375,25.21875,20.2487468719482,0.108538895845413,0,2015,1
-135.39375,28.81875,20.4314651489258,0.0686642006039619,0,2015,1
-125.68125,43.89375,12.558159828186,0.777520835399628,0,2015,1
-151.51875,43.33125,9.41662216186523,0.456197202205658,0,2015,1
-139.89375,29.75625,19.9902572631836,0.0760627314448357,0,2015,1
-154.03125,46.44375,7.14921379089355,0.302939385175705,0,2015,1
-127.40625,43.78125,11.6409664154053,0.782438635826111,0,2015,1
-135.80625,30.88125,19.6182441711426,0.0701995044946671,0,2015,1
-149.00625,45.80625,8.55889511108398,0.302137345075607,0,2015,1
-137.49375,27.58125,20.7455348968506,0.0750204399228096,0,2015,1
-130.21875,25.59375,20.9579639434814,0.0766461342573166,0,2015,1
-124.81875,41.90625,13.5203943252563,0.670519769191742,0,2015,1
-149.53125,40.96875,11.0273685455322,0.668168544769287,0,2015,1
-152.41875,43.96875,9.22940540313721,0.348765343427658,0,2015,1
-140.26875,27.05625,21.6344776153564,0.065183237195015,0,2015,1
-137.23125,46.21875,10.9968366622925,0.650628924369812,0,2015,1
-150.95625,44.86875,8.59672069549561,0.25274932384491,0,2015,1
-155.00625,45.24375,8.03051662445068,0.591969847679138,0,2015,1
-156.54375,45.31875,7.533935546875,0.383074253797531,0,2015,1
-142.63125,29.08125,20.2943992614746,0.0683901906013489,0,2015,1
-135.28125,48.88125,9.6741828918457,0.221503466367722,0,2015,1
-119.64375,25.48125,20.343879699707,0.117737643420696,0,2015,1
-142.36875,50.19375,8.31675720214844,0.278319805860519,0,2015,1
-137.38125,47.94375,9.69245052337646,0.302993655204773,0,2015,1
-122.45625,25.89375,20.2184619903564,0.0790549740195274,0,2015,1
-145.36875,46.59375,8.86573791503906,0.251705497503281,0,2015,1
-128.26875,28.40625,19.3344917297363,0.0729231312870979,0,2015,1
-141.13125,28.96875,20.6341876983643,0.0665414407849312,0,2015,1
-127.74375,27.28125,19.7379665374756,0.0652205422520638,0,2015,1
-147.01875,46.93125,8.15647220611572,0.162678554654121,0,2015,1
-156.13125,43.25625,9.14228630065918,0.57181990146637,0,2015,1
-133.74375,31.29375,18.84033203125,0.0708509087562561,0,2015,1
-152.19375,42.91875,9.64511585235596,0.337017863988876,0,2015,1
-134.30625,26.60625,20.8927745819092,0.0761991366744041,0,2015,1
-140.71875,47.23125,9.70181369781494,0.332002609968185,0,2015,1
-141.50625,48.50625,9.21939945220947,0.687028229236603,0,2015,1
-135.54375,27.95625,20.9773979187012,0.0687817931175232,0,2015,1
-137.94375,28.51875,20.3428611755371,0.0732662528753281,0,2015,1
-135.28125,27.91875,20.9007606506348,0.0738199800252914,0,2015,1
-134.41875,26.60625,20.9092330932617,0.0842010900378227,0,2015,1
-153.16875,46.33125,7.91014719009399,0.277959167957306,0,2015,1
-125.68125,44.15625,12.6025991439819,0.609427928924561,0,2015,1
-133.40625,30.76875,18.9018230438232,0.0619345270097256,0,2015,1
-119.04375,26.83125,19.7201080322266,0.184404984116554,0,2015,1
-152.30625,46.85625,7.25240993499756,0.307955056428909,0,2015,1
-121.93125,36.16875,14.8530988693237,0.926570057868958,0,2015,1
-140.30625,29.41875,20.1326484680176,0.0679770484566689,0,2015,1
-136.48125,30.35625,19.6069164276123,0.0645072758197784,0,2015,1
-131.86875,25.81875,21.0615348815918,0.0806471332907677,0,2015,1
-148.70625,46.59375,8.13743305206299,0.270116746425629,0,2015,1
-146.34375,41.79375,11.3188457489014,0.585144102573395,0,2015,1
-142.44375,30.61875,19.8343944549561,0.0812442898750305,0,2015,1
-148.25625,45.31875,9.0449686050415,0.29247584939003,0,2015,1
-134.56875,49.78125,9.47798919677734,0.284129500389099,0,2015,1
-157.33125,43.78125,8.63718795776367,0.275830268859863,0,2015,1
-143.26875,47.30625,9.53318119049072,0.455906808376312,0,2015,1
-134.75625,29.04375,20.0070953369141,0.0718288347125053,0,2015,1
-136.85625,26.30625,21.078821182251,0.062269289046526,0,2015,1
-116.68125,26.86875,20.2331523895264,0.199859589338303,0,2015,1
-127.21875,44.23125,11.8786106109619,0.596829473972321,0,2015,1
-115.10625,29.38125,17.924690246582,0.866398751735687,0,2015,1
-132.99375,26.79375,20.7401943206787,0.0822491943836212,0,2015,1
-125.68125,25.44375,20.6650695800781,0.0748996213078499,0,2015,1
-152.30625,42.95625,9.54139232635498,0.424268245697021,0,2015,1
-145.81875,50.15625,7.51523542404175,0.516489207744598,0,2015,1
-142.78125,46.81875,9.4744987487793,0.458886206150055,0,2015,1
-142.78125,48.80625,8.55045318603516,0.338877171278,0,2015,1
-144.54375,45.69375,9.27216243743896,0.273608088493347,0,2015,1
-124.29375,44.86875,12.334189414978,0.980849742889404,0,2015,1
-125.79375,27.65625,20.0395030975342,0.0724152773618698,0,2015,1
-140.60625,30.76875,19.6669616699219,0.070670023560524,0,2015,1
-124.25625,45.54375,12.525390625,1.13771283626556,0,2015,1
-153.80625,44.53125,8.39707660675049,0.669591426849365,0,2015,1
-155.30625,41.56875,9.70058727264404,0.290053516626358,0,2015,1
-152.79375,42.65625,9.35703754425049,0.346003860235214,0,2015,1
-127.18125,26.34375,19.7847290039062,0.0771025568246841,0,2015,1
-116.23125,26.19375,20.9151248931885,0.149380952119827,0,2015,1
-132.39375,28.55625,19.7670021057129,0.070586770772934,0,2015,1
-143.26875,50.38125,8.08263778686523,0.19001379609108,0,2015,1
-155.38125,44.00625,8.66643619537354,0.382840216159821,0,2015,1
-124.51875,46.14375,11.7604942321777,1.44743502140045,0,2015,1
-125.56875,25.70625,20.5341701507568,0.0724093168973923,0,2015,1
-149.04375,46.78125,8.04002380371094,0.235494941473007,0,2015,1
-147.69375,45.54375,9.05494022369385,0.360105842351913,0,2015,1
-138.20625,27.13125,21.3489246368408,0.0733712166547775,0,2015,1
-134.04375,32.45625,18.1314125061035,0.0726413354277611,0,2015,1
-148.03125,50.26875,6.86780786514282,0.33884385228157,0,2015,1
-124.21875,37.14375,14.5092706680298,0.625788450241089,0,2015,1
-147.05625,45.13125,9.52958393096924,0.443828463554382,0,2015,1
-150.58125,48.69375,6.63503789901733,0.391306221485138,0,2015,1
-139.18125,48.73125,9.496337890625,0.687140345573425,0,2015,1
-142.78125,28.06875,21.4149074554443,0.0868301764130592,0,2015,1
-116.00625,25.89375,21.5141830444336,0.149838283658028,0,2015,1
-144.91875,45.54375,9.54087829589844,0.405829697847366,0,2015,1
-136.89375,29.08125,20.2052097320557,0.0700117871165276,0,2015,1
-148.81875,46.44375,8.21049976348877,0.217740133404732,0,2015,1
-115.85625,25.66875,21.9127407073975,0.146444633603096,0,2015,1
-123.50625,37.48125,14.4495534896851,0.932797431945801,0,2015,1
-140.90625,28.29375,20.8592834472656,0.0681811273097992,0,2015,1
-138.99375,47.11875,9.59336948394775,0.36512365937233,0,2015,1
-140.83125,51.13125,8.20108222961426,0.406756073236465,0,2015,1
-153.95625,46.44375,7.22065019607544,0.245336979627609,0,2015,1
-121.59375,25.96875,20.0196762084961,0.0931970998644829,0,2015,1
-159.84375,41.19375,9.6551456451416,0.319469511508942,0,2015,1
-137.79375,30.80625,19.578706741333,0.0836285650730133,0,2015,1
-130.66875,31.48125,18.8305339813232,0.070608101785183,0,2015,1
-127.70625,27.13125,19.8763217926025,0.0755357891321182,0,2015,1
-144.43125,45.35625,9.79149341583252,0.176313385367393,0,2015,1
-117.54375,25.93125,20.644567489624,0.0950657650828362,0,2015,1
-118.14375,26.45625,20.3989086151123,0.110414698719978,0,2015,1
-127.59375,43.81875,11.6249513626099,0.751229882240295,0,2015,1
-130.51875,28.93125,19.8120765686035,0.079684779047966,0,2015,1
-132.05625,42.73125,13.0013074874878,0.68089634180069,0,2015,1
-158.75625,43.10625,8.75581455230713,0.495021462440491,0,2015,1
-148.21875,44.26875,9.69235801696777,0.234647214412689,0,2015,1
-114.16875,26.98125,20.1540985107422,0.275023192167282,0,2015,1
-116.79375,26.15625,20.1747093200684,0.197219103574753,0,2015,1
-115.29375,27.80625,19.6475276947021,0.446288853883743,0,2015,1
-130.63125,30.01875,19.4474945068359,0.0726093724370003,0,2015,1
-132.88125,28.93125,19.8594856262207,0.0724043622612953,0,2015,1
-127.14375,49.59375,10.1104259490967,0.787189900875092,0,2015,1
-141.54375,48.69375,8.95478248596191,0.448937803506851,0,2015,1
-140.98125,49.70625,8.60880756378174,0.234181135892868,0,2015,1
-124.44375,41.75625,13.3391990661621,1.14955174922943,0,2015,1
-132.58125,26.26875,20.7814903259277,0.0706582143902779,0,2015,1
-137.79375,30.84375,19.5229301452637,0.0777393877506256,0,2015,1
-156.69375,43.66875,8.96245384216309,0.523198843002319,0,2015,1
-134.83125,29.00625,20.014253616333,0.0716819018125534,0,2015,1
-139.55625,30.24375,19.722599029541,0.0725378468632698,0,2015,1
-137.41875,49.81875,8.92557621002197,0.20490700006485,0,2015,1
-125.11875,41.60625,13.3377933502197,0.679162859916687,0,2015,1
-155.79375,45.20625,7.98397302627563,0.406410962343216,0,2015,1
-148.21875,45.05625,9.51298236846924,0.361543923616409,0,2015,1
-159.65625,41.83125,9.57506561279297,0.376576989889145,0,2015,1
-157.25625,42.43125,9.74255657196045,0.417306303977966,0,2015,1
-140.49375,31.96875,17.9999198913574,0.0709213837981224,0,2015,1
-129.99375,27.35625,20.3582248687744,0.0731758028268814,0,2015,1
-123.20625,25.06875,20.6077289581299,0.0706472843885422,0,2015,1
-147.16875,48.95625,7.17019844055176,0.205840557813644,0,2015,1
-134.41875,28.18125,20.3452663421631,0.0688743963837624,0,2015,1
-120.16875,26.68125,20.1601963043213,0.151951611042023,0,2015,1
-141.01875,28.18125,20.7930202484131,0.0726367309689522,0,2015,1
-149.79375,46.93125,7.6552095413208,0.19060842692852,0,2015,1
-129.58125,25.74375,20.7743492126465,0.0685671344399452,0,2015,1
-125.15625,26.64375,19.7293853759766,0.0696143433451653,0,2015,1
-146.60625,49.21875,7.20157766342163,0.3102867603302,0,2015,1
-127.18125,27.16875,19.3278427124023,0.0621140375733376,0,2015,1
-135.46875,49.81875,9.48620891571045,0.330601423978806,0,2015,1
-133.66875,27.43125,20.7508354187012,0.0759693086147308,0,2015,1
-121.66875,26.23125,20.0147800445557,0.0946392416954041,0,2015,1
-115.74375,27.95625,19.4556694030762,0.370941489934921,0,2015,1
-132.50625,30.20625,19.4106311798096,0.07249965518713,0,2015,1
-115.59375,27.31875,19.8287868499756,0.266947418451309,0,2015,1
-133.78125,32.34375,18.3347415924072,0.0703404471278191,0,2015,1
-128.00625,44.75625,11.2650575637817,0.782130360603333,0,2015,1
-152.75625,47.04375,7.12519931793213,0.305528402328491,0,2015,1
-136.78125,50.11875,8.97500705718994,0.185430124402046,0,2015,1
-149.64375,45.65625,8.95563316345215,0.223437368869781,0,2015,1
-149.04375,50.08125,6.39393186569214,0.348408758640289,0,2015,1
-139.40625,26.94375,21.6318378448486,0.0707782432436943,0,2015,1
-155.83125,45.95625,7.67658662796021,0.247984945774078,0,2015,1
-113.94375,26.75625,20.2212619781494,0.328982442617416,0,2015,1
-135.69375,29.04375,20.2187805175781,0.0670452043414116,0,2015,1
-141.88125,46.74375,9.67691326141357,0.553224623203278,0,2015,1
-124.44375,27.61875,19.4280967712402,0.0717612728476524,0,2015,1
-136.51875,31.40625,18.364049911499,0.0591094866394997,0,2015,1
-152.38125,46.59375,7.52238798141479,0.338234126567841,0,2015,1
-133.03125,29.90625,19.6029834747314,0.0744596570730209,0,2015,1
-139.14375,29.56875,19.975025177002,0.073427639901638,0,2015,1
-118.14375,27.35625,19.8037166595459,0.299708038568497,0,2015,1
-135.65625,29.04375,20.1474018096924,0.069707527756691,0,2015,1
-137.38125,48.05625,9.65832996368408,0.218041613698006,0,2015,1
-117.16875,26.23125,20.057279586792,0.191891610622406,0,2015,1
-132.50625,27.58125,20.4946441650391,0.0772191733121872,0,2015,1
-139.78125,31.81875,18.4707641601562,0.0716132000088692,0,2015,1
-122.71875,24.95625,20.8801307678223,0.0738007128238678,0,2015,1
-156.73125,45.09375,7.63327360153198,0.39395809173584,0,2015,1
-156.46875,41.98125,9.49205684661865,0.479418188333511,0,2015,1
-143.75625,29.94375,19.7504920959473,0.0661481320858002,0,2015,1
-123.20625,26.83125,19.550256729126,0.0732360258698463,0,2015,1
-137.64375,32.00625,18.403434753418,0.0712708011269569,0,2015,1
-134.30625,29.38125,19.8334274291992,0.0751752033829689,0,2015,1
-130.70625,29.30625,19.6099796295166,0.0711781233549118,0,2015,1
-125.11875,26.71875,19.72096824646,0.0719779878854752,0,2015,1
-139.74375,48.99375,9.02809143066406,0.433101385831833,0,2015,1
-125.71875,44.04375,12.5592098236084,0.863498032093048,0,2015,1
-116.08125,26.45625,20.9872741699219,0.150438964366913,0,2015,1
-142.03125,30.65625,19.5495491027832,0.0765876397490501,0,2015,1
-114.69375,26.04375,20.5650672912598,0.156247362494469,0,2015,1
-141.39375,48.69375,8.82554531097412,0.48844450712204,0,2015,1
-155.23125,41.34375,9.78507709503174,0.448177993297577,0,2015,1
-124.81875,38.64375,14.0784177780151,0.620691478252411,0,2015,1
-135.20625,32.34375,18.7197723388672,0.0604599118232727,0,2015,1
-134.30625,27.88125,20.5456657409668,0.0717367082834244,0,2015,1
-151.74375,43.81875,9.23277282714844,0.329609304666519,0,2015,1
-130.44375,27.80625,20.2853889465332,0.0744164362549782,0,2015,1
-121.06875,27.05625,19.7315101623535,0.128288879990578,0,2015,1
-125.30625,25.14375,20.6898422241211,0.0701542422175407,0,2015,1
-149.26875,46.78125,7.97277593612671,0.207808524370193,0,2015,1
-148.55625,47.23125,7.78341817855835,0.216461762785912,0,2015,1
-151.93125,46.51875,7.43681621551514,0.286351829767227,0,2015,1
-144.35625,40.85625,12.2387523651123,0.612844586372375,0,2015,1
-125.04375,46.85625,11.7516756057739,1.02899563312531,0,2015,1
-155.00625,41.68125,9.74999523162842,0.374938905239105,0,2015,1
-143.53125,28.36875,21.1444072723389,0.0803098902106285,0,2015,1
-124.29375,45.80625,12.2177782058716,0.999928712844849,0,2015,1
-133.48125,32.60625,18.2443866729736,0.0689170509576797,0,2015,1
-144.35625,45.95625,9.27214622497559,0.371048539876938,0,2015,1
-126.01875,28.40625,19.0888080596924,0.070535346865654,0,2015,1
-135.24375,29.23125,20.1327285766602,0.0691993832588196,0,2015,1
-129.05625,29.00625,19.4535675048828,0.0704216137528419,0,2015,1
-133.48125,26.23125,20.864200592041,0.0754904747009277,0,2015,1
-155.71875,42.88125,9.24425601959229,0.469164997339249,0,2015,1
-122.30625,26.98125,19.8714618682861,0.0937542021274567,0,2015,1
-147.80625,50.49375,6.99208498001099,0.526293754577637,0,2015,1
-139.14375,26.68125,21.6505298614502,0.0661926791071892,0,2015,1
-120.61875,26.04375,19.5718479156494,0.139889895915985,0,2015,1
-134.56875,29.53125,19.6943836212158,0.0786717757582664,0,2015,1
-130.44375,27.65625,20.4654235839844,0.0748893916606903,0,2015,1
-144.84375,50.23125,7.71016120910645,0.241375774145126,0,2015,1
-121.48125,24.99375,20.14866065979,0.0937430486083031,0,2015,1
-122.30625,36.39375,14.9969749450684,0.691960752010345,0,2015,1
-120.13125,25.78125,19.6795215606689,0.148505702614784,0,2015,1
-136.44375,31.96875,18.2450141906738,0.0647324174642563,0,2015,1
-145.36875,30.65625,19.2795104980469,0.0687419474124908,0,2015,1
-135.43125,27.54375,21.0060348510742,0.0786162614822388,0,2015,1
-128.83125,28.63125,19.4997386932373,0.0735746771097183,0,2015,1
-157.66875,43.89375,8.33321285247803,0.334375381469727,0,2015,1
-157.29375,43.93125,8.39449787139893,0.342445254325867,0,2015,1
-144.61875,48.16875,9.02249240875244,0.329272359609604,0,2015,1
-152.53125,46.10625,7.89542198181152,0.389054775238037,0,2015,1
-116.19375,27.58125,19.6396636962891,0.348277658224106,0,2015,1
-137.26875,27.28125,20.8226642608643,0.0753402709960938,0,2015,1
-121.85625,25.96875,20.3019142150879,0.080350250005722,0,2015,1
-133.89375,33.05625,17.8412246704102,0.0694270208477974,0,2015,1
-152.15625,46.03125,7.7137336730957,0.286830961704254,0,2015,1
-145.40625,46.14375,8.98011112213135,0.461882621049881,0,2015,1
-135.58125,32.08125,18.7318172454834,0.0610641092061996,0,2015,1
-158.38125,43.66875,8.53594398498535,0.32622492313385,0,2015,1
-136.66875,26.56875,21.2770462036133,0.0713739693164825,0,2015,1
-139.33125,47.53125,9.4953088760376,0.414069682359695,0,2015,1
-124.66875,38.68125,14.1327695846558,0.588879942893982,0,2015,1
-132.84375,32.15625,18.2715492248535,0.0726494938135147,0,2015,1
-135.88125,30.24375,19.8446846008301,0.0767133235931396,0,2015,1
-139.55625,29.38125,20.180513381958,0.0722748786211014,0,2015,1
-135.76875,29.56875,19.9856491088867,0.0669658705592155,0,2015,1
-146.90625,50.53125,7.23253726959229,0.283021211624146,0,2015,1
-152.83125,48.13125,6.14215612411499,0.425616800785065,0,2015,1
-135.43125,32.56875,18.4004611968994,0.0699749812483788,0,2015,1
-130.36875,27.13125,20.5534496307373,0.0730280950665474,0,2015,1
-154.29375,43.66875,8.53757476806641,0.517880618572235,0,2015,1
-134.53125,35.34375,16.8682613372803,0.0653231516480446,0,2015,1
-140.45625,47.23125,9.66053009033203,0.476172924041748,0,2015,1
-125.00625,47.49375,11.2958478927612,0.725409150123596,0,2015,1
-131.11875,26.56875,20.6553382873535,0.0723598226904869,0,2015,1
-137.38125,29.19375,20.0961647033691,0.0673810988664627,0,2015,1
-138.50625,28.93125,20.3492126464844,0.069408968091011,0,2015,1
-143.08125,31.48125,19.5736465454102,0.0854142606258392,0,2015,1
-137.15625,29.71875,19.8943481445312,0.0634332373738289,0,2015,1
-132.01875,30.73125,18.9808444976807,0.0707481428980827,0,2015,1
-130.85625,25.89375,20.8412609100342,0.0699660256505013,0,2015,1
-122.64375,36.39375,14.6866855621338,0.620892941951752,0,2015,1
-151.81875,45.43125,8.22941207885742,0.307504385709763,0,2015,1
-154.55625,44.90625,8.07934188842773,1.41912508010864,0,2015,1
-155.41875,42.95625,9.32884311676025,0.581436991691589,0,2015,1
-133.51875,29.26875,19.8795070648193,0.0726322159171104,0,2015,1
-138.39375,28.25625,20.6218605041504,0.067436695098877,0,2015,1
-138.09375,27.31875,21.2156963348389,0.0795793458819389,0,2015,1
-146.41875,49.48125,7.29870128631592,0.330076038837433,0,2015,1
-125.11875,28.59375,19.4449920654297,0.0698558762669563,0,2015,1
-136.44375,31.59375,18.2835521697998,0.0646921768784523,0,2015,1
-135.95625,26.38125,21.407585144043,0.0709878504276276,0,2015,1
-136.74375,31.74375,18.229118347168,0.0666276067495346,0,2015,1
-129.24375,29.56875,19.2959136962891,0.0714610889554024,0,2015,1
-148.14375,50.56875,6.7771258354187,0.534927248954773,0,2015,1
-132.65625,31.10625,18.7552719116211,0.06954575330019,0,2015,1
-150.24375,47.86875,7.21835899353027,0.214463740587234,0,2015,1
-131.30625,30.43125,19.3370819091797,0.0716278851032257,0,2015,1
-126.09375,41.94375,12.5152759552002,0.590595066547394,0,2015,1
-145.78125,48.46875,8.05156993865967,0.188575178384781,0,2015,1
-155.15625,45.50625,7.78161287307739,0.455612599849701,0,2015,1
-153.28125,42.95625,9.04733562469482,0.344497978687286,0,2015,1
-122.98125,28.33125,19.6573104858398,0.0977062582969666,0,2015,1
-139.33125,29.75625,19.8892574310303,0.0731380805373192,0,2015,1
-124.74375,38.60625,14.0679454803467,0.659077346324921,0,2015,1
-119.60625,26.30625,20.414478302002,0.120667196810246,0,2015,1
-131.11875,29.60625,19.4803714752197,0.0714135393500328,0,2015,1
-156.99375,43.96875,8.4016637802124,0.286541521549225,0,2015,1
-125.60625,43.06875,12.949254989624,0.688823521137238,0,2015,1
-122.45625,27.24375,19.7815818786621,0.0872194766998291,0,2015,1
-119.15625,26.79375,19.8084182739258,0.159315779805183,0,2015,1
-145.40625,41.15625,11.7619600296021,0.627741754055023,0,2015,1
-137.71875,31.78125,18.6372394561768,0.0729671716690063,0,2015,1
-152.38125,48.05625,6.31792783737183,0.299341470003128,0,2015,1
-115.70625,27.61875,19.7744655609131,0.371048718690872,0,2015,1
-128.04375,26.56875,20.1887550354004,0.0840683281421661,0,2015,1
-133.81875,27.39375,20.7271137237549,0.07460817694664,0,2015,1
-153.80625,46.10625,7.53847503662109,0.301817178726196,0,2015,1
-150.69375,44.49375,8.80509471893311,0.342636942863464,0,2015,1
-158.83125,41.79375,9.78462886810303,0.507746636867523,0,2015,1
-141.24375,27.61875,20.9350471496582,0.0662400647997856,0,2015,1
-131.08125,27.88125,20.2537288665771,0.078122466802597,0,2015,1
-142.96875,31.93125,19.4433078765869,0.0859536156058311,0,2015,1
-114.13125,25.96875,20.9051742553711,0.150906801223755,0,2015,1
-140.45625,32.75625,17.7918033599854,0.0706082582473755,0,2015,1
-121.36875,25.81875,19.9569797515869,0.102351143956184,0,2015,1
-152.98125,47.98125,6.23944807052612,0.404544770717621,0,2015,1
-123.35625,25.25625,20.4550342559814,0.0689068511128426,0,2015,1
-132.05625,25.81875,21.0195503234863,0.0782379433512688,0,2015,1
-150.39375,45.99375,8.66718196868896,0.322646379470825,0,2015,1
-158.15625,43.36875,8.59883499145508,0.377220779657364,0,2015,1
-133.78125,33.01875,17.9626541137695,0.068400926887989,0,2015,1
-143.64375,48.99375,8.25987529754639,0.185898408293724,0,2015,1
-141.50625,28.51875,20.4827785491943,0.0718493387103081,0,2015,1
-157.81875,42.95625,9.14981269836426,0.429981172084808,0,2015,1
-123.16875,28.18125,19.5460376739502,0.0904484242200851,0,2015,1
-148.93125,45.88125,8.51939392089844,0.287473052740097,0,2015,1
-155.64375,41.90625,9.58566379547119,0.307365089654922,0,2015,1
-122.71875,37.36875,14.2421035766602,0.931662917137146,0,2015,1
-136.55625,30.13125,19.858419418335,0.0642880871891975,0,2015,1
-120.80625,26.00625,19.57497215271,0.119980603456497,0,2015,1
-153.39375,47.94375,6.1570782661438,0.479547172784805,0,2015,1
-128.04375,27.13125,19.9157791137695,0.0659862607717514,0,2015,1
-139.51875,50.94375,8.39326763153076,0.149248540401459,0,2015,1
-139.96875,48.58125,9.26253414154053,0.367949336767197,0,2015,1
-159.01875,41.53125,9.71166610717773,0.509760439395905,0,2015,1
-141.43125,27.46875,21.1761245727539,0.0681429579854012,0,2015,1
-142.70625,31.74375,19.5132942199707,0.0837233513593674,0,2015,1
-126.43125,43.85625,12.387412071228,0.622078418731689,0,2015,1
-141.61875,29.56875,20.0944499969482,0.0731550231575966,0,2015,1
-132.76875,50.56875,9.07993698120117,0.227300301194191,0,2015,1
-157.89375,42.50625,9.47654056549072,0.44603818655014,0,2015,1
-138.46875,30.54375,19.6016159057617,0.071809783577919,0,2015,1
-155.45625,46.36875,7.54457473754883,0.390025109052658,0,2015,1
-128.30625,27.28125,19.7524604797363,0.0706912875175476,0,2015,1
-157.66875,44.23125,7.86558723449707,0.301238536834717,0,2015,1
-149.11875,49.48125,6.36124753952026,0.325844436883926,0,2015,1
-140.60625,27.09375,21.5581073760986,0.0720032230019569,0,2015,1
-136.81875,26.90625,21.0612983703613,0.0737979412078857,0,2015,1
-138.16875,49.44375,9.07096290588379,0.170888185501099,0,2015,1
-143.56875,47.00625,9.24667358398438,0.545522809028625,0,2015,1
-144.61875,46.66875,9.08819103240967,0.412580132484436,0,2015,1
-147.73125,44.79375,9.74723052978516,0.351745694875717,0,2015,1
-115.36875,26.68125,20.1884632110596,0.177292078733444,0,2015,1
-150.65625,43.51875,9.63990688323975,0.28032574057579,0,2015,1
-144.88125,39.95625,12.4724245071411,0.631094992160797,0,2015,1
-132.65625,27.61875,20.5767860412598,0.0814917460083961,0,2015,1
-138.31875,28.70625,20.5353546142578,0.0712680444121361,0,2015,1
-136.51875,26.68125,21.2512378692627,0.0654215887188911,0,2015,1
-131.98125,26.11875,20.8396186828613,0.0815642848610878,0,2015,1
-133.89375,29.15625,19.9571342468262,0.0713361948728561,0,2015,1
-139.10625,29.23125,20.2002334594727,0.0743796154856682,0,2015,1
-137.83125,30.84375,19.5500717163086,0.0722355619072914,0,2015,1
-136.29375,32.53125,18.0706157684326,0.0688482671976089,0,2015,1
-136.06875,30.80625,19.4244441986084,0.0715078711509705,0,2015,1
-142.81875,46.06875,9.78836250305176,0.483366638422012,0,2015,1
-141.76875,28.81875,20.4597015380859,0.0689412578940392,0,2015,1
-124.78125,46.25625,11.9567537307739,0.67615669965744,0,2015,1
-141.58125,49.10625,8.71208000183105,0.402108818292618,0,2015,1
-145.21875,46.44375,8.99715518951416,0.279789596796036,0,2015,1
-133.81875,27.13125,20.8799514770508,0.0749971717596054,0,2015,1
-131.75625,29.00625,19.7550506591797,0.0731860026717186,0,2015,1
-132.76875,26.83125,20.681827545166,0.0778056085109711,0,2015,1
-153.73125,44.45625,8.36737632751465,0.475545316934586,0,2015,1
-156.13125,44.68125,8.27817726135254,0.435722589492798,0,2015,1
-143.90625,45.50625,9.79384803771973,0.280386358499527,0,2015,1
-152.34375,46.40625,7.65642023086548,0.268647521734238,0,2015,1
-143.08125,28.18125,21.3788089752197,0.0816833823919296,0,2015,1
-148.06875,47.23125,7.94270801544189,0.24327751994133,0,2015,1
-143.26875,30.39375,19.8130645751953,0.0753325298428535,0,2015,1
-130.96875,27.05625,20.6794509887695,0.0735842809081078,0,2015,1
-152.30625,45.20625,8.43181800842285,0.398403167724609,0,2015,1
-133.29375,30.88125,18.8219909667969,0.061990674585104,0,2015,1
-120.16875,33.91875,15.6784963607788,1.66987752914429,0,2015,1
-153.13125,44.19375,8.67713260650635,0.499148190021515,0,2015,1
-158.45625,42.58125,9.31575584411621,0.66349858045578,0,2015,1
-135.69375,30.13125,19.8454818725586,0.0703207775950432,0,2015,1
-139.81875,31.18125,18.7800903320312,0.0700351223349571,0,2015,1
-145.14375,45.31875,9.6568660736084,0.474960654973984,0,2015,1
-133.85625,32.98125,17.9459648132324,0.0693270489573479,0,2015,1
-134.60625,49.51875,9.48603630065918,0.216794013977051,0,2015,1
-134.64375,30.88125,19.5182399749756,0.0754565000534058,0,2015,1
-145.48125,45.95625,9.2063627243042,0.380816787481308,0,2015,1
-128.98125,25.70625,20.5446014404297,0.0817409455776215,0,2015,1
-144.80625,48.46875,8.94509887695312,0.243768602609634,0,2015,1
-142.63125,29.11875,20.2830448150635,0.0724819153547287,0,2015,1
-119.11875,26.53125,20.4518489837646,0.106125347316265,0,2015,1
-113.94375,26.94375,19.956356048584,0.411247789859772,0,2015,1
-137.34375,30.01875,19.651273727417,0.0706929638981819,0,2015,1
-136.14375,32.04375,18.4935646057129,0.0617021657526493,0,2015,1
-142.55625,30.13125,20.160680770874,0.069976307451725,0,2015,1
-144.95625,29.64375,20.0208950042725,0.070388101041317,0,2015,1
-151.51875,43.89375,9.08813667297363,0.29928982257843,0,2015,1
-146.90625,44.90625,9.72046852111816,0.430085211992264,0,2015,1
-130.93125,28.70625,19.8595161437988,0.0726189985871315,0,2015,1
-130.89375,42.16875,13.0246210098267,0.881651878356934,0,2015,1
-131.00625,25.93125,20.7461280822754,0.0707534104585648,0,2015,1
-138.24375,30.58125,19.5993309020996,0.0718068853020668,0,2015,1
-129.09375,26.19375,20.4833545684814,0.0754275918006897,0,2015,1
-123.35625,27.16875,19.4453430175781,0.0831650048494339,0,2015,1
-132.16875,29.15625,19.6882915496826,0.0731559693813324,0,2015,1
-134.34375,30.09375,19.6281223297119,0.0694681704044342,0,2015,1
-129.16875,25.96875,20.5177421569824,0.0777690783143044,0,2015,1
-134.45625,26.75625,20.8871822357178,0.0721345245838165,0,2015,1
-152.15625,48.16875,6.33234071731567,0.365804374217987,0,2015,1
-151.29375,48.50625,6.43992185592651,0.381927698850632,0,2015,1
-130.03125,27.24375,20.4532623291016,0.0749094039201736,0,2015,1
-141.09375,51.28125,8.0253734588623,0.559186458587646,0,2015,1
-125.45625,45.76875,11.6390886306763,1.00230646133423,0,2015,1
-143.60625,46.63125,9.29343032836914,0.431314647197723,0,2015,1
-136.44375,30.76875,19.1179161071777,0.0673906281590462,0,2015,1
-127.33125,26.60625,19.8231315612793,0.0723868012428284,0,2015,1
-132.65625,28.48125,19.9737663269043,0.0705914869904518,0,2015,1
-144.01875,48.58125,8.7329216003418,0.277592241764069,0,2015,1
-154.55625,43.96875,8.48208141326904,0.567524433135986,0,2015,1
-139.36875,31.36875,18.8669776916504,0.0685637593269348,0,2015,1
-152.23125,43.33125,9.59234523773193,0.339413821697235,0,2015,1
-142.70625,29.19375,20.2805080413818,0.0733172744512558,0,2015,1
-133.44375,30.73125,18.9249095916748,0.0692362859845161,0,2015,1
-125.90625,44.34375,11.8711128234863,0.59655898809433,0,2015,1
-152.56875,44.53125,8.62116050720215,0.346117228269577,0,2015,1
-120.69375,25.10625,19.7719249725342,0.106483727693558,0,2015,1
-134.75625,28.66875,20.0750179290771,0.0724480897188187,0,2015,1
-148.51875,45.35625,9.04299640655518,0.284489810466766,0,2015,1
-137.90625,27.13125,21.0605564117432,0.078027680516243,0,2015,1
-123.24375,26.45625,19.928783416748,0.0760398507118225,0,2015,1
-144.76875,46.66875,9.03831768035889,0.398627370595932,0,2015,1
-125.83125,41.83125,12.7754240036011,0.614490330219269,0,2015,1
-127.48125,44.11875,11.6115455627441,0.583104908466339,0,2015,1
-124.29375,41.23125,13.2430324554443,1.23275804519653,0,2015,1
-153.39375,45.80625,8.0328197479248,0.416335880756378,0,2015,1
-142.93125,49.51875,8.17846775054932,0.708854794502258,0,2015,1
-137.11875,48.05625,9.58046340942383,0.278971046209335,0,2015,1
-141.01875,27.80625,20.9277362823486,0.0688991546630859,0,2015,1
-129.16875,27.65625,20.0736465454102,0.0777731090784073,0,2015,1
-147.13125,44.90625,9.7211217880249,0.286421656608582,0,2015,1
-140.08125,48.05625,9.3866605758667,0.415923357009888,0,2015,1
-134.41875,30.61875,19.3555908203125,0.0689861699938774,0,2015,1
-117.05625,32.34375,16.4416732788086,3.55553579330444,0,2015,1
-158.38125,43.33125,8.62272548675537,0.345832169055939,0,2015,1
-146.00625,49.89375,7.52445793151855,0.275759547948837,0,2015,1
-139.93125,48.24375,9.3868989944458,0.581525027751923,0,2015,1
-140.98125,49.10625,8.7309045791626,0.41445392370224,0,2015,1
-124.21875,39.05625,13.8696193695068,0.639177858829498,0,2015,1
-130.51875,25.74375,20.9449996948242,0.0706411078572273,0,2015,1
-118.66875,25.29375,21.1484107971191,0.0925284996628761,0,2015,1
-133.25625,29.94375,19.393611907959,0.0699271783232689,0,2015,1
-150.01875,44.08125,9.59853649139404,0.27778834104538,0,2015,1
-122.83125,37.25625,14.4479684829712,0.809076130390167,0,2015,1
-152.79375,47.11875,7.07343769073486,0.228513121604919,0,2015,1
-125.98125,41.83125,12.6693267822266,0.611189186573029,0,2015,1
-131.11875,27.80625,20.3255920410156,0.0828877687454224,0,2015,1
-143.68125,29.94375,19.7647914886475,0.071631483733654,0,2015,1
-139.29375,48.80625,9.36009502410889,0.795181214809418,0,2015,1
-145.78125,46.03125,9.20777034759521,0.311562329530716,0,2015,1
-124.44375,43.18125,12.7898693084717,2.24066162109375,0,2015,1
-139.89375,47.68125,9.37157821655273,0.462716668844223,0,2015,1
-131.45625,26.34375,20.7889194488525,0.0690127164125443,0,2015,1
-150.20625,48.95625,6.62526798248291,0.451127737760544,0,2015,1
-147.58125,48.05625,7.47103643417358,0.509383678436279,0,2015,1
-152.23125,47.83125,6.46169090270996,0.473074704408646,0,2015,1
-152.19375,48.58125,6.3309268951416,0.500259697437286,0,2015,1
-119.26875,26.34375,20.6587772369385,0.0968614816665649,0,2015,1
-149.75625,44.30625,9.38702392578125,0.292927354574203,0,2015,1
-123.50625,26.56875,19.8568592071533,0.0755040422081947,0,2015,1
-132.31875,27.28125,20.7034206390381,0.0887257158756256,0,2015,1
-129.13125,29.38125,19.3550834655762,0.0716193839907646,0,2015,1
-141.91875,48.01875,9.6114616394043,0.245086446404457,0,2015,1
-149.68125,47.71875,7.22822618484497,0.328907489776611,0,2015,1
-158.04375,43.25625,8.69631004333496,0.461023092269897,0,2015,1
-143.19375,50.26875,8.14805507659912,0.206155434250832,0,2015,1
-127.06875,26.19375,20.1883010864258,0.0720899775624275,0,2015,1
-157.89375,42.24375,9.75447368621826,0.361459523439407,0,2015,1
-142.21875,27.84375,21.3059043884277,0.0791930556297302,0,2015,1
-125.90625,43.81875,12.4042768478394,0.595535635948181,0,2015,1
-156.61875,43.06875,9.33337497711182,0.497855663299561,0,2015,1
-118.48125,27.95625,19.5196075439453,0.256455421447754,0,2015,1
-120.99375,25.89375,19.742223739624,0.103910185396671,0,2015,1
-120.54375,25.85625,19.4846076965332,0.131660625338554,0,2015,1
-155.41875,42.61875,9.44254302978516,0.552571892738342,0,2015,1
-146.68125,40.85625,11.8631925582886,0.591076791286469,0,2015,1
-142.81875,49.70625,8.27744388580322,0.460006564855576,0,2015,1
-155.86875,41.98125,9.49714660644531,0.389704287052155,0,2015,1
-134.26875,32.38125,18.4330596923828,0.0695084929466248,0,2015,1
-157.55625,43.25625,9.07054996490479,0.394235283136368,0,2015,1
-145.59375,50.11875,7.576584815979,0.32138928771019,0,2015,1
-135.65625,31.96875,18.9889602661133,0.0635953024029732,0,2015,1
-156.01875,42.31875,9.38939094543457,0.363637059926987,0,2015,1
-157.25625,42.50625,9.69957065582275,0.506263375282288,0,2015,1
-124.03125,46.10625,11.2287664413452,3.12090802192688,0,2015,1
-144.28125,29.90625,19.5852642059326,0.0675572231411934,0,2015,1
-137.68125,26.53125,21.0036888122559,0.0733081847429276,0,2015,1
-140.68125,27.91875,21.1597938537598,0.0761341750621796,0,2015,1
-128.26875,25.40625,20.6705188751221,0.0883048549294472,0,2015,1
-139.03125,26.86875,21.5896472930908,0.0712554827332497,0,2015,1
-118.70625,26.08125,20.8422317504883,0.097174271941185,0,2015,1
-133.33125,26.75625,20.7471542358398,0.0749844685196877,0,2015,1
-126.50625,27.01875,20.0965232849121,0.0717384740710258,0,2015,1
-141.09375,49.06875,8.74545192718506,0.781521081924438,0,2015,1
-132.16875,30.99375,18.8040199279785,0.0662647411227226,0,2015,1
-134.79375,28.89375,19.9828548431396,0.0698094815015793,0,2015,1
-149.08125,46.63125,8.10779666900635,0.209746241569519,0,2015,1
-124.25625,41.23125,13.1998891830444,1.26537001132965,0,2015,1
-121.70625,36.13125,14.7926473617554,1.07094073295593,0,2015,1
-114.80625,26.64375,20.4215202331543,0.158248990774155,0,2015,1
-149.41875,47.30625,7.73047780990601,0.306256175041199,0,2015,1
-125.75625,43.40625,12.4857444763184,0.591921389102936,0,2015,1
-123.16875,37.59375,14.010048866272,1.30437862873077,0,2015,1
-127.40625,29.90625,19.0511474609375,0.0712538585066795,0,2015,1
-155.26875,41.98125,9.68708992004395,0.36312061548233,0,2015,1
-117.80625,27.31875,19.8375988006592,0.298779428005219,0,2015,1
-128.60625,27.54375,19.8118095397949,0.0768347233533859,0,2015,1
-142.03125,28.33125,20.3009490966797,0.0669111385941505,0,2015,1
-135.95625,31.70625,18.7012233734131,0.0617948956787586,0,2015,1
-145.48125,47.56875,8.64130210876465,0.485326111316681,0,2015,1
-143.49375,46.21875,9.414794921875,0.347340255975723,0,2015,1
-138.50625,31.06875,19.3421897888184,0.0717835426330566,0,2015,1
-153.76875,44.04375,8.50973033905029,0.354730367660522,0,2015,1
-125.53125,42.31875,13.0658912658691,0.737817466259003,0,2015,1
-145.29375,45.95625,9.20208263397217,0.363352686166763,0,2015,1
-139.25625,47.45625,9.51050662994385,0.29150453209877,0,2015,1
-131.45625,30.88125,18.9898681640625,0.0687802359461784,0,2015,1
-136.85625,30.84375,18.7861061096191,0.0664421692490578,0,2015,1
-141.88125,49.63125,8.52793884277344,0.347805887460709,0,2015,1
-134.11875,30.95625,19.2375011444092,0.0682933554053307,0,2015,1
-134.83125,26.08125,20.9048824310303,0.0693824514746666,0,2015,1
-140.53125,27.80625,21.2188835144043,0.0800316855311394,0,2015,1
-117.13125,27.31875,19.7823543548584,0.263958305120468,0,2015,1
-158.56875,43.33125,8.64608955383301,0.392908543348312,0,2015,1
-124.10625,41.34375,12.8882331848145,3.31488847732544,0,2015,1
-144.24375,47.71875,9.10949993133545,0.350898921489716,0,2015,1
-138.99375,31.21875,18.9381198883057,0.0705040097236633,0,2015,1
-151.66875,46.93125,7.23334074020386,0.240061089396477,0,2015,1
-139.96875,47.30625,9.35574245452881,0.417241215705872,0,2015,1
-151.44375,45.84375,8.12898540496826,0.330522000789642,0,2015,1
-117.35625,28.51875,19.4570960998535,0.275382071733475,0,2015,1
-135.46875,30.69375,19.7435665130615,0.0707653164863586,0,2015,1
-143.30625,28.33125,21.17995262146,0.0843511149287224,0,2015,1
-132.84375,31.96875,18.3383884429932,0.0673016533255577,0,2015,1
-123.80625,38.04375,14.0405406951904,0.741355121135712,0,2015,1
-148.85625,44.26875,9.39719295501709,0.291414260864258,0,2015,1
-115.18125,27.31875,19.680965423584,0.305162161588669,0,2015,1
-154.66875,44.04375,8.45823764801025,0.684426724910736,0,2015,1
-119.30625,25.85625,20.6821594238281,0.103546462953091,0,2015,1
-155.45625,45.35625,7.98398876190186,0.664286255836487,0,2015,1
-145.51875,29.79375,19.4712524414062,0.0741517245769501,0,2015,1
-148.36875,45.24375,9.09975051879883,0.288281798362732,0,2015,1
-147.39375,45.09375,9.34315586090088,0.299942314624786,0,2015,1
-141.31875,28.29375,20.4373569488525,0.0686930790543556,0,2015,1
-143.86875,50.11875,8.07505798339844,0.388845711946487,0,2015,1
-151.81875,44.68125,8.85184288024902,0.280090153217316,0,2015,1
-115.63125,27.73125,19.4514141082764,0.407744258642197,0,2015,1
-144.28125,45.76875,9.32368183135986,0.341312438249588,0,2015,1
-124.10625,44.64375,12.1739873886108,2.96927618980408,0,2015,1
-137.64375,29.56875,19.9363117218018,0.0666981711983681,0,2015,1
-136.55625,31.29375,18.4789581298828,0.0590255595743656,0,2015,1
-130.21875,26.23125,20.5434856414795,0.0799283906817436,0,2015,1
-139.59375,46.89375,9.63423538208008,0.37610250711441,0,2015,1
-139.74375,27.84375,21.3706760406494,0.0794224366545677,0,2015,1
-140.08125,30.46875,19.7058715820312,0.0727256536483765,0,2015,1
-120.84375,26.41875,19.6232395172119,0.149614870548248,0,2015,1
-144.28125,47.38125,9.24308300018311,0.403543531894684,0,2015,1
-135.58125,50.41875,9.09731006622314,0.253167003393173,0,2015,1
-137.08125,29.90625,19.7963562011719,0.0714735761284828,0,2015,1
-115.81875,25.51875,21.9620380401611,0.146053805947304,0,2015,1
-115.66875,25.96875,21.6009559631348,0.132064998149872,0,2015,1
-149.90625,44.26875,9.44650840759277,0.344106823205948,0,2015,1
-134.41875,30.58125,19.408483505249,0.071948915719986,0,2015,1
-136.36875,26.53125,21.3688831329346,0.068817101418972,0,2015,1
-157.85625,43.93125,8.22303295135498,0.335377901792526,0,2015,1
-158.60625,43.03125,8.87973499298096,0.419251054525375,0,2015,1
-142.89375,49.89375,8.30585098266602,0.871519148349762,0,2015,1
-144.73125,47.86875,9.01265621185303,0.408926427364349,0,2015,1
-147.05625,48.69375,7.31914663314819,0.171854719519615,0,2015,1
-154.21875,47.04375,6.53694438934326,0.354226499795914,0,2015,1
-152.00625,48.99375,6.23795795440674,0.313260287046432,0,2015,1
-159.39375,41.64375,9.53721141815186,0.503334164619446,0,2015,1
-128.94375,27.16875,20.1763172149658,0.0785241648554802,0,2015,1
-126.88125,25.74375,20.3609275817871,0.0704570338129997,0,2015,1
-124.40625,45.39375,12.5833215713501,0.890217185020447,0,2015,1
-137.90625,30.95625,19.4551391601562,0.0742068290710449,0,2015,1
-136.96875,29.11875,20.2093105316162,0.07046128064394,0,2015,1
-133.25625,30.73125,18.9244728088379,0.0642713829874992,0,2015,1
-150.95625,42.91875,9.6993932723999,0.405381470918655,0,2015,1
-130.96875,26.56875,20.6445274353027,0.0726270452141762,0,2015,1
-155.19375,44.38125,8.37143135070801,0.532161772251129,0,2015,1
-150.24375,44.00625,9.59607601165771,0.209461897611618,0,2015,1
-155.56875,45.91875,7.69699907302856,0.273790508508682,0,2015,1
-131.38125,25.78125,20.858491897583,0.0688594430685043,0,2015,1
-147.88125,49.96875,6.82083368301392,0.554966390132904,0,2015,1
-159.88125,41.19375,9.66825866699219,0.319284439086914,0,2015,1
-156.16875,42.05625,9.47289562225342,0.402242749929428,0,2015,1
-139.70625,49.55625,8.77841091156006,0.322235405445099,0,2015,1
-128.19375,45.31875,11.0683097839355,0.711348712444305,0,2015,1
-139.81875,27.35625,21.4532432556152,0.0708107054233551,0,2015,1
-132.35625,51.13125,9.46765613555908,0.242082610726357,0,2015,1
-131.23125,28.14375,19.931978225708,0.0789799988269806,0,2015,1
-147.09375,47.83125,7.74637079238892,0.35463148355484,0,2015,1
-134.98125,29.49375,19.7619476318359,0.0769610181450844,0,2015,1
-125.00625,27.35625,19.6032314300537,0.0784289836883545,0,2015,1
-155.68125,42.09375,9.54362392425537,0.400467455387115,0,2015,1
-123.05625,37.03125,14.666205406189,0.595717132091522,0,2015,1
-151.44375,44.64375,8.82296943664551,0.358725845813751,0,2015,1
-139.93125,33.35625,17.9954891204834,0.0683664306998253,0,2015,1
-125.86875,25.25625,20.6718997955322,0.0788975059986115,0,2015,1
-143.41875,28.55625,20.9076633453369,0.0835757032036781,0,2015,1
-150.84375,44.53125,8.75546264648438,0.359732538461685,0,2015,1
-127.25625,45.24375,11.4457941055298,0.587294399738312,0,2015,1
-131.41875,29.83125,19.4308986663818,0.0755698010325432,0,2015,1
-140.56875,47.64375,9.48315238952637,0.425075262784958,0,2015,1
-145.93125,46.85625,8.54042530059814,0.289510041475296,0,2015,1
-129.43125,31.33125,18.6120357513428,0.073038138449192,0,2015,1
-143.23125,47.90625,9.48923301696777,0.473203539848328,0,2015,1
-144.69375,50.08125,7.72499656677246,0.352338701486588,0,2015,1
-136.55625,30.65625,18.9966983795166,0.0617161132395267,0,2015,1
-152.98125,47.30625,6.79384326934814,0.361375570297241,0,2015,1
-135.84375,31.40625,19.3503456115723,0.0620909593999386,0,2015,1
-155.56875,41.68125,9.59672260284424,0.315721601247787,0,2015,1
-132.58125,28.55625,19.8827991485596,0.0734917819499969,0,2015,1
-128.94375,26.11875,20.5340824127197,0.0824233368039131,0,2015,1
-149.86875,49.14375,6.51332521438599,0.538983941078186,0,2015,1
-127.55625,28.44375,19.2142372131348,0.0701044872403145,0,2015,1
-139.21875,47.34375,9.51641273498535,0.278151243925095,0,2015,1
-156.76875,43.74375,8.95434761047363,0.467443645000458,0,2015,1
-152.11875,47.00625,7.2155065536499,0.455892443656921,0,2015,1
-152.08125,48.95625,6.24195861816406,0.377470910549164,0,2015,1
-138.61875,29.49375,20.1246089935303,0.0712163522839546,0,2015,1
-130.66875,29.26875,19.5967693328857,0.0769199356436729,0,2015,1
-132.65625,28.36875,19.9254474639893,0.0734186843037605,0,2015,1
-142.48125,46.33125,9.63344669342041,0.402952700853348,0,2015,1
-126.58125,27.88125,19.0362777709961,0.0729403719305992,0,2015,1
-143.15625,28.81875,20.7335205078125,0.0766088888049126,0,2015,1
-153.69375,42.80625,9.16554832458496,0.383569329977036,0,2015,1
-135.95625,32.38125,18.422550201416,0.0686335116624832,0,2015,1
-136.70625,31.33125,18.517650604248,0.0626408904790878,0,2015,1
-125.75625,44.71875,11.7630348205566,0.606356561183929,0,2015,1
-137.00625,29.71875,19.9265995025635,0.0657521188259125,0,2015,1
-148.21875,46.78125,8.20106792449951,0.254723846912384,0,2015,1
-154.55625,42.65625,9.45601844787598,0.308561980724335,0,2015,1
-131.56875,26.26875,20.819845199585,0.0712340995669365,0,2015,1
-154.25625,45.91875,7.43548822402954,0.346762418746948,0,2015,1
-117.05625,25.85625,20.2378559112549,0.137973189353943,0,2015,1
-118.40625,25.29375,21.3721580505371,0.0831216424703598,0,2015,1
-141.61875,27.84375,20.9270153045654,0.0784922912716866,0,2015,1
-125.41875,27.84375,19.7463626861572,0.0723639577627182,0,2015,1
-125.45625,45.69375,11.6982145309448,0.690892279148102,0,2015,1
-139.25625,28.40625,20.7983798980713,0.0782090649008751,0,2015,1
-133.89375,26.04375,20.8729228973389,0.0717620477080345,0,2015,1
-143.53125,30.50625,19.6052494049072,0.0778138265013695,0,2015,1
-132.95625,31.74375,18.5416984558105,0.0687872543931007,0,2015,1
-156.05625,43.89375,8.70327472686768,0.442376315593719,0,2015,1
-130.14375,25.78125,20.775276184082,0.0717123076319695,0,2015,1
-136.81875,29.79375,19.9767436981201,0.0659525468945503,0,2015,1
-118.78125,25.48125,20.9380702972412,0.0915666595101357,0,2015,1
-125.08125,43.06875,13.3101902008057,0.727212905883789,0,2015,1
-139.29375,30.43125,19.53733253479,0.0777079090476036,0,2015,1
-131.38125,29.30625,19.5997772216797,0.0723565295338631,0,2015,1
-127.89375,26.75625,20.1164417266846,0.0778387561440468,0,2015,1
-144.05625,29.79375,19.6778335571289,0.0704632699489594,0,2015,1
-124.06875,44.90625,12.139552116394,2.86587619781494,0,2015,1
-123.35625,25.55625,20.4521961212158,0.0748060494661331,0,2015,1
-139.51875,48.09375,9.52402305603027,0.35663703083992,0,2015,1
-139.63125,29.60625,20.0807514190674,0.0743087902665138,0,2015,1
-157.25625,44.38125,7.89590787887573,1.32833325862885,0,2015,1
-122.34375,25.18125,20.7934875488281,0.0776033997535706,0,2015,1
-122.23125,35.94375,15.1326665878296,0.646592438220978,0,2015,1
-134.49375,27.35625,20.942024230957,0.0772860571742058,0,2015,1
-133.63125,28.21875,20.4595184326172,0.0661011636257172,0,2015,1
-135.46875,30.01875,19.8472709655762,0.0773263797163963,0,2015,1
-155.83125,44.79375,8.28215789794922,0.312192052602768,0,2015,1
-156.05625,44.83125,8.27275943756104,0.322013825178146,0,2015,1
-124.48125,44.64375,12.5629968643188,0.796525835990906,0,2015,1
-140.94375,47.30625,9.73000812530518,0.434853583574295,0,2015,1
-153.28125,43.96875,8.8129711151123,0.281330138444901,0,2015,1
-148.03125,48.84375,6.92878770828247,0.320102721452713,0,2015,1
-142.78125,47.86875,9.67099666595459,0.341988652944565,0,2015,1
-147.28125,48.69375,7.26155471801758,0.448639839887619,0,2015,1
-126.35625,26.79375,20.4076175689697,0.072904460132122,0,2015,1
-152.86875,45.16875,8.15856742858887,0.330671548843384,0,2015,1
-146.04375,48.73125,7.74549531936646,0.1593207269907,0,2015,1
-135.88125,31.89375,18.5682411193848,0.061901330947876,0,2015,1
-152.11875,47.68125,6.59912347793579,0.283837556838989,0,2015,1
-145.93125,48.09375,8.21109962463379,0.200831681489944,0,2015,1
-135.46875,27.99375,20.9478721618652,0.068971648812294,0,2015,1
-154.03125,46.29375,7.28094816207886,0.250239789485931,0,2015,1
-134.23125,26.79375,20.8475475311279,0.0762327536940575,0,2015,1
-144.80625,50.23125,7.7223482131958,0.222946718335152,0,2015,1
-140.30625,47.11875,9.65032482147217,0.369283199310303,0,2015,1
-148.33125,45.61875,8.82734394073486,0.373128235340118,0,2015,1
-143.94375,28.66875,21.0102005004883,0.0795176550745964,0,2015,1
-145.40625,41.00625,11.7196931838989,0.580594420433044,0,2015,1
-129.24375,27.20625,20.3419704437256,0.0689328610897064,0,2015,1
-127.21875,26.56875,19.7546615600586,0.068036749958992,0,2015,1
-151.03125,49.25625,6.19572496414185,0.51680451631546,0,2015,1
-134.53125,29.30625,19.8841915130615,0.0759632959961891,0,2015,1
-134.56875,49.85625,9.48425006866455,0.274138420820236,0,2015,1
-127.81875,25.96875,20.1808948516846,0.0683581754565239,0,2015,1
-132.50625,29.04375,19.5745506286621,0.0733434408903122,0,2015,1
-133.40625,27.43125,20.7558822631836,0.0790093988180161,0,2015,1
-142.96875,47.98125,9.6370096206665,0.486457496881485,0,2015,1
-114.31875,25.96875,20.5663928985596,0.152482405304909,0,2015,1
-130.51875,27.73125,20.3986740112305,0.0727212876081467,0,2015,1
-143.19375,46.21875,9.54167175292969,0.366649687290192,0,2015,1
-124.51875,43.55625,13.2278337478638,0.903532862663269,0,2015,1
-149.79375,44.64375,9.07605266571045,0.264324367046356,0,2015,1
-155.71875,43.21875,9.1007137298584,0.386796772480011,0,2015,1
-125.79375,25.85625,20.6136913299561,0.0680474489927292,0,2015,1
-131.04375,29.71875,19.4576358795166,0.0768750086426735,0,2015,1
-148.89375,46.33125,8.31978797912598,0.216949298977852,0,2015,1
-156.09375,43.48125,9.11066341400146,0.3695188164711,0,2015,1
-149.15625,44.53125,9.23852634429932,0.220223799347878,0,2015,1
-114.01875,26.15625,21.0887718200684,0.14396895468235,0,2015,1
-116.83125,25.44375,20.43994140625,0.117588676512241,0,2015,1
-118.51875,27.01875,19.8977451324463,0.18747267127037,0,2015,1
-147.95625,45.80625,8.61659622192383,0.334064304828644,0,2015,1
-140.38125,30.35625,19.8090286254883,0.0631226301193237,0,2015,1
-148.85625,44.00625,9.79439926147461,0.161056339740753,0,2015,1
-135.39375,49.74375,9.56558895111084,0.318506956100464,0,2015,1
-146.79375,47.19375,8.0567798614502,0.24683965742588,0,2015,1
-133.89375,32.60625,18.105297088623,0.0720784887671471,0,2015,1
-116.49375,27.24375,19.8030872344971,0.273953318595886,0,2015,1
-134.38125,26.08125,20.9132919311523,0.0755256339907646,0,2015,1
-123.05625,25.78125,20.2853088378906,0.0790013819932938,0,2015,1
-135.50625,49.59375,9.53505802154541,0.334462672472,0,2015,1
-155.45625,42.09375,9.66593647003174,0.368116021156311,0,2015,1
-133.74375,31.40625,18.8091049194336,0.0708852708339691,0,2015,1
-155.26875,43.21875,9.14277076721191,0.374143898487091,0,2015,1
-137.23125,31.74375,18.42897605896,0.0707886293530464,0,2015,1
-127.21875,44.56875,11.8488101959229,0.726275384426117,0,2015,1
-157.51875,43.33125,9.02999687194824,0.400018066167831,0,2015,1
-131.83125,25.78125,21.0893688201904,0.0765580162405968,0,2015,1
-151.14375,47.53125,6.87320375442505,0.249774441123009,0,2015,1
-143.04375,47.79375,9.57459831237793,0.404769092798233,0,2015,1
-139.81875,27.43125,21.4467372894287,0.0741408988833427,0,2015,1
-135.13125,27.39375,21.0736389160156,0.0712719112634659,0,2015,1
-145.70625,47.30625,8.53365421295166,0.220256701111794,0,2015,1
-124.29375,42.05625,12.7467346191406,3.74552798271179,0,2015,1
-125.23125,25.18125,20.6718940734863,0.072190947830677,0,2015,1
-133.40625,26.86875,20.7680149078369,0.0793418660759926,0,2015,1
-137.11875,27.95625,20.4311389923096,0.0682604908943176,0,2015,1
-149.64375,44.60625,9.15590858459473,0.38920196890831,0,2015,1
-136.25625,32.68125,18.0624694824219,0.0730789452791214,0,2015,1
-116.26875,27.13125,20.1338939666748,0.187380969524384,0,2015,1
-151.21875,45.73125,8.37430763244629,0.332106560468674,0,2015,1
-142.89375,46.55625,9.59841442108154,0.433545112609863,0,2015,1
-135.61875,31.93125,19.0647373199463,0.0673397704958916,0,2015,1
-132.24375,28.36875,19.8313102722168,0.0753835290670395,0,2015,1
-118.40625,25.66875,20.911283493042,0.0912307053804398,0,2015,1
-154.81875,44.11875,8.47918319702148,0.476489990949631,0,2015,1
-137.00625,50.26875,8.98124217987061,0.263864099979401,0,2015,1
-147.24375,48.16875,7.51848268508911,0.374361872673035,0,2015,1
-129.76875,26.00625,20.679723739624,0.0860356688499451,0,2015,1
-151.14375,47.75625,6.76038360595703,0.49489438533783,0,2015,1
-143.68125,46.70625,9.23503875732422,0.438998997211456,0,2015,1
-142.55625,47.08125,9.63080596923828,0.635695338249207,0,2015,1
-152.45625,46.78125,7.34462022781372,0.379764348268509,0,2015,1
-154.06875,46.70625,6.7785530090332,0.34330677986145,0,2015,1
-150.91875,46.14375,8.5308198928833,0.348626285791397,0,2015,1
-117.24375,26.90625,19.8368988037109,0.238222241401672,0,2015,1
-152.04375,48.99375,6.22852373123169,0.336656838655472,0,2015,1
-133.59375,29.68125,19.627799987793,0.0690567493438721,0,2015,1
-151.63125,47.11875,7.1523323059082,0.357951462268829,0,2015,1
-141.99375,28.06875,20.9058284759521,0.0748913064599037,0,2015,1
-124.55625,39.31875,13.8851833343506,0.709542334079742,0,2015,1
-142.03125,45.58125,10.5642232894897,0.618824183940887,0,2015,1
-126.16875,41.79375,12.5455369949341,0.668500065803528,0,2015,1
-131.68125,29.68125,19.5959873199463,0.0778540223836899,0,2015,1
-115.96875,26.19375,21.1040229797363,0.146232455968857,0,2015,1
-131.38125,29.11875,19.6720886230469,0.0714665651321411,0,2015,1
-130.55625,31.33125,18.9501819610596,0.0697049200534821,0,2015,1
-146.04375,50.30625,7.40031671524048,0.514627158641815,0,2015,1
-123.05625,37.93125,13.6237268447876,1.83831894397736,0,2015,1
-143.64375,29.86875,19.7672786712646,0.070434458553791,0,2015,1
-133.18125,30.69375,19.0333671569824,0.0714873895049095,0,2015,1
-135.80625,49.51875,9.62734031677246,0.235123410820961,0,2015,1
-144.95625,45.80625,9.19727897644043,0.330731451511383,0,2015,1
-132.99375,27.05625,20.6819725036621,0.0850080251693726,0,2015,1
-118.66875,25.21875,21.2244091033936,0.0905035436153412,0,2015,1
-153.84375,46.96875,6.68810176849365,0.365216940641403,0,2015,1
-133.89375,30.16875,19.2155437469482,0.0687871798872948,0,2015,1
-131.23125,27.69375,20.387451171875,0.0841669514775276,0,2015,1
-156.13125,43.89375,8.71698570251465,0.530477106571198,0,2015,1
-153.43125,45.84375,8.00742340087891,0.326437532901764,0,2015,1
-123.54375,38.15625,13.8417263031006,1.01179087162018,0,2015,1
-133.74375,31.96875,18.6909427642822,0.0682718232274055,0,2015,1
-123.69375,26.04375,20.3773593902588,0.0625555887818336,0,2015,1
-132.20625,31.93125,18.3715190887451,0.0686095803976059,0,2015,1
-143.53125,46.85625,9.21033096313477,0.431976467370987,0,2015,1
-157.89375,42.09375,9.80500507354736,0.478795021772385,0,2015,1
-139.96875,49.06875,8.93368434906006,0.511919677257538,0,2015,1
-153.80625,46.36875,7.34646987915039,0.353140622377396,0,2015,1
-149.45625,45.05625,9.06608295440674,0.519997477531433,0,2015,1
-130.25625,26.94375,20.5609226226807,0.0792640745639801,0,2015,1
-139.06875,31.18125,18.8997402191162,0.0722756534814835,0,2015,1
-146.49375,48.35625,7.50721740722656,0.235703364014626,0,2015,1
-135.05625,29.71875,19.7612438201904,0.0748103260993958,0,2015,1
-146.23125,46.55625,8.61370849609375,0.29882937669754,0,2015,1
-154.78125,43.36875,8.9423885345459,0.477036654949188,0,2015,1
-139.03125,31.18125,18.9124088287354,0.068463146686554,0,2015,1
-151.96875,45.09375,8.43225383758545,0.317858755588531,0,2015,1
-124.81875,42.05625,13.4247932434082,0.709181249141693,0,2015,1
-159.31875,42.76875,8.93624687194824,0.35025429725647,0,2015,1
-141.50625,47.41875,9.74386787414551,0.415246784687042,0,2015,1
-148.36875,45.91875,8.59996700286865,0.23035492002964,0,2015,1
-159.01875,42.28125,9.4809627532959,0.426682710647583,0,2015,1
-133.59375,29.71875,19.594596862793,0.0729029327630997,0,2015,1
-134.75625,49.93125,9.43888282775879,0.320739358663559,0,2015,1
-137.71875,28.66875,20.1032657623291,0.0693748518824577,0,2015,1
-137.90625,29.45625,19.9292392730713,0.0725874751806259,0,2015,1
-120.16875,25.29375,19.8208122253418,0.119765296578407,0,2015,1
-122.68125,25.74375,20.2352809906006,0.0718694478273392,0,2015,1
-148.55625,45.73125,8.59389591217041,0.349167943000793,0,2015,1
-133.85625,31.18125,18.8220863342285,0.0667269229888916,0,2015,1
-135.16875,26.49375,20.9826335906982,0.0689865797758102,0,2015,1
-149.19375,48.65625,6.66241502761841,0.504707396030426,0,2015,1
-116.08125,26.94375,20.3348979949951,0.1805370002985,0,2015,1
-141.69375,27.61875,21.0348815917969,0.0761145502328873,0,2015,1
-131.38125,30.20625,19.4482116699219,0.0739674791693687,0,2015,1
-144.01875,29.49375,19.9902935028076,0.0825390294194221,0,2015,1
-157.74375,42.28125,9.77750301361084,0.455917507410049,0,2015,1
-148.06875,48.16875,7.32450866699219,0.273334562778473,0,2015,1
-130.36875,29.38125,19.4817943572998,0.0667050406336784,0,2015,1
-153.50625,43.18125,8.91577529907227,0.430305659770966,0,2015,1
-133.36875,28.25625,20.4978103637695,0.0645153671503067,0,2015,1
-148.14375,48.46875,7.02394485473633,0.279331117868423,0,2015,1
-137.15625,30.88125,19.0431461334229,0.0680399760603905,0,2015,1
-153.24375,45.80625,7.99800205230713,0.367983639240265,0,2015,1
-121.29375,25.93125,19.8219356536865,0.101480387151241,0,2015,1
-117.01875,25.40625,20.5722026824951,0.103098705410957,0,2015,1
-145.10625,47.45625,8.86198711395264,0.451116323471069,0,2015,1
-146.75625,48.95625,7.24135065078735,0.189210399985313,0,2015,1
-124.48125,40.63125,13.2608022689819,1.17209041118622,0,2015,1
-121.48125,25.63125,20.1119365692139,0.0871862694621086,0,2015,1
-143.60625,50.00625,8.14156246185303,0.342084944248199,0,2015,1
-149.68125,49.18125,6.43095111846924,0.534601628780365,0,2015,1
-132.28125,27.88125,20.2668113708496,0.0688936039805412,0,2015,1
-139.89375,48.20625,9.42232704162598,0.358149796724319,0,2015,1
-155.60625,45.24375,7.94654417037964,0.369071513414383,0,2015,1
-125.00625,25.78125,20.1807746887207,0.0710690096020699,0,2015,1
-138.88125,27.05625,21.5194339752197,0.0733632594347,0,2015,1
-134.83125,26.04375,20.9031581878662,0.07000632584095,0,2015,1
-139.93125,28.14375,21.1985549926758,0.0779023393988609,0,2015,1
-146.56875,49.36875,7.25245666503906,0.273127853870392,0,2015,1
-155.15625,43.93125,8.5877571105957,0.490423142910004,0,2015,1
-132.73125,30.16875,19.544527053833,0.0765189304947853,0,2015,1
-130.06875,27.35625,20.4015159606934,0.0727265328168869,0,2015,1
-136.89375,27.13125,20.996452331543,0.0700003579258919,0,2015,1
-142.93125,29.53125,20.2868976593018,0.0803773030638695,0,2015,1
-158.71875,42.28125,9.39372539520264,0.376182585954666,0,2015,1
-139.36875,48.76875,9.39457702636719,0.469007283449173,0,2015,1
-124.33125,40.96875,13.2294597625732,1.28620314598083,0,2015,1
-126.91875,28.29375,19.0299110412598,0.0714555308222771,0,2015,1
-138.61875,27.95625,20.708324432373,0.0762588679790497,0,2015,1
-140.04375,47.86875,9.38521194458008,0.443414270877838,0,2015,1
-147.31875,48.99375,7.2163782119751,0.283197194337845,0,2015,1
-142.93125,50.11875,8.32090854644775,0.430901229381561,0,2015,1
-138.50625,48.43125,9.70007038116455,0.469634056091309,0,2015,1
-140.38125,49.25625,8.71201705932617,0.815713822841644,0,2015,1
-144.39375,31.29375,18.7922668457031,0.0713186487555504,0,2015,1
-147.13125,44.75625,9.70346260070801,0.27376002073288,0,2015,1
-122.71875,25.25625,20.8386573791504,0.0764740109443665,0,2015,1
-123.01875,28.51875,19.7320384979248,0.0974165126681328,0,2015,1
-143.60625,45.39375,9.83009052276611,0.297781199216843,0,2015,1
-157.29375,40.78125,10.6912794113159,0.732393503189087,0,2015,1
-125.79375,42.01875,12.86194896698,0.659430027008057,0,2015,1
-129.65625,27.31875,20.266881942749,0.0754972472786903,0,2015,1
-125.71875,26.90625,20.1886596679688,0.0708288252353668,0,2015,1
-155.19375,45.91875,7.5129861831665,0.280836075544357,0,2015,1
-158.04375,43.03125,8.96002292633057,0.626194953918457,0,2015,1
-132.54375,25.96875,20.831018447876,0.0703503713011742,0,2015,1
-115.55625,25.66875,21.7338409423828,0.141266062855721,0,2015,1
-155.83125,41.79375,9.52278804779053,0.416320621967316,0,2015,1
-116.11875,25.51875,21.6853542327881,0.154005751013756,0,2015,1
-118.96875,25.51875,20.7027893066406,0.0998810008168221,0,2015,1
-121.51875,25.93125,19.948600769043,0.0881296917796135,0,2015,1
-136.85625,50.38125,9.00855445861816,0.249429047107697,0,2015,1
-138.73125,48.95625,9.34323883056641,0.497795104980469,0,2015,1
-140.30625,48.95625,8.92426490783691,1.03952836990356,0,2015,1
-155.64375,44.98125,8.1640100479126,0.383900493383408,0,2015,1
-124.51875,42.54375,12.8950881958008,1.39720487594604,0,2015,1
-142.48125,28.33125,20.6513023376465,0.0798086225986481,0,2015,1
-141.20625,48.54375,9.05555152893066,0.694681525230408,0,2015,1
-148.63125,46.89375,8.05911350250244,0.204239994287491,0,2015,1
-146.94375,45.35625,9.34640598297119,0.771358549594879,0,2015,1
-146.41875,46.06875,9.05762958526611,0.327428370714188,0,2015,1
-151.14375,44.98125,8.63870811462402,0.264086782932281,0,2015,1
-150.69375,47.53125,7.17462301254272,0.318901687860489,0,2015,1
-139.89375,49.48125,8.76744747161865,0.225493401288986,0,2015,1
-130.25625,27.31875,20.5416946411133,0.0701484233140945,0,2015,1
-140.64375,51.88125,8.01147365570068,0.317152738571167,0,2015,1
-140.04375,47.34375,9.37397766113281,0.401683896780014,0,2015,1
-118.36875,27.24375,19.7259426116943,0.312227159738541,0,2015,1
-156.24375,44.41875,8.23869132995605,0.56393563747406,0,2015,1
-151.18125,45.80625,8.40217781066895,0.301707148551941,0,2015,1
-128.79375,27.69375,19.8823547363281,0.0750554874539375,0,2015,1
-143.94375,49.18125,8.12136840820312,0.162071377038956,0,2015,1
-133.10625,27.61875,20.684289932251,0.0777496621012688,0,2015,1
-147.76875,46.55625,8.39515590667725,0.356308698654175,0,2015,1
-133.55625,28.33125,20.4474315643311,0.0884976387023926,0,2015,1
-140.68125,27.99375,21.093900680542,0.0774138867855072,0,2015,1
-124.03125,28.81875,19.2209377288818,0.0716351419687271,0,2015,1
-157.18125,44.49375,7.84573984146118,0.285091310739517,0,2015,1
-139.36875,30.39375,19.5387077331543,0.0771740972995758,0,2015,1
-117.24375,27.16875,19.771656036377,0.254526317119598,0,2015,1
-117.88125,27.61875,19.7067241668701,0.316041797399521,0,2015,1
-147.43125,45.05625,9.38974189758301,0.363608956336975,0,2015,1
-132.20625,27.95625,20.2260665893555,0.0786364674568176,0,2015,1
-155.49375,43.14375,9.17923355102539,0.509397387504578,0,2015,1
-132.39375,29.45625,19.6497707366943,0.0794411823153496,0,2015,1
-153.65625,45.35625,7.86423492431641,0.392673134803772,0,2015,1
-114.88125,27.13125,19.9045314788818,0.246826276183128,0,2015,1
-133.55625,25.93125,20.9385471343994,0.0686891451478004,0,2015,1
-124.96875,25.36875,20.7240715026855,0.0718372836709023,0,2015,1
-140.34375,48.20625,9.26629829406738,0.471049606800079,0,2015,1
-126.88125,43.96875,12.0072574615479,0.730003297328949,0,2015,1
-144.01875,47.11875,9.34231758117676,0.520566761493683,0,2015,1
-144.13125,48.05625,8.97187614440918,0.286001741886139,0,2015,1
-117.35625,33.16875,16.5099411010742,2.15262961387634,0,2015,1
-142.33125,46.93125,9.541823387146,0.391206175088882,0,2015,1
-132.91875,28.93125,19.8562965393066,0.0710482448339462,0,2015,1
-148.36875,48.58125,6.90413379669189,0.191382437944412,0,2015,1
-138.65625,27.61875,21.2107696533203,0.0788518488407135,0,2015,1
-117.16875,27.46875,19.5656623840332,0.278994470834732,0,2015,1
-155.98125,44.41875,8.36020851135254,0.61561906337738,0,2015,1
-115.81875,25.66875,21.9315605163574,0.142199233174324,0,2015,1
-135.01875,32.26875,18.7882900238037,0.0669418275356293,0,2015,1
-150.80625,48.76875,6.47851467132568,0.505685031414032,0,2015,1
-135.99375,29.45625,20.1562061309814,0.0700460970401764,0,2015,1
-143.00625,47.00625,9.4491491317749,0.539819896221161,0,2015,1
-152.41875,47.83125,6.38150072097778,0.362273067235947,0,2015,1
-132.05625,31.55625,18.5038757324219,0.0710476562380791,0,2015,1
-132.50625,31.25625,18.7135620117188,0.0690276548266411,0,2015,1
-129.35625,26.15625,20.4840469360352,0.0754388868808746,0,2015,1
-158.08125,43.93125,8.11375713348389,0.330824166536331,0,2015,1
-126.91875,44.75625,11.7387084960938,0.749998033046722,0,2015,1
-134.15625,30.46875,19.1776962280273,0.066618911921978,0,2015,1
-147.80625,46.74375,8.33279323577881,0.26272177696228,0,2015,1
-135.88125,31.66875,18.8663730621338,0.0675513669848442,0,2015,1
-115.63125,26.90625,20.1555423736572,0.185293287038803,0,2015,1
-152.56875,47.41875,6.71928310394287,0.227701842784882,0,2015,1
-127.70625,26.90625,20.043083190918,0.0807082056999207,0,2015,1
-137.23125,28.74375,20.2673625946045,0.0633501410484314,0,2015,1
-127.06875,28.36875,18.9808807373047,0.0714018046855927,0,2015,1
-125.19375,29.41875,19.0353775024414,0.0689375251531601,0,2015,1
-114.73125,26.86875,20.3197174072266,0.161100834608078,0,2015,1
-140.53125,47.26875,9.63283824920654,0.382872730493546,0,2015,1
-144.65625,49.55625,7.75199794769287,0.169662326574326,0,2015,1
-115.10625,26.64375,20.3176689147949,0.174915537238121,0,2015,1
-140.60625,30.73125,19.6658306121826,0.0728500634431839,0,2015,1
-143.30625,47.26875,9.51438331604004,0.530889630317688,0,2015,1
-127.48125,27.61875,19.2358589172363,0.0633605048060417,0,2015,1
-120.91875,26.38125,19.5375862121582,0.140712291002274,0,2015,1
-149.98125,48.65625,6.91251564025879,0.20651251077652,0,2015,1
-120.95625,26.30625,19.5391006469727,0.121278211474419,0,2015,1
-130.59375,28.85625,19.8403244018555,0.0763556137681007,0,2015,1
-117.39375,26.34375,20.073600769043,0.150940492749214,0,2015,1
-140.71875,47.30625,9.66342926025391,0.436061948537827,0,2015,1
-133.33125,27.35625,20.720064163208,0.0837513580918312,0,2015,1
-143.56875,47.68125,9.30689716339111,0.400900214910507,0,2015,1
-155.68125,41.41875,9.77394580841064,0.397078663110733,0,2015,1
-123.88125,38.11875,14.1753559112549,0.642663896083832,0,2015,1
-139.10625,29.30625,20.1607475280762,0.0779946744441986,0,2015,1
-143.15625,47.30625,9.60556507110596,0.540905714035034,0,2015,1
-135.58125,31.85625,19.1734066009521,0.0662912055850029,0,2015,1
-149.34375,49.03125,6.4831805229187,0.570020735263824,0,2015,1
-152.56875,44.23125,8.97604846954346,0.305403709411621,0,2015,1
-127.18125,26.94375,19.5429992675781,0.0722450241446495,0,2015,1
-133.14375,25.89375,20.9233684539795,0.076886810362339,0,2015,1
-151.89375,45.95625,7.73170757293701,0.340274900197983,0,2015,1
-151.63125,47.45625,6.86568164825439,0.373511493206024,0,2015,1
-141.28125,29.38125,19.8804512023926,0.0688939094543457,0,2015,1
-125.90625,28.10625,19.4745578765869,0.0737663358449936,0,2015,1
-124.21875,38.26875,14.4844884872437,0.586301922798157,0,2015,1
-155.56875,42.54375,9.43770313262939,0.410817861557007,0,2015,1
-150.43125,45.01875,8.93934059143066,0.306228369474411,0,2015,1
-130.74375,29.98125,19.4024028778076,0.0716214254498482,0,2015,1
-150.16875,49.63125,6.21180009841919,0.547059535980225,0,2015,1
-138.91875,48.84375,9.41688060760498,0.749028742313385,0,2015,1
-143.30625,30.28125,19.7406578063965,0.0725327283143997,0,2015,1
-139.96875,27.13125,21.6152267456055,0.0718252137303352,0,2015,1
-133.06875,26.79375,20.7226142883301,0.0766689255833626,0,2015,1
-129.24375,29.08125,19.4487209320068,0.0743796899914742,0,2015,1
-146.45625,46.70625,8.40005111694336,0.294647306203842,0,2015,1
-148.70625,45.88125,8.58206462860107,0.271975815296173,0,2015,1
-130.55625,27.73125,20.3767356872559,0.076180599629879,0,2015,1
-117.35625,25.51875,20.6299438476562,0.0973389446735382,0,2015,1
-142.14375,46.40625,9.72987651824951,0.462192565202713,0,2015,1
-133.21875,27.13125,20.6980628967285,0.0840353667736053,0,2015,1
-145.44375,49.81875,7.63173341751099,0.324613302946091,0,2015,1
-134.41875,27.50625,20.8422241210938,0.0794089809060097,0,2015,1
-144.84375,29.60625,19.9631290435791,0.0724590942263603,0,2015,1
-131.60625,25.78125,20.9239273071289,0.0715197622776031,0,2015,1
-133.33125,32.30625,18.3163146972656,0.0687581747770309,0,2015,1
-137.56875,28.21875,20.258659362793,0.0661598220467567,0,2015,1
-119.83125,26.08125,19.9434909820557,0.153462931513786,0,2015,1
-156.09375,43.81875,8.81169319152832,0.442522346973419,0,2015,1
-142.14375,49.14375,8.59229469299316,0.462229788303375,0,2015,1
-131.75625,26.11875,20.9745407104492,0.0725227668881416,0,2015,1
-140.83125,49.29375,8.63174724578857,0.433837950229645,0,2015,1
-136.18125,27.09375,21.3930416107178,0.0687557384371758,0,2015,1
-150.20625,46.89375,7.74054479598999,0.374627351760864,0,2015,1
-125.15625,26.60625,19.7460594177246,0.0700412839651108,0,2015,1
-143.23125,51.54375,7.8320484161377,1.05905878543854,0,2015,1
-134.60625,29.86875,19.5696029663086,0.074169397354126,0,2015,1
-132.46875,27.39375,20.5984268188477,0.0856389254331589,0,2015,1
-146.19375,46.51875,8.65096092224121,0.273964017629623,0,2015,1
-132.31875,26.04375,20.837947845459,0.0705381855368614,0,2015,1
-130.70625,28.55625,19.913215637207,0.0701043680310249,0,2015,1
-133.74375,26.94375,20.8048973083496,0.0761874243617058,0,2015,1
-127.89375,27.69375,19.3325119018555,0.0667763873934746,0,2015,1
-116.68125,31.78125,16.4455261230469,0.99623167514801,0,2015,1
-135.43125,27.73125,21.0228824615479,0.0749933123588562,0,2015,1
-138.05625,27.91875,20.8764686584473,0.0808798745274544,0,2015,1
-137.26875,30.65625,19.1942253112793,0.0711259767413139,0,2015,1
-151.06875,43.40625,9.36408805847168,0.286468803882599,0,2015,1
-125.53125,42.84375,13.096755027771,0.793657183647156,0,2015,1
-115.96875,27.20625,20.1431560516357,0.188179060816765,0,2015,1
-159.28125,41.49375,9.58214282989502,0.56812310218811,0,2015,1
-136.85625,48.13125,9.55945682525635,0.217724561691284,0,2015,1
-123.28125,28.59375,19.4843330383301,0.0923444703221321,0,2015,1
-123.61875,38.23125,13.9725303649902,1.09003615379333,0,2015,1
-139.14375,27.20625,21.4971370697021,0.0672955885529518,0,2015,1
-138.73125,48.43125,9.80030536651611,0.33626064658165,0,2015,1
-117.76875,26.53125,20.3386268615723,0.116055674850941,0,2015,1
-155.90625,45.50625,7.73876810073853,0.300949573516846,0,2015,1
-155.53125,41.64375,9.58641242980957,0.339842617511749,0,2015,1
-140.53125,30.13125,19.8125476837158,0.0675406455993652,0,2015,1
-141.43125,28.93125,20.6409187316895,0.072064645588398,0,2015,1
-139.59375,49.66875,8.73030376434326,0.304844617843628,0,2015,1
-129.28125,28.33125,19.6087665557861,0.0694851651787758,0,2015,1
-132.95625,27.13125,20.6706600189209,0.0878178849816322,0,2015,1
-150.76875,45.24375,8.62604331970215,0.317125737667084,0,2015,1
-138.58125,31.21875,19.2792682647705,0.0708978697657585,0,2015,1
-132.76875,30.46875,19.263204574585,0.0724330246448517,0,2015,1
-149.23125,49.14375,6.42156648635864,0.556992709636688,0,2015,1
-137.71875,27.16875,20.9067363739014,0.0669380128383636,0,2015,1
-123.76875,25.14375,20.4953708648682,0.0709601864218712,0,2015,1
-135.76875,29.94375,19.9582901000977,0.0686900541186333,0,2015,1
-148.78125,49.66875,6.4829568862915,0.557631015777588,0,2015,1
-118.59375,26.26875,20.8048343658447,0.0910498201847076,0,2015,1
-132.50625,26.75625,20.7408676147461,0.0801612809300423,0,2015,1
-127.14375,28.40625,19.0315723419189,0.0716474428772926,0,2015,1
-142.18125,27.99375,21.0390605926514,0.0783349648118019,0,2015,1
-130.59375,29.56875,19.4558486938477,0.0688309669494629,0,2015,1
-127.10625,43.48125,11.726432800293,0.73121589422226,0,2015,1
-148.25625,44.08125,9.71273803710938,0.272235363721848,0,2015,1
-141.65625,49.48125,8.58463096618652,0.479304671287537,0,2015,1
-127.93125,26.90625,20.0887451171875,0.0582440569996834,0,2015,1
-126.99375,43.25625,11.6990242004395,0.64227819442749,0,2015,1
-136.29375,27.24375,21.2603435516357,0.0700513049960136,0,2015,1
-141.13125,48.31875,9.23244476318359,0.43942528963089,0,2015,1
-124.48125,36.88125,14.470871925354,0.589945912361145,0,2015,1
-146.75625,45.50625,9.39633750915527,0.462557673454285,0,2015,1
-133.21875,32.41875,18.2359848022461,0.0716636702418327,0,2015,1
-156.35625,44.64375,8.10893058776855,0.701688289642334,0,2015,1
-152.00625,48.76875,6.30117225646973,0.303173243999481,0,2015,1
-123.39375,28.59375,19.4604244232178,0.0914228484034538,0,2015,1
-133.81875,31.48125,18.794750213623,0.0666952058672905,0,2015,1
-133.85625,31.51875,18.7825298309326,0.0680059269070625,0,2015,1
-151.63125,46.93125,7.24805212020874,0.380903154611588,0,2015,1
-147.54375,50.00625,7.08582830429077,0.321171015501022,0,2015,1
-139.63125,50.75625,8.3354434967041,0.373614132404327,0,2015,1
-141.39375,49.55625,8.57985496520996,0.416951030492783,0,2015,1
-142.74375,31.74375,19.537145614624,0.0854660496115685,0,2015,1
-132.01875,29.34375,19.7233619689941,0.0746140331029892,0,2015,1
-153.16875,43.18125,9.00196170806885,0.297768354415894,0,2015,1
-140.41875,49.44375,8.75963020324707,0.407305896282196,0,2015,1
-127.21875,29.75625,18.9769134521484,0.0692979022860527,0,2015,1
-114.84375,26.41875,20.5204372406006,0.144064515829086,0,2015,1
-128.98125,27.73125,20.0704975128174,0.0735960453748703,0,2015,1
-118.25625,25.74375,21.0184879302979,0.0910237655043602,0,2015,1
-145.18125,45.91875,9.18941879272461,0.341177463531494,0,2015,1
-126.80625,43.21875,11.770435333252,0.630523979663849,0,2015,1
-149.38125,46.33125,8.08366966247559,0.760397791862488,0,2015,1
-123.54375,38.26875,13.8777093887329,1.05985844135284,0,2015,1
-155.64375,44.71875,8.26281070709229,0.484843760728836,0,2015,1
-135.13125,32.15625,18.763484954834,0.0714592859148979,0,2015,1
-144.01875,46.74375,9.11360359191895,0.423330396413803,0,2015,1
-150.95625,49.14375,6.24529075622559,0.477147579193115,0,2015,1
-158.90625,42.35625,9.36020565032959,0.421690851449966,0,2015,1
-144.50625,46.03125,9.24265670776367,0.371883898973465,0,2015,1
-138.01875,29.71875,19.9635353088379,0.0658840090036392,0,2015,1
-153.01875,42.84375,9.11775398254395,0.494194597005844,0,2015,1
-125.26875,28.81875,19.4990081787109,0.0722757279872894,0,2015,1
-143.98125,29.98125,19.7907218933105,0.0672181099653244,0,2015,1
-122.64375,36.13125,14.7712965011597,0.662681043148041,0,2015,1
-122.71875,26.45625,19.8744029998779,0.0772827789187431,0,2015,1
-124.74375,41.15625,13.7383823394775,0.650545239448547,0,2015,1
-142.51875,30.84375,19.5258350372314,0.093823030591011,0,2015,1
-154.48125,42.76875,9.39471435546875,0.324500769376755,0,2015,1
-135.43125,27.01875,21.015474319458,0.0741600021719933,0,2015,1
-117.13125,26.71875,19.9292335510254,0.235576897859573,0,2015,1
-125.64375,46.48125,11.7961435317993,0.616601943969727,0,2015,1
-137.98125,29.49375,19.9239044189453,0.0673930868506432,0,2015,1
-139.48125,26.83125,21.7129917144775,0.0647776201367378,0,2015,1
-127.89375,28.55625,19.3024291992188,0.0663329586386681,0,2015,1
-154.18125,46.18125,7.28979158401489,0.352143913507462,0,2015,1
-114.35625,26.26875,20.6232395172119,0.146306738257408,0,2015,1
-138.24375,30.13125,19.8602199554443,0.0793611481785774,0,2015,1
-133.74375,29.75625,19.5319766998291,0.0718293339014053,0,2015,1
-156.84375,44.08125,8.23871231079102,0.349013835191727,0,2015,1
-124.33125,46.59375,10.9235124588013,2.91062784194946,0,2015,1
-131.79375,29.68125,19.6267204284668,0.0775846615433693,0,2015,1
-145.66875,41.79375,11.4501895904541,0.618771731853485,0,2015,1
-122.75625,26.60625,19.8407287597656,0.0775674879550934,0,2015,1
-149.19375,44.90625,9.18275165557861,0.340554594993591,0,2015,1
-147.43125,48.76875,7.17270994186401,0.258990824222565,0,2015,1
-133.14375,31.25625,18.7330341339111,0.0675550177693367,0,2015,1
-126.80625,28.03125,18.9634971618652,0.0698434188961983,0,2015,1
-151.63125,42.76875,9.63388252258301,0.290648400783539,0,2015,1
-133.63125,28.06875,20.4522094726562,0.0689926892518997,0,2015,1
-140.64375,27.99375,21.1096134185791,0.0793647244572639,0,2015,1
-141.50625,27.80625,20.9254379272461,0.0713801309466362,0,2015,1
-130.89375,28.06875,20.0724620819092,0.0784897804260254,0,2015,1
-138.95625,49.14375,9.0657262802124,0.640470147132874,0,2015,1
-125.98125,25.59375,20.6776027679443,0.0766904875636101,0,2015,1
-126.99375,25.51875,20.3814678192139,0.0722649097442627,0,2015,1
-116.11875,26.94375,20.3293342590332,0.172139182686806,0,2015,1
-139.66875,50.49375,8.37871074676514,0.180384412407875,0,2015,1
-136.55625,27.20625,21.0784149169922,0.0756503269076347,0,2015,1
-147.50625,49.51875,6.93964099884033,0.420126616954803,0,2015,1
-133.29375,28.21875,20.52663230896,0.0682340562343597,0,2015,1
-145.40625,49.89375,7.60043621063232,0.477803915739059,0,2015,1
-143.64375,47.53125,9.29585361480713,0.329477906227112,0,2015,1
-129.31875,25.89375,20.5730018615723,0.0738153234124184,0,2015,1
-122.94375,27.58125,19.6388511657715,0.0807081609964371,0,2015,1
-131.00625,29.53125,19.5104732513428,0.0767365321516991,0,2015,1
-139.85625,48.46875,9.30094814300537,0.494143843650818,0,2015,1
-143.83125,45.84375,9.45278167724609,0.333884388208389,0,2015,1
-135.80625,28.21875,20.8917236328125,0.0686911791563034,0,2015,1
-138.54375,27.91875,20.7119750976562,0.0827199369668961,0,2015,1
-139.74375,32.90625,18.3404331207275,0.0722773671150208,0,2015,1
-130.63125,28.06875,20.1524257659912,0.0781301259994507,0,2015,1
-142.21875,46.40625,9.72154235839844,0.452817410230637,0,2015,1
-124.40625,25.63125,20.3329524993896,0.073810376226902,0,2015,1
-149.71875,40.55625,11.2007904052734,0.581744372844696,0,2015,1
-145.51875,47.15625,8.73923110961914,0.33334892988205,0,2015,1
-156.61875,42.35625,9.44911098480225,0.415831387042999,0,2015,1
-133.85625,30.13125,19.2274684906006,0.0712623670697212,0,2015,1
-159.16875,42.73125,9.0429048538208,0.429464042186737,0,2015,1
-115.10625,26.23125,20.4502639770508,0.158851653337479,0,2015,1
-140.86875,30.84375,19.4137706756592,0.0694347843527794,0,2015,1
-132.43125,29.19375,19.6015663146973,0.0743298828601837,0,2015,1
-125.30625,43.21875,13.0084667205811,0.705706000328064,0,2015,1
-125.26875,44.34375,12.7060585021973,0.613911509513855,0,2015,1
-123.50625,28.10625,19.5429000854492,0.0849589630961418,0,2015,1
-118.93125,25.55625,20.7728996276855,0.0998444855213165,0,2015,1
-142.66875,48.24375,9.59113788604736,0.421284765005112,0,2015,1
-142.33125,28.25625,20.5767669677734,0.0769146829843521,0,2015,1
-139.18125,47.45625,9.57942485809326,0.402763962745667,0,2015,1
-129.61875,27.09375,20.3290500640869,0.0701508298516273,0,2015,1
-130.06875,32.68125,18.0209884643555,0.0731685012578964,0,2015,1
-143.68125,30.69375,19.3264751434326,0.0706002041697502,0,2015,1
-154.40625,44.04375,8.46342658996582,0.557947993278503,0,2015,1
-146.23125,45.76875,9.44753551483154,0.384804874658585,0,2015,1
-151.63125,46.29375,7.68917894363403,0.423372566699982,0,2015,1
-117.76875,27.58125,19.7264842987061,0.322003424167633,0,2015,1
-141.54375,46.55625,9.78149509429932,0.448629885911942,0,2015,1
-151.93125,47.34375,6.99893856048584,0.381838828325272,0,2015,1
-124.51875,28.59375,19.5634651184082,0.0757338032126427,0,2015,1
-153.61875,47.86875,6.1012864112854,0.350242465734482,0,2015,1
-143.75625,47.19375,9.31978321075439,0.514694571495056,0,2015,1
-155.83125,42.88125,9.25634002685547,0.506161451339722,0,2015,1
-152.26875,45.91875,7.83077144622803,0.281768709421158,0,2015,1
-145.10625,46.40625,9.02280330657959,0.397476017475128,0,2015,1
-134.26875,27.54375,20.8250694274902,0.075767882168293,0,2015,1
-137.04375,28.81875,20.2948703765869,0.0685639157891273,0,2015,1
-120.20625,34.03125,15.5809898376465,0.644339621067047,0,2015,1
-142.21875,29.41875,20.2587432861328,0.0660962238907814,0,2015,1
-128.68125,28.25625,19.6684017181396,0.0772339552640915,0,2015,1
-141.95625,30.13125,20.0108108520508,0.0688778683543205,0,2015,1
-156.80625,41.94375,9.67818355560303,0.454635888338089,0,2015,1
-141.31875,30.46875,19.3934898376465,0.0658571869134903,0,2015,1
-125.08125,42.24375,13.3437547683716,0.695865035057068,0,2015,1
-155.38125,41.38125,9.77011775970459,0.444588303565979,0,2015,1
-134.60625,27.95625,20.6182823181152,0.0695325210690498,0,2015,1
-134.08125,28.18125,20.4210643768311,0.0638342499732971,0,2015,1
-151.29375,44.26875,9.0159387588501,0.398405164480209,0,2015,1
-140.04375,30.39375,19.6454601287842,0.0754962563514709,0,2015,1
-136.18125,49.25625,9.54935836791992,0.195146575570107,0,2015,1
-132.28125,32.41875,18.1665191650391,0.0698599591851234,0,2015,1
-124.89375,46.70625,11.7082548141479,0.672048091888428,0,2015,1
-153.24375,46.44375,7.7392315864563,0.22766175866127,0,2015,1
-127.14375,26.83125,19.5019702911377,0.064826101064682,0,2015,1
-121.89375,35.90625,15.1292781829834,0.630314946174622,0,2015,1
-146.08125,41.53125,11.4775495529175,0.647395491600037,0,2015,1
-131.53125,30.20625,19.4947566986084,0.0796985998749733,0,2015,1
-140.34375,28.10625,21.2091617584229,0.0844185352325439,0,2015,1
-154.81875,42.58125,9.5594367980957,0.403890013694763,0,2015,1
-128.90625,28.44375,19.6636390686035,0.0759924203157425,0,2015,1
-130.21875,26.08125,20.5857372283936,0.0792549103498459,0,2015,1
-122.64375,37.81875,13.4157705307007,4.24258327484131,0,2015,1
-143.41875,29.11875,20.6576251983643,0.0796065330505371,0,2015,1
-135.91875,30.05625,19.8792285919189,0.0733270272612572,0,2015,1
-143.83125,40.55625,12.2108488082886,0.588127732276917,0,2015,1
-138.50625,29.11875,20.403169631958,0.0713397935032845,0,2015,1
-144.91875,39.91875,12.5228471755981,0.616711974143982,0,2015,1
-115.51875,26.30625,20.7154121398926,0.158077344298363,0,2015,1
-149.34375,47.11875,7.79514694213867,0.241040542721748,0,2015,1
-145.14375,50.45625,7.56995868682861,0.495677679777145,0,2015,1
-141.99375,28.29375,20.3931884765625,0.0663566440343857,0,2015,1
-143.45625,46.48125,9.43711090087891,0.434058487415314,0,2015,1
-121.21875,25.81875,19.8867321014404,0.102237693965435,0,2015,1
-140.90625,51.46875,8.06922626495361,0.53320300579071,0,2015,1
-114.20625,26.41875,20.8668575286865,0.140961825847626,0,2015,1
-124.25625,38.64375,14.2476749420166,0.587210476398468,0,2015,1
-139.93125,49.14375,8.91019153594971,0.405329048633575,0,2015,1
-147.58125,45.35625,9.13397121429443,0.32657578587532,0,2015,1
-128.86875,29.15625,19.3817386627197,0.0717544108629227,0,2015,1
-129.99375,29.11875,19.5278568267822,0.0757854878902435,0,2015,1
-156.01875,42.50625,9.299485206604,0.465043962001801,0,2015,1
-131.04375,26.53125,20.6631336212158,0.0742547884583473,0,2015,1
-132.69375,29.41875,19.6189270019531,0.073928639292717,0,2015,1
-137.60625,48.95625,9.22445774078369,0.222374081611633,0,2015,1
-134.49375,30.31875,19.5853233337402,0.0750505328178406,0,2015,1
-139.85625,30.31875,19.6331539154053,0.0743185132741928,0,2015,1
-153.84375,45.80625,7.75507926940918,0.392687380313873,0,2015,1
-134.49375,49.06875,9.42325592041016,0.200628101825714,0,2015,1
-125.68125,27.65625,20.0262813568115,0.0742678269743919,0,2015,1
-159.54375,41.94375,9.56849002838135,0.624207377433777,0,2015,1
-129.09375,28.93125,19.473072052002,0.0714731141924858,0,2015,1
-125.86875,42.80625,12.7462902069092,0.7017782330513,0,2015,1
-141.09375,27.24375,21.3672218322754,0.0724648907780647,0,2015,1
-152.98125,43.70625,9.09296703338623,0.313425570726395,0,2015,1
-141.91875,28.70625,20.4374446868896,0.0673274993896484,0,2015,1
-150.65625,45.88125,8.53970050811768,0.310673624277115,0,2015,1
-140.94375,47.56875,9.54584503173828,0.433115392923355,0,2015,1
-126.31875,27.76875,19.5174522399902,0.0766031295061111,0,2015,1
-148.36875,44.60625,9.67077732086182,0.320768445730209,0,2015,1
-131.79375,29.45625,19.7029609680176,0.0725721120834351,0,2015,1
-135.54375,30.88125,19.6992855072021,0.0746996775269508,0,2015,1
-123.65625,26.11875,20.3813056945801,0.0688106939196587,0,2015,1
-151.40625,45.05625,8.47347831726074,0.216489359736443,0,2015,1
-158.34375,42.99375,8.94524478912354,0.559556305408478,0,2015,1
-151.33125,44.60625,8.80530738830566,0.29316446185112,0,2015,1
-122.68125,37.03125,14.6351795196533,0.644945740699768,0,2015,1
-141.80625,46.55625,9.69417190551758,0.577794373035431,0,2015,1
-145.14375,30.76875,19.3132991790771,0.0731581896543503,0,2015,1
-143.00625,48.95625,8.30213451385498,0.314585655927658,0,2015,1
-120.43125,26.15625,19.7602519989014,0.160670727491379,0,2015,1
-134.64375,49.96875,9.44335269927979,0.338673442602158,0,2015,1
-137.11875,26.60625,21.0277900695801,0.069815918803215,0,2015,1
-145.44375,45.31875,9.826416015625,0.602179646492004,0,2015,1
-141.20625,50.71875,8.0306568145752,0.311181604862213,0,2015,1
-132.88125,26.08125,20.8594913482666,0.0704730600118637,0,2015,1
-119.08125,26.26875,20.6460933685303,0.100014321506023,0,2015,1
-122.79375,27.01875,19.7961368560791,0.0801750272512436,0,2015,1
-121.93125,36.84375,14.2434730529785,1.17351245880127,0,2015,1
-151.51875,45.76875,8.042311668396,0.373892366886139,0,2015,1
-121.14375,25.89375,19.7670650482178,0.105741299688816,0,2015,1
-115.55625,27.05625,20.0358028411865,0.196517378091812,0,2015,1
-159.46875,41.19375,9.74741649627686,0.446759819984436,0,2015,1
-143.30625,50.30625,8.05320644378662,0.293799877166748,0,2015,1
-142.66875,49.85625,8.33696556091309,0.995893895626068,0,2015,1
-139.81875,32.53125,18.387336730957,0.0711401998996735,0,2015,1
-130.63125,27.46875,20.5492496490479,0.0782142728567123,0,2015,1
-134.04375,27.54375,20.8739109039307,0.0715908035635948,0,2015,1
-150.58125,49.44375,6.23025131225586,0.57366818189621,0,2015,1
-150.54375,45.05625,8.89989471435547,0.347291558980942,0,2015,1
-155.86875,41.45625,9.74666976928711,0.312540918588638,0,2015,1
-128.71875,28.25625,19.6689987182617,0.0780553296208382,0,2015,1
-140.98125,29.11875,20.4323768615723,0.0765023902058601,0,2015,1
-119.79375,27.20625,19.453914642334,0.156966909766197,0,2015,1
-122.79375,37.63125,13.8509321212769,1.50449752807617,0,2015,1
-153.58125,44.71875,8.30962753295898,0.941523969173431,0,2015,1
-134.45625,34.33125,17.6164226531982,0.0731664970517159,0,2015,1
-150.61875,47.83125,7.08749294281006,0.46015477180481,0,2015,1
-145.93125,40.40625,11.9857912063599,0.633415579795837,0,2015,1
-151.51875,47.64375,6.81624317169189,0.430912762880325,0,2015,1
-159.80625,41.38125,9.51603603363037,0.308187931776047,0,2015,1
-132.16875,26.34375,20.6450252532959,0.0743879154324532,0,2015,1
-126.69375,44.53125,11.5828409194946,0.716857373714447,0,2015,1
-114.46875,27.20625,19.8873138427734,0.298294514417648,0,2015,1
-130.55625,29.94375,19.4530334472656,0.0747750550508499,0,2015,1
-134.11875,30.46875,19.1377849578857,0.0651328563690186,0,2015,1
-150.43125,44.53125,8.87641906738281,0.27501568198204,0,2015,1
-141.09375,48.58125,9.01903057098389,0.368755340576172,0,2015,1
-122.00625,27.43125,19.6460227966309,0.101850241422653,0,2015,1
-139.63125,29.49375,20.1998348236084,0.0744612589478493,0,2015,1
-156.61875,43.51875,9.10175132751465,0.475026786327362,0,2015,1
-125.86875,48.61875,10.7459144592285,0.662356615066528,0,2015,1
-115.81875,26.86875,20.3641014099121,0.178386270999908,0,2015,1
-153.99375,43.96875,8.56702423095703,0.348507016897202,0,2015,1
-156.50625,43.03125,9.30346775054932,0.561570703983307,0,2015,1
-140.79375,48.31875,9.23182106018066,0.506873846054077,0,2015,1
-132.76875,32.75625,17.833366394043,0.0726267322897911,0,2015,1
-137.30625,26.60625,21.0287532806396,0.0686583071947098,0,2015,1
-153.35625,42.54375,9.78437328338623,0.350923836231232,0,2015,1
-141.16875,49.33125,8.60483455657959,0.462143003940582,0,2015,1
-139.59375,49.59375,8.79735851287842,0.401431649923325,0,2015,1
-135.31875,31.10625,19.5312900543213,0.0744868218898773,0,2015,1
-143.00625,48.35625,9.15609836578369,0.62879604101181,0,2015,1
-143.45625,46.85625,9.22107219696045,0.406797736883163,0,2015,1
-146.15625,46.81875,8.42469882965088,0.268067955970764,0,2015,1
-114.09375,28.44375,18.1282825469971,0.990476369857788,0,2015,1
-144.16875,49.51875,7.91466760635376,0.262156665325165,0,2015,1
-132.58125,26.38125,20.7533893585205,0.0755103528499603,0,2015,1
-132.43125,26.90625,20.7559432983398,0.0794903710484505,0,2015,1
-136.70625,27.50625,21.0628414154053,0.071613036096096,0,2015,1
-141.76875,48.35625,9.50912284851074,0.362341165542603,0,2015,1
-155.98125,43.70625,8.94548416137695,0.46862331032753,0,2015,1
-137.00625,28.74375,20.3153038024902,0.0712995827198029,0,2015,1
-126.05625,27.39375,20.4255981445312,0.0740641579031944,0,2015,1
-133.78125,29.26875,19.9623908996582,0.0690229535102844,0,2015,1
-126.28125,25.40625,20.7389888763428,0.0817882642149925,0,2015,1
-125.64375,45.09375,11.7855491638184,0.726401448249817,0,2015,1
-114.50625,26.00625,20.5311317443848,0.158519253134727,0,2015,1
-130.74375,30.01875,19.3887100219727,0.0656948983669281,0,2015,1
-139.85625,27.54375,21.4445419311523,0.0751892179250717,0,2015,1
-124.18125,39.46875,13.7014150619507,0.621326386928558,0,2015,1
-119.45625,27.01875,19.8123035430908,0.154685065150261,0,2015,1
-152.98125,47.08125,7.0564489364624,0.279738366603851,0,2015,1
-156.99375,42.61875,9.62709426879883,0.491270214319229,0,2015,1
-152.08125,44.56875,8.70190525054932,0.426849365234375,0,2015,1
-127.29375,28.59375,19.1266975402832,0.0700732618570328,0,2015,1
-132.16875,28.70625,19.7367706298828,0.0714490860700607,0,2015,1
-136.33125,45.13125,11.8488035202026,0.637603402137756,0,2015,1
-148.89375,45.91875,8.50523567199707,0.257740795612335,0,2015,1
-147.58125,48.80625,7.1516056060791,0.306849211454391,0,2015,1
-117.24375,28.29375,19.6107635498047,0.324975401163101,0,2015,1
-132.09375,32.19375,18.3612442016602,0.0690587908029556,0,2015,1
-150.35625,43.74375,9.78116512298584,0.279778152704239,0,2015,1
-115.74375,27.16875,20.1071224212646,0.191483020782471,0,2015,1
-141.58125,46.96875,9.88682746887207,0.591638803482056,0,2015,1
-135.84375,27.50625,21.047721862793,0.082026831805706,0,2015,1
-146.45625,40.85625,11.7694292068481,0.620793461799622,0,2015,1
-157.36875,42.20625,9.91874217987061,0.666934907436371,0,2015,1
-143.34375,48.20625,9.14420604705811,0.428568631410599,0,2015,1
-147.31875,50.08125,7.28583383560181,0.449585765600204,0,2015,1
-140.71875,29.00625,20.7061138153076,0.076676607131958,0,2015,1
-145.40625,29.79375,19.4801406860352,0.0735378861427307,0,2015,1
-152.90625,44.75625,8.35306549072266,0.283605843782425,0,2015,1
-134.64375,35.26875,16.9556198120117,0.0670245364308357,0,2015,1
-156.28125,43.93125,8.64922428131104,0.427569001913071,0,2015,1
-135.84375,30.05625,19.8842678070068,0.0704822167754173,0,2015,1
-128.30625,25.70625,20.3862800598145,0.0753399357199669,0,2015,1
-146.38125,50.45625,7.35598754882812,0.256652355194092,0,2015,1
-142.81875,46.51875,9.59295272827148,0.348789781332016,0,2015,1
-135.84375,26.79375,21.1709957122803,0.0718172490596771,0,2015,1
-151.59375,43.66875,9.28237247467041,0.311273127794266,0,2015,1
-124.59375,38.04375,14.4818353652954,0.614311337471008,0,2015,1
-140.94375,27.46875,21.2402477264404,0.0744804665446281,0,2015,1
-140.56875,48.76875,8.86225891113281,0.713643789291382,0,2015,1
-154.66875,43.10625,9.13718891143799,0.524790942668915,0,2015,1
-144.73125,47.71875,9.06194019317627,0.368164241313934,0,2015,1
-135.80625,29.19375,20.1123561859131,0.068388544023037,0,2015,1
-146.08125,46.74375,8.55777359008789,0.263872176408768,0,2015,1
-141.88125,48.39375,9.4948148727417,0.477365136146545,0,2015,1
-140.45625,31.03125,19.1179637908936,0.0696852654218674,0,2015,1
-121.55625,25.55625,20.1801834106445,0.0829067528247833,0,2015,1
-148.18125,48.20625,7.27030324935913,0.306698381900787,0,2015,1
-129.05625,25.93125,20.5527801513672,0.073615126311779,0,2015,1
-129.31875,26.53125,20.4633941650391,0.0718872472643852,0,2015,1
-140.90625,31.33125,18.7357025146484,0.0675534307956696,0,2015,1
-114.35625,26.86875,20.3627471923828,0.162181377410889,0,2015,1
-141.65625,28.14375,20.6556415557861,0.0718116611242294,0,2015,1
-144.84375,30.05625,19.5387134552002,0.0790292024612427,0,2015,1
-113.56875,26.64375,20.3146362304688,0.401524543762207,0,2015,1
-153.73125,43.51875,8.78613376617432,0.367632508277893,0,2015,1
-154.63125,44.15625,8.44551467895508,0.52574497461319,0,2015,1
-133.10625,29.08125,19.8032855987549,0.0678407698869705,0,2015,1
-133.25625,26.90625,20.7297973632812,0.0787117630243301,0,2015,1
-116.68125,31.59375,16.6174411773682,1.24781012535095,0,2015,1
-124.78125,27.01875,19.6676483154297,0.0812650695443153,0,2015,1
-148.96875,45.73125,8.58194160461426,0.254541635513306,0,2015,1
-139.85625,32.34375,18.3834533691406,0.0688623115420341,0,2015,1
-158.90625,42.58125,9.24965763092041,0.438311815261841,0,2015,1
-134.75625,30.31875,19.7162494659424,0.0747928246855736,0,2015,1
-126.28125,44.71875,11.5138130187988,0.619580447673798,0,2015,1
-155.79375,43.40625,9.0201244354248,0.479670077562332,0,2015,1
-148.89375,47.90625,7.23538875579834,0.135362833738327,0,2015,1
-122.86875,26.00625,20.1402072906494,0.0803765952587128,0,2015,1
-148.36875,45.46875,8.9627103805542,0.268131792545319,0,2015,1
-146.71875,48.35625,7.45917987823486,0.203898325562477,0,2015,1
-152.38125,45.58125,8.05690288543701,0.27474257349968,0,2015,1
-127.25625,26.49375,19.7928504943848,0.0675486177206039,0,2015,1
-150.50625,48.46875,6.88595056533813,0.344673901796341,0,2015,1
-148.66875,44.15625,9.5772762298584,0.293096929788589,0,2015,1
-152.98125,43.10625,9.04140949249268,0.350310504436493,0,2015,1
-157.59375,44.19375,7.93387794494629,0.239675760269165,0,2015,1
-139.33125,28.36875,20.995096206665,0.0871596187353134,0,2015,1
-136.70625,30.43125,19.1361064910889,0.0662410631775856,0,2015,1
-133.36875,26.71875,20.7259693145752,0.0768307596445084,0,2015,1
-140.98125,49.63125,8.65789890289307,1.04010319709778,0,2015,1
-153.80625,46.51875,7.31199645996094,0.310004591941833,0,2015,1
-124.81875,25.18125,20.8329582214355,0.0742270573973656,0,2015,1
-152.68125,43.29375,9.21885681152344,0.325181424617767,0,2015,1
-130.59375,29.75625,19.4640922546387,0.0697383210062981,0,2015,1
-130.25625,25.59375,20.9696788787842,0.0800757482647896,0,2015,1
-136.93125,31.96875,18.0516662597656,0.0690227225422859,0,2015,1
-130.48125,29.30625,19.4941692352295,0.0724871456623077,0,2015,1
-152.68125,45.50625,7.98469018936157,0.305201798677444,0,2015,1
-158.79375,42.80625,9.1113338470459,0.590384066104889,0,2015,1
-130.59375,28.78125,19.8127498626709,0.0765857771039009,0,2015,1
-159.95625,41.56875,9.48396110534668,0.358038812875748,0,2015,1
-144.09375,45.99375,9.34618186950684,0.375685125589371,0,2015,1
-127.51875,45.16875,11.4912919998169,0.63181334733963,0,2015,1
-154.63125,43.59375,8.60780239105225,0.470538318157196,0,2015,1
-127.70625,28.89375,19.2857513427734,0.0664556547999382,0,2015,1
-153.13125,45.39375,8.14012813568115,0.38842847943306,0,2015,1
-115.51875,27.35625,19.7569179534912,0.297919303178787,0,2015,1
-116.56875,25.55625,20.5031929016113,0.136620417237282,0,2015,1
-136.96875,30.88125,18.8647651672363,0.0684560090303421,0,2015,1
-133.93125,50.19375,9.12835788726807,0.278864562511444,0,2015,1
-158.38125,42.43125,9.36526298522949,0.342739462852478,0,2015,1
-150.76875,46.63125,8.05835723876953,0.289119452238083,0,2015,1
-150.99375,46.89375,7.35479736328125,0.210843279957771,0,2015,1
-122.00625,25.40625,20.3356037139893,0.0718716159462929,0,2015,1
-140.26875,48.50625,9.14393043518066,0.576261281967163,0,2015,1
-150.43125,48.69375,6.7900972366333,0.373170286417007,0,2015,1
-131.41875,30.28125,19.4521636962891,0.0806906670331955,0,2015,1
-141.16875,27.76875,20.7896327972412,0.0663426518440247,0,2015,1
-155.83125,42.28125,9.45002937316895,0.497590959072113,0,2015,1
-131.26875,25.81875,20.8503093719482,0.0694671869277954,0,2015,1
-129.69375,28.96875,19.4875144958496,0.0734114944934845,0,2015,1
-159.58125,41.45625,9.52516841888428,0.474970430135727,0,2015,1
-136.21875,29.64375,19.9869785308838,0.0634586811065674,0,2015,1
-149.19375,47.75625,7.24176406860352,0.178547248244286,0,2015,1
-152.49375,45.16875,8.3464183807373,0.388365298509598,0,2015,1
-137.15625,27.46875,20.8747158050537,0.0678892284631729,0,2015,1
-124.36875,44.64375,12.4922580718994,1.01290369033813,0,2015,1
-154.44375,43.18125,9.01596164703369,0.380946487188339,0,2015,1
-151.66875,48.84375,6.27594232559204,0.30440291762352,0,2015,1
-135.91875,30.46875,19.7612419128418,0.0667326152324677,0,2015,1
-140.94375,30.50625,19.6506862640381,0.0621570497751236,0,2015,1
-143.00625,46.81875,9.42117691040039,0.45526248216629,0,2015,1
-156.09375,43.44375,9.11640453338623,0.528680503368378,0,2015,1
-149.83125,46.03125,8.6177978515625,0.26055446267128,0,2015,1
-146.11875,50.64375,7.26856756210327,0.234131544828415,0,2015,1
-114.54375,26.98125,20.242338180542,0.178405165672302,0,2015,1
-124.51875,43.21875,12.9426593780518,1.05439102649689,0,2015,1
-134.04375,50.34375,9.16060543060303,0.354848861694336,0,2015,1
-122.79375,37.06875,14.6104421615601,0.621067881584167,0,2015,1
-132.73125,30.24375,19.4715785980225,0.0764089748263359,0,2015,1
-137.23125,27.91875,20.4441432952881,0.0681287720799446,0,2015,1
-132.91875,30.73125,19.0861339569092,0.0703529939055443,0,2015,1
-143.45625,46.55625,9.40897464752197,0.443900942802429,0,2015,1
-157.14375,42.73125,9.61024188995361,0.460177928209305,0,2015,1
-142.14375,48.05625,9.5944709777832,0.631080269813538,0,2015,1
-144.16875,46.59375,9.2351016998291,0.39841628074646,0,2015,1
-128.34375,25.78125,20.3688106536865,0.0786347016692162,0,2015,1
-131.86875,31.25625,18.6785545349121,0.0692834556102753,0,2015,1
-136.10625,27.54375,21.0846252441406,0.076408825814724,0,2015,1
-114.13125,26.68125,20.4049816131592,0.205515399575233,0,2015,1
-115.06875,25.85625,20.458948135376,0.163457646965981,0,2015,1
-131.71875,30.39375,19.174934387207,0.0686111301183701,0,2015,1
-155.49375,43.78125,8.72017192840576,0.712532460689545,0,2015,1
-143.86875,49.51875,8.02590179443359,0.30502638220787,0,2015,1
-151.48125,47.79375,6.75683164596558,0.335313588380814,0,2015,1
-138.65625,46.78125,9.82170486450195,0.349513053894043,0,2015,1
-152.94375,43.63125,9.09678936004639,0.489930957555771,0,2015,1
-135.39375,29.71875,19.7976741790771,0.0724269598722458,0,2015,1
-155.98125,45.20625,7.85478925704956,0.454680025577545,0,2015,1
-144.58125,29.23125,20.2198581695557,0.076041653752327,0,2015,1
-143.30625,51.05625,7.76514291763306,0.300658077001572,0,2015,1
-149.15625,46.78125,8.00354480743408,0.222274675965309,0,2015,1
-154.10625,42.91875,9.18078708648682,0.463031321763992,0,2015,1
-136.85625,29.49375,20.112829208374,0.0750071853399277,0,2015,1
-144.43125,42.24375,11.2216024398804,0.641810119152069,0,2015,1
-137.79375,31.96875,18.4606094360352,0.0731326639652252,0,2015,1
-159.76875,41.94375,9.54083156585693,0.385876804590225,0,2015,1
-120.31875,25.55625,19.6223030090332,0.117962598800659,0,2015,1
-124.18125,25.59375,20.3358707427979,0.0718670040369034,0,2015,1
-146.68125,41.26875,11.515923500061,0.607659816741943,0,2015,1
-148.18125,44.75625,9.77176666259766,0.310001462697983,0,2015,1
-143.45625,47.86875,9.32708930969238,0.246272891759872,0,2015,1
-125.79375,47.83125,11.0926723480225,0.642311632633209,0,2015,1
-128.26875,29.08125,19.29909324646,0.0662338361144066,0,2015,1
-151.18125,44.53125,8.7725133895874,0.268711596727371,0,2015,1
-153.09375,47.56875,6.59571838378906,0.339368611574173,0,2015,1
-143.34375,28.96875,20.7429504394531,0.0857697501778603,0,2015,1
-151.89375,45.73125,7.95012474060059,0.391746193170547,0,2015,1
-142.21875,29.79375,20.3142280578613,0.0679684057831764,0,2015,1
-148.59375,45.84375,8.5753116607666,0.397083014249802,0,2015,1
-148.36875,50.56875,6.69661331176758,0.558354079723358,0,2015,1
-151.51875,36.69375,13.5679388046265,0.6016725897789,0,2015,1
-133.70625,31.33125,18.8005962371826,0.0679296106100082,0,2015,1
-134.71875,36.31875,16.3749008178711,0.0685478895902634,0,2015,1
-140.34375,47.94375,9.35136222839355,0.461217373609543,0,2015,1
-128.26875,27.80625,19.6443939208984,0.0716016292572021,0,2015,1
-139.36875,28.33125,21.0416069030762,0.0848080366849899,0,2015,1
-153.69375,47.79375,6.20532560348511,0.374276340007782,0,2015,1
-150.99375,42.54375,9.83602142333984,0.295959800481796,0,2015,1
-122.60625,36.35625,14.7758636474609,0.6830073595047,0,2015,1
-141.39375,47.34375,9.82360076904297,0.443981915712357,0,2015,1
-143.15625,45.91875,9.78053283691406,0.433971703052521,0,2015,1
-151.93125,42.35625,9.69872760772705,0.325496315956116,0,2015,1
-126.84375,43.96875,12.0294723510742,0.689420640468597,0,2015,1
-121.06875,26.86875,19.7005023956299,0.132814988493919,0,2015,1
-124.18125,40.89375,12.7714719772339,2.82139420509338,0,2015,1
-128.79375,29.08125,19.3230838775635,0.0707505568861961,0,2015,1
-131.83125,28.14375,20.060094833374,0.0697108432650566,0,2015,1
-140.11875,34.33125,17.3691711425781,0.0702533051371574,0,2015,1
-114.73125,27.84375,18.8433017730713,0.742592871189117,0,2015,1
-122.60625,27.58125,19.6428031921387,0.0825738534331322,0,2015,1
-121.93125,26.23125,20.2108459472656,0.0851627364754677,0,2015,1
-123.31875,26.71875,19.6009120941162,0.0789543092250824,0,2015,1
-144.01875,48.13125,8.92863941192627,0.313723832368851,0,2015,1
-125.26875,26.75625,19.7309284210205,0.0694475993514061,0,2015,1
-122.60625,25.10625,20.8272132873535,0.0767934322357178,0,2015,1
-146.83125,48.58125,7.34457206726074,0.162442550063133,0,2015,1
-151.81875,44.15625,9.06217479705811,0.28959059715271,0,2015,1
-153.05625,45.50625,8.17544269561768,0.422492951154709,0,2015,1
-133.89375,27.16875,20.8777179718018,0.0727961584925652,0,2015,1
-123.95625,26.23125,20.1505851745605,0.0708996802568436,0,2015,1
-130.18125,28.63125,19.9392871856689,0.075408972799778,0,2015,1
-154.93125,42.91875,9.42087364196777,0.406410217285156,0,2015,1
-144.31875,31.10625,18.8075141906738,0.0721245482563972,0,2015,1
-135.39375,49.93125,9.37271022796631,0.153393805027008,0,2015,1
-122.60625,37.81875,13.3637895584106,4.20821332931519,0,2015,1
-143.11875,47.49375,9.63521385192871,0.399528235197067,0,2015,1
-140.04375,33.24375,18.0173892974854,0.0676560178399086,0,2015,1
-127.81875,29.34375,19.2530345916748,0.070281907916069,0,2015,1
-143.68125,46.40625,9.38269710540771,0.340099275112152,0,2015,1
-146.30625,45.05625,10.0903415679932,0.663364350795746,0,2015,1
-129.91875,29.26875,19.5093231201172,0.0750334858894348,0,2015,1
-140.60625,27.43125,21.267297744751,0.0731952711939812,0,2015,1
-133.14375,26.94375,20.6954936981201,0.0802531391382217,0,2015,1
-158.19375,43.36875,8.60409069061279,0.380176395177841,0,2015,1
-142.18125,48.76875,9.02558898925781,0.324563503265381,0,2015,1
-137.90625,31.29375,19.4487762451172,0.0774326995015144,0,2015,1
-125.15625,41.08125,13.6183166503906,0.743943989276886,0,2015,1
-139.18125,27.69375,21.3243160247803,0.0738065987825394,0,2015,1
-124.81875,43.55625,13.2216415405273,0.840056836605072,0,2015,1
-140.38125,27.99375,21.2292194366455,0.0794106796383858,0,2015,1
-153.05625,47.68125,6.3958592414856,0.361436456441879,0,2015,1
-129.24375,27.01875,20.3814926147461,0.0804542601108551,0,2015,1
-149.75625,48.76875,6.77665042877197,0.492129921913147,0,2015,1
-142.66875,31.81875,19.4366359710693,0.0858647227287292,0,2015,1
-152.71875,43.78125,9.22597217559814,0.360669136047363,0,2015,1
-128.23125,28.81875,19.3904685974121,0.066266655921936,0,2015,1
-137.45625,28.03125,20.2937202453613,0.0646170899271965,0,2015,1
-133.33125,29.41875,19.83203125,0.0727399289608002,0,2015,1
-155.00625,45.65625,7.52283430099487,0.428647071123123,0,2015,1
-124.14375,45.80625,12.0025482177734,0.974477112293243,0,2015,1
-117.09375,25.59375,20.4132461547852,0.105259969830513,0,2015,1
-125.34375,25.81875,20.3030109405518,0.0656705647706985,0,2015,1
-144.58125,48.16875,9.00070858001709,0.44072687625885,0,2015,1
-134.68125,26.64375,20.9632472991943,0.0747857391834259,0,2015,1
-151.48125,44.11875,9.08393383026123,0.308503240346909,0,2015,1
-154.89375,44.83125,8.15674495697021,0.670144855976105,0,2015,1
-133.93125,30.20625,19.2031059265137,0.0701167359948158,0,2015,1
-136.81875,32.08125,17.9451847076416,0.0714994445443153,0,2015,1
-138.28125,29.23125,20.3251323699951,0.0680653005838394,0,2015,1
-114.95625,27.09375,19.8705081939697,0.267085880041122,0,2015,1
-125.00625,25.93125,20.12571144104,0.0691233351826668,0,2015,1
-143.86875,30.31875,19.7960624694824,0.0742764621973038,0,2015,1
-126.65625,26.86875,19.9699554443359,0.0715012848377228,0,2015,1
-143.83125,45.95625,9.404465675354,0.347617924213409,0,2015,1
-115.44375,25.70625,21.5759296417236,0.135495543479919,0,2015,1
-124.51875,36.61875,14.4133148193359,0.678425252437592,0,2015,1
-129.91875,26.68125,20.4324855804443,0.0819034427404404,0,2015,1
-137.08125,32.15625,17.9152793884277,0.0677185952663422,0,2015,1
-144.43125,49.36875,7.9426383972168,0.295776456594467,0,2015,1
-140.53125,31.25625,18.7688293457031,0.0644441395998001,0,2015,1
-135.95625,26.08125,21.4848289489746,0.0672845393419266,0,2015,1
-120.13125,25.93125,19.6679821014404,0.156218633055687,0,2015,1
-141.31875,49.66875,8.59677982330322,0.806697130203247,0,2015,1
-147.43125,48.09375,7.52541446685791,0.429819792509079,0,2015,1
-126.28125,45.65625,11.1070766448975,0.586229264736176,0,2015,1
-127.55625,43.55625,11.603536605835,0.674744606018066,0,2015,1
-119.75625,27.05625,20.0416145324707,0.125769019126892,0,2015,1
-140.98125,29.08125,20.5280342102051,0.069165475666523,0,2015,1
-140.30625,27.80625,21.2288875579834,0.0744797959923744,0,2015,1
-155.04375,45.05625,8.07499694824219,0.673634707927704,0,2015,1
-119.68125,25.78125,20.3242855072021,0.120596535503864,0,2015,1
-126.28125,28.63125,18.9671764373779,0.0726132541894913,0,2015,1
-137.08125,27.46875,20.9014053344727,0.0665000379085541,0,2015,1
-156.13125,43.40625,9.12630653381348,0.614828646183014,0,2015,1
-136.40625,28.70625,20.5881443023682,0.070034846663475,0,2015,1
-124.36875,44.49375,12.6627140045166,0.700129151344299,0,2015,1
-149.45625,47.26875,7.71415996551514,0.224852606654167,0,2015,1
-118.89375,25.93125,20.7590560913086,0.0972460359334946,0,2015,1
-151.81875,43.33125,9.46639728546143,0.32583099603653,0,2015,1
-148.70625,44.23125,9.48734569549561,0.256369680166245,0,2015,1
-141.35625,30.16875,19.4044170379639,0.066402368247509,0,2015,1
-135.73125,31.36875,19.5033187866211,0.0684949904680252,0,2015,1
-136.96875,50.30625,8.98991584777832,0.166394948959351,0,2015,1
-127.48125,27.28125,19.563325881958,0.0727364867925644,0,2015,1
-114.80625,27.16875,19.9596061706543,0.194820076227188,0,2015,1
-116.15625,26.56875,20.6296081542969,0.149294957518578,0,2015,1
-124.29375,40.93125,13.1058654785156,1.77598512172699,0,2015,1
-136.55625,33.20625,17.8954772949219,0.0720898881554604,0,2015,1
-134.94375,28.51875,20.5597953796387,0.0741301327943802,0,2015,1
-123.91875,39.43125,13.3645849227905,1.26796090602875,0,2015,1
-141.58125,27.76875,21.0284290313721,0.0738000124692917,0,2015,1
-125.53125,25.18125,20.7058525085449,0.0739223957061768,0,2015,1
-120.61875,26.26875,19.7327194213867,0.160098239779472,0,2015,1
-127.48125,26.45625,19.9990997314453,0.0841128751635551,0,2015,1
-115.18125,26.94375,19.9766159057617,0.260777503252029,0,2015,1
-141.24375,48.61875,8.94981956481934,0.345288187265396,0,2015,1
-136.10625,30.58125,19.6348247528076,0.0695267394185066,0,2015,1
-154.74375,39.16875,11.6990699768066,0.824705243110657,0,2015,1
-154.63125,46.96875,6.51235723495483,0.289723128080368,0,2015,1
-132.13125,28.44375,19.8326663970947,0.0747889056801796,0,2015,1
-131.79375,30.01875,19.5511894226074,0.080928273499012,0,2015,1
-154.93125,45.69375,7.49944734573364,0.376656353473663,0,2015,1
-131.19375,29.56875,19.5189971923828,0.0702758729457855,0,2015,1
-146.30625,50.71875,7.29854202270508,0.174060121178627,0,2015,1
-141.73125,48.31875,9.49327087402344,0.337822496891022,0,2015,1
-134.11875,31.44375,18.87135887146,0.0715218111872673,0,2015,1
-143.15625,30.28125,19.8917465209961,0.0812037289142609,0,2015,1
-133.06875,27.13125,20.691743850708,0.0897902846336365,0,2015,1
-151.25625,43.93125,9.07654857635498,0.343683302402496,0,2015,1
-140.83125,30.43125,19.755859375,0.064572885632515,0,2015,1
-149.15625,48.61875,6.69678926467896,0.617479562759399,0,2015,1
-153.20625,47.68125,6.4056282043457,0.285782635211945,0,2015,1
-150.84375,45.01875,8.62147903442383,0.226841196417809,0,2015,1
-141.43125,48.88125,8.80624961853027,0.489540278911591,0,2015,1
-136.40625,30.61875,19.1490211486816,0.0644352734088898,0,2015,1
-115.25625,26.15625,20.3323173522949,0.165608823299408,0,2015,1
-134.08125,28.33125,20.3808517456055,0.066375806927681,0,2015,1
-135.20625,28.81875,20.4581203460693,0.072003997862339,0,2015,1
-124.74375,36.46875,14.5372266769409,0.60717785358429,0,2015,1
-152.08125,48.28125,6.42498445510864,0.48805359005928,0,2015,1
-141.91875,29.60625,20.288106918335,0.0641139149665833,0,2015,1
-136.66875,49.40625,9.32753849029541,0.214816227555275,0,2015,1
-149.00625,49.14375,6.39305305480957,0.55810010433197,0,2015,1
-157.29375,44.04375,8.12320423126221,0.305132657289505,0,2015,1
-124.25625,38.98125,13.9444932937622,0.655501484870911,0,2015,1
-131.04375,29.34375,19.5818824768066,0.0752886906266212,0,2015,1
-142.33125,30.65625,19.7207946777344,0.0733800977468491,0,2015,1
-155.60625,44.19375,8.55466365814209,0.354377061128616,0,2015,1
-128.41875,26.79375,20.0436401367188,0.0741977542638779,0,2015,1
-151.63125,48.61875,6.415367603302,0.46148020029068,0,2015,1
-152.49375,44.60625,8.64550876617432,0.440111547708511,0,2015,1
-122.75625,26.04375,20.1182498931885,0.0788716599345207,0,2015,1
-128.68125,28.18125,19.6719932556152,0.0741085335612297,0,2015,1
-139.70625,50.94375,8.4310827255249,0.644771873950958,0,2015,1
-123.95625,45.65625,11.8403806686401,5.90731573104858,0,2015,1
-135.28125,30.39375,19.7626972198486,0.070125937461853,0,2015,1
-141.13125,47.94375,9.54752922058105,0.285218477249146,0,2015,1
-124.03125,28.44375,19.2881088256836,0.0728010982275009,0,2015,1
-134.00625,29.30625,19.9281578063965,0.0768734067678452,0,2015,1
-142.48125,27.99375,21.0831394195557,0.0814419910311699,0,2015,1
-154.55625,46.40625,6.958824634552,0.349188208580017,0,2015,1
-155.64375,44.79375,8.22583198547363,0.32621631026268,0,2015,1
-147.35625,46.03125,8.82202625274658,0.390861302614212,0,2015,1
-150.24375,44.98125,8.97817039489746,0.337631195783615,0,2015,1
-134.08125,49.10625,9.48686408996582,0.237208753824234,0,2015,1
-123.76875,29.30625,19.0780410766602,0.070687510073185,0,2015,1
-125.83125,27.16875,20.2907199859619,0.0820235311985016,0,2015,1
-117.20625,26.98125,19.8187103271484,0.248797312378883,0,2015,1
-157.74375,42.69375,9.36064052581787,0.40963476896286,0,2015,1
-137.94375,27.05625,21.1103553771973,0.0749970749020576,0,2015,1
-151.59375,48.73125,6.31041812896729,0.40225949883461,0,2015,1
-135.69375,29.79375,19.9719409942627,0.0711273923516273,0,2015,1
-130.40625,28.25625,20.0363655090332,0.0780111625790596,0,2015,1
-135.35625,29.86875,19.7462997436523,0.072347491979599,0,2015,1
-120.43125,26.60625,20.0193519592285,0.159205570816994,0,2015,1
-146.23125,45.88125,9.29625606536865,0.33092412352562,0,2015,1
-139.81875,51.05625,8.45625686645508,0.342102766036987,0,2015,1
-152.64375,45.61875,7.94587182998657,0.287953704595566,0,2015,1
-147.65625,50.75625,7.05169105529785,0.51338791847229,0,2015,1
-123.69375,25.44375,20.4569339752197,0.0738997906446457,0,2015,1
-144.43125,45.95625,9.24708080291748,0.38204625248909,0,2015,1
-139.74375,32.04375,18.4714889526367,0.0692242085933685,0,2015,1
-128.11875,26.26875,20.314266204834,0.0800228863954544,0,2015,1
-140.30625,48.28125,9.22657108306885,0.501601874828339,0,2015,1
-158.90625,42.76875,9.10949325561523,0.606559336185455,0,2015,1
-137.41875,29.23125,20.0817260742188,0.0652114599943161,0,2015,1
-139.36875,49.70625,8.75590419769287,0.31865531206131,0,2015,1
-132.99375,27.16875,20.673282623291,0.0862925127148628,0,2015,1
-133.25625,30.80625,18.8753852844238,0.0660644173622131,0,2015,1
-132.24375,50.19375,9.35857772827148,0.175476133823395,0,2015,1
-118.81875,25.89375,20.7623481750488,0.0936420187354088,0,2015,1
-133.18125,28.06875,20.5283184051514,0.0722770243883133,0,2015,1
-131.94375,27.39375,20.5876750946045,0.0754821673035622,0,2015,1
-131.38125,25.70625,20.8666858673096,0.0700366795063019,0,2015,1
-132.35625,28.74375,19.7791366577148,0.0745123475790024,0,2015,1
-144.13125,51.20625,7.69354581832886,1.08583903312683,0,2015,1
-140.04375,28.14375,21.1894397735596,0.0770757794380188,0,2015,1
-129.20625,29.00625,19.48948097229,0.0768378898501396,0,2015,1
-125.56875,28.93125,19.1274757385254,0.07135970890522,0,2015,1
-121.44375,25.93125,19.8474731445312,0.095265805721283,0,2015,1
-138.50625,28.21875,20.5837841033936,0.072567529976368,0,2015,1
-148.93125,44.64375,9.27505397796631,0.272735863924026,0,2015,1
-137.71875,26.64375,20.963005065918,0.0706359818577766,0,2015,1
-152.64375,43.78125,9.28135776519775,0.391550481319427,0,2015,1
-117.01875,27.46875,19.4573631286621,0.282262086868286,0,2015,1
-148.63125,49.25625,6.64506006240845,0.271497875452042,0,2015,1
-152.23125,48.50625,6.44391107559204,0.392709702253342,0,2015,1
-132.09375,50.11875,9.6122579574585,0.225145265460014,0,2015,1
-121.74375,25.89375,20.2037887573242,0.0913323536515236,0,2015,1
-143.90625,46.55625,9.30357360839844,0.375489473342896,0,2015,1
-146.68125,48.95625,7.33575010299683,0.176144778728485,0,2015,1
-143.41875,47.79375,9.35309028625488,0.264886826276779,0,2015,1
-124.78125,45.95625,12.1988315582275,0.645096063613892,0,2015,1
-125.60625,44.64375,11.9220609664917,0.666524231433868,0,2015,1
-139.96875,32.75625,18.0806045532227,0.0715461373329163,0,2015,1
-121.06875,25.06875,19.810022354126,0.109286546707153,0,2015,1
-137.90625,27.65625,21.0433349609375,0.0828787162899971,0,2015,1
-142.44375,28.06875,21.1169242858887,0.0772256702184677,0,2015,1
-136.14375,34.78125,16.9338607788086,0.0706944614648819,0,2015,1
-124.89375,27.13125,19.6546154022217,0.07563616335392,0,2015,1
-145.10625,48.01875,8.94580268859863,0.335273772478104,0,2015,1
-151.48125,47.08125,7.22978973388672,0.376751154661179,0,2015,1
-132.39375,26.56875,20.7083969116211,0.0742519423365593,0,2015,1
-127.48125,27.99375,19.1846981048584,0.071123905479908,0,2015,1
-135.09375,30.61875,19.7471656799316,0.0715746581554413,0,2015,1
-131.08125,27.43125,20.4847087860107,0.0720626562833786,0,2015,1
-155.86875,43.14375,9.11710071563721,0.478184789419174,0,2015,1
-117.20625,25.66875,20.4720726013184,0.111872687935829,0,2015,1
-152.41875,44.38125,8.74869823455811,0.356597125530243,0,2015,1
-143.30625,30.58125,19.7911720275879,0.0788421928882599,0,2015,1
-156.46875,43.18125,9.16985988616943,0.701224744319916,0,2015,1
-143.90625,29.08125,20.7749214172363,0.0818196311593056,0,2015,1
-139.33125,29.34375,20.0651950836182,0.0721200406551361,0,2015,1
-149.68125,44.71875,9.15944576263428,0.40052542090416,0,2015,1
-120.09375,26.94375,20.2562389373779,0.134542062878609,0,2015,1
-139.81875,27.88125,21.3373031616211,0.0792063698172569,0,2015,1
-119.83125,27.05625,20.0822200775146,0.129048630595207,0,2015,1
-145.93125,49.44375,7.43220567703247,0.228273093700409,0,2015,1
-117.13125,27.43125,19.6359043121338,0.260027050971985,0,2015,1
-122.90625,25.89375,20.1211967468262,0.0783320665359497,0,2015,1
-134.04375,29.15625,19.9866371154785,0.0713029876351357,0,2015,1
-152.30625,48.84375,6.26818227767944,0.442208111286163,0,2015,1
-152.38125,47.11875,7.05916404724121,0.391324073076248,0,2015,1
-133.18125,28.74375,20.0917625427246,0.0741730183362961,0,2015,1
-156.73125,44.19375,8.0707311630249,0.322362571954727,0,2015,1
-152.30625,42.80625,9.50251960754395,0.360363781452179,0,2015,1
-125.98125,43.74375,12.3538265228271,0.652362823486328,0,2015,1
-120.16875,25.18125,19.9063491821289,0.117126561701298,0,2015,1
-149.23125,44.23125,9.64004325866699,0.226557925343513,0,2015,1
-142.89375,30.65625,19.9925670623779,0.0771821439266205,0,2015,1
-133.44375,27.35625,20.7702541351318,0.0781476423144341,0,2015,1
-146.41875,48.80625,7.47136354446411,0.467388689517975,0,2015,1
-123.35625,25.66875,20.4619789123535,0.0781535133719444,0,2015,1
-132.01875,29.83125,19.6410160064697,0.0765943452715874,0,2015,1
-151.36875,43.59375,9.30122566223145,0.28084996342659,0,2015,1
-142.93125,29.49375,20.3431758880615,0.0806551873683929,0,2015,1
-139.14375,29.75625,19.862340927124,0.0721632912755013,0,2015,1
-136.85625,28.55625,20.3752288818359,0.0727622285485268,0,2015,1
-134.30625,30.16875,19.5273323059082,0.0618407875299454,0,2015,1
-121.78125,27.65625,19.4545593261719,0.0938208401203156,0,2015,1
-143.98125,46.21875,9.45196914672852,0.330956548452377,0,2015,1
-154.51875,46.48125,6.88006734848022,0.430273026227951,0,2015,1
-125.45625,26.38125,20.2498569488525,0.0703767836093903,0,2015,1
-128.90625,27.91875,19.6851940155029,0.0741192996501923,0,2015,1
-122.45625,28.21875,19.7973976135254,0.0917523130774498,0,2015,1
-135.39375,26.83125,20.9620113372803,0.0756843015551567,0,2015,1
-136.44375,32.79375,17.8579425811768,0.0722663700580597,0,2015,1
-133.51875,28.93125,19.9080142974854,0.0685252174735069,0,2015,1
-151.78125,45.54375,8.21159076690674,0.438014835119247,0,2015,1
-115.70625,27.43125,19.8528537750244,0.321554690599442,0,2015,1
-139.36875,49.66875,8.77602481842041,0.272613078355789,0,2015,1
-150.80625,49.25625,6.26516914367676,0.543073713779449,0,2015,1
-123.73125,38.75625,13.8933353424072,0.863665819168091,0,2015,1
-115.06875,28.96875,18.4234447479248,0.687042951583862,0,2015,1
-138.54375,27.01875,21.5370178222656,0.068413719534874,0,2015,1
-143.75625,50.19375,8.04138946533203,0.823106706142426,0,2015,1
-144.50625,46.89375,9.03723526000977,0.515465319156647,0,2015,1
-144.09375,50.60625,7.90488529205322,0.221421837806702,0,2015,1
-126.80625,42.09375,12.5552043914795,0.64201146364212,0,2015,1
-130.63125,27.05625,20.6380748748779,0.0734362080693245,0,2015,1
-152.75625,43.66875,9.19543743133545,0.456506669521332,0,2015,1
-153.95625,45.95625,7.6276421546936,0.36253833770752,0,2015,1
-124.63125,36.99375,14.4707231521606,0.665456891059875,0,2015,1
-117.50625,25.78125,20.7547054290771,0.0925928428769112,0,2015,1
-134.08125,29.26875,19.9455070495605,0.0722191333770752,0,2015,1
-150.28125,49.06875,6.60669994354248,0.313693881034851,0,2015,1
-139.36875,48.54375,9.49611854553223,0.37543323636055,0,2015,1
-137.94375,28.14375,20.7069797515869,0.0778418630361557,0,2015,1
-145.48125,41.26875,11.7642412185669,0.650206387042999,0,2015,1
-145.81875,41.53125,11.6040563583374,0.639389038085938,0,2015,1
-153.09375,46.85625,7.30655288696289,0.270546674728394,0,2015,1
-132.09375,25.96875,20.859992980957,0.0605589114129543,0,2015,1
-142.66875,30.39375,19.9124755859375,0.0741149112582207,0,2015,1
-157.59375,42.28125,9.84525203704834,0.448445528745651,0,2015,1
-154.33125,43.29375,8.84416961669922,0.419475644826889,0,2015,1
-147.69375,47.71875,7.62436771392822,0.227950766682625,0,2015,1
-143.60625,46.51875,9.33618831634521,0.387077897787094,0,2015,1
-131.75625,30.50625,19.1179485321045,0.068990558385849,0,2015,1
-151.06875,45.73125,8.39977264404297,0.251544237136841,0,2015,1
-126.54375,44.15625,11.9274196624756,0.708896338939667,0,2015,1
-129.24375,27.61875,20.0691776275635,0.0708174929022789,0,2015,1
-143.08125,47.53125,9.63298511505127,0.365734785795212,0,2015,1
-147.88125,46.66875,8.33343601226807,0.230129078030586,0,2015,1
-137.04375,34.29375,17.1447982788086,0.0730036720633507,0,2015,1
-152.60625,43.25625,9.26959133148193,0.314690768718719,0,2015,1
-132.46875,30.46875,19.3767547607422,0.0685965865850449,0,2015,1
-123.39375,38.60625,13.4703979492188,2.18546891212463,0,2015,1
-133.51875,28.14375,20.4881839752197,0.0703233107924461,0,2015,1
-127.10625,27.80625,19.1524658203125,0.0713390484452248,0,2015,1
-141.46875,47.56875,9.68093490600586,0.321990787982941,0,2015,1
-122.30625,27.46875,19.8278999328613,0.087201863527298,0,2015,1
-133.03125,28.33125,20.3179988861084,0.0750439092516899,0,2015,1
-143.75625,49.89375,8.18071842193604,0.685904502868652,0,2015,1
-118.85625,27.05625,19.523157119751,0.223718091845512,0,2015,1
-128.26875,29.00625,19.3116455078125,0.0627457872033119,0,2015,1
-124.21875,37.63125,14.4389791488647,0.974084377288818,0,2015,1
-147.31875,40.44375,12.0379104614258,0.582572042942047,0,2015,1
-150.31875,46.74375,7.69670295715332,0.439537942409515,0,2015,1
-124.74375,25.14375,20.8231048583984,0.0775875374674797,0,2015,1
-141.99375,50.26875,8.29830837249756,0.32267701625824,0,2015,1
-137.26875,29.11875,20.1289844512939,0.0668798461556435,0,2015,1
-131.15625,29.98125,19.4398460388184,0.0755991786718369,0,2015,1
-148.29375,45.28125,9.05389976501465,0.287453293800354,0,2015,1
-120.13125,25.55625,19.7103614807129,0.127393901348114,0,2015,1
-117.13125,25.66875,20.42160987854,0.104141294956207,0,2015,1
-137.56875,30.24375,19.5776119232178,0.0661673545837402,0,2015,1
-137.83125,30.69375,19.6278514862061,0.0793800130486488,0,2015,1
-117.99375,26.86875,19.9214782714844,0.175617516040802,0,2015,1
-136.96875,48.50625,9.3748664855957,0.621259033679962,0,2015,1
-117.76875,25.96875,20.8002014160156,0.0911920890212059,0,2015,1
-156.13125,43.06875,9.14412212371826,0.610792577266693,0,2015,1
-154.59375,43.78125,8.49377346038818,0.532896637916565,0,2015,1
-144.46875,46.10625,9.27986431121826,0.34186452627182,0,2015,1
-135.54375,32.04375,18.8523178100586,0.0635986849665642,0,2015,1
-147.65625,48.95625,7.09136915206909,0.261228531599045,0,2015,1
-152.08125,42.76875,9.77632331848145,0.298408985137939,0,2015,1
-137.11875,48.76875,9.25827026367188,0.173129081726074,0,2015,1
-144.16875,45.99375,9.3391809463501,0.369832009077072,0,2015,1
-148.18125,50.00625,6.77371120452881,0.278996258974075,0,2015,1
-147.46875,49.33125,6.92058563232422,0.478104740381241,0,2015,1
-115.70625,26.04375,21.5049247741699,0.139250382781029,0,2015,1
-138.80625,27.43125,21.354211807251,0.0772118791937828,0,2015,1
-137.38125,48.65625,9.30118846893311,0.407978892326355,0,2015,1
-118.55625,25.78125,20.8830680847168,0.0928541272878647,0,2015,1
-137.30625,48.46875,9.42543983459473,0.287019610404968,0,2015,1
-139.10625,27.46875,21.4055461883545,0.0763369724154472,0,2015,1
-136.48125,31.74375,18.2389717102051,0.0620388351380825,0,2015,1
-142.78125,46.96875,9.47450351715088,0.466869473457336,0,2015,1
-125.38125,28.21875,19.7068347930908,0.0717232078313828,0,2015,1
-121.25625,26.79375,19.7682113647461,0.133655488491058,0,2015,1
-132.35625,26.94375,20.7266082763672,0.0798965469002724,0,2015,1
-131.86875,26.08125,20.9768848419189,0.0776069238781929,0,2015,1
-149.71875,47.98125,7.21781253814697,0.291829735040665,0,2015,1
-120.61875,25.29375,19.72509765625,0.0989481583237648,0,2015,1
-147.24375,47.56875,7.77013826370239,0.297164559364319,0,2015,1
-142.59375,30.20625,20.167911529541,0.082771509885788,0,2015,1
-139.66875,28.33125,21.1379375457764,0.0861997753381729,0,2015,1
-121.63125,27.09375,19.5854988098145,0.106310240924358,0,2015,1
-123.39375,26.30625,20.0218887329102,0.0726851299405098,0,2015,1
-140.45625,51.76875,8.09128379821777,0.252886980772018,0,2015,1
-128.94375,26.75625,20.1649227142334,0.0591677241027355,0,2015,1
-156.76875,42.76875,9.49618721008301,0.429900050163269,0,2015,1
-136.29375,31.03125,18.7333793640137,0.0665724873542786,0,2015,1
-141.61875,49.78125,8.57736206054688,0.385127753019333,0,2015,1
-124.89375,28.29375,19.5457820892334,0.0754646807909012,0,2015,1
-136.93125,27.01875,21.0003795623779,0.0731438845396042,0,2015,1
-120.84375,25.18125,19.7848949432373,0.100061170756817,0,2015,1
-142.36875,48.54375,9.26926231384277,0.635252475738525,0,2015,1
-137.83125,48.09375,9.78192615509033,0.212484046816826,0,2015,1
-136.51875,31.59375,18.2820205688477,0.0642815679311752,0,2015,1
-154.89375,44.71875,8.1735258102417,0.50750595331192,0,2015,1
-150.24375,48.95625,6.61207723617554,0.358341097831726,0,2015,1
-141.13125,47.68125,9.65717506408691,0.343397080898285,0,2015,1
-131.64375,29.23125,19.6964988708496,0.0745977833867073,0,2015,1
-137.23125,27.43125,20.8398571014404,0.072696216404438,0,2015,1
-137.56875,27.16875,20.8919792175293,0.0701413527131081,0,2015,1
-137.94375,29.45625,19.9296092987061,0.0697658583521843,0,2015,1
-135.16875,29.98125,19.8209819793701,0.0697693526744843,0,2015,1
-145.14375,30.24375,19.452507019043,0.0695817470550537,0,2015,1
-137.23125,26.30625,21.0993118286133,0.0692887231707573,0,2015,1
-134.90625,27.28125,21.0169830322266,0.0754338726401329,0,2015,1
-145.06875,29.56875,20.0762805938721,0.0708740875124931,0,2015,1
-153.01875,46.18125,7.93811368942261,0.335485517978668,0,2015,1
-137.19375,30.61875,19.1982078552246,0.0699420720338821,0,2015,1
-148.93125,47.00625,7.89376592636108,0.211710378527641,0,2015,1
-120.43125,26.68125,20.0673828125,0.152591690421104,0,2015,1
-136.03125,26.98125,21.2303218841553,0.0722452327609062,0,2015,1
-152.26875,47.71875,6.56349086761475,0.24922601878643,0,2015,1
-139.55625,30.61875,19.47678565979,0.0741912946105003,0,2015,1
-136.63125,26.75625,21.2202682495117,0.0701008215546608,0,2015,1
-136.59375,29.45625,20.130558013916,0.065990261733532,0,2015,1
-136.14375,29.34375,20.1033554077148,0.0686703324317932,0,2015,1
-118.51875,26.64375,20.2755603790283,0.126313388347626,0,2015,1
-141.54375,51.09375,7.94311761856079,0.299361169338226,0,2015,1
-145.40625,48.01875,8.67954921722412,0.335614264011383,0,2015,1
-121.36875,25.40625,20.1246566772461,0.0954430252313614,0,2015,1
-139.40625,27.65625,21.2886142730713,0.0755155682563782,0,2015,1
-146.15625,48.95625,7.67035055160522,0.203160494565964,0,2015,1
-156.50625,42.05625,9.49742603302002,0.514940977096558,0,2015,1
-141.05625,28.10625,20.769006729126,0.0744662806391716,0,2015,1
-141.50625,47.71875,9.71114349365234,0.385160267353058,0,2015,1
-152.60625,44.04375,9.2007417678833,0.337468773126602,0,2015,1
-132.99375,29.60625,19.6553401947021,0.0781055837869644,0,2015,1
-144.46875,47.30625,9.34873199462891,0.456997960805893,0,2015,1
-143.53125,29.26875,20.5796966552734,0.0889676734805107,0,2015,1
-137.23125,30.20625,19.4003791809082,0.0705909579992294,0,2015,1
-155.41875,43.59375,8.78009223937988,0.446650683879852,0,2015,1
-148.78125,44.15625,9.59971237182617,0.259847015142441,0,2015,1
-137.75625,48.13125,9.70621109008789,0.241084367036819,0,2015,1
-156.69375,44.94375,7.80824422836304,0.365558505058289,0,2015,1
-132.73125,28.89375,19.7926616668701,0.0721262618899345,0,2015,1
-128.71875,44.94375,11.2783517837524,0.617963135242462,0,2015,1
-137.53125,29.23125,20.1083087921143,0.0647426918148994,0,2015,1
-148.18125,49.29375,6.7381157875061,0.188350439071655,0,2015,1
-155.15625,46.29375,7.26365375518799,0.287343919277191,0,2015,1
-130.40625,25.96875,20.731481552124,0.072234034538269,0,2015,1
-129.16875,28.18125,19.7689571380615,0.0678637027740479,0,2015,1
-118.33125,27.05625,19.8480529785156,0.202565178275108,0,2015,1
-125.83125,46.33125,11.5111827850342,0.614611983299255,0,2015,1
-155.68125,41.98125,9.56747245788574,0.343778401613235,0,2015,1
-135.73125,29.11875,20.1295928955078,0.0686747506260872,0,2015,1
-134.86875,33.50625,18.362621307373,0.0698991194367409,0,2015,1
-119.49375,26.71875,20.206937789917,0.130957841873169,0,2015,1
-122.23125,36.39375,14.9974727630615,0.764364361763,0,2015,1
-146.11875,47.30625,8.22159576416016,0.326073408126831,0,2015,1
-136.96875,48.31875,9.49957656860352,0.350275576114655,0,2015,1
-129.54375,42.01875,12.6228733062744,0.632176995277405,0,2015,1
-126.95625,43.66875,11.7505445480347,0.607578337192535,0,2015,1
-146.94375,45.46875,9.3012228012085,0.414358824491501,0,2015,1
-155.68125,42.39375,9.44625091552734,0.447536557912827,0,2015,1
-144.80625,41.94375,11.4253063201904,0.585936069488525,0,2015,1
-136.59375,49.03125,9.34327983856201,0.221308454871178,0,2015,1
-155.68125,45.69375,7.844069480896,0.373734891414642,0,2015,1
-125.23125,43.85625,12.8294849395752,0.719124138355255,0,2015,1
-135.24375,32.90625,18.4311141967773,0.0716633349657059,0,2015,1
-125.68125,26.30625,20.4093933105469,0.0793806090950966,0,2015,1
-124.14375,26.11875,20.0721168518066,0.0687072426080704,0,2015,1
-155.34375,42.43125,9.67630863189697,0.421522915363312,0,2015,1
-140.15625,27.91875,21.1746158599854,0.0773063898086548,0,2015,1
-147.16875,44.86875,9.69572639465332,0.290467828512192,0,2015,1
-134.26875,26.00625,20.9160594940186,0.0684859678149223,0,2015,1
-131.79375,29.23125,19.7406349182129,0.0733590200543404,0,2015,1
-144.99375,30.73125,19.2793960571289,0.0725021809339523,0,2015,1
-125.53125,42.05625,13.0341930389404,0.788487076759338,0,2015,1
-129.46875,28.03125,19.9332675933838,0.0701502859592438,0,2015,1
-159.35625,42.28125,9.38841915130615,0.379505574703217,0,2015,1
-137.56875,30.28125,19.5781383514404,0.0711559504270554,0,2015,1
-133.36875,28.10625,20.5406837463379,0.0647050812840462,0,2015,1
-123.61875,28.29375,19.4878082275391,0.0916653499007225,0,2015,1
-150.13125,43.85625,9.7930736541748,0.277481466531754,0,2015,1
-137.75625,49.06875,9.25966453552246,0.325004070997238,0,2015,1
-148.33125,45.20625,9.17223834991455,0.287547528743744,0,2015,1
-134.34375,30.73125,19.2299327850342,0.0695576220750809,0,2015,1
-135.73125,28.78125,20.4189529418945,0.0712432414293289,0,2015,1
-131.98125,26.94375,20.7427501678467,0.0738056525588036,0,2015,1
-130.70625,32.04375,18.4500389099121,0.0693115592002869,0,2015,1
-124.40625,39.50625,13.9627895355225,0.728190362453461,0,2015,1
-130.89375,28.36875,19.9312171936035,0.069658987224102,0,2015,1
-154.93125,44.08125,8.50411510467529,0.489598512649536,0,2015,1
-143.26875,29.38125,20.2795066833496,0.0914630815386772,0,2015,1
-146.26875,48.43125,7.64785957336426,0.206011325120926,0,2015,1
-136.93125,29.41875,20.1439151763916,0.0721020996570587,0,2015,1
-142.40625,47.11875,9.70063304901123,0.432682693004608,0,2015,1
-133.78125,28.70625,20.0851039886475,0.0704732984304428,0,2015,1
-116.30625,26.94375,20.2828197479248,0.184096992015839,0,2015,1
-150.88125,47.79375,6.95080995559692,0.343560516834259,0,2015,1
-122.00625,26.04375,20.2745151519775,0.0774493515491486,0,2015,1
-126.16875,26.53125,20.708869934082,0.0695649236440659,0,2015,1
-144.99375,29.38125,20.2546997070312,0.0676330626010895,0,2015,1
-141.76875,28.40625,20.4316730499268,0.0689547583460808,0,2015,1
-130.21875,29.34375,19.4530563354492,0.0666616559028625,0,2015,1
-129.61875,26.94375,20.3921699523926,0.0704146921634674,0,2015,1
-146.45625,48.91875,7.51816129684448,0.226249620318413,0,2015,1
-157.44375,44.26875,7.86307144165039,0.19099959731102,0,2015,1
-142.78125,42.16875,11.3978433609009,0.612919270992279,0,2015,1
-126.88125,27.54375,19.1519889831543,0.0683614313602448,0,2015,1
-156.61875,41.75625,9.68919563293457,0.419520229101181,0,2015,1
-137.38125,30.16875,19.4962940216064,0.0688760653138161,0,2015,1
-148.78125,46.93125,7.9824390411377,0.25157305598259,0,2015,1
-136.85625,30.91875,18.7940006256104,0.0656632035970688,0,2015,1
-153.73125,43.18125,8.91613101959229,0.463501453399658,0,2015,1
-143.83125,49.40625,8.03240394592285,0.400066018104553,0,2015,1
-139.51875,49.21875,9.01143836975098,0.863291919231415,0,2015,1
-133.29375,28.78125,19.9803924560547,0.0707833245396614,0,2015,1
-124.36875,46.36875,11.3103618621826,2.6842622756958,0,2015,1
-135.88125,32.38125,18.4158954620361,0.0712850466370583,0,2015,1
-134.86875,33.05625,18.5966892242432,0.0697536990046501,0,2015,1
-124.78125,42.46875,13.1308155059814,0.893602073192596,0,2015,1
-125.49375,42.35625,13.1029090881348,0.903921246528625,0,2015,1
-137.79375,48.80625,9.18475532531738,0.32401829957962,0,2015,1
-117.28125,27.54375,19.5115642547607,0.288293927907944,0,2015,1
-144.31875,46.70625,9.08711719512939,0.430840313434601,0,2015,1
-152.60625,47.49375,6.68385982513428,0.226352497935295,0,2015,1
-142.51875,30.99375,19.463809967041,0.0922705754637718,0,2015,1
-156.46875,41.90625,9.5180778503418,0.570391535758972,0,2015,1
-137.79375,28.18125,20.4419422149658,0.0729940533638,0,2015,1
-132.28125,29.23125,19.6390285491943,0.0768670663237572,0,2015,1
-127.10625,25.96875,20.2496395111084,0.073470801115036,0,2015,1
-127.40625,44.08125,11.6353034973145,0.697579920291901,0,2015,1
-129.01875,28.14375,19.7364196777344,0.0694968327879906,0,2015,1
-143.30625,46.03125,9.58060836791992,0.320724189281464,0,2015,1
-124.03125,36.99375,14.5476417541504,0.621552228927612,0,2015,1
-143.08125,46.06875,9.65473556518555,0.416050106287003,0,2015,1
-135.50625,31.18125,19.5782108306885,0.0627253279089928,0,2015,1
-132.69375,26.98125,20.6786842346191,0.0857861191034317,0,2015,1
-143.56875,30.09375,19.7760276794434,0.0631035938858986,0,2015,1
-134.60625,49.63125,9.43600749969482,0.26217794418335,0,2015,1
-136.44375,30.58125,19.1615409851074,0.0693338662385941,0,2015,1
-131.34375,27.50625,20.5429515838623,0.0832168906927109,0,2015,1
-149.79375,43.96875,9.83458232879639,0.283006697893143,0,2015,1
-152.41875,44.11875,9.14917945861816,0.30575168132782,0,2015,1
-134.00625,49.10625,9.46257972717285,0.267065048217773,0,2015,1
-139.10625,47.94375,9.78651809692383,0.388605445623398,0,2015,1
-115.66875,27.69375,19.5807075500488,0.408639818429947,0,2015,1
-139.70625,32.08125,18.5447063446045,0.0691813677549362,0,2015,1
-151.81875,48.16875,6.41359281539917,0.377591252326965,0,2015,1
-131.90625,27.88125,20.2163333892822,0.0764737948775291,0,2015,1
-133.63125,30.50625,19.0913391113281,0.0626664459705353,0,2015,1
-155.90625,42.91875,9.2544994354248,0.477958828210831,0,2015,1
-134.19375,31.96875,18.6985931396484,0.0695859342813492,0,2015,1
-148.48125,48.84375,6.68117809295654,0.293391495943069,0,2015,1
-141.35625,28.63125,20.5825386047363,0.068592369556427,0,2015,1
-146.60625,46.06875,9.06385898590088,0.263681918382645,0,2015,1
-140.94375,47.90625,9.44681549072266,0.324248135089874,0,2015,1
-150.46875,47.34375,7.40589380264282,0.436808168888092,0,2015,1
-136.33125,31.63125,18.3677864074707,0.0611448101699352,0,2015,1
-117.31875,27.39375,19.7638607025146,0.281995117664337,0,2015,1
-117.16875,26.60625,19.9355564117432,0.224757954478264,0,2015,1
-124.66875,46.96875,11.4895486831665,1.50265777111053,0,2015,1
-149.60625,47.86875,7.21710872650146,3.82707858085632,0,2015,1
-144.13125,28.74375,20.9164047241211,0.0747099444270134,0,2015,1
-127.59375,43.78125,11.6032934188843,0.745238661766052,0,2015,1
-132.01875,28.55625,19.7503089904785,0.0665861070156097,0,2015,1
-125.83125,26.45625,20.4647617340088,0.0778442919254303,0,2015,1
-145.93125,41.75625,11.4346437454224,0.597623944282532,0,2015,1
-151.03125,45.50625,8.42274951934814,0.230722144246101,0,2015,1
-131.56875,27.88125,20.2559509277344,0.0820580124855042,0,2015,1
-123.58125,26.26875,20.156343460083,0.0733149200677872,0,2015,1
-147.80625,44.26875,9.84193706512451,0.231100857257843,0,2015,1
-153.35625,48.09375,6.03338718414307,0.397438794374466,0,2015,1
-155.53125,41.71875,9.60582256317139,0.372314721345901,0,2015,1
-131.45625,42.20625,13.0479621887207,1.23162710666656,0,2015,1
-136.51875,28.74375,20.5576133728027,0.0673934891819954,0,2015,1
-144.58125,45.58125,9.49104785919189,0.336102068424225,0,2015,1
-128.90625,27.50625,20.0693511962891,0.0759211257100105,0,2015,1
-129.58125,26.38125,20.4733180999756,0.0765615329146385,0,2015,1
-142.03125,30.76875,19.46702003479,0.0754337161779404,0,2015,1
-139.51875,29.79375,19.8934192657471,0.0709858685731888,0,2015,1
-155.23125,42.91875,9.40060234069824,0.522690713405609,0,2015,1
-157.66875,44.15625,7.93269538879395,0.255612999200821,0,2015,1
-137.26875,29.19375,20.1179523468018,0.0683108121156693,0,2015,1
-143.08125,29.64375,20.2408866882324,0.0822286829352379,0,2015,1
-144.20625,39.80625,13.1111688613892,0.599386096000671,0,2015,1
-142.74375,31.36875,19.5660419464111,0.0920518934726715,0,2015,1
-126.50625,27.20625,19.9004440307617,0.0759703665971756,0,2015,1
-116.45625,26.23125,20.5993003845215,0.165146335959435,0,2015,1
-122.11875,26.00625,20.2454357147217,0.0754117742180824,0,2015,1
-139.25625,30.39375,19.5991153717041,0.0781628638505936,0,2015,1
-154.03125,43.25625,8.87258720397949,0.383653283119202,0,2015,1
-136.21875,31.36875,18.7052307128906,0.0588228851556778,0,2015,1
-139.36875,49.74375,8.73375511169434,0.378282457590103,0,2015,1
-143.60625,46.10625,9.44761276245117,0.356150805950165,0,2015,1
-133.44375,29.79375,19.4996089935303,0.0762755498290062,0,2015,1
-147.13125,48.95625,7.16410350799561,0.197189480066299,0,2015,1
-142.70625,31.40625,19.551233291626,0.0916478931903839,0,2015,1
-129.54375,28.33125,19.6466236114502,0.0661524310708046,0,2015,1
-135.13125,48.99375,9.49532222747803,0.144763976335526,0,2015,1
-148.25625,44.00625,9.75920486450195,0.258582085371017,0,2015,1
-133.74375,27.88125,20.5442199707031,0.0688544064760208,0,2015,1
-130.85625,25.63125,21.0319671630859,0.0781373977661133,0,2015,1
-142.33125,29.04375,20.3905849456787,0.0672531202435493,0,2015,1
-125.60625,42.69375,13.0221490859985,0.715380430221558,0,2015,1
-119.64375,26.34375,20.3944549560547,0.119042225182056,0,2015,1
-135.84375,30.91875,19.6037483215332,0.0643029287457466,0,2015,1
-150.73125,48.01875,6.94035768508911,0.309983789920807,0,2015,1
-135.91875,30.16875,19.8435249328613,0.0793565884232521,0,2015,1
-154.48125,42.58125,9.53770351409912,0.427113205194473,0,2015,1
-134.34375,31.03125,19.3709506988525,0.0701982378959656,0,2015,1
-151.06875,43.25625,9.411452293396,0.252027988433838,0,2015,1
-130.03125,29.94375,19.386812210083,0.0727005004882812,0,2015,1
-134.68125,32.41875,18.5206775665283,0.0703256353735924,0,2015,1
-132.73125,26.60625,20.7625961303711,0.0798966437578201,0,2015,1
-132.61875,27.84375,20.3780059814453,0.0874379798769951,0,2015,1
-115.06875,26.30625,20.4554824829102,0.155888825654984,0,2015,1
-130.89375,28.33125,19.9191303253174,0.0757381618022919,0,2015,1
-132.43125,27.95625,20.1539154052734,0.0753905773162842,0,2015,1
-133.70625,29.41875,19.8732299804688,0.07578144967556,0,2015,1
-142.89375,47.79375,9.65804386138916,0.381042689085007,0,2015,1
-137.04375,31.59375,18.421215057373,0.0691458284854889,0,2015,1
-152.98125,43.44375,9.02460098266602,0.272682160139084,0,2015,1
-154.10625,42.80625,9.24604511260986,0.341562271118164,0,2015,1
-137.45625,26.86875,20.8506450653076,0.0668979808688164,0,2015,1
-141.69375,28.51875,20.4488258361816,0.0700130760669708,0,2015,1
-122.26875,27.84375,19.9305934906006,0.091351255774498,0,2015,1
-145.36875,40.44375,12.0344343185425,0.623362123966217,0,2015,1
-153.91875,46.40625,7.25017309188843,0.267031669616699,0,2015,1
-123.24375,27.13125,19.4639987945557,0.0792488679289818,0,2015,1
-142.36875,28.10625,20.9865608215332,0.0827016830444336,0,2015,1
-135.13125,49.85625,9.47405052185059,0.30968365073204,0,2015,1
-154.59375,43.85625,8.49412727355957,0.445185929536819,0,2015,1
-146.11875,47.98125,8.13572120666504,0.20359443128109,0,2015,1
-125.45625,42.65625,13.1304655075073,0.748878300189972,0,2015,1
-147.58125,50.11875,7.05222654342651,0.483296453952789,0,2015,1
-127.78125,44.53125,11.384165763855,0.760318517684937,0,2015,1
-152.04375,45.31875,8.19774723052979,0.302877187728882,0,2015,1
-130.89375,49.81875,9.82623195648193,0.242884412407875,0,2015,1
-143.15625,29.38125,20.4221801757812,0.0877649784088135,0,2015,1
-142.14375,29.64375,20.2748260498047,0.0669289901852608,0,2015,1
-125.45625,28.63125,19.3790912628174,0.0711265131831169,0,2015,1
-159.50625,41.23125,9.73600196838379,0.441970616579056,0,2015,1
-144.95625,47.56875,9.11056804656982,0.400332093238831,0,2015,1
-141.43125,46.85625,9.79711723327637,0.526613593101501,0,2015,1
-153.99375,45.39375,7.75785255432129,0.641380727291107,0,2015,1
-137.30625,26.53125,21.068977355957,0.0673169121146202,0,2015,1
-133.96875,29.11875,19.9564189910889,0.0703966319561005,0,2015,1
-117.73125,26.53125,20.3426113128662,0.116068162024021,0,2015,1
-145.81875,45.91875,9.24674892425537,0.384213984012604,0,2015,1
-140.86875,28.78125,20.7638568878174,0.0687507018446922,0,2015,1
-141.43125,29.68125,19.7560749053955,0.0707565620541573,0,2015,1
-134.30625,29.15625,20.009521484375,0.0720292925834656,0,2015,1
-139.44375,47.90625,9.58953380584717,0.320870012044907,0,2015,1
-126.13125,25.21875,20.7441368103027,0.0769259333610535,0,2015,1
-142.29375,28.06875,21.0244808197021,0.0816897749900818,0,2015,1
-118.21875,25.55625,21.1620178222656,0.0873491019010544,0,2015,1
-154.74375,44.38125,8.33021926879883,0.553726732730865,0,2015,1
-157.36875,43.36875,8.9910364151001,0.430502533912659,0,2015,1
-134.15625,27.35625,20.9172286987305,0.0716904327273369,0,2015,1
-126.80625,26.11875,20.2917098999023,0.0730424299836159,0,2015,1
-150.35625,48.01875,7.10893201828003,0.185516536235809,0,2015,1
-121.10625,26.41875,19.5987434387207,0.130038768053055,0,2015,1
-125.75625,44.00625,12.5180015563965,0.703752636909485,0,2015,1
-115.44375,27.76875,19.5533885955811,0.476712226867676,0,2015,1
-138.28125,28.33125,20.6434783935547,0.0737185850739479,0,2015,1
-131.49375,26.34375,20.7952365875244,0.0717434957623482,0,2015,1
-141.09375,29.45625,19.7278594970703,0.069880373775959,0,2015,1
-135.58125,32.30625,18.5009727478027,0.0694550722837448,0,2015,1
-156.43125,43.89375,8.7081937789917,0.462309867143631,0,2015,1
-138.84375,31.18125,18.9333267211914,0.0703925266861916,0,2015,1
-127.66875,27.65625,19.2278079986572,0.0643395408987999,0,2015,1
-154.44375,43.70625,8.46890258789062,0.445863246917725,0,2015,1
-132.54375,26.34375,20.7470455169678,0.069075733423233,0,2015,1
-142.06875,50.04375,8.33596134185791,0.184116721153259,0,2015,1
-140.86875,47.19375,9.81661510467529,0.390155225992203,0,2015,1
-125.56875,43.44375,12.654993057251,0.584050893783569,0,2015,1
-141.69375,27.95625,20.9237232208252,0.0654645636677742,0,2015,1
-121.93125,27.39375,19.5011501312256,0.0943461731076241,0,2015,1
-137.45625,31.51875,18.8605670928955,0.071019820868969,0,2015,1
-141.43125,50.79375,8.05165004730225,0.616713225841522,0,2015,1
-152.49375,42.84375,9.3630952835083,0.354298621416092,0,2015,1
-155.30625,43.59375,8.75999450683594,0.449298828840256,0,2015,1
-140.60625,30.50625,19.7494621276855,0.0667943134903908,0,2015,1
-137.64375,30.61875,19.5800380706787,0.0818879753351212,0,2015,1
-136.85625,28.21875,20.4849891662598,0.0746881812810898,0,2015,1
-124.78125,42.76875,13.1591720581055,1.02640056610107,0,2015,1
-123.01875,37.21875,14.5407276153564,0.613839983940125,0,2015,1
-157.40625,44.49375,7.82190561294556,0.402220785617828,0,2015,1
-140.98125,29.64375,19.5528259277344,0.0728739574551582,0,2015,1
-152.45625,47.94375,6.36706399917603,0.363924086093903,0,2015,1
-139.36875,48.39375,9.61480045318604,0.386345028877258,0,2015,1
-151.70625,42.80625,9.66791343688965,0.296192228794098,0,2015,1
-138.50625,28.44375,20.4847240447998,0.0710053071379662,0,2015,1
-138.05625,27.58125,21.1043796539307,0.0798981115221977,0,2015,1
-135.61875,28.63125,20.6953201293945,0.0655459016561508,0,2015,1
-131.98125,26.90625,20.7353744506836,0.0711377710103989,0,2015,1
-124.14375,25.40625,20.4860363006592,0.0734596773982048,0,2015,1
-139.96875,49.63125,8.778564453125,0.532029807567596,0,2015,1
-134.68125,26.86875,20.9896278381348,0.0797054618597031,0,2015,1
-155.49375,41.53125,9.64471244812012,0.266966372728348,0,2015,1
-125.26875,41.94375,13.2388372421265,0.611003696918488,0,2015,1
-131.30625,29.45625,19.5555534362793,0.0688518062233925,0,2015,1
-124.81875,46.74375,11.6900234222412,1.08618187904358,0,2015,1
-135.16875,26.34375,20.9796886444092,0.0673183053731918,0,2015,1
-139.89375,32.64375,18.2394180297852,0.0698406174778938,0,2015,1
-152.38125,48.76875,6.28136110305786,0.442356109619141,0,2015,1
-139.55625,47.98125,9.50280570983887,0.355376541614532,0,2015,1
-137.86875,50.53125,8.81086254119873,0.240310341119766,0,2015,1
-140.53125,47.60625,9.49980545043945,0.581161916255951,0,2015,1
-140.71875,48.01875,9.25100517272949,0.331875860691071,0,2015,1
-152.11875,42.95625,9.67301082611084,0.391967236995697,0,2015,1
-149.49375,45.31875,9.02405261993408,0.546168506145477,0,2015,1
-154.33125,45.20625,7.92286777496338,0.576352417469025,0,2015,1
-132.46875,30.69375,19.0446758270264,0.0710313618183136,0,2015,1
-148.89375,44.38125,9.28671836853027,0.275489807128906,0,2015,1
-133.70625,50.34375,8.89416217803955,0.274030834436417,0,2015,1
-146.38125,45.88125,9.31807804107666,0.478247463703156,0,2015,1
-122.71875,28.29375,19.8069324493408,0.0973357707262039,0,2015,1
-128.49375,28.29375,19.4965476989746,0.0772362053394318,0,2015,1
-137.75625,27.99375,20.5916690826416,0.0734761729836464,0,2015,1
-128.15625,25.40625,20.7046585083008,0.0870428830385208,0,2015,1
-145.51875,46.93125,8.63329696655273,0.357952266931534,0,2015,1
-128.26875,26.45625,20.172737121582,0.0657617598772049,0,2015,1
-140.49375,32.56875,17.7591667175293,0.0685403496026993,0,2015,1
-150.01875,45.54375,8.95017623901367,0.293409943580627,0,2015,1
-125.26875,46.10625,12.0021419525146,0.931498050689697,0,2015,1
-136.81875,27.88125,20.6461410522461,0.0693893581628799,0,2015,1
-145.29375,48.91875,8.09263038635254,0.202714532613754,0,2015,1
-144.01875,45.46875,9.79628372192383,0.271585166454315,0,2015,1
-128.34375,45.13125,11.0744009017944,0.714005291461945,0,2015,1
-135.13125,28.89375,20.3889312744141,0.0641903057694435,0,2015,1
-147.46875,46.78125,8.2664852142334,0.303910255432129,0,2015,1
-140.26875,29.26875,20.1503238677979,0.071091465651989,0,2015,1
-131.45625,28.18125,19.8933906555176,0.0761447250843048,0,2015,1
-151.51875,47.23125,7.04178094863892,0.34795069694519,0,2015,1
-127.48125,26.56875,20.0079536437988,0.0777367949485779,0,2015,1
-148.14375,48.73125,6.92807245254517,0.269196450710297,0,2015,1
-132.39375,26.75625,20.7092151641846,0.0794276520609856,0,2015,1
-153.50625,42.65625,9.35150718688965,0.358934581279755,0,2015,1
-136.18125,30.20625,19.9072113037109,0.0721872001886368,0,2015,1
-132.65625,30.73125,19.0712814331055,0.0731148347258568,0,2015,1
-139.78125,51.13125,8.46002769470215,0.562452912330627,0,2015,1
-138.65625,29.08125,20.407054901123,0.0686308369040489,0,2015,1
-142.70625,30.65625,19.7722492218018,0.07524074614048,0,2015,1
-148.29375,49.85625,6.68393135070801,0.306813061237335,0,2015,1
-116.45625,26.30625,20.5553588867188,0.163474947214127,0,2015,1
-115.66875,29.60625,17.4460639953613,0.933884620666504,0,2015,1
-141.95625,30.16875,19.9651412963867,0.0750695839524269,0,2015,1
-120.28125,26.56875,20.096736907959,0.152531787753105,0,2015,1
-141.84375,46.63125,9.68317794799805,0.314748972654343,0,2015,1
-147.20625,40.25625,12.2213869094849,0.669392049312592,0,2015,1
-155.38125,41.60625,9.67907238006592,0.281830847263336,0,2015,1
-141.69375,51.16875,7.82680702209473,0.277072161436081,0,2015,1
-155.38125,43.59375,8.79590320587158,0.466859310865402,0,2015,1
-136.70625,26.49375,21.2542991638184,0.070300817489624,0,2015,1
-141.95625,47.68125,9.68521213531494,0.486871927976608,0,2015,1
-137.04375,29.49375,20.0525569915771,0.0669261664152145,0,2015,1
-143.75625,49.78125,8.15005493164062,0.493239760398865,0,2015,1
-134.38125,32.15625,18.7279644012451,0.0667628273367882,0,2015,1
-124.55625,41.11875,13.5422458648682,0.73633599281311,0,2015,1
-127.70625,27.76875,19.2716064453125,0.0684989616274834,0,2015,1
-142.48125,46.74375,9.58210945129395,0.376818001270294,0,2015,1
-155.56875,46.18125,7.68418979644775,0.336355566978455,0,2015,1
-137.53125,29.94375,19.7260055541992,0.0644561275839806,0,2015,1
-151.25625,46.44375,8.25389194488525,0.437094390392303,0,2015,1
-153.46875,46.74375,7.28519105911255,0.321410447359085,0,2015,1
-151.21875,44.45625,8.82564735412598,0.288609832525253,0,2015,1
-133.40625,32.49375,18.2523136138916,0.0694573298096657,0,2015,1
-134.23125,50.11875,9.24698638916016,0.373180717229843,0,2015,1
-125.34375,26.45625,19.975757598877,0.067719966173172,0,2015,1
-131.71875,29.11875,19.7202072143555,0.0720079988241196,0,2015,1
-157.48125,43.25625,9.10395622253418,0.382419288158417,0,2015,1
-132.69375,29.26875,19.633451461792,0.0697582587599754,0,2015,1
-127.10625,26.56875,19.7977066040039,0.0702171251177788,0,2015,1
-152.00625,48.05625,6.36094760894775,0.295711040496826,0,2015,1
-133.06875,26.60625,20.7188587188721,0.0721475929021835,0,2015,1
-124.74375,26.19375,20.0630340576172,0.0687189176678658,0,2015,1
-151.10625,43.59375,9.29515838623047,0.399299025535583,0,2015,1
-149.04375,48.80625,6.53432416915894,0.263530373573303,0,2015,1
-137.60625,48.09375,9.72767543792725,0.269867837429047,0,2015,1
-141.88125,49.51875,8.54234600067139,0.359003484249115,0,2015,1
-120.43125,27.24375,19.5791778564453,0.151911675930023,0,2015,1
-141.95625,29.53125,20.2877521514893,0.0679391175508499,0,2015,1
-143.23125,46.70625,9.32857704162598,0.437689960002899,0,2015,1
-149.00625,45.31875,8.95329761505127,0.282903611660004,0,2015,1
-142.14375,49.44375,8.44964122772217,0.560482621192932,0,2015,1
-136.55625,27.99375,20.8430404663086,0.0739439055323601,0,2015,1
-150.09375,49.44375,6.36300706863403,0.344027549028397,0,2015,1
-130.06875,25.63125,20.9235553741455,0.0706516280770302,0,2015,1
-115.66875,25.85625,21.7630062103271,0.138300940394402,0,2015,1
-140.08125,47.53125,9.43877983093262,0.361270695924759,0,2015,1
-124.55625,46.78125,11.3918323516846,1.30661344528198,0,2015,1
-146.79375,45.69375,9.30344390869141,0.197841122746468,0,2015,1
-153.88125,46.14375,7.48550081253052,0.231778234243393,0,2015,1
-115.25625,28.33125,18.4717807769775,0.714686810970306,0,2015,1
-150.28125,47.30625,7.47415685653687,0.208077520132065,0,2015,1
-144.58125,47.49375,9.13474369049072,0.417862415313721,0,2015,1
-146.45625,49.03125,7.46406316757202,0.277383863925934,0,2015,1
-154.81875,45.73125,7.43985414505005,0.393363654613495,0,2015,1
-116.68125,26.49375,20.155237197876,0.194960936903954,0,2015,1
-152.71875,47.94375,6.33190107345581,0.442150086164474,0,2015,1
-127.74375,28.03125,19.2073211669922,0.068374015390873,0,2015,1
-123.20625,25.93125,20.3537139892578,0.0790186524391174,0,2015,1
-141.76875,29.53125,20.3222160339355,0.0702684298157692,0,2015,1
-159.76875,41.45625,9.53643989562988,0.372517347335815,0,2015,1
-130.63125,27.16875,20.6411437988281,0.0786229893565178,0,2015,1
-123.39375,38.56875,13.4835453033447,2.20341229438782,0,2015,1
-122.30625,26.79375,19.857177734375,0.0924822017550468,0,2015,1
-148.93125,46.63125,8.11124610900879,0.254994183778763,0,2015,1
-136.81875,30.31875,19.3846454620361,0.0657633394002914,0,2015,1
-142.06875,46.55625,9.68879985809326,0.493390679359436,0,2015,1
-124.44375,44.11875,12.8688383102417,0.605216681957245,0,2015,1
-124.66875,43.29375,13.0400714874268,1.01590180397034,0,2015,1
-116.90625,26.79375,20.1239185333252,0.203073278069496,0,2015,1
-150.05625,44.34375,9.20633888244629,0.355080038309097,0,2015,1
-120.28125,25.14375,19.7344818115234,0.104038216173649,0,2015,1
-124.51875,45.54375,12.7482614517212,0.741899788379669,0,2015,1
-126.16875,29.04375,18.877815246582,0.0726113319396973,0,2015,1
-148.14375,45.35625,9.01979732513428,0.30574956536293,0,2015,1
-136.74375,26.98125,21.0538501739502,0.0798942297697067,0,2015,1
-131.41875,50.60625,9.76854038238525,0.321202993392944,0,2015,1
-144.65625,45.91875,9.20808029174805,0.402956277132034,0,2015,1
-128.08125,28.51875,19.3107013702393,0.0711592063307762,0,2015,1
-139.85625,48.01875,9.41032600402832,0.472008645534515,0,2015,1
-126.80625,43.48125,11.8196287155151,0.655692040920258,0,2015,1
-155.98125,43.29375,9.13784599304199,0.469046592712402,0,2015,1
-115.29375,29.26875,17.9513683319092,0.596079170703888,0,2015,1
-128.71875,26.15625,20.4650745391846,0.0855384916067123,0,2015,1
-123.73125,26.83125,19.5891990661621,0.0736534669995308,0,2015,1
-125.23125,29.19375,19.1125240325928,0.0709182098507881,0,2015,1
-131.71875,28.21875,19.9972667694092,0.0727369636297226,0,2015,1
-124.63125,26.68125,19.8435535430908,0.0702667683362961,0,2015,1
-143.30625,49.21875,8.0846529006958,0.157554909586906,0,2015,1
-133.29375,31.66875,18.6662731170654,0.0694113969802856,0,2015,1
-138.88125,29.23125,20.3216972351074,0.0758249759674072,0,2015,1
-115.36875,26.04375,20.593635559082,0.170396134257317,0,2015,1
-133.44375,31.74375,18.6443042755127,0.0623611696064472,0,2015,1
-143.04375,48.35625,9.12003993988037,0.538822293281555,0,2015,1
-146.64375,47.71875,7.96519231796265,0.249143198132515,0,2015,1
-136.74375,26.86875,21.0796051025391,0.0771258473396301,0,2015,1
-130.36875,29.71875,19.4769153594971,0.0711643546819687,0,2015,1
-154.59375,46.93125,6.57592439651489,0.321942567825317,0,2015,1
-139.48125,50.75625,8.36730575561523,0.34586563706398,0,2015,1
-153.24375,46.55625,7.54490423202515,0.38511061668396,0,2015,1
-123.39375,36.80625,14.5517225265503,0.612156927585602,0,2015,1
-140.04375,33.13125,17.970666885376,0.0673701912164688,0,2015,1
-139.96875,28.78125,20.5811805725098,0.0730687752366066,0,2015,1
-124.70625,27.13125,19.6417427062988,0.0740451067686081,0,2015,1
-140.19375,32.00625,18.0611457824707,0.0699232518672943,0,2015,1
-127.33125,44.08125,11.662899017334,0.637301385402679,0,2015,1
-144.20625,47.34375,9.22303009033203,0.408643275499344,0,2015,1
-145.78125,46.89375,8.53632068634033,0.310287445783615,0,2015,1
-134.79375,49.55625,9.4821834564209,0.320885330438614,0,2015,1
-142.25625,46.25625,9.77473735809326,0.42978847026825,0,2015,1
-138.09375,28.85625,20.3903408050537,0.0733233466744423,0,2015,1
-142.44375,51.24375,8.016676902771,0.696006655693054,0,2015,1
-148.06875,49.78125,6.7325267791748,0.321411818265915,0,2015,1
-132.73125,28.44375,19.9999542236328,0.0703956410288811,0,2015,1
-144.88125,29.23125,20.5124950408936,0.0788016021251678,0,2015,1
-131.64375,30.80625,19.0054798126221,0.06939547508955,0,2015,1
-147.31875,45.05625,9.44459819793701,0.271016597747803,0,2015,1
-141.39375,30.28125,19.3655338287354,0.0671836584806442,0,2015,1
-140.49375,31.85625,18.0812358856201,0.0726175233721733,0,2015,1
-122.34375,27.16875,19.8447132110596,0.0926955789327621,0,2015,1
-114.50625,27.01875,20.2265110015869,0.183586478233337,0,2015,1
-140.98125,30.54375,19.6164417266846,0.0646703019738197,0,2015,1
-152.23125,48.58125,6.36189985275269,0.354030877351761,0,2015,1
-128.56875,25.93125,20.5133819580078,0.0729173049330711,0,2015,1
-140.49375,27.80625,21.21169090271,0.0708702653646469,0,2015,1
-133.18125,29.53125,19.7157592773438,0.0777434930205345,0,2015,1
-144.24375,45.91875,9.29664993286133,0.376586079597473,0,2015,1
-125.79375,26.98125,20.2549858093262,0.0780208259820938,0,2015,1
-135.73125,31.48125,19.3975410461426,0.0639358460903168,0,2015,1
-143.23125,30.54375,19.7994384765625,0.0781275629997253,0,2015,1
-144.88125,47.26875,9.25650787353516,0.400050520896912,0,2015,1
-144.61875,50.83125,7.85060548782349,0.1959348320961,0,2015,1
-135.01875,29.30625,19.932918548584,0.0732456147670746,0,2015,1
-134.15625,25.93125,20.9283065795898,0.0721922069787979,0,2015,1
-138.91875,49.14375,9.06269550323486,0.366989940404892,0,2015,1
-144.01875,47.98125,9.03754615783691,0.28347635269165,0,2015,1
-141.88125,27.99375,20.9697856903076,0.0737875625491142,0,2015,1
-132.31875,29.90625,19.4776477813721,0.0787883028388023,0,2015,1
-150.84375,44.38125,8.77140617370605,0.308958470821381,0,2015,1
-142.55625,31.55625,19.4815521240234,0.0947895720601082,0,2015,1
-142.10625,47.04375,9.72104072570801,0.472079992294312,0,2015,1
-127.89375,27.01875,20.001745223999,0.0608736947178841,0,2015,1
-115.06875,29.26875,18.2061462402344,0.717211365699768,0,2015,1
-132.73125,29.41875,19.6323471069336,0.0712700486183167,0,2015,1
-152.30625,42.43125,9.51307582855225,0.346597522497177,0,2015,1
-126.24375,44.19375,11.9143695831299,0.668165326118469,0,2015,1
-137.38125,27.84375,20.4288215637207,0.0703396797180176,0,2015,1
-143.94375,49.74375,8.00794410705566,0.336670398712158,0,2015,1
-156.43125,45.43125,7.50658988952637,0.487421125173569,0,2015,1
-133.81875,28.63125,20.0787220001221,0.0763833820819855,0,2015,1
-139.18125,27.95625,21.1928520202637,0.0834989175200462,0,2015,1
-127.29375,44.30625,11.8554191589355,0.729776501655579,0,2015,1
-133.70625,27.54375,20.7004833221436,0.0751737058162689,0,2015,1
-118.14375,27.43125,19.7985439300537,0.31461638212204,0,2015,1
-141.20625,48.16875,9.36213302612305,0.55621725320816,0,2015,1
-155.04375,45.80625,7.47169589996338,0.362585663795471,0,2015,1
-124.85625,40.78125,13.5795249938965,0.595326602458954,0,2015,1
-124.44375,40.85625,13.2843503952026,0.791551470756531,0,2015,1
-134.08125,49.74375,9.39397525787354,0.263325661420822,0,2015,1
-151.18125,48.43125,6.53247976303101,0.462537080049515,0,2015,1
-125.45625,25.55625,20.5031642913818,0.0725011974573135,0,2015,1
-157.78125,43.14375,9.06546974182129,0.410402417182922,0,2015,1
-129.54375,27.20625,20.2843418121338,0.0702138841152191,0,2015,1
-118.51875,26.23125,20.8706684112549,0.0936847776174545,0,2015,1
-137.71875,28.81875,20.1057567596436,0.0697774142026901,0,2015,1
-135.58125,28.10625,20.9273109436035,0.070883072912693,0,2015,1
-148.33125,49.66875,6.69201374053955,0.533843219280243,0,2015,1
-128.19375,27.13125,19.8132133483887,0.0723037570714951,0,2015,1
-136.21875,30.58125,19.3844184875488,0.0686768069863319,0,2015,1
-155.64375,44.38125,8.37361431121826,0.461210370063782,0,2015,1
-140.64375,30.50625,19.7416820526123,0.0655076801776886,0,2015,1
-132.05625,28.10625,20.0458068847656,0.0689104422926903,0,2015,1
-150.39375,46.63125,7.76375007629395,0.318233460187912,0,2015,1
-125.86875,26.08125,20.5381412506104,0.0699837207794189,0,2015,1
-153.13125,44.64375,8.30014514923096,0.459307640790939,0,2015,1
-150.65625,47.64375,7.21267700195312,0.292420864105225,0,2015,1
-147.13125,47.41875,7.93948364257812,0.230458900332451,0,2015,1
-130.25625,29.08125,19.556941986084,0.0670524090528488,0,2015,1
-136.66875,26.79375,21.2138137817383,0.0717655792832375,0,2015,1
-139.51875,46.33125,10.1180448532104,0.588170170783997,0,2015,1
-138.61875,27.43125,21.2631168365479,0.0786905139684677,0,2015,1
-140.83125,31.03125,19.0953922271729,0.0711343958973885,0,2015,1
-115.51875,27.09375,20.0210437774658,0.190941050648689,0,2015,1
-125.41875,28.33125,19.6282863616943,0.0690693780779839,0,2015,1
-137.38125,29.30625,20.0814533233643,0.0670908838510513,0,2015,1
-148.06875,49.03125,6.88058662414551,0.301111370325089,0,2015,1
-135.54375,33.01875,18.1770305633545,0.0721895769238472,0,2015,1
-158.41875,43.55625,8.57795429229736,0.345516502857208,0,2015,1
-140.23125,48.46875,9.16920471191406,0.54743480682373,0,2015,1
-121.03125,35.34375,15.2103824615479,0.713794827461243,0,2015,1
-144.58125,29.19375,20.2402667999268,0.0818551778793335,0,2015,1
-151.25625,45.80625,8.38010597229004,0.29015377163887,0,2015,1
-139.33125,28.74375,20.4220275878906,0.0760404393076897,0,2015,1
-136.55625,30.05625,19.9400520324707,0.0640898272395134,0,2015,1
-130.21875,49.44375,9.7401008605957,0.236940234899521,0,2015,1
-124.70625,46.96875,11.509298324585,1.6385498046875,0,2015,1
-133.59375,33.35625,17.5594806671143,0.0725688338279724,0,2015,1
-158.53125,42.99375,8.9336462020874,0.418925583362579,0,2015,1
-155.64375,42.84375,9.23017883300781,0.420530259609222,0,2015,1
-140.56875,48.65625,8.92745113372803,0.549920737743378,0,2015,1
-144.50625,50.19375,7.80370473861694,0.616566717624664,0,2015,1
-124.51875,28.14375,19.5077342987061,0.0707618594169617,0,2015,1
-122.53125,37.70625,13.5414133071899,2.86967420578003,0,2015,1
-148.36875,44.08125,9.70051383972168,0.267259299755096,0,2015,1
-132.01875,45.88125,11.5826654434204,0.691085815429688,0,2015,1
-143.98125,45.50625,9.77338314056396,0.323225945234299,0,2015,1
-141.69375,49.40625,8.55179882049561,0.405205100774765,0,2015,1
-148.74375,49.70625,6.47046661376953,0.533097565174103,0,2015,1
-138.99375,48.73125,9.56026744842529,0.533689081668854,0,2015,1
-140.64375,48.91875,8.8073558807373,0.734987080097198,0,2015,1
-129.31875,26.26875,20.4342479705811,0.0784164145588875,0,2015,1
-138.69375,48.73125,9.53475189208984,0.305931627750397,0,2015,1
-120.13125,26.19375,19.9206867218018,0.160247951745987,0,2015,1
-125.15625,43.18125,13.2207841873169,0.70702064037323,0,2015,1
-126.88125,43.36875,11.7915878295898,0.776257157325745,0,2015,1
-156.16875,44.08125,8.38465690612793,0.55695652961731,0,2015,1
-149.04375,50.00625,6.43063592910767,0.376253306865692,0,2015,1
-152.45625,44.68125,8.58230495452881,0.439956218004227,0,2015,1
-135.95625,30.91875,19.5175399780273,0.0702942237257957,0,2015,1
-153.99375,44.68125,8.29132652282715,1.2732058763504,0,2015,1
-136.70625,28.33125,20.498556137085,0.0702096074819565,0,2015,1
-133.93125,26.34375,20.8781108856201,0.0755921006202698,0,2015,1
-140.49375,27.99375,21.1849002838135,0.0788431465625763,0,2015,1
-134.45625,30.05625,19.6263103485107,0.0676058828830719,0,2015,1
-136.63125,31.36875,18.4223384857178,0.0613548085093498,0,2015,1
-133.29375,27.61875,20.7158908843994,0.0697943046689034,0,2015,1
-140.53125,51.88125,8.01643371582031,0.280253350734711,0,2015,1
-158.23125,43.25625,8.62332248687744,0.394573420286179,0,2015,1
-139.59375,48.31875,9.52004241943359,0.36813285946846,0,2015,1
-127.63125,45.13125,11.4517669677734,0.629548072814941,0,2015,1
-123.58125,26.49375,19.9638042449951,0.0777703747153282,0,2015,1
-138.73125,45.58125,10.3844223022461,0.645908355712891,0,2015,1
-143.45625,47.79375,9.33847808837891,0.267187237739563,0,2015,1
-142.96875,29.08125,20.2764129638672,0.0806943252682686,0,2015,1
-155.15625,42.84375,9.36381912231445,0.312089532613754,0,2015,1
-152.56875,47.98125,6.32840251922607,0.41079169511795,0,2015,1
-127.85625,26.34375,20.098705291748,0.0736628696322441,0,2015,1
-137.68125,29.45625,19.9952831268311,0.0698728039860725,0,2015,1
-150.50625,46.55625,7.94850778579712,0.445472776889801,0,2015,1
-122.90625,26.56875,19.7983245849609,0.0726828798651695,0,2015,1
-130.89375,26.08125,20.8014812469482,0.0684225186705589,0,2015,1
-135.99375,30.84375,19.5398979187012,0.0719245746731758,0,2015,1
-125.71875,44.45625,11.955677986145,0.66966986656189,0,2015,1
-140.90625,51.05625,8.18454933166504,0.333583474159241,0,2015,1
-137.83125,27.05625,20.9469451904297,0.0695979669690132,0,2015,1
-132.99375,32.15625,18.3340454101562,0.0726269483566284,0,2015,1
-139.25625,30.13125,19.6803321838379,0.0767720714211464,0,2015,1
-154.18125,46.51875,6.97793340682983,0.313369631767273,0,2015,1
-149.23125,48.91875,6.51979780197144,0.255176842212677,0,2015,1
-130.81875,29.19375,19.6982688903809,0.0736869722604752,0,2015,1
-122.60625,25.93125,20.1545925140381,0.0777900293469429,0,2015,1
-134.15625,48.69375,9.8202600479126,0.233485251665115,0,2015,1
-152.04375,47.04375,7.21646642684937,0.254245162010193,0,2015,1
-122.53125,26.86875,19.8301124572754,0.0899021625518799,0,2015,1
-137.90625,30.39375,19.7079982757568,0.0775821432471275,0,2015,1
-123.09375,37.10625,14.6810493469238,0.595714092254639,0,2015,1
-134.90625,30.84375,19.6338386535645,0.0722592025995255,0,2015,1
-138.54375,31.36875,19.2254543304443,0.0714560300111771,0,2015,1
-136.10625,31.36875,18.955150604248,0.0609528906643391,0,2015,1
-140.49375,29.90625,19.7986450195312,0.0709572434425354,0,2015,1
-132.50625,28.06875,20.1505870819092,0.0747392401099205,0,2015,1
-137.11875,29.64375,19.9185752868652,0.0657266154885292,0,2015,1
-153.05625,47.86875,6.28511762619019,0.387883275747299,0,2015,1
-131.79375,29.34375,19.733907699585,0.0723134949803352,0,2015,1
-124.55625,25.18125,20.7541160583496,0.0765071213245392,0,2015,1
-137.53125,27.65625,20.6672420501709,0.0734190493822098,0,2015,1
-133.89375,28.59375,20.1428890228271,0.0718345940113068,0,2015,1
-124.25625,26.11875,20.0482807159424,0.0732238590717316,0,2015,1
-145.44375,30.24375,19.5310478210449,0.0809253677725792,0,2015,1
-123.76875,26.71875,19.7684059143066,0.0761696472764015,0,2015,1
-133.93125,30.43125,19.1458282470703,0.0663916692137718,0,2015,1
-137.64375,27.69375,20.7478199005127,0.074829563498497,0,2015,1
-126.43125,26.90625,20.232967376709,0.0703809037804604,0,2015,1
-133.85625,26.00625,20.9007568359375,0.0725599676370621,0,2015,1
-137.19375,26.68125,21.0007133483887,0.0709986612200737,0,2015,1
-117.09375,26.83125,20.0023708343506,0.236568778753281,0,2015,1
-123.84375,39.35625,13.3640928268433,1.40248715877533,0,2015,1
-129.73125,27.43125,20.3481063842773,0.0712850466370583,0,2015,1
-118.29375,25.85625,20.9865856170654,0.0868366360664368,0,2015,1
-123.65625,37.81875,14.1485500335693,0.933485269546509,0,2015,1
-139.51875,31.93125,18.8631172180176,0.0719476044178009,0,2015,1
-141.20625,30.01875,19.4131851196289,0.0657807439565659,0,2015,1
-138.09375,29.11875,20.2827033996582,0.0716770216822624,0,2015,1
-130.59375,26.34375,20.7424373626709,0.0753740668296814,0,2015,1
-136.36875,29.71875,20.0057220458984,0.0631672367453575,0,2015,1
-145.44375,47.00625,8.74259948730469,0.49772310256958,0,2015,1
-148.36875,45.28125,9.05785274505615,0.304675996303558,0,2015,1
-144.73125,50.23125,7.7351598739624,0.193491727113724,0,2015,1
-133.55625,28.66875,20.1042175292969,0.0711582005023956,0,2015,1
-142.85625,30.80625,19.7972297668457,0.0739532485604286,0,2015,1
-123.31875,37.70625,14.1140489578247,1.0315580368042,0,2015,1
-154.51875,44.41875,8.35975933074951,0.565111100673676,0,2015,1
-135.54375,27.16875,21.1683082580566,0.0703260079026222,0,2015,1
-151.48125,45.39375,8.19047355651855,0.281322538852692,0,2015,1
-139.33125,48.84375,9.28901386260986,0.419035881757736,0,2015,1
-123.69375,26.30625,20.1372814178467,0.0759666413068771,0,2015,1
-155.49375,42.46875,9.51401901245117,0.496168702840805,0,2015,1
-158.11875,43.66875,8.67870616912842,0.355668097734451,0,2015,1
-116.11875,26.90625,20.3834972381592,0.17736528813839,0,2015,1
-140.08125,26.94375,21.6566314697266,0.0720296129584312,0,2015,1
-151.18125,45.84375,8.3998384475708,0.361497581005096,0,2015,1
-158.45625,43.51875,8.59494209289551,0.349195718765259,0,2015,1
-144.99375,45.61875,9.41040706634521,0.394291818141937,0,2015,1
-129.43125,26.64375,20.4564685821533,0.0799551531672478,0,2015,1
-132.88125,28.78125,20.0575256347656,0.0840303599834442,0,2015,1
-125.00625,47.75625,11.2460584640503,1.03278064727783,0,2015,1
-150.46875,44.53125,8.87169075012207,0.382314950227737,0,2015,1
-122.11875,25.29375,20.4534473419189,0.0735813304781914,0,2015,1
-143.56875,47.08125,9.32472324371338,0.518304526805878,0,2015,1
-135.05625,30.54375,19.7761306762695,0.0710221976041794,0,2015,1
-154.70625,45.95625,7.26902675628662,0.400937795639038,0,2015,1
-133.59375,26.45625,20.7595920562744,0.0765636637806892,0,2015,1
-120.54375,25.59375,19.5058326721191,0.117237903177738,0,2015,1
-143.38125,48.16875,9.18082427978516,0.365483611822128,0,2015,1
-140.38125,30.73125,19.6296920776367,0.0717914402484894,0,2015,1
-150.91875,43.40625,9.41677188873291,0.303198516368866,0,2015,1
-129.20625,28.10625,19.8303680419922,0.0676247105002403,0,2015,1
-143.71875,47.45625,9.29828071594238,0.346174776554108,0,2015,1
-134.83125,32.56875,18.5335693359375,0.0696118175983429,0,2015,1
-133.74375,31.51875,18.751651763916,0.0709735006093979,0,2015,1
-155.30625,45.13125,8.02998161315918,0.397092252969742,0,2015,1
-151.40625,44.98125,8.58357524871826,0.305393397808075,0,2015,1
-149.45625,47.04375,7.7278299331665,0.299109190702438,0,2015,1
-159.84375,40.96875,9.77600574493408,0.35367089509964,0,2015,1
-121.70625,27.88125,19.5167751312256,0.0856469199061394,0,2015,1
-155.75625,45.05625,8.15132141113281,0.462466180324554,0,2015,1
-137.41875,30.28125,19.490083694458,0.0625799372792244,0,2015,1
-115.81875,25.81875,21.7960929870605,0.157095611095428,0,2015,1
-122.75625,26.56875,19.8365707397461,0.0768766328692436,0,2015,1
-142.89375,47.00625,9.49972152709961,0.50413566827774,0,2015,1
-131.04375,26.56875,20.6522674560547,0.0740422382950783,0,2015,1
-140.64375,29.41875,19.7919940948486,0.06535305082798,0,2015,1
-123.91875,38.00625,14.1204061508179,0.695248484611511,0,2015,1
-122.41875,25.51875,20.305233001709,0.0707334503531456,0,2015,1
-134.19375,26.41875,20.9123973846436,0.0730781331658363,0,2015,1
-136.21875,26.83125,21.3928871154785,0.0705896392464638,0,2015,1
-155.15625,42.99375,9.39593505859375,0.374120324850082,0,2015,1
-125.90625,43.18125,12.3868646621704,0.608758866786957,0,2015,1
-128.94375,27.39375,20.1476078033447,0.0793656781315804,0,2015,1
-139.44375,47.08125,9.49377918243408,0.385442197322845,0,2015,1
-149.45625,50.11875,6.35169124603271,0.519840896129608,0,2015,1
-142.10625,49.74375,8.50027084350586,0.40984770655632,0,2015,1
-157.55625,43.85625,8.449538230896,0.268921166658401,0,2015,1
-124.51875,38.34375,14.3683891296387,0.642334222793579,0,2015,1
-133.63125,30.35625,19.110330581665,0.0635405331850052,0,2015,1
-136.85625,27.39375,21.005859375,0.0769585147500038,0,2015,1
-134.98125,30.73125,19.7022552490234,0.0769064128398895,0,2015,1
-147.84375,45.20625,9.14547538757324,0.328701853752136,0,2015,1
-143.34375,29.90625,19.8922386169434,0.0744373649358749,0,2015,1
-143.38125,46.18125,9.44099712371826,0.310867637395859,0,2015,1
-149.04375,49.03125,6.46267127990723,0.39881557226181,0,2015,1
-142.06875,48.13125,9.5645923614502,0.3857761323452,0,2015,1
-113.90625,26.45625,21.0465183258057,0.162594333291054,0,2015,1
-151.51875,48.65625,6.42908239364624,0.324109762907028,0,2015,1
-150.76875,44.79375,8.74176692962646,0.292993605136871,0,2015,1
-140.45625,27.28125,21.5192604064941,0.0701073929667473,0,2015,1
-132.99375,30.73125,19.0818290710449,0.0718336030840874,0,2015,1
-152.34375,46.21875,7.67880630493164,0.288753926753998,0,2015,1
-135.16875,26.56875,20.9727478027344,0.0717709884047508,0,2015,1
-139.96875,29.08125,20.4475212097168,0.0751876458525658,0,2015,1
-124.66875,45.39375,12.7867660522461,0.6072998046875,0,2015,1
-149.68125,45.24375,9.09841346740723,0.416599214076996,0,2015,1
-152.04375,47.64375,6.65789794921875,0.390139043331146,0,2015,1
-133.78125,31.51875,18.7813873291016,0.0720690935850143,0,2015,1
-133.93125,29.75625,19.6799602508545,0.0744801685214043,0,2015,1
-139.03125,46.96875,9.66378021240234,0.264622300863266,0,2015,1
-131.68125,25.70625,21.0176010131836,0.0806950181722641,0,2015,1
-139.48125,49.18125,9.03034496307373,1.00356459617615,0,2015,1
-123.65625,37.44375,14.4455728530884,0.948448836803436,0,2015,1
-138.50625,30.28125,19.8297634124756,0.0781854540109634,0,2015,1
-143.71875,30.43125,19.5519504547119,0.0689808055758476,0,2015,1
-151.10625,44.83125,8.65146827697754,0.232683777809143,0,2015,1
-151.81875,44.64375,8.85073184967041,0.301743865013123,0,2015,1
-153.35625,43.25625,8.95242786407471,0.352065652608871,0,2015,1
-139.48125,29.15625,20.370174407959,0.0731891319155693,0,2015,1
-127.63125,28.40625,19.2309684753418,0.0681433975696564,0,2015,1
-117.80625,27.73125,19.704273223877,0.298595070838928,0,2015,1
-152.11875,46.06875,7.67179203033447,0.2467410415411,0,2015,1
-139.85625,29.71875,19.9777069091797,0.0776131674647331,0,2015,1
-131.08125,29.45625,19.5205574035645,0.0728507563471794,0,2015,1
-153.46875,47.04375,6.91892099380493,0.356306165456772,0,2015,1
-154.25625,47.34375,6.51581907272339,0.335357815027237,0,2015,1
-149.75625,44.75625,9.14632892608643,0.331320375204086,0,2015,1
-140.30625,31.93125,18.0952835083008,0.0703623220324516,0,2015,1
-134.90625,31.81875,18.8898029327393,0.0714222639799118,0,2015,1
-132.99375,26.00625,20.8740901947021,0.0646362826228142,0,2015,1
-156.28125,44.83125,8.11142158508301,0.608527600765228,0,2015,1
-146.68125,49.06875,7.26943922042847,0.28307580947876,0,2015,1
-136.29375,26.60625,21.3335056304932,0.0699688568711281,0,2015,1
-136.44375,29.38125,20.0471420288086,0.0688677951693535,0,2015,1
-137.68125,49.55625,9.04780006408691,0.310720264911652,0,2015,1
-156.54375,44.23125,8.12544059753418,0.705416858196259,0,2015,1
-136.59375,49.51875,9.27038669586182,0.221386551856995,0,2015,1
-137.26875,48.01875,9.6461763381958,0.221020579338074,0,2015,1
-144.76875,29.83125,19.8305854797363,0.0785173550248146,0,2015,1
-121.74375,27.88125,19.5851650238037,0.0865672156214714,0,2015,1
-140.30625,50.26875,8.52887153625488,0.203525066375732,0,2015,1
-129.65625,27.80625,20.14817237854,0.0763623863458633,0,2015,1
-154.96875,45.01875,8.10512828826904,0.470189243555069,0,2015,1
-126.09375,27.09375,20.4791107177734,0.0820064768195152,0,2015,1
-132.80625,29.71875,19.5744495391846,0.0740536227822304,0,2015,1
-132.50625,27.88125,20.3046588897705,0.0772923082113266,0,2015,1
-159.16875,41.75625,9.65515041351318,0.513277053833008,0,2015,1
-138.76875,29.41875,20.2553062438965,0.0706822946667671,0,2015,1
-153.61875,45.31875,7.90975999832153,0.387281596660614,0,2015,1
-130.70625,27.13125,20.6715812683105,0.0724293142557144,0,2015,1
-116.60625,26.23125,20.3643207550049,0.159390941262245,0,2015,1
-129.31875,27.20625,20.3625240325928,0.0667608007788658,0,2015,1
-154.89375,41.68125,9.82379913330078,0.357891887426376,0,2015,1
-134.60625,28.21875,20.2924919128418,0.0742432698607445,0,2015,1
-132.99375,29.04375,19.789924621582,0.0609138906002045,0,2015,1
-156.88125,44.64375,7.86813116073608,0.392360866069794,0,2015,1
-115.33125,25.70625,21.152982711792,0.145557045936584,0,2015,1
-145.10625,51.28125,7.69441843032837,0.165459513664246,0,2015,1
-124.18125,26.94375,19.7268161773682,0.0707417353987694,0,2015,1
-136.96875,30.46875,19.0721874237061,0.0665803104639053,0,2015,1
-131.08125,29.49375,19.5109367370605,0.0730050280690193,0,2015,1
-126.99375,25.66875,20.2903957366943,0.0681508183479309,0,2015,1
-125.60625,43.10625,12.885046005249,0.67687976360321,0,2015,1
-122.68125,25.10625,20.8360347747803,0.0740844681859016,0,2015,1
-150.65625,44.71875,8.83944702148438,0.334993600845337,0,2015,1
-147.24375,47.38125,7.87611246109009,0.294279783964157,0,2015,1
-148.44375,45.43125,8.98897075653076,0.253075569868088,0,2015,1
-153.09375,42.54375,9.59482574462891,0.494169920682907,0,2015,1
-121.85625,25.40625,20.3107223510742,0.0732358545064926,0,2015,1
-152.56875,45.05625,8.35628032684326,0.440384387969971,0,2015,1
-134.83125,26.11875,20.9144134521484,0.0640594586730003,0,2015,1
-141.24375,30.39375,19.4556884765625,0.0673147141933441,0,2015,1
-133.89375,26.19375,20.9040107727051,0.0736682116985321,0,2015,1
-136.78125,27.31875,21.0170841217041,0.0735179781913757,0,2015,1
-134.41875,28.85625,20.0896339416504,0.0682528540492058,0,2015,1
-142.93125,28.59375,20.7079048156738,0.0831791684031487,0,2015,1
-134.41875,30.99375,19.4378852844238,0.0827399343252182,0,2015,1
-124.03125,38.08125,14.2549591064453,0.672302901744843,0,2015,1
-150.01875,47.79375,7.27492523193359,0.189106330275536,0,2015,1
-137.08125,30.16875,19.4123058319092,0.0660426467657089,0,2015,1
-123.09375,27.54375,19.6063823699951,0.0788686573505402,0,2015,1
-118.03125,33.65625,16.308219909668,1.27281403541565,0,2015,1
-133.25625,30.95625,18.8053665161133,0.0636047199368477,0,2015,1
-155.23125,41.83125,9.67216491699219,0.440533816814423,0,2015,1
-122.68125,27.80625,19.5626544952393,0.0846587345004082,0,2015,1
-144.54375,50.30625,7.86081600189209,0.532950580120087,0,2015,1
-125.38125,26.11875,20.2192153930664,0.0704795867204666,0,2015,1
-123.54375,37.33125,14.5715293884277,0.641899049282074,0,2015,1
-125.08125,46.96875,11.7069225311279,0.742032825946808,0,2015,1
-135.50625,29.68125,19.8793621063232,0.0666683986783028,0,2015,1
-139.81875,47.90625,9.3735990524292,0.491830080747604,0,2015,1
-125.83125,44.53125,11.6948852539062,0.715270936489105,0,2015,1
-151.70625,47.19375,7.03743696212769,0.327558517456055,0,2015,1
-134.56875,49.21875,9.42484760284424,0.187855333089828,0,2015,1
-127.10625,28.33125,19.0271873474121,0.0727057904005051,0,2015,1
-130.85625,27.69375,20.3730239868164,0.0848790854215622,0,2015,1
-144.20625,28.81875,20.9288215637207,0.0777447000145912,0,2015,1
-143.04375,29.68125,20.168285369873,0.0752842202782631,0,2015,1
-149.45625,46.21875,8.25375747680664,0.200019985437393,0,2015,1
-127.40625,44.68125,11.5819244384766,0.634472906589508,0,2015,1
-139.74375,27.05625,21.5871200561523,0.0736720189452171,0,2015,1
-131.83125,31.44375,18.5803813934326,0.0702707022428513,0,2015,1
-129.69375,28.25625,19.8227787017822,0.0675550326704979,0,2015,1
-157.59375,43.18125,9.10303592681885,0.581124544143677,0,2015,1
-125.45625,28.36875,19.6038761138916,0.0685751885175705,0,2015,1
-156.24375,44.86875,8.11425495147705,0.421710669994354,0,2015,1
-142.40625,28.70625,20.2693996429443,0.0644813254475594,0,2015,1
-150.54375,44.45625,8.90681838989258,0.281564563512802,0,2015,1
-132.31875,32.15625,18.2835388183594,0.0730373114347458,0,2015,1
-129.31875,26.75625,20.4638175964355,0.0860282704234123,0,2015,1
-139.14375,48.20625,9.68871021270752,0.340688467025757,0,2015,1
-136.93125,48.58125,9.36924362182617,0.437607288360596,0,2015,1
-145.14375,46.25625,9.03158950805664,0.372318178415298,0,2015,1
-157.03125,44.11875,8.10938453674316,0.399807304143906,0,2015,1
-143.23125,49.63125,8.2498779296875,0.766762554645538,0,2015,1
-149.11875,44.90625,9.23300457000732,0.291644513607025,0,2015,1
-115.40625,26.64375,20.2188587188721,0.175090000033379,0,2015,1
-122.11875,27.95625,19.7904949188232,0.0919566303491592,0,2015,1
-142.03125,29.08125,20.2762546539307,0.0678262338042259,0,2015,1
-139.44375,28.14375,21.1863250732422,0.0850528404116631,0,2015,1
-135.58125,26.75625,21.0110664367676,0.069499209523201,0,2015,1
-132.09375,31.66875,18.3562755584717,0.0727973207831383,0,2015,1
-125.00625,26.75625,19.7088527679443,0.07201187312603,0,2015,1
-150.16875,46.10625,8.61948108673096,0.436874002218246,0,2015,1
-153.09375,44.71875,8.34320068359375,0.421574681997299,0,2015,1
-157.18125,44.68125,7.83913135528564,0.459483712911606,0,2015,1
-125.26875,42.16875,13.2160558700562,0.701329410076141,0,2015,1
-138.65625,27.54375,21.2800884246826,0.0782819539308548,0,2015,1
-139.63125,28.44375,20.9105796813965,0.0796117410063744,0,2015,1
-142.70625,50.83125,8.00061702728271,0.2494807690382,0,2015,1
-144.91875,51.46875,7.74455404281616,0.88347339630127,0,2015,1
-117.13125,26.49375,19.9266147613525,0.201552629470825,0,2015,1
-117.88125,26.19375,20.7915153503418,0.0926576778292656,0,2015,1
-152.94375,47.49375,6.6698956489563,0.386780619621277,0,2015,1
-141.95625,29.60625,20.2792930603027,0.0681838840246201,0,2015,1
-131.23125,26.19375,20.8430004119873,0.0713624581694603,0,2015,1
-159.43125,41.30625,9.70078754425049,0.404994368553162,0,2015,1
-129.84375,26.79375,20.4746150970459,0.0800212770700455,0,2015,1
-127.74375,25.93125,20.1142520904541,0.073628693819046,0,2015,1
-140.08125,51.39375,8.36251735687256,0.550848066806793,0,2015,1
-156.43125,41.71875,9.67580509185791,0.354693859815598,0,2015,1
-136.18125,26.71875,21.3525409698486,0.0733413547277451,0,2015,1
-144.80625,48.58125,8.85747528076172,0.233455762267113,0,2015,1
-134.26875,26.08125,20.9142246246338,0.0745419859886169,0,2015,1
-137.56875,31.96875,18.4434585571289,0.0722640305757523,0,2015,1
-145.74375,46.14375,9.10464000701904,0.405801802873611,0,2015,1
-115.33125,26.94375,20.0012817382812,0.194081619381905,0,2015,1
-143.00625,29.86875,19.8948974609375,0.0793954730033875,0,2015,1
-138.73125,29.04375,20.4183807373047,0.0718686208128929,0,2015,1
-132.88125,26.68125,20.7674350738525,0.0741807445883751,0,2015,1
-152.60625,45.01875,8.31515693664551,0.327141582965851,0,2015,1
-151.96875,42.88125,9.75038242340088,0.350961357355118,0,2015,1
-129.46875,28.93125,19.4257678985596,0.0700597316026688,0,2015,1
-153.61875,46.55625,7.3925085067749,0.300059616565704,0,2015,1
-125.83125,25.29375,20.7045764923096,0.0763138085603714,0,2015,1
-125.68125,27.01875,20.0554294586182,0.0716245248913765,0,2015,1
-154.51875,44.19375,8.4165506362915,0.534356474876404,0,2015,1
-129.50625,26.34375,20.4748363494873,0.0677404776215553,0,2015,1
-145.66875,48.16875,8.36952686309814,0.196069225668907,0,2015,1
-155.60625,41.94375,9.58680438995361,0.352488338947296,0,2015,1
-140.90625,27.95625,21.0080451965332,0.0711652040481567,0,2015,1
-141.05625,48.09375,9.3411226272583,0.542019784450531,0,2015,1
-142.36875,49.74375,8.44316959381104,1.01892507076263,0,2015,1
-124.14375,26.41875,20.1085433959961,0.0715191587805748,0,2015,1
-136.21875,28.70625,20.5853672027588,0.0682654231786728,0,2015,1
-155.90625,45.39375,7.69673013687134,0.336213976144791,0,2015,1
-143.56875,48.20625,8.91340351104736,0.291657775640488,0,2015,1
-129.69375,27.05625,20.356761932373,0.0668698847293854,0,2015,1
-140.38125,27.35625,21.4536571502686,0.0801782980561256,0,2015,1
-134.30625,28.93125,20.0284461975098,0.0687892735004425,0,2015,1
-125.04375,42.39375,13.1934823989868,0.772185146808624,0,2015,1
-127.48125,43.44375,11.5892267227173,0.645781278610229,0,2015,1
-156.43125,42.20625,9.47054100036621,0.435122609138489,0,2015,1
-136.18125,27.35625,21.2170829772949,0.0828699022531509,0,2015,1
-149.15625,40.66875,11.336763381958,0.611295580863953,0,2015,1
-142.63125,48.99375,8.45866870880127,0.286519050598145,0,2015,1
-140.19375,46.40625,10.1378602981567,0.71674519777298,0,2015,1
-124.29375,45.69375,12.3161458969116,1.19645345211029,0,2015,1
-143.38125,29.94375,19.8572559356689,0.0730542168021202,0,2015,1
-125.11875,25.36875,20.7139072418213,0.0731330364942551,0,2015,1
-132.91875,31.89375,18.4390716552734,0.0694682374596596,0,2015,1
-132.05625,28.85625,19.7338123321533,0.0723208039999008,0,2015,1
-147.01875,47.34375,7.9786958694458,0.231116577982903,0,2015,1
-129.80625,26.19375,20.4893226623535,0.0691168457269669,0,2015,1
-141.58125,48.20625,9.51779174804688,0.574789941310883,0,2015,1
-135.39375,28.21875,20.8693809509277,0.0737351849675179,0,2015,1
-135.24375,49.59375,9.53839778900146,0.415214717388153,0,2015,1
-128.79375,26.45625,20.2289581298828,0.0731956139206886,0,2015,1
-130.14375,26.68125,20.4962997436523,0.0774202644824982,0,2015,1
-137.64375,48.84375,9.20018196105957,0.329844295978546,0,2015,1
-123.61875,26.00625,20.4429664611816,0.0708976686000824,0,2015,1
-136.29375,33.91875,17.6553382873535,0.0725043937563896,0,2015,1
-140.08125,49.21875,8.87798023223877,0.382031381130219,0,2015,1
-135.65625,28.59375,20.7559299468994,0.0640304610133171,0,2015,1
-135.50625,27.76875,20.9934196472168,0.0732434093952179,0,2015,1
-136.14375,28.51875,20.7338428497314,0.0719712749123573,0,2015,1
-137.15625,29.49375,19.9959468841553,0.0662730857729912,0,2015,1
-138.99375,48.95625,9.2573823928833,0.419421136379242,0,2015,1
-130.18125,25.96875,20.6259479522705,0.0772507563233376,0,2015,1
-139.74375,27.01875,21.6184215545654,0.0696035921573639,0,2015,1
-124.21875,37.40625,14.4640989303589,0.989081501960754,0,2015,1
-134.30625,32.11875,18.7306365966797,0.0655183419585228,0,2015,1
-144.31875,41.15625,12.1144590377808,0.646926164627075,0,2015,1
-115.78125,29.71875,17.2974662780762,0.990460693836212,0,2015,1
-124.81875,42.13125,13.4080724716187,0.758838951587677,0,2015,1
-134.60625,28.81875,20.0474643707275,0.066382609307766,0,2015,1
-124.18125,46.06875,11.6360168457031,1.18928384780884,0,2015,1
-140.60625,29.64375,19.6872577667236,0.0636158213019371,0,2015,1
-153.05625,46.40625,7.83698558807373,0.331831157207489,0,2015,1
-134.90625,30.13125,19.747673034668,0.0717044770717621,0,2015,1
-138.28125,29.15625,20.410041809082,0.0701649039983749,0,2015,1
-132.09375,29.64375,19.7036437988281,0.0738242194056511,0,2015,1
-123.84375,25.63125,20.5243549346924,0.0736104249954224,0,2015,1
-144.20625,30.16875,19.7525939941406,0.0679496079683304,0,2015,1
-154.21875,45.65625,7.62623643875122,0.373098641633987,0,2015,1
-127.44375,49.85625,10.0760669708252,0.842574536800385,0,2015,1
-142.85625,49.89375,8.30950164794922,0.895918369293213,0,2015,1
-137.60625,29.45625,20.0206966400146,0.0654759481549263,0,2015,1
-139.85625,26.90625,21.662727355957,0.0739264562726021,0,2015,1
-122.64375,26.19375,20.006706237793,0.0800470933318138,0,2015,1
-116.00625,26.23125,21.0472755432129,0.146774262189865,0,2015,1
-155.83125,44.56875,8.31852245330811,0.430705428123474,0,2015,1
-121.06875,25.85625,19.7576866149902,0.110150314867496,0,2015,1
-131.53125,29.49375,19.674430847168,0.0753456652164459,0,2015,1
-123.28125,27.50625,19.4776020050049,0.0835528820753098,0,2015,1
-118.48125,26.30625,20.7946109771729,0.091288723051548,0,2015,1
-128.68125,27.99375,19.6367588043213,0.0750168859958649,0,2015,1
-115.25625,27.16875,19.7801856994629,0.275355875492096,0,2015,1
-154.66875,44.71875,8.23360633850098,0.888496696949005,0,2015,1
-127.48125,28.48125,19.1923141479492,0.0677888989448547,0,2015,1
-124.96875,36.35625,14.5724954605103,0.687707543373108,0,2015,1
-154.93125,41.94375,9.81083583831787,0.37344765663147,0,2015,1
-151.06875,47.98125,6.70202016830444,0.487738788127899,0,2015,1
-125.94375,44.64375,11.5101327896118,0.612510859966278,0,2015,1
-131.94375,26.04375,20.9532718658447,0.0794942453503609,0,2015,1
-129.61875,28.93125,19.5209083557129,0.0715268701314926,0,2015,1
-148.14375,44.38125,9.81823348999023,0.301739931106567,0,2015,1
-134.15625,32.00625,18.7118797302246,0.0695819854736328,0,2015,1
-134.00625,26.64375,20.8164348602295,0.0762054398655891,0,2015,1
-120.50625,26.90625,20.0685882568359,0.14894837141037,0,2015,1
-149.86875,49.93125,6.20382118225098,0.393271178007126,0,2015,1
-143.00625,31.78125,19.5023670196533,0.0781832635402679,0,2015,1
-124.85625,40.70625,13.5742540359497,0.693616211414337,0,2015,1
-128.49375,26.23125,20.3072471618652,0.0783703327178955,0,2015,1
-124.40625,28.29375,19.4706611633301,0.0735733434557915,0,2015,1
-138.76875,28.55625,20.3761463165283,0.0718642249703407,0,2015,1
-134.41875,32.56875,18.4393787384033,0.0718754976987839,0,2015,1
-130.51875,28.78125,19.8731346130371,0.0730535089969635,0,2015,1
-145.85625,50.15625,7.49808979034424,0.501526832580566,0,2015,1
-122.64375,26.83125,19.7911262512207,0.0836348757147789,0,2015,1
-140.15625,27.01875,21.6355533599854,0.070849321782589,0,2015,1
-135.65625,31.10625,19.564489364624,0.0799998715519905,0,2015,1
-142.18125,46.89375,9.61542510986328,0.438956499099731,0,2015,1
-125.64375,27.54375,19.9728107452393,0.0711162611842155,0,2015,1
-134.30625,26.94375,20.8736228942871,0.0760936290025711,0,2015,1
-136.66875,28.44375,20.472936630249,0.0671379715204239,0,2015,1
-142.74375,30.58125,19.8576602935791,0.0793926194310188,0,2015,1
-115.78125,26.90625,20.2989807128906,0.179109171032906,0,2015,1
-115.63125,26.68125,20.4215774536133,0.167404472827911,0,2015,1
-148.40625,49.55625,6.66930913925171,0.304342567920685,0,2015,1
-114.73125,25.78125,20.6014595031738,0.151045992970467,0,2015,1
-151.48125,42.69375,9.69221496582031,0.360405147075653,0,2015,1
-124.10625,39.65625,13.8298788070679,0.709542393684387,0,2015,1
-116.83125,27.05625,20.0952491760254,0.198233067989349,0,2015,1
-125.41875,45.84375,11.6827993392944,0.828897833824158,0,2015,1
-156.01875,43.63125,9.02593517303467,0.490792006254196,0,2015,1
-125.26875,42.54375,13.1365385055542,0.95159125328064,0,2015,1
-142.55625,49.66875,8.41653251647949,0.959182858467102,0,2015,1
-138.91875,31.25625,18.9214115142822,0.068878598511219,0,2015,1
-138.91875,29.68125,19.9550037384033,0.0744580253958702,0,2015,1
-136.63125,29.75625,20.0371913909912,0.0660421028733253,0,2015,1
-124.59375,25.33125,20.6546478271484,0.0740525797009468,0,2015,1
-122.83125,25.14375,20.7548599243164,0.0771660283207893,0,2015,1
-141.16875,47.94375,9.56429576873779,0.534076690673828,0,2015,1
-135.84375,31.51875,19.2969036102295,0.0589036457240582,0,2015,1
-143.23125,49.89375,8.25850009918213,0.889862596988678,0,2015,1
-149.83125,48.01875,7.22526264190674,0.350015223026276,0,2015,1
-116.71875,31.89375,16.4150257110596,1.83956122398376,0,2015,1
-115.36875,26.08125,20.5151805877686,0.17183855175972,0,2015,1
-157.10625,42.54375,9.67803382873535,0.57098251581192,0,2015,1
-114.01875,26.26875,21.0450820922852,0.143497064709663,0,2015,1
-151.06875,42.88125,9.65643405914307,0.334258437156677,0,2015,1
-124.44375,41.49375,13.4524583816528,1.1946976184845,0,2015,1
-139.74375,49.66875,8.6959924697876,0.329885274171829,0,2015,1
-134.71875,26.45625,20.9254493713379,0.0740805044770241,0,2015,1
-138.54375,29.30625,20.2287578582764,0.071573980152607,0,2015,1
-121.85625,28.25625,19.543550491333,0.0831089541316032,0,2015,1
-124.63125,39.20625,13.9657459259033,0.704414427280426,0,2015,1
-135.69375,26.75625,21.0704364776611,0.0714826881885529,0,2015,1
-148.59375,46.25625,8.37280082702637,0.236577853560448,0,2015,1
-128.64375,27.39375,20.0636825561523,0.0748418569564819,0,2015,1
-154.33125,45.16875,7.9327917098999,0.575469255447388,0,2015,1
-124.78125,43.21875,13.0926904678345,0.82802540063858,0,2015,1
-149.68125,47.49375,7.52589321136475,0.202098771929741,0,2015,1
-116.86875,26.45625,20.0839405059814,0.207005649805069,0,2015,1
-123.35625,37.85625,13.9521656036377,0.89033055305481,0,2015,1
-132.76875,28.03125,20.4653224945068,0.0771226659417152,0,2015,1
-134.11875,26.41875,20.8779220581055,0.0733465179800987,0,2015,1
-153.01875,45.95625,7.96090984344482,0.333071112632751,0,2015,1
-142.63125,48.65625,9.03634738922119,0.249977990984917,0,2015,1
-144.24375,47.56875,9.12283611297607,0.27633073925972,0,2015,1
-121.06875,25.40625,19.8227996826172,0.109194949269295,0,2015,1
-129.99375,28.59375,19.7576446533203,0.0758923217654228,0,2015,1
-136.21875,28.21875,20.8301200866699,0.0721037238836288,0,2015,1
-137.45625,27.54375,20.8054485321045,0.078013114631176,0,2015,1
-121.14375,27.13125,19.5838317871094,0.131924480199814,0,2015,1
-141.28125,47.38125,9.73928833007812,0.368750900030136,0,2015,1
-133.18125,26.19375,20.8631916046143,0.071726880967617,0,2015,1
-158.79375,42.50625,9.2846622467041,0.48076981306076,0,2015,1
-120.76875,26.53125,19.6918773651123,0.158586025238037,0,2015,1
-149.90625,46.70625,7.77415037155151,0.39979887008667,0,2015,1
-131.64375,28.63125,19.7808704376221,0.0681721791625023,0,2015,1
-127.10625,43.21875,11.646279335022,0.779742300510406,0,2015,1
-132.95625,27.61875,20.6798515319824,0.0846205651760101,0,2015,1
-143.30625,30.01875,19.857515335083,0.0701604336500168,0,2015,1
-154.33125,44.00625,8.50066947937012,0.796216070652008,0,2015,1
-139.66875,28.78125,20.5648975372314,0.0722875520586967,0,2015,1
-127.96875,45.31875,11.1172294616699,0.606454014778137,0,2015,1
-144.24375,29.83125,19.5887012481689,0.0704427734017372,0,2015,1
-137.38125,27.50625,20.8526153564453,0.0730322599411011,0,2015,1
-142.18125,28.55625,20.3776321411133,0.0681281164288521,0,2015,1
-120.95625,26.83125,19.703540802002,0.154758587479591,0,2015,1
-159.28125,41.15625,9.83235263824463,0.469700515270233,0,2015,1
-124.14375,44.79375,12.2516918182373,1.50199556350708,0,2015,1
-151.14375,43.25625,9.37396717071533,0.278751611709595,0,2015,1
-143.00625,28.18125,21.3670978546143,0.0845337063074112,0,2015,1
-135.28125,27.54375,21.0079002380371,0.0713478699326515,0,2015,1
-126.09375,48.80625,10.4841356277466,1.15014505386353,0,2015,1
-154.14375,44.00625,8.54505634307861,0.437204301357269,0,2015,1
-143.23125,31.40625,19.5593795776367,0.0824719443917274,0,2015,1
-117.95625,25.81875,20.9400062561035,0.0911722853779793,0,2015,1
-146.68125,46.36875,8.71179294586182,0.311953276395798,0,2015,1
-136.10625,49.44375,9.46302223205566,0.184258803725243,0,2015,1
-138.16875,29.86875,19.9239292144775,0.0689812451601028,0,2015,1
-142.29375,48.80625,8.92150974273682,0.346372663974762,0,2015,1
-153.46875,47.49375,6.71886301040649,0.423717200756073,0,2015,1
-145.03125,46.18125,9.07680702209473,0.353920191526413,0,2015,1
-121.59375,26.38125,19.9588775634766,0.100710950791836,0,2015,1
-116.08125,26.71875,20.6683769226074,0.15825043618679,0,2015,1
-127.21875,45.16875,11.5635032653809,0.654075980186462,0,2015,1
-150.43125,48.28125,7.03084087371826,0.36348220705986,0,2015,1
-124.89375,26.56875,19.8018989562988,0.0701671168208122,0,2015,1
-141.01875,50.11875,8.39934062957764,0.202087074518204,0,2015,1
-145.06875,47.41875,8.92314147949219,0.396883368492126,0,2015,1
-122.56875,37.44375,13.9228982925415,1.60406470298767,0,2015,1
-125.08125,44.56875,12.587607383728,0.59981644153595,0,2015,1
-130.21875,29.75625,19.4388618469238,0.06814244389534,0,2015,1
-137.23125,30.05625,19.5770244598389,0.0719550549983978,0,2015,1
-136.10625,29.64375,20.0438289642334,0.0660459995269775,0,2015,1
-131.64375,27.43125,20.531457901001,0.0906236246228218,0,2015,1
-151.21875,45.13125,8.4196195602417,0.30483266711235,0,2015,1
-127.70625,28.85625,19.2880382537842,0.0681019797921181,0,2015,1
-124.96875,27.99375,19.5152969360352,0.0703843608498573,0,2015,1
-141.13125,28.29375,20.5855388641357,0.0696742907166481,0,2015,1
-134.34375,31.06875,19.3592720031738,0.0684772357344627,0,2015,1
-122.26875,38.04375,12.8158941268921,10.3094997406006,0,2015,1
-151.03125,47.53125,6.94801378250122,0.233808755874634,0,2015,1
-152.86875,45.99375,7.93638372421265,0.328142255544662,0,2015,1
-155.75625,44.90625,8.24307060241699,0.424831062555313,0,2015,1
-134.45625,29.45625,19.7896308898926,0.0743451341986656,0,2015,1
-154.36875,47.38125,6.48766708374023,0.343512296676636,0,2015,1
-142.03125,50.60625,8.18558311462402,0.288481771945953,0,2015,1
-133.89375,31.74375,18.6807765960693,0.0693282410502434,0,2015,1
-130.63125,29.71875,19.4647750854492,0.073755145072937,0,2015,1
-136.18125,49.63125,9.29598903656006,0.245442047715187,0,2015,1
-151.25625,42.58125,9.73946475982666,0.307719588279724,0,2015,1
-145.36875,29.79375,19.5228137969971,0.0745561048388481,0,2015,1
-124.63125,46.74375,11.4698104858398,2.10646820068359,0,2015,1
-155.38125,43.40625,8.92275333404541,0.428859680891037,0,2015,1
-126.05625,44.71875,11.4884901046753,0.633840262889862,0,2015,1
-134.53125,28.51875,20.1907024383545,0.0691192075610161,0,2015,1
-135.39375,30.43125,19.8065986633301,0.0707516744732857,0,2015,1
-134.71875,32.41875,18.536491394043,0.0673541575670242,0,2015,1
-123.46875,25.21875,20.4736633300781,0.0656339004635811,0,2015,1
-138.80625,45.80625,10.2893571853638,0.692713797092438,0,2015,1
-144.46875,50.86875,7.84167528152466,0.202034488320351,0,2015,1
-151.48125,48.24375,6.44805479049683,0.479700744152069,0,2015,1
-117.61875,27.50625,19.7385063171387,0.292969912290573,0,2015,1
-132.99375,49.74375,9.27882385253906,0.242989927530289,0,2015,1
-139.89375,50.71875,8.32182884216309,0.554267227649689,0,2015,1
-130.14375,49.85625,9.43381595611572,0.443798959255219,0,2015,1
-144.88125,45.99375,9.11421680450439,0.348345130681992,0,2015,1
-154.59375,43.70625,8.55122375488281,0.558119356632233,0,2015,1
-137.08125,26.19375,21.1003379821777,0.0753798484802246,0,2015,1
-140.90625,51.20625,8.12931346893311,0.412848025560379,0,2015,1
-147.20625,47.38125,7.89793252944946,0.257674247026443,0,2015,1
-139.10625,29.38125,20.1608352661133,0.0748427584767342,0,2015,1
-147.91875,46.66875,8.32590103149414,0.233219310641289,0,2015,1
-127.21875,28.66875,19.0822067260742,0.0729422345757484,0,2015,1
-140.08125,47.19375,9.37491130828857,0.315428346395493,0,2015,1
-142.14375,48.54375,9.36073207855225,0.502265870571136,0,2015,1
-132.05625,28.66875,19.7143630981445,0.0718241110444069,0,2015,1
-141.80625,50.49375,8.21778297424316,0.372136682271957,0,2015,1
-144.76875,47.60625,9.1017894744873,0.38690921664238,0,2015,1
-124.06875,25.36875,20.5657196044922,0.0686734691262245,0,2015,1
-148.33125,49.21875,6.74865388870239,0.338293224573135,0,2015,1
-136.29375,26.11875,21.6023254394531,0.0666895732283592,0,2015,1
-121.33125,26.98125,19.7317047119141,0.126542791724205,0,2015,1
-154.66875,45.54375,7.56332159042358,0.405181497335434,0,2015,1
-146.90625,49.63125,7.22894906997681,0.176499307155609,0,2015,1
-127.21875,41.41875,12.4587316513062,0.619619786739349,0,2015,1
-145.25625,45.46875,9.58201122283936,0.541450321674347,0,2015,1
-125.30625,28.63125,19.5643978118896,0.0728062242269516,0,2015,1
-147.24375,49.25625,7.02689647674561,0.205511346459389,0,2015,1
-153.58125,45.69375,7.87819004058838,0.389120250940323,0,2015,1
-125.45625,25.59375,20.4697322845459,0.0711963027715683,0,2015,1
-126.69375,49.40625,9.91908740997314,1.64031207561493,0,2015,1
-149.15625,49.33125,6.42812252044678,0.33135798573494,0,2015,1
-140.15625,29.38125,20.2068347930908,0.0744905844330788,0,2015,1
-149.34375,44.90625,9.10590076446533,0.277739256620407,0,2015,1
-150.24375,45.28125,9.01103019714355,0.3496975004673,0,2015,1
-132.28125,26.75625,20.7539844512939,0.0750760287046432,0,2015,1
-140.26875,49.03125,8.86280345916748,0.809903979301453,0,2015,1
-156.05625,41.71875,9.56831550598145,0.508868098258972,0,2015,1
-140.60625,27.73125,21.2291717529297,0.0756731554865837,0,2015,1
-134.34375,27.95625,20.4428329467773,0.066990815103054,0,2015,1
-156.20625,41.83125,9.53286933898926,0.523556053638458,0,2015,1
-154.70625,46.40625,6.92525005340576,0.258150696754456,0,2015,1
-143.75625,28.63125,21.0486621856689,0.0893717184662819,0,2015,1
-151.44375,47.34375,6.93711805343628,0.162508249282837,0,2015,1
-133.48125,26.04375,20.9334297180176,0.0760487169027328,0,2015,1
-142.63125,31.55625,19.5637378692627,0.0934182927012444,0,2015,1
-128.19375,26.26875,20.3140029907227,0.0757582038640976,0,2015,1
-140.30625,47.71875,9.46947574615479,0.484404772520065,0,2015,1
-127.63125,28.44375,19.2463836669922,0.0731436014175415,0,2015,1
-151.55625,45.99375,7.8860330581665,0.323230266571045,0,2015,1
-154.48125,44.19375,8.40607643127441,0.576650679111481,0,2015,1
-144.73125,46.89375,9.02380180358887,0.395346790552139,0,2015,1
-124.14375,25.63125,20.3259716033936,0.073009617626667,0,2015,1
-148.55625,48.91875,6.64481115341187,0.223198667168617,0,2015,1
-136.40625,28.18125,20.7644901275635,0.0717885717749596,0,2015,1
-156.20625,44.90625,8.10864448547363,0.814394593238831,0,2015,1
-114.99375,27.28125,19.7374019622803,0.279573380947113,0,2015,1
-151.36875,44.26875,9.03835201263428,0.27278944849968,0,2015,1
-148.55625,45.16875,9.18422412872314,0.342524081468582,0,2015,1
-125.00625,42.01875,13.3950023651123,0.616009294986725,0,2015,1
-150.88125,46.29375,8.5269775390625,0.242876544594765,0,2015,1
-153.84375,47.26875,6.666832447052,0.27035927772522,0,2015,1
-130.06875,39.65625,14.5823526382446,0.594562888145447,0,2015,1
-144.31875,49.93125,7.891921043396,0.334198743104935,0,2015,1
-140.00625,28.63125,20.7456550598145,0.0801263302564621,0,2015,1
-129.16875,28.51875,19.5547904968262,0.0655292049050331,0,2015,1
-126.91875,44.38125,11.9006319046021,0.743374705314636,0,2015,1
-125.15625,43.36875,13.0790014266968,0.761195003986359,0,2015,1
-149.64375,49.89375,6.32971000671387,0.255252629518509,0,2015,1
-114.88125,26.68125,20.4227104187012,0.157108426094055,0,2015,1
-127.18125,27.50625,19.1603813171387,0.0662002041935921,0,2015,1
-136.06875,27.13125,21.2815341949463,0.077136717736721,0,2015,1
-142.55625,30.69375,19.6883640289307,0.0808840841054916,0,2015,1
-122.90625,26.23125,19.9694404602051,0.0805261135101318,0,2015,1
-122.83125,27.43125,19.7293548583984,0.0766371414065361,0,2015,1
-139.63125,49.06875,9.02554416656494,0.364942133426666,0,2015,1
-155.00625,45.73125,7.50802755355835,0.420524656772614,0,2015,1
-128.79375,28.89375,19.3870620727539,0.0679207742214203,0,2015,1
-114.13125,27.01875,20.0221920013428,0.315276324748993,0,2015,1
-118.93125,25.44375,20.7704582214355,0.0974769443273544,0,2015,1
-146.56875,45.99375,9.13192176818848,0.275969058275223,0,2015,1
-126.16875,42.91875,12.3383893966675,0.600536167621613,0,2015,1
-156.99375,42.99375,9.33394813537598,0.446112871170044,0,2015,1
-141.99375,28.59375,20.3487453460693,0.06547512114048,0,2015,1
-146.26875,50.30625,7.33854246139526,0.482913792133331,0,2015,1
-118.48125,26.04375,20.8835620880127,0.0924083068966866,0,2015,1
-136.85625,30.09375,19.628324508667,0.0664426311850548,0,2015,1
-125.53125,43.21875,12.8461399078369,0.634087443351746,0,2015,1
-145.89375,46.14375,9.05064964294434,0.294923067092896,0,2015,1
-151.40625,47.08125,7.20942401885986,0.304408669471741,0,2015,1
-139.59375,46.78125,9.73268604278564,0.695825338363647,0,2015,1
-139.03125,27.01875,21.56494140625,0.0720913708209991,0,2015,1
-125.11875,43.44375,13.0831451416016,0.667050898075104,0,2015,1
-131.04375,26.45625,20.6814250946045,0.0794597044587135,0,2015,1
-151.55625,46.89375,7.23868274688721,0.301509648561478,0,2015,1
-157.59375,42.95625,9.18990039825439,0.432124048471451,0,2015,1
-131.68125,28.55625,19.7783966064453,0.0707735046744347,0,2015,1
-124.74375,28.06875,19.4552116394043,0.0726304799318314,0,2015,1
-136.96875,50.68125,8.78570461273193,0.235818341374397,0,2015,1
-144.16875,46.74375,9.1435079574585,0.406663745641708,0,2015,1
-141.69375,49.63125,8.54820919036865,0.393238097429276,0,2015,1
-143.41875,48.99375,8.23482704162598,0.552741587162018,0,2015,1
-143.11875,48.80625,8.43304634094238,0.576207876205444,0,2015,1
-116.30625,26.90625,20.3038291931152,0.174813106656075,0,2015,1
-152.38125,42.43125,9.54162502288818,0.458334773778915,0,2015,1
-126.73125,45.58125,11.318076133728,0.683500170707703,0,2015,1
-151.81875,45.91875,7.77847862243652,0.202887549996376,0,2015,1
-133.48125,26.79375,20.717716217041,0.0751060098409653,0,2015,1
-123.01875,37.44375,14.0696325302124,1.32679116725922,0,2015,1
-115.63125,26.71875,20.3720359802246,0.176868110895157,0,2015,1
-158.98125,42.20625,9.50978374481201,0.493196457624435,0,2015,1
-119.04375,26.04375,20.7618541717529,0.0988005772233009,0,2015,1
-115.40625,27.80625,19.5955600738525,0.484255373477936,0,2015,1
-134.79375,30.20625,19.7024917602539,0.0763711854815483,0,2015,1
-122.53125,36.58125,14.774284362793,0.631518483161926,0,2015,1
-135.43125,26.56875,20.9783878326416,0.0666089728474617,0,2015,1
-137.15625,31.21875,18.9444103240967,0.0687020644545555,0,2015,1
-151.78125,45.95625,7.73385810852051,0.168092265725136,0,2015,1
-145.81875,48.28125,8.20822620391846,0.226316824555397,0,2015,1
-125.00625,47.53125,11.2923822402954,1.08170688152313,0,2015,1
-119.11875,26.86875,19.6392288208008,0.165131166577339,0,2015,1
-125.34375,27.13125,19.6400947570801,0.0701911970973015,0,2015,1
-149.53125,47.53125,7.50000333786011,0.302939295768738,0,2015,1
-124.21875,39.24375,13.6671848297119,0.800019145011902,0,2015,1
-141.28125,28.85625,20.7132778167725,0.074175238609314,0,2015,1
-130.63125,25.93125,20.8709392547607,0.0719958171248436,0,2015,1
-141.65625,48.20625,9.52434253692627,0.484111338853836,0,2015,1
-152.86875,43.66875,9.14614105224609,0.308703303337097,0,2015,1
-146.53125,45.39375,9.68270969390869,0.766660034656525,0,2015,1
-139.10625,27.54375,21.3784770965576,0.0738371685147285,0,2015,1
-143.60625,49.25625,8.04622364044189,0.318125128746033,0,2015,1
-125.45625,41.64375,13.1117649078369,0.57981139421463,0,2015,1
-146.38125,46.10625,8.99564456939697,0.313069730997086,0,2015,1
-125.04375,43.78125,13.0147924423218,0.830502986907959,0,2015,1
-151.18125,43.10625,9.41877841949463,0.30207946896553,0,2015,1
-134.64375,30.16875,19.6515331268311,0.0728367865085602,0,2015,1
-152.45625,45.43125,8.10376262664795,0.415287792682648,0,2015,1
-118.70625,26.53125,20.5106582641602,0.108570836484432,0,2015,1
-127.66875,40.36875,13.4062376022339,0.72816002368927,0,2015,1
-144.80625,48.24375,9.01689624786377,0.278949439525604,0,2015,1
-119.00625,26.11875,20.7571144104004,0.101144559681416,0,2015,1
-138.58125,31.10625,19.2888584136963,0.0708016008138657,0,2015,1
-134.94375,29.04375,20.0841274261475,0.072707898914814,0,2015,1
-135.65625,30.80625,19.7132816314697,0.0722439512610435,0,2015,1
-134.11875,28.25625,20.4373989105225,0.0707602873444557,0,2015,1
-143.49375,46.44375,9.4525260925293,0.364502251148224,0,2015,1
-144.28125,29.79375,19.5601711273193,0.0706743225455284,0,2015,1
-145.59375,47.94375,8.46588230133057,0.248510017991066,0,2015,1
-115.96875,26.41875,21.0139217376709,0.147423028945923,0,2015,1
-151.93125,44.94375,8.64295482635498,0.32846811413765,0,2015,1
-124.96875,45.65625,12.373067855835,0.618823945522308,0,2015,1
-140.15625,27.69375,21.3414611816406,0.0711369290947914,0,2015,1
-141.20625,47.83125,9.65933513641357,0.457418501377106,0,2015,1
-121.63125,25.06875,20.2518157958984,0.0861025005578995,0,2015,1
-126.88125,41.75625,12.6694231033325,0.705149948596954,0,2015,1
-124.93125,47.56875,11.2257423400879,0.982117474079132,0,2015,1
-140.34375,31.36875,18.5397491455078,0.0681518465280533,0,2015,1
-149.38125,45.73125,8.82263660430908,0.216720744967461,0,2015,1
-154.21875,47.49375,6.48194217681885,0.336628973484039,0,2015,1
-140.86875,49.18125,8.67154693603516,0.394303113222122,0,2015,1
-130.93125,27.35625,20.5653209686279,0.0667518526315689,0,2015,1
-143.71875,50.00625,8.17055416107178,0.66444319486618,0,2015,1
-141.50625,27.76875,20.9895782470703,0.0731488987803459,0,2015,1
-141.76875,47.56875,9.69053077697754,0.316030263900757,0,2015,1
-137.49375,28.10625,20.2430572509766,0.064884752035141,0,2015,1
-132.65625,26.26875,20.8381404876709,0.0719522759318352,0,2015,1
-155.71875,42.84375,9.25681591033936,0.471347272396088,0,2015,1
-140.11875,33.76875,17.5323524475098,0.0720525085926056,0,2015,1
-139.25625,48.69375,9.52918910980225,0.477445542812347,0,2015,1
-135.09375,34.03125,18.0247535705566,0.0708513557910919,0,2015,1
-125.45625,46.40625,11.9477119445801,0.586113035678864,0,2015,1
-150.54375,48.46875,6.87764739990234,0.396505504846573,0,2015,1
-132.61875,27.91875,20.3467311859131,0.080337680876255,0,2015,1
-157.29375,44.68125,7.81327438354492,0.369714885950089,0,2015,1
-156.24375,45.13125,7.84606552124023,0.427395015954971,0,2015,1
-140.94375,49.55625,8.72176170349121,0.457514494657516,0,2015,1
-127.74375,26.38125,19.9933204650879,0.0731919929385185,0,2015,1
-137.98125,31.21875,19.4716777801514,0.0798527896404266,0,2015,1
-149.83125,44.83125,9.13073825836182,0.429836958646774,0,2015,1
-137.26875,31.44375,18.8157653808594,0.0730968713760376,0,2015,1
-149.53125,44.68125,9.21145820617676,0.282562434673309,0,2015,1
-128.23125,26.75625,20.0522003173828,0.0791273042559624,0,2015,1
-116.71875,26.41875,20.1317310333252,0.194026604294777,0,2015,1
-131.00625,26.49375,20.6757678985596,0.0747036561369896,0,2015,1
-138.13125,27.61875,21.0969104766846,0.0771750286221504,0,2015,1
-126.91875,27.35625,19.2821559906006,0.0664536580443382,0,2015,1
-117.84375,27.16875,19.8955879211426,0.2540442943573,0,2015,1
-123.91875,39.05625,13.5615530014038,0.951692819595337,0,2015,1
-135.20625,32.68125,18.6580562591553,0.0710082352161407,0,2015,1
-126.80625,26.26875,20.2691764831543,0.0717089250683784,0,2015,1
-147.80625,48.84375,6.99101448059082,0.287520170211792,0,2015,1
-126.84375,27.65625,19.0751056671143,0.0696087628602982,0,2015,1
-150.91875,47.49375,7.06927299499512,0.32836240530014,0,2015,1
-141.20625,49.63125,8.59877300262451,0.496268749237061,0,2015,1
-132.43125,31.29375,18.6684093475342,0.069301538169384,0,2015,1
-131.83125,25.93125,21.0235996246338,0.0738575085997581,0,2015,1
-149.38125,44.23125,9.65213680267334,0.357259780168533,0,2015,1
-128.53125,26.90625,19.981559753418,0.0768510028719902,0,2015,1
-152.30625,47.30625,6.82487297058105,0.289157629013062,0,2015,1
-116.00625,26.90625,20.4116840362549,0.173620164394379,0,2015,1
-144.09375,47.56875,9.17196273803711,0.325117826461792,0,2015,1
-134.30625,32.49375,18.3219032287598,0.0712153241038322,0,2015,1
-142.59375,48.28125,9.54297924041748,0.43864044547081,0,2015,1
-148.78125,44.71875,9.30650806427002,0.270290464162827,0,2015,1
-141.73125,48.43125,9.39734840393066,0.496227592229843,0,2015,1
-128.04375,26.11875,20.2664680480957,0.0780844390392303,0,2015,1
-130.63125,28.59375,19.8881435394287,0.0791811272501945,0,2015,1
-130.96875,26.04375,20.8149757385254,0.0696133822202682,0,2015,1
-151.70625,47.86875,6.63240432739258,0.331775039434433,0,2015,1
-136.51875,33.31875,17.8905639648438,0.07297133654356,0,2015,1
-149.49375,45.24375,9.00904083251953,0.489440321922302,0,2015,1
-125.38125,45.69375,11.799654006958,0.604164123535156,0,2015,1
-135.65625,27.28125,21.1451244354248,0.0770483985543251,0,2015,1
-146.19375,47.26875,8.19596767425537,0.183681190013885,0,2015,1
-155.98125,41.98125,9.47518348693848,0.448749661445618,0,2015,1
-137.98125,30.84375,19.6229267120361,0.0754438936710358,0,2015,1
-154.74375,44.41875,8.30663204193115,0.471736520528793,0,2015,1
-130.06875,27.61875,20.4406986236572,0.0672324821352959,0,2015,1
-142.06875,30.24375,20.0898532867432,0.0805507376790047,0,2015,1
-148.14375,46.66875,8.28979301452637,0.235884383320808,0,2015,1
-133.51875,32.75625,18.1737651824951,0.073145218193531,0,2015,1
-133.66875,27.58125,20.6699256896973,0.0781404301524162,0,2015,1
-122.71875,37.63125,13.7933015823364,1.64709675312042,0,2015,1
-138.88125,48.20625,9.81990337371826,0.363656371831894,0,2015,1
-140.49375,51.69375,8.23744201660156,0.298689126968384,0,2015,1
-153.73125,47.34375,6.72044372558594,0.314673691987991,0,2015,1
-125.34375,42.05625,13.2185258865356,0.725161075592041,0,2015,1
-124.40625,46.74375,11.094259262085,1.99958467483521,0,2015,1
-126.65625,25.89375,20.6678009033203,0.0771726369857788,0,2015,1
-126.80625,43.25625,11.7706899642944,0.636366307735443,0,2015,1
-155.38125,42.16875,9.77539920806885,0.382887721061707,0,2015,1
-140.56875,47.60625,9.50283241271973,0.430344849824905,0,2015,1
-119.79375,26.90625,20.2390842437744,0.121865130960941,0,2015,1
-125.86875,26.38125,20.5167846679688,0.0737839490175247,0,2015,1
-134.64375,26.38125,20.9104499816895,0.0695443004369736,0,2015,1
-126.99375,26.30625,20.1084861755371,0.0706099346280098,0,2015,1
-150.39375,49.06875,6.55142116546631,0.215284049510956,0,2015,1
-118.14375,25.48125,21.2039394378662,0.0869062691926956,0,2015,1
-148.74375,45.24375,9.04780387878418,0.2501060962677,0,2015,1
-157.06875,42.24375,9.73626136779785,0.525116980075836,0,2015,1
-135.73125,27.43125,21.1072902679443,0.0825695022940636,0,2015,1
-156.65625,44.71875,7.90083074569702,0.370926439762115,0,2015,1
-147.54375,45.46875,9.11509037017822,0.390792608261108,0,2015,1
-149.00625,46.85625,8.01459407806396,0.237249597907066,0,2015,1
-128.60625,27.20625,19.9027881622314,0.0783871933817863,0,2015,1
-139.44375,48.69375,9.42329692840576,0.39668282866478,0,2015,1
-142.48125,49.18125,8.33246994018555,0.402909308671951,0,2015,1
-130.55625,26.38125,20.732551574707,0.0723286643624306,0,2015,1
-140.56875,51.35625,8.1638011932373,0.573330760002136,0,2015,1
-124.55625,40.21875,13.4543609619141,0.629112243652344,0,2015,1
-136.10625,27.31875,21.2912712097168,0.0814589262008667,0,2015,1
-133.33125,32.15625,18.5515460968018,0.06864383071661,0,2015,1
-126.61875,44.15625,11.9459428787231,0.724166750907898,0,2015,1
-123.58125,25.48125,20.5054607391357,0.0727471709251404,0,2015,1
-129.99375,30.01875,19.3512268066406,0.0668323859572411,0,2015,1
-127.36875,25.51875,20.3218898773193,0.072362869977951,0,2015,1
-152.19375,48.39375,6.44377708435059,0.399329394102097,0,2015,1
-154.18125,42.54375,9.62541198730469,0.392585247755051,0,2015,1
-129.46875,28.51875,19.5477180480957,0.0713440850377083,0,2015,1
-130.96875,28.93125,19.6888179779053,0.0772678926587105,0,2015,1
-137.68125,48.31875,9.56209850311279,0.275335282087326,0,2015,1
-136.36875,31.10625,18.6397705078125,0.0663919821381569,0,2015,1
-148.33125,44.60625,9.72884082794189,0.331097930669785,0,2015,1
-137.83125,50.15625,8.81222629547119,0.196982473134995,0,2015,1
-124.63125,38.64375,14.1139535903931,0.677043616771698,0,2015,1
-116.49375,26.19375,20.5775756835938,0.162637397646904,0,2015,1
-136.96875,31.29375,18.6921615600586,0.0672274976968765,0,2015,1
-132.16875,26.26875,20.6927337646484,0.0588120967149734,0,2015,1
-154.48125,45.99375,7.34192991256714,0.353684604167938,0,2015,1
-123.84375,25.48125,20.4822196960449,0.0747923851013184,0,2015,1
-135.50625,30.80625,19.7266120910645,0.0757461786270142,0,2015,1
-153.73125,46.48125,7.37647342681885,0.340084046125412,0,2015,1
-127.85625,27.91875,19.2984027862549,0.0709189251065254,0,2015,1
-154.48125,42.99375,9.19091415405273,0.348592340946198,0,2015,1
-138.65625,29.00625,20.3714771270752,0.0712265819311142,0,2015,1
-117.20625,26.53125,19.9140682220459,0.201808273792267,0,2015,1
-157.89375,43.93125,8.22813701629639,0.472063541412354,0,2015,1
-140.08125,31.33125,18.685884475708,0.070452056825161,0,2015,1
-131.08125,29.34375,19.5927791595459,0.0760958418250084,0,2015,1
-122.79375,36.05625,14.6730880737305,0.678131520748138,0,2015,1
-130.78125,29.23125,19.6942920684814,0.0691987276077271,0,2015,1
-134.38125,28.63125,20.2531661987305,0.0746108740568161,0,2015,1
-131.49375,26.15625,20.8027725219727,0.0725703462958336,0,2015,1
-150.01875,46.63125,7.74642562866211,0.275671571493149,0,2015,1
-132.88125,30.13125,19.5380516052246,0.0819819420576096,0,2015,1
-134.71875,49.78125,9.484938621521,0.340344876050949,0,2015,1
-140.98125,51.39375,8.13225078582764,0.609790682792664,0,2015,1
-115.81875,27.54375,19.8253173828125,0.35677781701088,0,2015,1
-154.63125,45.76875,7.39777660369873,0.348410218954086,0,2015,1
-136.36875,28.66875,20.5626163482666,0.0669296383857727,0,2015,1
-133.89375,31.10625,18.883602142334,0.0633736699819565,0,2015,1
-142.48125,49.78125,8.44134902954102,1.06809222698212,0,2015,1
-125.26875,42.35625,13.212329864502,0.991468906402588,0,2015,1
-133.03125,29.79375,19.5742645263672,0.0785777643322945,0,2015,1
-135.65625,32.26875,18.4716930389404,0.0610867291688919,0,2015,1
-132.95625,29.75625,19.6072845458984,0.0699173957109451,0,2015,1
-151.03125,48.39375,6.63497400283813,0.541337072849274,0,2015,1
-140.90625,49.59375,8.71338272094727,0.441416710615158,0,2015,1
-152.04375,47.41875,6.90166711807251,0.219081044197083,0,2015,1
-123.54375,27.13125,19.4318332672119,0.0721531957387924,0,2015,1
-124.36875,43.81875,12.899245262146,0.898524641990662,0,2015,1
-157.70625,43.10625,9.09078502655029,0.370065629482269,0,2015,1
-150.39375,47.30625,7.4481143951416,0.398133933544159,0,2015,1
-142.03125,48.20625,9.5721960067749,0.388105094432831,0,2015,1
-121.96875,36.50625,14.5501852035522,0.95408684015274,0,2015,1
-135.99375,28.63125,20.6605682373047,0.0681487694382668,0,2015,1
-132.20625,31.29375,18.6925945281982,0.0706449449062347,0,2015,1
-136.21875,31.14375,18.7185153961182,0.0600401498377323,0,2015,1
-139.40625,48.24375,9.59123516082764,0.373314201831818,0,2015,1
-116.98125,27.09375,19.9122447967529,0.238379999995232,0,2015,1
-125.90625,42.50625,12.7353963851929,0.630279898643494,0,2015,1
-142.21875,50.90625,8.0122594833374,0.397821456193924,0,2015,1
-129.88125,27.58125,20.3497047424316,0.0703505426645279,0,2015,1
-131.68125,27.13125,20.6575241088867,0.0792997032403946,0,2015,1
-147.95625,48.20625,7.36429929733276,0.285456568002701,0,2015,1
-151.81875,47.56875,6.79715967178345,0.236519113183022,0,2015,1
-159.65625,41.00625,9.77425193786621,0.399898111820221,0,2015,1
-146.98125,46.36875,8.71637058258057,0.306585520505905,0,2015,1
-148.40625,47.19375,7.87718296051025,0.235918030142784,0,2015,1
-151.51875,41.71875,10.1815176010132,0.691078662872314,0,2015,1
-129.95625,25.93125,20.6825904846191,0.0822106972336769,0,2015,1
-132.91875,28.78125,20.1048793792725,0.0773188769817352,0,2015,1
-137.00625,27.84375,20.577672958374,0.0711101889610291,0,2015,1
-124.59375,28.96875,19.4567375183105,0.0735194459557533,0,2015,1
-129.24375,27.58125,20.0910987854004,0.0754255354404449,0,2015,1
-124.44375,38.90625,13.844123840332,0.706823527812958,0,2015,1
-137.41875,48.61875,9.27625179290771,0.280216664075851,0,2015,1
-132.91875,30.01875,19.5565643310547,0.0792853161692619,0,2015,1
-140.56875,28.03125,21.1271839141846,0.0748861134052277,0,2015,1
-132.76875,31.66875,18.4894237518311,0.0691154301166534,0,2015,1
-126.84375,26.23125,20.228759765625,0.0733021348714828,0,2015,1
-149.34375,44.15625,9.70291900634766,0.430528819561005,0,2015,1
-125.19375,27.80625,19.5536060333252,0.0753715708851814,0,2015,1
-141.65625,29.38125,19.9980430603027,0.0672301724553108,0,2015,1
-155.15625,45.28125,7.98074579238892,0.480629950761795,0,2015,1
-143.75625,29.41875,20.2388362884521,0.0795177295804024,0,2015,1
-151.51875,43.44375,9.40665245056152,0.332028329372406,0,2015,1
-134.79375,29.64375,19.6096382141113,0.0770121738314629,0,2015,1
-148.44375,45.69375,8.68154907226562,0.319181740283966,0,2015,1
-155.41875,42.73125,9.33267307281494,0.560590803623199,0,2015,1
-152.53125,42.99375,9.37164306640625,0.393065482378006,0,2015,1
-133.44375,29.49375,19.7830238342285,0.0710582882165909,0,2015,1
-154.40625,44.56875,8.27411842346191,0.841609060764313,0,2015,1
-141.76875,48.43125,9.42493438720703,0.46687987446785,0,2015,1
-119.49375,26.49375,20.4599590301514,0.114775858819485,0,2015,1
-150.76875,44.83125,8.71866512298584,0.270651072263718,0,2015,1
-114.09375,26.15625,20.9947471618652,0.142434239387512,0,2015,1
-126.69375,28.10625,18.8904838562012,0.0694063082337379,0,2015,1
-146.94375,46.66875,8.39711761474609,0.378645181655884,0,2015,1
-154.36875,46.03125,7.30437850952148,0.384555727243423,0,2015,1
-154.66875,46.44375,6.90691518783569,0.299478650093079,0,2015,1
-115.85625,27.69375,19.6746368408203,0.361281991004944,0,2015,1
-141.35625,48.35625,9.28525733947754,0.593248605728149,0,2015,1
-142.29375,47.60625,9.70508193969727,0.670659601688385,0,2015,1
-141.01875,47.23125,9.8366813659668,0.771534621715546,0,2015,1
-140.98125,28.03125,20.9028244018555,0.0714044645428658,0,2015,1
-142.36875,49.21875,8.40929698944092,0.337355703115463,0,2015,1
-141.13125,48.39375,9.21364498138428,0.39967605471611,0,2015,1
-139.18125,30.28125,19.6400775909424,0.0780934169888496,0,2015,1
-134.60625,28.10625,20.4183044433594,0.0645447447896004,0,2015,1
-131.64375,28.89375,19.8204555511475,0.0742802917957306,0,2015,1
-157.40625,44.45625,7.81699180603027,0.387462764978409,0,2015,1
-151.66875,44.83125,8.76896190643311,0.307394504547119,0,2015,1
-123.88125,26.38125,20.1448173522949,0.0708231925964355,0,2015,1
-156.13125,45.16875,7.83159065246582,0.647486805915833,0,2015,1
-155.04375,44.49375,8.22095203399658,0.5550377368927,0,2015,1
-142.74375,49.06875,8.33072566986084,0.161641150712967,0,2015,1
-143.41875,29.15625,20.6190547943115,0.0856790393590927,0,2015,1
-124.93125,42.35625,13.2177200317383,0.730884909629822,0,2015,1
-148.10625,45.73125,8.63927555084229,0.311888724565506,0,2015,1
-124.66875,25.93125,20.0514945983887,0.0665475726127625,0,2015,1
-128.56875,29.38125,19.3011531829834,0.0710069462656975,0,2015,1
-152.98125,48.28125,6.1032657623291,0.436944156885147,0,2015,1
-140.90625,31.18125,18.9476642608643,0.0673679485917091,0,2015,1
-143.60625,49.74375,8.21072769165039,0.789100289344788,0,2015,1
-121.96875,26.60625,19.9042339324951,0.0896745398640633,0,2015,1
-149.71875,49.25625,6.38178491592407,0.555339515209198,0,2015,1
-121.96875,27.88125,19.7374248504639,0.0935371741652489,0,2015,1
-141.61875,49.63125,8.55328273773193,0.42504870891571,0,2015,1
-151.33125,45.91875,8.29712390899658,0.325862318277359,0,2015,1
-140.34375,31.70625,18.2413806915283,0.0670547783374786,0,2015,1
-151.74375,47.00625,7.16464996337891,0.375062793493271,0,2015,1
-138.88125,46.93125,9.75804424285889,0.566799461841583,0,2015,1
-127.78125,27.16875,19.857889175415,0.0656449422240257,0,2015,1
-137.98125,48.24375,9.6464204788208,0.193556308746338,0,2015,1
-125.79375,25.78125,20.6347770690918,0.0734417736530304,0,2015,1
-138.76875,29.94375,19.8365993499756,0.0738770216703415,0,2015,1
-143.49375,28.81875,20.8048095703125,0.0870862007141113,0,2015,1
-135.35625,31.21875,19.5084743499756,0.0802304819226265,0,2015,1
-156.09375,43.14375,9.15103244781494,0.691397845745087,0,2015,1
-130.93125,26.30625,20.7538661956787,0.0768639370799065,0,2015,1
-138.88125,27.76875,21.063943862915,0.0837351828813553,0,2015,1
-141.65625,30.43125,19.2309837341309,0.0661288052797318,0,2015,1
-128.49375,25.44375,20.5877208709717,0.0767538920044899,0,2015,1
-144.31875,50.23125,7.96913385391235,0.189289212226868,0,2015,1
-125.15625,45.69375,12.0648345947266,0.713182389736176,0,2015,1
-150.01875,47.15625,7.56625413894653,0.182062789797783,0,2015,1
-136.55625,26.90625,21.1825294494629,0.0678228810429573,0,2015,1
-117.46875,33.28125,16.571195602417,1.54780352115631,0,2015,1
-122.26875,27.05625,19.8810005187988,0.0911419987678528,0,2015,1
-125.86875,42.73125,12.7868299484253,0.68566358089447,0,2015,1
-154.14375,43.18125,8.93172264099121,0.426060557365417,0,2015,1
-151.74375,48.13125,6.4230432510376,0.516851365566254,0,2015,1
-151.21875,42.99375,9.50942420959473,0.361880511045456,0,2015,1
-151.21875,43.14375,9.39754486083984,0.314060926437378,0,2015,1
-123.58125,26.15625,20.3437423706055,0.0753402411937714,0,2015,1
-137.94375,48.39375,9.53687191009521,0.260557264089584,0,2015,1
-136.29375,27.99375,20.9290542602539,0.0724871605634689,0,2015,1
-153.80625,47.71875,6.42073011398315,0.291164010763168,0,2015,1
-134.64375,29.53125,19.6639652252197,0.0749212801456451,0,2015,1
-138.69375,28.81875,20.2864151000977,0.0708353221416473,0,2015,1
-135.84375,30.88125,19.6371898651123,0.0685241669416428,0,2015,1
-146.90625,46.89375,8.18055725097656,0.261239975690842,0,2015,1
-152.45625,46.89375,7.31702566146851,0.368607550859451,0,2015,1
-141.76875,28.03125,20.8343391418457,0.074899710714817,0,2015,1
-147.13125,46.03125,8.93857765197754,0.424902200698853,0,2015,1
-156.54375,45.35625,7.49568843841553,0.449194878339767,0,2015,1
-135.31875,27.28125,21.125431060791,0.0775353610515594,0,2015,1
-142.78125,46.78125,9.49384307861328,0.441168129444122,0,2015,1
-124.44375,41.53125,13.4654121398926,1.24081599712372,0,2015,1
-142.78125,49.21875,8.12352275848389,0.841875672340393,0,2015,1
-147.69375,48.80625,7.08240365982056,0.325127094984055,0,2015,1
-146.49375,46.48125,8.60991382598877,0.386157006025314,0,2015,1
-126.13125,26.60625,20.7297477722168,0.0767369642853737,0,2015,1
-125.60625,27.61875,19.9707698822021,0.0745189189910889,0,2015,1
-147.84375,45.16875,9.19534015655518,0.318016946315765,0,2015,1
-133.96875,50.11875,9.16207504272461,0.287629425525665,0,2015,1
-126.01875,27.61875,20.109260559082,0.0791525989770889,0,2015,1
-114.16875,28.59375,18.0838775634766,0.997194826602936,0,2015,1
-141.58125,47.86875,9.70424842834473,0.193356052041054,0,2015,1
-138.91875,27.76875,21.0782909393311,0.0759122520685196,0,2015,1
-140.90625,28.33125,20.8173313140869,0.0745193585753441,0,2015,1
-121.66875,26.00625,20.1335620880127,0.0899621397256851,0,2015,1
-130.85625,49.85625,9.81499862670898,0.251020222902298,0,2015,1
-151.48125,45.50625,8.18883895874023,0.300889790058136,0,2015,1
-126.50625,26.38125,20.5641651153564,0.0775850638747215,0,2015,1
-152.23125,43.40625,9.55702495574951,0.342478334903717,0,2015,1
-128.90625,25.66875,20.5240383148193,0.0768790990114212,0,2015,1
-129.28125,26.71875,20.4425239562988,0.0772222056984901,0,2015,1
-130.06875,25.89375,20.7046089172363,0.0770111829042435,0,2015,1
-153.65625,45.58125,7.761314868927,0.370009005069733,0,2015,1
-135.76875,30.50625,19.7733097076416,0.0713597536087036,0,2015,1
-140.83125,45.65625,10.2660980224609,0.590287566184998,0,2015,1
-151.63125,39.20625,11.8694400787354,0.639445126056671,0,2015,1
-143.68125,48.05625,9.03732490539551,0.489618867635727,0,2015,1
-133.33125,30.84375,18.8421001434326,0.0593328848481178,0,2015,1
-149.45625,49.51875,6.30655717849731,0.327563166618347,0,2015,1
-152.90625,46.10625,7.8906044960022,0.336094260215759,0,2015,1
-148.89375,44.11875,9.70564842224121,0.326167434453964,0,2015,1
-145.55625,47.26875,8.67531585693359,0.364387035369873,0,2015,1
-150.73125,45.01875,8.77077770233154,0.302121102809906,0,2015,1
-140.00625,28.36875,21.1977787017822,0.0823520570993423,0,2015,1
-152.49375,46.48125,7.5994758605957,0.37673157453537,0,2015,1
-121.44375,25.44375,20.1778087615967,0.0841364338994026,0,2015,1
-124.14375,37.93125,14.3034524917603,0.995695292949677,0,2015,1
-155.83125,45.50625,7.81793069839478,0.320570766925812,0,2015,1
-132.31875,31.48125,18.5438899993896,0.0724646747112274,0,2015,1
-131.64375,50.71875,9.61317920684814,0.254855573177338,0,2015,1
-135.95625,26.90625,21.2255210876465,0.0755696445703506,0,2015,1
-140.49375,29.94375,19.8104248046875,0.0704936161637306,0,2015,1
-138.99375,47.30625,9.65393352508545,0.380064278841019,0,2015,1
-134.53125,35.53125,16.7945671081543,0.06700449436903,0,2015,1
-134.86875,31.25625,19.3456001281738,0.0727858915925026,0,2015,1
-115.89375,30.39375,16.9964027404785,1.8835015296936,0,2015,1
-153.91875,45.39375,7.73352193832397,0.485459744930267,0,2015,1
-146.26875,50.15625,7.40035963058472,0.3636175096035,0,2015,1
-151.55625,49.10625,6.1992301940918,0.453831553459167,0,2015,1
-116.38125,26.98125,20.2353477478027,0.185284465551376,0,2015,1
-121.14375,25.93125,19.7500057220459,0.105939753353596,0,2015,1
-121.63125,25.93125,20.118335723877,0.0913275256752968,0,2015,1
-143.23125,51.20625,7.84140777587891,0.198776379227638,0,2015,1
-141.39375,47.79375,9.6770544052124,0.291332066059113,0,2015,1
-144.28125,47.53125,9.15305709838867,0.267890572547913,0,2015,1
-146.08125,47.68125,8.34670448303223,0.243210703134537,0,2015,1
-141.61875,50.00625,8.3862476348877,0.205021947622299,0,2015,1
-134.53125,33.35625,18.1633911132812,0.0689315423369408,0,2015,1
-145.74375,46.81875,8.57470321655273,0.273324817419052,0,2015,1
-130.55625,49.51875,9.84510326385498,0.320121914148331,0,2015,1
-136.44375,31.55625,18.333927154541,0.0657307207584381,0,2015,1
-114.35625,26.23125,20.5976238250732,0.142175629734993,0,2015,1
-152.00625,42.99375,9.68454074859619,0.339772820472717,0,2015,1
-141.13125,48.05625,9.41798782348633,0.503340125083923,0,2015,1
-149.23125,44.71875,9.26433563232422,0.284305036067963,0,2015,1
-156.65625,41.64375,9.7664098739624,0.353903710842133,0,2015,1
-118.63125,25.33125,21.2007293701172,0.0906177088618279,0,2015,1
-135.95625,28.51875,20.7478141784668,0.0684192553162575,0,2015,1
-132.05625,27.24375,20.7016258239746,0.0758952498435974,0,2015,1
-136.66875,31.14375,18.6208763122559,0.0629002377390862,0,2015,1
-154.81875,42.95625,9.40884685516357,0.432099968194962,0,2015,1
